blast_id,time_s,amplitude,quality
0,0.0,-0.023869249490088958,Good
0,0.001,-0.0035263288890441374,Good
0,0.002,-0.024586436889129606,Good
0,0.003,-0.05138617699165715,Good
0,0.004,-0.21534786629577135,Good
0,0.005,-0.01076344580469298,Good
0,0.006,-0.03382159668618609,Good
0,0.007,-0.1522260790187823,Good
0,0.008,0.014166699734257694,Good
0,0.009,0.09283250027522455,Good
0,0.01,0.1171316220450118,Good
0,0.011,-0.07194098894969336,Good
0,0.012,-0.0750189940345355,Good
0,0.013,-0.018431360519338424,Good
0,0.014,-0.04032953424135019,Good
0,0.015,0.04611176092875419,Good
0,0.016,0.17058237719455727,Good
0,0.017,-0.02739130646933397,Good
0,0.018,0.0070756471819498085,Good
0,0.019,-0.1359365842279587,Good
0,0.02,-0.14639591671659685,Good
0,0.021,0.08582782098549745,Good
0,0.022,-0.17348431425367256,Good
0,0.023,-0.09548734293444539,Good
0,0.024,-0.08972918127615542,Good
0,0.025,0.061746814019102016,Good
0,0.026,0.0815110236535263,Good
0,0.027,0.10831870692754482,Good
0,0.028,-0.11419802822440657,Good
0,0.029,-0.059471137316253544,Good
0,0.03,0.027422112183395044,Good
0,0.031,0.022971758856620457,Good
0,0.032,0.058957416655147234,Good
0,0.033,0.010064869951609571,Good
0,0.034,-0.033249843262059785,Good
0,0.035,-0.06934359113542335,Good
0,0.036,0.07277426824424708,Good
0,0.037,0.10979669409781859,Good
0,0.038,0.0020205817791687105,Good
0,0.039,-0.13733819269763423,Good
0,0.04,-0.044049035929877176,Good
0,0.041,0.0686416559317843,Good
0,0.042,-0.060830708570619396,Good
0,0.043,-0.07900813980278283,Good
0,0.044,0.14977850595940706,Good
0,0.045,-0.18247804536411233,Good
0,0.046,0.03880230391968186,Good
0,0.047,-0.1986901468532195,Good
0,0.048,0.00231418300330953,Good
0,0.049,0.0012423404848119755,Good
0,0.05,-0.032858895342784834,Good
0,0.051,-0.05065679861073429,Good
0,0.052,0.024181038602562707,Good
0,0.053,-0.031108026271823352,Good
0,0.054,-0.2245697391857016,Good
0,0.055,-0.05457356585616327,Good
0,0.056,-0.08166511518901053,Good
0,0.057,-0.01687653042331928,Good
0,0.058,-0.03147074842735697,Good
0,0.059,-0.11096739768444186,Good
0,0.06,-0.1337346074636543,Good
0,0.061,0.07368446213711725,Good
0,0.062,0.14615589221986022,Good
0,0.063,-0.07313020261200653,Good
0,0.064,0.06912005097417813,Good
0,0.065,-0.11843813887086296,Good
0,0.066,-0.03099831411056325,Good
0,0.067,-0.1128587985051468,Good
0,0.068,0.17664641200158854,Good
0,0.069,0.08200549040733945,Good
0,0.07,-0.20301953486458135,Good
0,0.071,-0.0953079138111423,Good
0,0.072,0.017016856578285548,Good
0,0.073,-0.19087062114804804,Good
0,0.074,0.04617788063043216,Good
0,0.075,0.0963478526230065,Good
0,0.076,-0.009145287796786685,Good
0,0.077,0.201422543669718,Good
0,0.078,0.03953558197575161,Good
0,0.079,0.04666645635054728,Good
0,0.08,-0.08903235936243559,Good
0,0.081,0.08149941727496995,Good
0,0.082,0.07437425219765531,Good
0,0.083,-0.09150113289995479,Good
0,0.084,0.0067129186267121796,Good
0,0.085,0.07819971105334138,Good
0,0.086,0.06903457157031555,Good
0,0.087,-0.028803747578102775,Good
0,0.088,0.040630322371361924,Good
0,0.089,0.06133765709224977,Good
0,0.09,-0.038510924147986875,Good
0,0.091,0.039501362720989724,Good
0,0.092,-0.03819935359179403,Good
0,0.093,-0.13373204326095897,Good
0,0.094,-0.14133879421315013,Good
0,0.095,-0.09109502210539337,Good
0,0.096,-0.09861339452821881,Good
0,0.097,-0.11236746575231492,Good
0,0.098,0.13615114102099002,Good
0,0.099,0.001633206433918084,Good
0,0.1,0.0035691430295076176,Good
0,0.101,-0.10570322196121583,Good
0,0.102,0.024178599354773903,Good
0,0.103,-0.08158413161936882,Good
0,0.104,0.08988936126968435,Good
0,0.105,-0.08083518992547557,Good
0,0.106,-0.008484473697290168,Good
0,0.107,-0.22303884010635727,Good
0,0.108,-0.08396719175914662,Good
0,0.109,-0.07276797273385244,Good
0,0.11,0.023802528684099294,Good
0,0.111,-0.058207183470879734,Good
0,0.112,0.04835158441528409,Good
0,0.113,-0.01919983371822962,Good
0,0.114,-0.060196453812327036,Good
0,0.115,0.031417619083564476,Good
0,0.116,0.2247294006926071,Good
0,0.117,-0.11204890296045618,Good
0,0.118,0.1418568528895807,Good
0,0.119,0.06217402022972496,Good
0,0.12,-0.051219737355261065,Good
0,0.121,0.12028249091947346,Good
0,0.122,0.02134522095255604,Good
0,0.123,0.1309638959048358,Good
0,0.124,0.0028152644403345514,Good
0,0.125,-0.04765818804237404,Good
0,0.126,-0.21875930776628688,Good
0,0.127,-0.17754289967707723,Good
0,0.128,-0.08904924905425597,Good
0,0.129,-0.061013208218039655,Good
0,0.13,0.10141690312336477,Good
0,0.131,-0.06602874031995133,Good
0,0.132,0.0255485969724389,Good
0,0.133,0.03919423866723619,Good
0,0.134,0.011065748620492442,Good
0,0.135,-0.13850870764273057,Good
0,0.136,-0.10596494730679146,Good
0,0.137,-0.07937259350386443,Good
0,0.138,-0.34215411461404066,Good
0,0.139,-0.13270731946862668,Good
0,0.14,-0.1360182009897828,Good
0,0.141,-0.21907589668968985,Good
0,0.142,-0.02332496473596407,Good
0,0.143,-0.17604869166999274,Good
0,0.144,-0.12010496336027243,Good
0,0.145,-0.0949475994185277,Good
0,0.146,-0.18636249141829928,Good
0,0.147,-0.1399610732461811,Good
0,0.148,-0.274096442866691,Good
0,0.149,-0.14613620680614636,Good
0,0.15,-0.3124178746899563,Good
0,0.151,-0.3446277573065462,Good
0,0.152,-0.013685473642293833,Good
0,0.153,-0.2740911892478451,Good
0,0.154,-0.4084442584369749,Good
0,0.155,-0.43057393129068655,Good
0,0.156,-0.4943508595357262,Good
0,0.157,-0.5328861248200697,Good
0,0.158,-0.5282231676166254,Good
0,0.159,-0.5745142795160495,Good
0,0.16,-0.3796187716683279,Good
0,0.161,-0.43249275566156575,Good
0,0.162,-0.48083452945635896,Good
0,0.163,-0.5037969982985839,Good
0,0.164,-0.5121880233848186,Good
0,0.165,-0.6424256061706516,Good
0,0.166,-0.69942984528121,Good
0,0.167,-0.825289031280464,Good
0,0.168,-0.8253290792678792,Good
0,0.169,-0.9892940427823687,Good
0,0.17,-1.0932810796011845,Good
0,0.171,-0.8979389535828228,Good
0,0.172,-0.8513499815968602,Good
0,0.173,-1.1164875913792958,Good
0,0.174,-1.241515623903266,Good
0,0.175,-0.9335146379860345,Good
0,0.176,-1.19562284165991,Good
0,0.177,-1.3113148934022487,Good
0,0.178,-1.229478335445744,Good
0,0.179,-1.3391607747672407,Good
0,0.18,-1.4542602487866017,Good
0,0.181,-1.571604480929758,Good
0,0.182,-1.5320970243090115,Good
0,0.183,-1.4417890167988099,Good
0,0.184,-1.5993518977028032,Good
0,0.185,-1.7056769148234807,Good
0,0.186,-1.9310878472444215,Good
0,0.187,-1.7798626126413744,Good
0,0.188,-2.0169070324228704,Good
0,0.189,-1.7938347375766235,Good
0,0.19,-2.0400221385009822,Good
0,0.191,-2.0697294500983374,Good
0,0.192,-2.157687368571119,Good
0,0.193,-2.1740235274996538,Good
0,0.194,-2.350219780786941,Good
0,0.195,-2.271794926296023,Good
0,0.196,-2.1218049392103615,Good
0,0.197,-2.3990279787032995,Good
0,0.198,-2.1299131041764716,Good
0,0.199,-2.3032826238914175,Good
0,0.2,-2.351949495482329,Good
0,0.201,-2.361137703099658,Good
0,0.202,-2.4345803123007377,Good
0,0.203,-2.179224767752953,Good
0,0.204,-2.2285508941883587,Good
0,0.205,-2.370626312769371,Good
0,0.206,-2.1998612119132064,Good
0,0.207,-2.087748878734404,Good
0,0.208,-2.044546145248971,Good
0,0.209,-1.8540478651927268,Good
0,0.21,-1.9192123798246015,Good
0,0.211,-2.0014122502386673,Good
0,0.212,-1.8163775839046326,Good
0,0.213,-1.8589746227652348,Good
0,0.214,-1.6081129928010056,Good
0,0.215,-1.642681194832486,Good
0,0.216,-1.4346060661929667,Good
0,0.217,-1.513940240463838,Good
0,0.218,-1.1330309511700891,Good
0,0.219,-1.330893911670581,Good
0,0.22,-0.8900481998321232,Good
0,0.221,-0.9917733180345523,Good
0,0.222,-0.774223407774496,Good
0,0.223,-0.5655975090905498,Good
0,0.224,-0.6441367626322364,Good
0,0.225,-0.3524342408589581,Good
0,0.226,-0.23392656173201853,Good
0,0.227,0.016549293212827873,Good
0,0.228,-0.17991483132403863,Good
0,0.229,0.12388013844190895,Good
0,0.23,0.36609526519079183,Good
0,0.231,0.3491565160807525,Good
0,0.232,0.7134523332215377,Good
0,0.233,0.6103823589756313,Good
0,0.234,0.917031877935563,Good
0,0.235,1.0073670388197387,Good
0,0.236,1.059994042084129,Good
0,0.237,1.2294792447546121,Good
0,0.238,1.2045262322375296,Good
0,0.239,1.4557863457630729,Good
0,0.24,1.5163728452529395,Good
0,0.241,1.4813124566267413,Good
0,0.242,1.6756424996465225,Good
0,0.243,1.9164080914903427,Good
0,0.244,1.9139866400733163,Good
0,0.245,1.887322155642212,Good
0,0.246,2.0303585419915615,Good
0,0.247,1.8738150637557847,Good
0,0.248,2.0442384802831977,Good
0,0.249,2.0151602712738894,Good
0,0.25,2.1058418249459043,Good
0,0.251,1.9930001287944759,Good
0,0.252,1.8623471549432231,Good
0,0.253,1.9792340895174783,Good
0,0.254,1.8883256328465712,Good
0,0.255,1.9238934913561732,Good
0,0.256,1.6907672073585953,Good
0,0.257,1.7830991978796897,Good
0,0.258,1.7891047125994433,Good
0,0.259,1.5473714156543437,Good
0,0.26,1.3110744914754027,Good
0,0.261,1.1287590160468053,Good
0,0.262,1.3093276130468332,Good
0,0.263,1.0994249840464148,Good
0,0.264,1.1077266712981542,Good
0,0.265,0.9968840767324311,Good
0,0.266,0.7606403210946608,Good
0,0.267,0.877463115616431,Good
0,0.268,0.5211865038828403,Good
0,0.269,0.3241107107759517,Good
0,0.27,0.21563561888685923,Good
0,0.271,-0.015502366591127553,Good
0,0.272,-0.10529191034340332,Good
0,0.273,-0.4728554945644154,Good
0,0.274,-0.4543513915808786,Good
0,0.275,-0.5817731511464068,Good
0,0.276,-0.6842933841169871,Good
0,0.277,-0.7288763178672716,Good
0,0.278,-0.8690423905962524,Good
0,0.279,-0.838613134430366,Good
0,0.28,-1.1240105417842345,Good
0,0.281,-1.0525370465105117,Good
0,0.282,-1.213565174470468,Good
0,0.283,-1.4542391618420654,Good
0,0.284,-1.5865025652695939,Good
0,0.285,-1.6230763495076719,Good
0,0.286,-1.6281761104915495,Good
0,0.287,-1.641167573400763,Good
0,0.288,-1.8314911345684561,Good
0,0.289,-2.04908102113976,Good
0,0.29,-1.952706184682268,Good
0,0.291,-2.0932024213055644,Good
0,0.292,-2.1509554130170825,Good
0,0.293,-2.0877371411262975,Good
0,0.294,-2.4053510582098543,Good
0,0.295,-2.5042748394597902,Good
0,0.296,-2.4806894507488675,Good
0,0.297,-2.2784117269121826,Good
0,0.298,-2.2237851309055694,Good
0,0.299,-2.329444379462081,Good
0,0.3,-2.127817294032282,Good
0,0.301,-2.3162118966554357,Good
0,0.302,-2.2688318499718707,Good
0,0.303,-2.176100442542505,Good
0,0.304,-2.0102425324346958,Good
0,0.305,-2.208293292939801,Good
0,0.306,-2.1143353865156014,Good
0,0.307,-2.0692541353359326,Good
0,0.308,-2.1003008305081314,Good
0,0.309,-1.9190886821812752,Good
0,0.31,-2.066857201026151,Good
0,0.311,-1.9654889847461205,Good
0,0.312,-1.9710687421900013,Good
0,0.313,-1.8495647476563817,Good
0,0.314,-1.7829536050427695,Good
0,0.315,-1.7614900000942708,Good
0,0.316,-1.5537983610001818,Good
0,0.317,-1.699682810877876,Good
0,0.318,-1.5143144184305353,Good
0,0.319,-1.483093008018199,Good
0,0.32,-1.410421804060233,Good
0,0.321,-1.4591916913164513,Good
0,0.322,-1.1404583038243132,Good
0,0.323,-1.2760188324491384,Good
0,0.324,-1.255088608511185,Good
0,0.325,-1.0452124492746246,Good
0,0.326,-1.2164573082388022,Good
0,0.327,-1.0666124602726752,Good
0,0.328,-0.9625210361654735,Good
0,0.329,-1.1145523575644116,Good
0,0.33,-0.8718012439508044,Good
0,0.331,-0.8280266508654466,Good
0,0.332,-0.795273305034302,Good
0,0.333,-0.7984829718949981,Good
0,0.334,-0.8102556315183518,Good
0,0.335,-0.7482829325491157,Good
0,0.336,-0.752102313898066,Good
0,0.337,-0.6488604107766469,Good
0,0.338,-0.532659261139205,Good
0,0.339,-0.3255765812295048,Good
0,0.34,-0.5137236844334088,Good
0,0.341,-0.38346677579825295,Good
0,0.342,-0.4446353657869382,Good
0,0.343,-0.297891575490902,Good
0,0.344,-0.39674182683897397,Good
0,0.345,-0.33584922382312354,Good
0,0.346,-0.04803180093307585,Good
0,0.347,-0.3238516621506062,Good
0,0.348,-0.26679299214373775,Good
0,0.349,-0.15133072996667046,Good
0,0.35,-0.15964611368086967,Good
0,0.351,-0.23587996827786228,Good
0,0.352,-0.20455673043625858,Good
0,0.353,-0.2528243886940868,Good
0,0.354,-0.16683309924730266,Good
0,0.355,-0.032959410199742856,Good
0,0.356,-0.10851251028794685,Good
0,0.357,-0.0009676773104882047,Good
0,0.358,-0.27215053207755047,Good
0,0.359,-0.07699064738289453,Good
0,0.36,0.004298226415862874,Good
0,0.361,-0.0626123430673398,Good
0,0.362,-0.12949691887542336,Good
0,0.363,-0.1441932885157559,Good
0,0.364,-0.0439663412438834,Good
0,0.365,0.04804405484984712,Good
0,0.366,-0.04629973992770525,Good
0,0.367,-0.09792475105911166,Good
0,0.368,0.006878016974143565,Good
0,0.369,-0.18073035665073992,Good
0,0.37,-0.025341886286345938,Good
0,0.371,0.16708238755539503,Good
0,0.372,-0.09539189593358047,Good
0,0.373,-0.04981010555004599,Good
0,0.374,0.05014254451764939,Good
0,0.375,-0.11954192577560654,Good
0,0.376,0.08308416296085812,Good
0,0.377,-0.1585224228845262,Good
0,0.378,0.07446067158568898,Good
0,0.379,-0.17530975531449416,Good
0,0.38,0.12686169977753486,Good
0,0.381,0.225872295324407,Good
0,0.382,-0.0982081736347354,Good
0,0.383,-0.04470513243019636,Good
0,0.384,-0.11808238336034296,Good
0,0.385,0.12504700675173414,Good
0,0.386,0.0720316909904728,Good
0,0.387,0.06041094205729215,Good
0,0.388,-0.15410619270897818,Good
0,0.389,-0.06378634848532332,Good
0,0.39,-0.07549995368814127,Good
0,0.391,0.05220650976392684,Good
0,0.392,0.043809634591787626,Good
0,0.393,0.018489527223699367,Good
0,0.394,-0.03607368734131281,Good
0,0.395,0.036535849373488256,Good
0,0.396,0.048968483271034396,Good
0,0.397,0.07365332735939438,Good
0,0.398,-0.05301960894540441,Good
0,0.399,0.14648030047688743,Good
0,0.4,0.0060537952877082754,Good
0,0.401,-0.2616105420060772,Good
0,0.402,0.230507769657467,Good
0,0.403,-0.07127167467178519,Good
0,0.404,0.02375940877454165,Good
0,0.405,0.13497796801794545,Good
0,0.406,-0.06048465596453972,Good
0,0.407,0.1174237870979678,Good
0,0.408,-0.1594372445424023,Good
0,0.409,0.0005842536446620815,Good
0,0.41,0.12916442550050325,Good
0,0.411,0.005269628149156333,Good
0,0.412,-0.17659666734340404,Good
0,0.413,0.030961365228176885,Good
0,0.414,-0.17535082377813757,Good
0,0.415,-0.07678920918921095,Good
0,0.416,-0.029413125243940064,Good
0,0.417,0.07564049051120393,Good
0,0.418,0.03306218946000014,Good
0,0.419,-0.1734339399001572,Good
0,0.42,0.01960988988187727,Good
0,0.421,0.0538092967630934,Good
0,0.422,-0.04132837579102779,Good
0,0.423,0.09066780690809924,Good
0,0.424,-0.034120845852615565,Good
0,0.425,-0.10491137282110526,Good
0,0.426,-0.033079783713064005,Good
0,0.427,-0.06937193110853106,Good
0,0.428,0.08319987255269941,Good
0,0.429,0.060034079373275664,Good
0,0.43,0.010095604146820383,Good
0,0.431,-0.019789855762555954,Good
0,0.432,0.08334550057342587,Good
0,0.433,-0.06277644629996064,Good
0,0.434,-0.06922194206472655,Good
0,0.435,-0.04734698798285375,Good
0,0.436,0.044672281192593845,Good
0,0.437,-0.005148651158365165,Good
0,0.438,-0.023974057544701614,Good
0,0.439,-0.026656851289187163,Good
0,0.44,0.23619664632590642,Good
0,0.441,-0.03161166736974143,Good
0,0.442,0.00806148390780571,Good
0,0.443,-0.04904861913032012,Good
0,0.444,-0.052492570178014036,Good
0,0.445,-0.13144392861692708,Good
0,0.446,-0.006982930787773416,Good
0,0.447,-0.11041332984442041,Good
0,0.448,0.15179483226121437,Good
0,0.449,-0.11743717541558663,Good
0,0.45,0.10278060304566626,Good
0,0.451,-0.01623004788286397,Good
0,0.452,0.004900184577440482,Good
0,0.453,0.06197654532907555,Good
0,0.454,-0.09049372288223745,Good
0,0.455,-0.08108423247834094,Good
0,0.456,0.09267133780817807,Good
0,0.457,0.07483679396345537,Good
0,0.458,0.12963499338049678,Good
0,0.459,0.06354410875370108,Good
0,0.46,0.01712832496844417,Good
0,0.461,0.031566688453660244,Good
0,0.462,-0.05641186943954876,Good
0,0.463,-0.06976272427208068,Good
0,0.464,0.12105925794752802,Good
0,0.465,0.032571853257191356,Good
0,0.466,0.014466148511065298,Good
0,0.467,-0.10308806844364092,Good
0,0.468,-0.1454845123652549,Good
0,0.469,-0.09545396038466536,Good
0,0.47,0.10331453447432226,Good
0,0.471,-0.029890363518075558,Good
0,0.472,0.17324403921857157,Good
0,0.473,-0.16932217591435272,Good
0,0.474,-0.02740588504371306,Good
0,0.475,-0.07091274875010069,Good
0,0.476,-0.04119070110625635,Good
0,0.477,-0.062347447161844094,Good
0,0.478,-0.06579501913415924,Good
0,0.479,-0.04504326023788638,Good
0,0.48,0.10199520935535614,Good
0,0.481,0.2022795240560898,Good
0,0.482,0.022843705042321805,Good
0,0.483,0.11457639407751473,Good
0,0.484,-0.09272907351336872,Good
0,0.485,0.14828996456300614,Good
0,0.486,-0.05979951684050086,Good
0,0.487,0.03698879386809525,Good
0,0.488,-0.03681448236299645,Good
0,0.489,-0.1277231727771833,Good
0,0.49,0.09390127331425478,Good
0,0.491,0.06064433993486749,Good
0,0.492,0.029399095289793654,Good
0,0.493,0.04507902461954836,Good
0,0.494,0.08085813743652923,Good
0,0.495,0.1502219120341899,Good
0,0.496,0.01566022451552883,Good
0,0.497,-0.040948768003854316,Good
0,0.498,-0.10798887067051968,Good
0,0.499,0.1470182592679804,Good
0,0.5,-0.11421421596053219,Good
0,0.501,0.043109848581098495,Good
0,0.502,-0.07723752825238483,Good
0,0.503,0.045603634628971434,Good
0,0.504,0.16938212019979607,Good
0,0.505,0.05029748740222696,Good
0,0.506,0.07169615150980228,Good
0,0.507,-0.007643130816004567,Good
0,0.508,0.00035729285034405325,Good
0,0.509,-0.12361669686822348,Good
0,0.51,-0.06797723745665465,Good
0,0.511,0.024098006639750674,Good
0,0.512,-0.18577689962181815,Good
0,0.513,0.05242598006657872,Good
0,0.514,-0.03310726347080203,Good
0,0.515,0.055338316888347006,Good
0,0.516,0.14917270225413484,Good
0,0.517,0.03479675243153253,Good
0,0.518,-0.03418404023033946,Good
0,0.519,-0.13858295473051654,Good
0,0.52,0.029223183838947578,Good
0,0.521,0.03027973472579533,Good
0,0.522,-0.048345723695668974,Good
0,0.523,0.033735586582036604,Good
0,0.524,-0.08509527595964593,Good
0,0.525,-0.0358736692487619,Good
0,0.526,-0.02086743916214903,Good
0,0.527,0.07614108091480959,Good
0,0.528,0.04074611227071754,Good
0,0.529,0.037941745550946926,Good
0,0.53,0.1160124684871715,Good
0,0.531,-0.0021672326883003896,Good
0,0.532,-0.0077876344920318865,Good
0,0.533,0.03780925614118035,Good
0,0.534,-0.011115346083267646,Good
0,0.535,-0.06389758398457708,Good
0,0.536,0.1477285406065808,Good
0,0.537,-0.186836755743016,Good
0,0.538,0.014377429465309635,Good
0,0.539,-0.08025675602079058,Good
0,0.54,0.042990709781410424,Good
0,0.541,0.03976563472954379,Good
0,0.542,-0.006006392051806615,Good
0,0.543,-0.08246251694893647,Good
0,0.544,0.03844383398692145,Good
0,0.545,-0.02834894782456393,Good
0,0.546,0.09793303343435081,Good
0,0.547,0.12584234658054314,Good
0,0.548,0.04231890771959808,Good
0,0.549,0.044290367976534836,Good
0,0.55,-0.0071154570527606755,Good
0,0.551,-0.08863062594773485,Good
0,0.552,-0.11736576728697473,Good
0,0.553,-0.14506953180986018,Good
0,0.554,0.025238872718345497,Good
0,0.555,-0.09388682879070755,Good
0,0.556,-0.1867150093847512,Good
0,0.557,-0.06722553371825701,Good
0,0.558,0.083431171169144,Good
0,0.559,-0.045887269837175865,Good
0,0.56,0.16579293345112203,Good
0,0.561,-0.17784302314201883,Good
0,0.562,0.09053591851583837,Good
0,0.563,-0.11566040512137786,Good
0,0.564,0.004162985265968254,Good
0,0.565,0.060951885423472366,Good
0,0.566,-0.02411213656698615,Good
0,0.567,0.07954412599710654,Good
0,0.568,-0.0732908285589293,Good
0,0.569,0.056183234403534836,Good
0,0.57,-0.006753935068317481,Good
0,0.571,-0.011137901822650093,Good
0,0.572,0.190219927306362,Good
0,0.573,-0.28745540858896196,Good
0,0.574,8.86253172674397e-05,Good
0,0.575,0.0011403232834372504,Good
0,0.576,0.03586391651728276,Good
0,0.577,-0.16892484200491598,Good
0,0.578,0.07411576467612811,Good
0,0.579,0.025624577194424306,Good
0,0.58,-0.04754446612557068,Good
0,0.581,-0.006987472240721481,Good
0,0.582,-0.17022054427061617,Good
0,0.583,-0.026315576906589595,Good
0,0.584,0.01774230959928982,Good
0,0.585,-0.15947494822220526,Good
0,0.586,-0.027429325118783727,Good
0,0.587,0.016348061891004906,Good
0,0.588,-0.0918751077751378,Good
0,0.589,-0.03653897513898019,Good
0,0.59,0.15002228710261398,Good
0,0.591,0.14670220933076072,Good
0,0.592,0.019982054420565908,Good
0,0.593,-0.01576378875787258,Good
0,0.594,0.0919797150842615,Good
0,0.595,-0.11616386335081692,Good
0,0.596,-0.0559784646695207,Good
0,0.597,0.11328640039692624,Good
0,0.598,-0.0016354405165347656,Good
0,0.599,-0.1833371698736358,Good
0,0.6,0.0594606207578213,Good
0,0.601,0.10958797347810788,Good
0,0.602,-0.09255168522245408,Good
0,0.603,-0.10068272016823826,Good
0,0.604,-0.1429881683466909,Good
0,0.605,0.055495532239333345,Good
0,0.606,-0.09962165580268202,Good
0,0.607,-0.06452367239627718,Good
0,0.608,0.0793889144620693,Good
0,0.609,0.01864657877676247,Good
0,0.61,0.03184942521702815,Good
0,0.611,-0.07003550276835609,Good
0,0.612,0.025694532918739132,Good
0,0.613,0.021402791835079926,Good
0,0.614,0.09319211814642457,Good
0,0.615,-0.034949577499175745,Good
0,0.616,0.09478955357169448,Good
0,0.617,-0.11777652087636453,Good
0,0.618,0.12388900090686168,Good
0,0.619,0.15188159630593628,Good
0,0.62,0.06851796506787909,Good
0,0.621,0.18393054667311054,Good
0,0.622,0.07415126120019107,Good
0,0.623,-0.2042302305724654,Good
0,0.624,-0.10956945102215383,Good
0,0.625,0.12091261906604311,Good
0,0.626,0.005483015155567469,Good
0,0.627,0.0030344140573335373,Good
0,0.628,-0.055307322658565576,Good
0,0.629,-0.01953948255479858,Good
0,0.63,0.11335967071490348,Good
0,0.631,0.08941269141560962,Good
0,0.632,-0.05963043406159135,Good
0,0.633,0.11139371213349236,Good
0,0.634,0.1329800178620778,Good
0,0.635,0.03867577177875824,Good
0,0.636,-0.022910808214294177,Good
0,0.637,0.013082839605011193,Good
0,0.638,0.130618670603817,Good
0,0.639,-0.03459162713947093,Good
0,0.64,-0.14838467411165127,Good
0,0.641,-0.07793791190717522,Good
0,0.642,0.07560404968051691,Good
0,0.643,0.10032476924839723,Good
0,0.644,0.11236200885454682,Good
0,0.645,-0.0019817138364372332,Good
0,0.646,-0.3007727076393588,Good
0,0.647,-0.02184782828283192,Good
0,0.648,-0.03952409963987464,Good
0,0.649,-0.10290331046105616,Good
0,0.65,-0.15665289892131556,Good
0,0.651,0.008989889502384763,Good
0,0.652,-0.12692447496343517,Good
0,0.653,-0.07841430870479299,Good
0,0.654,0.19155555578501152,Good
0,0.655,-0.10332478779235366,Good
0,0.656,-0.12807331883189,Good
0,0.657,-0.04205906766313759,Good
0,0.658,-0.07295015018031287,Good
0,0.659,-0.0555357944622121,Good
0,0.66,0.033620524849092254,Good
0,0.661,-0.09702895915593283,Good
0,0.662,0.024113369006853506,Good
0,0.663,0.017809877739041434,Good
0,0.664,0.03166444973824875,Good
0,0.665,-0.055522885086435325,Good
0,0.666,-0.046627164586456105,Good
0,0.667,0.06422723957200618,Good
0,0.668,-0.0918893157758625,Good
0,0.669,-0.07548475534582813,Good
0,0.67,-0.03000795138058739,Good
0,0.671,0.09753135757656833,Good
0,0.672,0.02244812198157055,Good
0,0.673,-0.11053379606864877,Good
0,0.674,0.03354349079002194,Good
0,0.675,0.03618944486437034,Good
0,0.676,-0.02429725538958875,Good
0,0.677,-0.07305565810729489,Good
0,0.678,0.042179754509412616,Good
0,0.679,-0.08848102599401297,Good
0,0.68,0.00023041668046134292,Good
0,0.681,-0.13853362845762324,Good
0,0.682,0.02727261039380537,Good
0,0.683,0.08891050728281417,Good
0,0.684,-0.0014959659143362922,Good
0,0.685,0.0366567540765856,Good
0,0.686,-0.057866800192347426,Good
0,0.687,-0.15983553161235753,Good
0,0.688,0.10241556607319338,Good
0,0.689,0.04463892775695619,Good
0,0.69,-0.11011309112451365,Good
0,0.691,0.10510164694094358,Good
0,0.692,0.03145529145682868,Good
0,0.693,0.15641743910880937,Good
0,0.694,0.24503244042429034,Good
0,0.695,0.011581693259715661,Good
0,0.696,-0.19725969122055098,Good
0,0.697,-0.05048668491157007,Good
0,0.698,0.025940097213378845,Good
0,0.699,0.12953953184504932,Good
0,0.7,-0.08714928209316125,Good
0,0.701,-0.23362221490262478,Good
0,0.702,0.17692202924503742,Good
0,0.703,0.06774455583449684,Good
0,0.704,0.2443943370603201,Good
0,0.705,-0.13411595695185305,Good
0,0.706,0.17133386090128555,Good
0,0.707,0.057802742190594385,Good
0,0.708,0.06259949023606409,Good
0,0.709,0.035831240055496816,Good
0,0.71,-0.003802884199147464,Good
0,0.711,0.13052685944963163,Good
0,0.712,0.0028045292126718958,Good
0,0.713,-0.055193767288956565,Good
0,0.714,-0.049429817949130817,Good
0,0.715,-0.0142250728634905,Good
0,0.716,0.10568255652126524,Good
0,0.717,0.1308778817450116,Good
0,0.718,0.016336391934253926,Good
0,0.719,0.13452682669458169,Good
0,0.72,0.050683078912302254,Good
0,0.721,0.11682282076980553,Good
0,0.722,-0.07897468126534236,Good
0,0.723,0.016235008062541554,Good
0,0.724,0.1488408894586629,Good
0,0.725,-0.06898469204747398,Good
0,0.726,-0.08572560889206414,Good
0,0.727,-0.041877077852872036,Good
0,0.728,0.0371269537816273,Good
0,0.729,-0.19425078932538295,Good
0,0.73,0.05145369392049096,Good
0,0.731,-0.024563850886559907,Good
0,0.732,0.032050126497907803,Good
0,0.733,-0.08073502275151645,Good
0,0.734,0.05901300449487874,Good
0,0.735,0.03443415705754971,Good
0,0.736,0.1396707053872239,Good
0,0.737,-0.007003975688449061,Good
0,0.738,0.009816780496932624,Good
0,0.739,0.14796626511683167,Good
0,0.74,0.03435563979375299,Good
0,0.741,0.23900666849270047,Good
0,0.742,0.0019937912734887806,Good
0,0.743,-0.11320953334697809,Good
0,0.744,-0.11248211354466323,Good
0,0.745,0.06840915771814401,Good
0,0.746,0.040429731905830504,Good
0,0.747,-0.04711930418744242,Good
0,0.748,-0.2019710628088528,Good
0,0.749,0.1494081691893588,Good
0,0.75,0.0009871851626321005,Good
0,0.751,-0.06845088093433062,Good
0,0.752,-0.11864849779108673,Good
0,0.753,0.1247361632669478,Good
0,0.754,-0.08242573490554578,Good
0,0.755,-0.018945006529782094,Good
0,0.756,-0.118210971700839,Good
0,0.757,-0.00284053458291152,Good
0,0.758,0.038569397069272475,Good
0,0.759,0.038750100618272734,Good
0,0.76,-0.003837552924007133,Good
0,0.761,0.10562002925026799,Good
0,0.762,-0.11587459151953663,Good
0,0.763,0.08785654161255374,Good
0,0.764,-0.1327022105897582,Good
0,0.765,-0.15569932853043994,Good
0,0.766,0.013049931183707756,Good
0,0.767,-0.032502992577426996,Good
0,0.768,-0.00545959085887094,Good
0,0.769,-0.01738289339029606,Good
0,0.77,-0.020251002081725353,Good
0,0.771,-0.19208125987794739,Good
0,0.772,-0.04178022599203744,Good
0,0.773,0.059413913661120143,Good
0,0.774,-0.03771502359963966,Good
0,0.775,-0.1009909907813485,Good
0,0.776,-0.08218200016665485,Good
0,0.777,0.11288800756538618,Good
0,0.778,0.05817589900667093,Good
0,0.779,-0.001616316496186086,Good
0,0.78,0.00301599944001061,Good
0,0.781,-0.1144969948325155,Good
0,0.782,-0.13682651747668514,Good
0,0.783,-0.009580093689819482,Good
0,0.784,-0.30714011281428066,Good
0,0.785,-0.08979302904082659,Good
0,0.786,-0.07102926684724382,Good
0,0.787,-0.19757435246785932,Good
0,0.788,-0.08819375927663033,Good
0,0.789,0.09025127302443188,Good
0,0.79,0.14482765232494876,Good
0,0.791,-0.13106537226349843,Good
0,0.792,0.07669484325050457,Good
0,0.793,0.09959740343410221,Good
0,0.794,0.026970977442268403,Good
0,0.795,-0.07924000685715427,Good
0,0.796,0.0883821121941075,Good
0,0.797,-0.14599713624434701,Good
0,0.798,-0.05701305431735673,Good
0,0.799,0.03888889159066159,Good
0,0.8,0.019772255025374625,Good
0,0.801,0.08146749859241947,Good
0,0.802,0.02850162779674603,Good
0,0.803,-0.1897840735487647,Good
0,0.804,-0.03811616726992269,Good
0,0.805,-0.13979432022893815,Good
0,0.806,0.04279791036572589,Good
0,0.807,0.037369108726428714,Good
0,0.808,-0.019614923756665806,Good
0,0.809,0.05288572196580672,Good
0,0.81,0.0569805867430058,Good
0,0.811,0.21933729342849406,Good
0,0.812,-0.11405381401874251,Good
0,0.813,-0.05997197002677859,Good
0,0.814,-0.2455883110345325,Good
0,0.815,-0.048683295197572925,Good
0,0.816,-0.037656916108227155,Good
0,0.817,-0.04017508088335663,Good
0,0.818,-0.07270318072958447,Good
0,0.819,0.04206495450651057,Good
0,0.82,0.09883374432024712,Good
0,0.821,-0.0497814656112916,Good
0,0.822,-0.04489874690747038,Good
0,0.823,0.12387021976767287,Good
0,0.824,0.06298804765222092,Good
0,0.825,-0.18906163079279212,Good
0,0.826,0.010387183513324306,Good
0,0.827,0.2097952466013714,Good
0,0.828,-0.1725137658921435,Good
0,0.829,0.16374121915891557,Good
0,0.83,-0.11463248127567312,Good
0,0.831,-0.23669369040424593,Good
0,0.832,-0.01707355640192283,Good
0,0.833,-0.16454507113043548,Good
0,0.834,-0.03052463263593992,Good
0,0.835,0.008246530342648384,Good
0,0.836,-0.05868258778727686,Good
0,0.837,0.2039702745907208,Good
0,0.838,0.27346505814845573,Good
0,0.839,-0.06260644522569951,Good
0,0.84,0.027264184890902043,Good
0,0.841,-0.013493679202265713,Good
0,0.842,0.06902900455377019,Good
0,0.843,-0.044289566952015774,Good
0,0.844,-0.04261676241706762,Good
0,0.845,0.05434802931959683,Good
0,0.846,-0.02457059697538765,Good
0,0.847,0.05026757698371808,Good
0,0.848,0.07432764451131892,Good
0,0.849,0.19790333353680012,Good
0,0.85,-0.019953113599682326,Good
0,0.851,0.008784218166021623,Good
0,0.852,-0.03839599963602563,Good
0,0.853,-0.12870897647349952,Good
0,0.854,0.07624357965736929,Good
0,0.855,0.03103947741059502,Good
0,0.856,0.08790915567958774,Good
0,0.857,0.04669774960672283,Good
0,0.858,0.027804442246782857,Good
0,0.859,0.10638043614124462,Good
0,0.86,0.0711968593402048,Good
0,0.861,-0.1661769019538003,Good
0,0.862,-0.04956593849446527,Good
0,0.863,0.12277099173054147,Good
0,0.864,-0.038503664484900446,Good
0,0.865,-0.11678638120683067,Good
0,0.866,0.17175104016948775,Good
0,0.867,0.008011530600487602,Good
0,0.868,0.17814728332207705,Good
0,0.869,0.08137296018969221,Good
0,0.87,-0.11977489427693074,Good
0,0.871,-0.009018533870008746,Good
0,0.872,-0.025131437928419403,Good
0,0.873,-0.010389548576427335,Good
0,0.874,0.10818204338686557,Good
0,0.875,-0.131894586022304,Good
0,0.876,0.06171928689720622,Good
0,0.877,-0.08363017869634624,Good
0,0.878,-0.03352664278340251,Good
0,0.879,-0.13172318102630928,Good
0,0.88,0.017865334469071802,Good
0,0.881,-0.10178918307447138,Good
0,0.882,-0.0453885380463844,Good
0,0.883,0.03490900719268827,Good
0,0.884,0.09713264677751791,Good
0,0.885,-0.03374071346207544,Good
0,0.886,-0.09738091908653826,Good
0,0.887,-0.007900337855043118,Good
0,0.888,0.01254240896092205,Good
0,0.889,-0.0433472931269717,Good
0,0.89,0.07555795987906844,Good
0,0.891,-0.17261570825598055,Good
0,0.892,-0.1388205079881292,Good
0,0.893,0.01707878690874573,Good
0,0.894,0.072958061150162,Good
0,0.895,-0.036865053918708174,Good
0,0.896,0.2053959382970585,Good
0,0.897,-0.1348281153512155,Good
0,0.898,0.04449817241638606,Good
0,0.899,-0.1870380728598985,Good
0,0.9,0.022216739277349056,Good
0,0.901,-0.13796678659827086,Good
0,0.902,0.09130682917450923,Good
0,0.903,-0.18082685462806403,Good
0,0.904,0.07901294092556532,Good
0,0.905,0.01701339325282762,Good
0,0.906,-0.1495398593782899,Good
0,0.907,-0.023030471216241178,Good
0,0.908,0.03233381058695421,Good
0,0.909,0.10305832669948232,Good
0,0.91,0.07245570180091773,Good
0,0.911,-0.016097870799466577,Good
0,0.912,0.10087902985207363,Good
0,0.913,0.03556877904194314,Good
0,0.914,-0.01677658126755582,Good
0,0.915,-0.03789550815409571,Good
0,0.916,0.05813543683338197,Good
0,0.917,0.06439428712257945,Good
0,0.918,-0.16951897876883187,Good
0,0.919,0.013915102213040596,Good
0,0.92,0.17983638686889075,Good
0,0.921,0.14528968509588083,Good
0,0.922,0.08808115055158267,Good
0,0.923,-0.01823180050885037,Good
0,0.924,-0.0525299990357905,Good
0,0.925,-0.0073292557659217945,Good
0,0.926,0.002177939056919604,Good
0,0.927,0.0746944313947742,Good
0,0.928,-0.02888861635578678,Good
0,0.929,0.04697872481979785,Good
0,0.93,0.10070303288648462,Good
0,0.931,0.05854822931846883,Good
0,0.932,0.026522617618551344,Good
0,0.933,0.024296960428121885,Good
0,0.934,0.03438813655630061,Good
0,0.935,0.03823373275141134,Good
0,0.936,0.054462384491691676,Good
0,0.937,0.07243644698679604,Good
0,0.938,0.01781018774549475,Good
0,0.939,-0.010530559266024484,Good
0,0.94,0.09067111131964964,Good
0,0.941,0.037270925175017046,Good
0,0.942,-0.13495118733480574,Good
0,0.943,-0.05029493721244813,Good
0,0.944,0.15102413831936914,Good
0,0.945,0.07632198629371796,Good
0,0.946,0.017354261476953473,Good
0,0.947,0.044889101424675504,Good
0,0.948,0.187168395259159,Good
0,0.949,0.08255349266003364,Good
0,0.95,0.23784511128790947,Good
0,0.951,-0.10466850004668667,Good
0,0.952,-0.1243838070797858,Good
0,0.953,-0.1766219311068084,Good
0,0.954,0.29813860117227925,Good
0,0.955,0.002086923645833815,Good
0,0.956,0.17239988475733772,Good
0,0.957,0.010424957277289941,Good
0,0.958,0.058326924258785696,Good
0,0.959,-0.07457625841268156,Good
0,0.96,0.017847141627077668,Good
0,0.961,-0.06521623361399721,Good
0,0.962,-0.05724689271399511,Good
0,0.963,-0.019324234512562127,Good
0,0.964,-0.0302570635222087,Good
0,0.965,-0.06542032661693614,Good
0,0.966,-0.09818248198543622,Good
0,0.967,-0.06020774497584827,Good
0,0.968,-0.03595951367719498,Good
0,0.969,-0.038240022293827995,Good
0,0.97,0.00638302676897224,Good
0,0.971,-0.11047397955722366,Good
0,0.972,-0.1315602804602051,Good
0,0.973,0.011198476740781825,Good
0,0.974,0.12569844853744588,Good
0,0.975,8.625399216762481e-05,Good
0,0.976,-0.1413832852826566,Good
0,0.977,-0.025633299266667277,Good
0,0.978,-0.12165079627844622,Good
0,0.979,-0.18597611708890027,Good
0,0.98,-0.09930796821803922,Good
0,0.981,0.07682800839936296,Good
0,0.982,-0.09010934614025258,Good
0,0.983,-0.0634825583907174,Good
0,0.984,0.0372269421752804,Good
0,0.985,-0.11949501784053901,Good
0,0.986,0.035758601015790585,Good
0,0.987,-0.05947087568423523,Good
0,0.988,-0.06992659385170018,Good
0,0.989,-0.1549920707897798,Good
0,0.99,-0.18495326853012956,Good
0,0.991,-0.057805504544030765,Good
0,0.992,-0.0743593181947847,Good
0,0.993,-0.14757890185992034,Good
0,0.994,0.17578024795956984,Good
0,0.995,0.03360056883162328,Good
0,0.996,-0.010756720468201142,Good
0,0.997,0.17646531753760827,Good
0,0.998,0.13218429743983526,Good
0,0.999,-0.03357346503909199,Good
1,0.0,-0.15357532120518705,Good
1,0.001,0.10326602960499703,Good
1,0.002,0.018717380716189735,Good
1,0.003,-0.006587024588335436,Good
1,0.004,0.03662263862827456,Good
1,0.005,0.2960848587868326,Good
1,0.006,0.04074688308337674,Good
1,0.007,0.09340303724062099,Good
1,0.008,0.020421209189825918,Good
1,0.009,0.014158948550744125,Good
1,0.01,0.2048797703399235,Good
1,0.011,0.07671321714663115,Good
1,0.012,0.03782405160443911,Good
1,0.013,0.03643502176913003,Good
1,0.014,-0.152625901548714,Good
1,0.015,-0.030015690797336576,Good
1,0.016,0.06206832542073562,Good
1,0.017,0.18630982226382048,Good
1,0.018,-0.050947381082865985,Good
1,0.019,0.03263361412487183,Good
1,0.02,0.01026423919077528,Good
1,0.021,0.21339571702950266,Good
1,0.022,-0.1329297685888636,Good
1,0.023,0.10047946004291682,Good
1,0.024,-0.030149740154238297,Good
1,0.025,0.13420497134857073,Good
1,0.026,-0.07498799939914114,Good
1,0.027,-0.15587749762217207,Good
1,0.028,-0.02862827070033243,Good
1,0.029,0.23177330446827385,Good
1,0.03,0.008459286422522678,Good
1,0.031,0.2156767625300514,Good
1,0.032,0.12536006752978174,Good
1,0.033,0.11556462993419968,Good
1,0.034,0.1587191892311336,Good
1,0.035,-0.03650787856013061,Good
1,0.036,-0.08773688731758883,Good
1,0.037,-0.12382301255002354,Good
1,0.038,-0.015315796597774529,Good
1,0.039,-0.14408598905336975,Good
1,0.04,-0.008655165640589067,Good
1,0.041,0.007531301050450168,Good
1,0.042,-0.039612079766823745,Good
1,0.043,0.06210308349944021,Good
1,0.044,-0.013943522505090043,Good
1,0.045,-0.12214073133691855,Good
1,0.046,0.005209255545990965,Good
1,0.047,0.025040276302340726,Good
1,0.048,0.00020919892851695555,Good
1,0.049,0.08057687320377621,Good
1,0.05,0.008554373133701781,Good
1,0.051,0.04343526346249262,Good
1,0.052,-0.0762463402365648,Good
1,0.053,-0.03481422589943649,Good
1,0.054,0.03218677015055429,Good
1,0.055,-0.16355243964792607,Good
1,0.056,-0.15025394623395505,Good
1,0.057,-0.1609484036589699,Good
1,0.058,-0.00802446238600177,Good
1,0.059,-0.04378575979302247,Good
1,0.06,-0.05281675862480465,Good
1,0.061,0.00456435122931005,Good
1,0.062,-0.04442424314982321,Good
1,0.063,-0.18239997930951327,Good
1,0.064,0.09966872447807953,Good
1,0.065,0.15864172576089633,Good
1,0.066,-0.18076014350291292,Good
1,0.067,-0.24351434724277157,Good
1,0.068,-0.029310306310850544,Good
1,0.069,-0.08339374933724082,Good
1,0.07,0.014703479930518593,Good
1,0.071,-0.02085263367228337,Good
1,0.072,0.0009589191959438628,Good
1,0.073,-0.049103533672643314,Good
1,0.074,-0.01976133228234342,Good
1,0.075,0.021064285087135527,Good
1,0.076,0.10011718220915103,Good
1,0.077,-0.14703272545594,Good
1,0.078,-0.07663111593992311,Good
1,0.079,-0.2022178856545553,Good
1,0.08,-0.0941744987271863,Good
1,0.081,-0.02884117659562029,Good
1,0.082,0.06526942477814313,Good
1,0.083,0.06967799652065483,Good
1,0.084,-0.050820738270603495,Good
1,0.085,-0.024742352757458636,Good
1,0.086,0.20393918608725858,Good
1,0.087,0.07936726477360889,Good
1,0.088,0.07013588886909021,Good
1,0.089,-0.027328871513008016,Good
1,0.09,-0.019015271258320518,Good
1,0.091,0.1423357698308902,Good
1,0.092,-0.07241415401830174,Good
1,0.093,-0.031085422911558493,Good
1,0.094,0.16699924233689023,Good
1,0.095,0.03318107268701714,Good
1,0.096,-0.05769040007500801,Good
1,0.097,0.11772105564191022,Good
1,0.098,0.036502362924066244,Good
1,0.099,0.12952101493840348,Good
1,0.1,0.07809993061332222,Good
1,0.101,-0.022178792670092026,Good
1,0.102,-0.06872797999548708,Good
1,0.103,0.23501846831856454,Good
1,0.104,-0.05956085961066111,Good
1,0.105,0.05072552650564813,Good
1,0.106,0.03802111869668997,Good
1,0.107,-0.10138956713724337,Good
1,0.108,0.11256320626900136,Good
1,0.109,-0.1550793940526443,Good
1,0.11,0.1509210562725028,Good
1,0.111,-0.09712373146373317,Good
1,0.112,0.011970402204442093,Good
1,0.113,-0.12926573832930452,Good
1,0.114,0.05085661924072374,Good
1,0.115,-0.044648787371353096,Good
1,0.116,-0.07170709473301842,Good
1,0.117,-0.021497492505450366,Good
1,0.118,0.07254431272757295,Good
1,0.119,-0.007761971697796937,Good
1,0.12,-0.11807374000978872,Good
1,0.121,0.06219719697005408,Good
1,0.122,0.07849079551541936,Good
1,0.123,-0.01283968780276007,Good
1,0.124,-0.21728640882124095,Good
1,0.125,0.04499985280340689,Good
1,0.126,-0.034603626801562384,Good
1,0.127,-0.09701240092820972,Good
1,0.128,-0.021263153674448504,Good
1,0.129,0.05068093177802002,Good
1,0.13,-0.037459890402966114,Good
1,0.131,-0.13695586129000814,Good
1,0.132,0.056518594936145125,Good
1,0.133,0.06701244331073762,Good
1,0.134,-0.06305614217177992,Good
1,0.135,0.046843898104976835,Good
1,0.136,-0.16417504671653566,Good
1,0.137,-0.17477106995513222,Good
1,0.138,-0.1109186376117775,Good
1,0.139,-0.0923831950837271,Good
1,0.14,-0.25164287901338944,Good
1,0.141,-0.21003906638855913,Good
1,0.142,-0.10450114937580396,Good
1,0.143,-0.13572553379539126,Good
1,0.144,-0.16429611248315107,Good
1,0.145,-0.1588132783324593,Good
1,0.146,-0.031208669979402803,Good
1,0.147,-0.07196988253080713,Good
1,0.148,-0.2340702655859933,Good
1,0.149,-0.30032694616208205,Good
1,0.15,-0.14518692716691622,Good
1,0.151,-0.2662643043960136,Good
1,0.152,-0.38281447155943976,Good
1,0.153,-0.2615712370113703,Good
1,0.154,-0.35770722682250694,Good
1,0.155,-0.4726819760046777,Good
1,0.156,-0.39207228810901795,Good
1,0.157,-0.39535505048470765,Good
1,0.158,-0.3909639236531307,Good
1,0.159,-0.43806864899939674,Good
1,0.16,-0.49122890503134764,Good
1,0.161,-0.44744722355785604,Good
1,0.162,-0.6095799535496881,Good
1,0.163,-0.5078098644582246,Good
1,0.164,-0.5833088219333471,Good
1,0.165,-0.6823628077854682,Good
1,0.166,-0.7331088604065518,Good
1,0.167,-0.6157556111708822,Good
1,0.168,-0.8211341409365649,Good
1,0.169,-0.9228572679714668,Good
1,0.17,-0.8969751996301208,Good
1,0.171,-1.0680911479692872,Good
1,0.172,-1.0882887650989754,Good
1,0.173,-0.8638045290737423,Good
1,0.174,-1.233515447560145,Good
1,0.175,-1.1203708660699054,Good
1,0.176,-1.1574158691772067,Good
1,0.177,-1.1162682534550155,Good
1,0.178,-1.5591644107566822,Good
1,0.179,-1.4006715101862763,Good
1,0.18,-1.4429782548763843,Good
1,0.181,-1.4687754462673526,Good
1,0.182,-1.4237585998936577,Good
1,0.183,-1.737855432519307,Good
1,0.184,-1.5937325884800368,Good
1,0.185,-1.7297253615275154,Good
1,0.186,-1.8930734424473463,Good
1,0.187,-1.844005185059677,Good
1,0.188,-1.8589389693760685,Good
1,0.189,-2.036036214067519,Good
1,0.19,-2.038345468581066,Good
1,0.191,-1.9562214278787864,Good
1,0.192,-2.0823688056539917,Good
1,0.193,-1.9941558662683114,Good
1,0.194,-2.1457873643674725,Good
1,0.195,-2.2795346709485593,Good
1,0.196,-2.2190057776596053,Good
1,0.197,-2.236686445583005,Good
1,0.198,-2.220843682652996,Good
1,0.199,-2.2783665753387474,Good
1,0.2,-2.4246022367643247,Good
1,0.201,-2.319841932655316,Good
1,0.202,-2.349867842086313,Good
1,0.203,-2.4359610195135923,Good
1,0.204,-2.210631298679686,Good
1,0.205,-2.1860484995730456,Good
1,0.206,-2.234502839326323,Good
1,0.207,-2.1340209045777274,Good
1,0.208,-2.1155016570943057,Good
1,0.209,-1.9141550275258163,Good
1,0.21,-1.941510296150413,Good
1,0.211,-1.7606749809140516,Good
1,0.212,-1.8107297527044142,Good
1,0.213,-1.6661363061294117,Good
1,0.214,-1.6355842267212353,Good
1,0.215,-1.3757609536302537,Good
1,0.216,-1.4312671780500854,Good
1,0.217,-1.2886804462035049,Good
1,0.218,-1.1137836835293742,Good
1,0.219,-1.1455518175979116,Good
1,0.22,-0.9082661780135187,Good
1,0.221,-0.8983916445836547,Good
1,0.222,-0.9397175310223227,Good
1,0.223,-0.6780777499622258,Good
1,0.224,-0.5249450146542861,Good
1,0.225,-0.2920010235272764,Good
1,0.226,-0.14693808294547595,Good
1,0.227,0.01099842041895674,Good
1,0.228,0.09819910296639325,Good
1,0.229,0.13390659309761274,Good
1,0.23,0.32548123952343255,Good
1,0.231,0.3755054612962658,Good
1,0.232,0.67541858269711,Good
1,0.233,0.8483062707236866,Good
1,0.234,0.9164939932655212,Good
1,0.235,0.9886728394766584,Good
1,0.236,1.0200379463383187,Good
1,0.237,1.1240867498291134,Good
1,0.238,1.231754882536308,Good
1,0.239,1.5597176131583779,Good
1,0.24,1.5355305334527631,Good
1,0.241,1.6603921514585605,Good
1,0.242,1.5655421690522655,Good
1,0.243,1.6311429603298193,Good
1,0.244,1.9757298859417713,Good
1,0.245,1.934955535075431,Good
1,0.246,1.999016997882671,Good
1,0.247,1.973820481355949,Good
1,0.248,2.008019658881688,Good
1,0.249,2.0378879643514898,Good
1,0.25,1.8060392257839337,Good
1,0.251,1.914860351270188,Good
1,0.252,2.016204121218724,Good
1,0.253,1.9568592203486528,Good
1,0.254,1.7972981815882412,Good
1,0.255,1.8442877552162815,Good
1,0.256,1.4911935242891348,Good
1,0.257,1.759811427722538,Good
1,0.258,1.649498272158416,Good
1,0.259,1.6948178662895166,Good
1,0.26,1.5744344988023227,Good
1,0.261,1.3028272109222205,Good
1,0.262,1.3412587297764709,Good
1,0.263,1.1485688136785153,Good
1,0.264,1.1496950910055423,Good
1,0.265,0.8314228984146229,Good
1,0.266,0.8997484563187755,Good
1,0.267,0.5777389878676138,Good
1,0.268,0.49879493489614335,Good
1,0.269,0.5617766158022233,Good
1,0.27,0.36335213382170556,Good
1,0.271,-0.08870441251662509,Good
1,0.272,-0.2519241037348401,Good
1,0.273,-0.06599178352142124,Good
1,0.274,-0.39824856491308985,Good
1,0.275,-0.4374065751471362,Good
1,0.276,-0.33937771956641777,Good
1,0.277,-0.7431346168180727,Good
1,0.278,-0.9775504871817451,Good
1,0.279,-1.1265980761746466,Good
1,0.28,-1.272635531237762,Good
1,0.281,-1.2307740942135823,Good
1,0.282,-1.4686307280276052,Good
1,0.283,-1.4569972425030826,Good
1,0.284,-1.5316381121317335,Good
1,0.285,-1.6786408465044298,Good
1,0.286,-1.7962639971547427,Good
1,0.287,-2.0276025402792968,Good
1,0.288,-2.056914029979791,Good
1,0.289,-2.0467248720261826,Good
1,0.29,-2.198897037287689,Good
1,0.291,-2.0470380976104856,Good
1,0.292,-2.1908793454679225,Good
1,0.293,-2.236970474500873,Good
1,0.294,-2.203548351065961,Good
1,0.295,-2.4939553582279888,Good
1,0.296,-2.135800126756857,Good
1,0.297,-2.424069407067178,Good
1,0.298,-2.303858047054687,Good
1,0.299,-2.255590525968046,Good
1,0.3,-2.2415416436469444,Good
1,0.301,-2.4557509974803198,Good
1,0.302,-2.340925551503197,Good
1,0.303,-2.136468330659244,Good
1,0.304,-2.3907022575960997,Good
1,0.305,-2.181098886308611,Good
1,0.306,-2.1907336389504994,Good
1,0.307,-2.0070122593570683,Good
1,0.308,-2.0938830846679406,Good
1,0.309,-2.092033772376963,Good
1,0.31,-1.82925932983779,Good
1,0.311,-1.9168243392336477,Good
1,0.312,-1.9257751378150176,Good
1,0.313,-1.8153416408955052,Good
1,0.314,-1.8499021791124304,Good
1,0.315,-1.724812126986566,Good
1,0.316,-1.6454861281234396,Good
1,0.317,-1.5953969942089294,Good
1,0.318,-1.573378511708572,Good
1,0.319,-1.5054200877706212,Good
1,0.32,-1.4706938245817076,Good
1,0.321,-1.3972713374511523,Good
1,0.322,-1.3358570497533357,Good
1,0.323,-1.2141414281742093,Good
1,0.324,-1.0918184293481272,Good
1,0.325,-1.1681331528447376,Good
1,0.326,-1.0363343354259122,Good
1,0.327,-1.1497557512628949,Good
1,0.328,-0.9540916135016475,Good
1,0.329,-1.0411495660304813,Good
1,0.33,-0.9217404749262071,Good
1,0.331,-0.710580336863139,Good
1,0.332,-0.808005277355909,Good
1,0.333,-0.7513425047377975,Good
1,0.334,-0.7321943584462569,Good
1,0.335,-0.7221388352720212,Good
1,0.336,-0.7299764781588574,Good
1,0.337,-0.696850147563709,Good
1,0.338,-0.7408866737535434,Good
1,0.339,-0.49495929550397594,Good
1,0.34,-0.5279779169857102,Good
1,0.341,-0.38190757788313134,Good
1,0.342,-0.5271842082524587,Good
1,0.343,-0.3155194951660898,Good
1,0.344,-0.4193105630424616,Good
1,0.345,-0.3565569367889784,Good
1,0.346,-0.39848050111137034,Good
1,0.347,-0.14647168741160102,Good
1,0.348,-0.29797361899531527,Good
1,0.349,-0.23131030228470828,Good
1,0.35,-0.16660257790649366,Good
1,0.351,-0.1508771907057221,Good
1,0.352,-0.08796136082568112,Good
1,0.353,-0.21026679153217587,Good
1,0.354,-0.21878255314458378,Good
1,0.355,-0.11855754391496576,Good
1,0.356,0.06099594112847817,Good
1,0.357,-0.1606004819147197,Good
1,0.358,-0.1717111028314401,Good
1,0.359,-0.0720905729589726,Good
1,0.36,0.010577374050290175,Good
1,0.361,-0.20199155447423858,Good
1,0.362,-0.0976026953683932,Good
1,0.363,-0.24215454134641343,Good
1,0.364,0.02874700613753891,Good
1,0.365,-0.20168424567907572,Good
1,0.366,0.08131949592392917,Good
1,0.367,-0.030675928056988672,Good
1,0.368,-0.3501880196422816,Good
1,0.369,0.017266224035195864,Good
1,0.37,0.005197028048792414,Good
1,0.371,-0.04455560603929296,Good
1,0.372,-0.009444462969866875,Good
1,0.373,0.019079965814097013,Good
1,0.374,-0.12809579706889224,Good
1,0.375,-0.03424679047369133,Good
1,0.376,0.1122643008777382,Good
1,0.377,0.1768655915145505,Good
1,0.378,0.09525171557019511,Good
1,0.379,0.1712385130108517,Good
1,0.38,-0.028603161981978542,Good
1,0.381,-0.04351985726889632,Good
1,0.382,-0.07539427994831753,Good
1,0.383,-0.0968500303592581,Good
1,0.384,-0.027862561858053594,Good
1,0.385,0.02976634908667782,Good
1,0.386,0.021246363564646015,Good
1,0.387,0.029015142740561883,Good
1,0.388,0.1700097977284941,Good
1,0.389,0.07708042038230178,Good
1,0.39,0.1126169984021703,Good
1,0.391,-0.04755297560932245,Good
1,0.392,-0.07112784733114975,Good
1,0.393,0.08354500265369204,Good
1,0.394,-0.1337774638272715,Good
1,0.395,-0.028958379424754856,Good
1,0.396,0.025277974750498613,Good
1,0.397,0.06237188650751955,Good
1,0.398,-0.015777540700630224,Good
1,0.399,-0.09985459825839399,Good
1,0.4,-0.03972283249714865,Good
1,0.401,0.09143909466809429,Good
1,0.402,-0.036875153069921646,Good
1,0.403,0.1057984180402878,Good
1,0.404,0.019637334583845686,Good
1,0.405,0.057374171536408315,Good
1,0.406,0.04389571964936598,Good
1,0.407,-0.003941565917762239,Good
1,0.408,-0.07310532687679899,Good
1,0.409,0.04079116550086371,Good
1,0.41,-0.09624959548705425,Good
1,0.411,0.05325486398254314,Good
1,0.412,0.11643554300391352,Good
1,0.413,0.02207384668631999,Good
1,0.414,-0.06763112290695909,Good
1,0.415,-0.062312510123542345,Good
1,0.416,-0.16328720709495093,Good
1,0.417,-0.014330999434920664,Good
1,0.418,-0.04876902968072871,Good
1,0.419,0.17080384145845975,Good
1,0.42,0.010862237439301634,Good
1,0.421,0.044376906262898926,Good
1,0.422,-0.004378104360124548,Good
1,0.423,0.02288282404381051,Good
1,0.424,0.1578337933766032,Good
1,0.425,-0.2558099963058288,Good
1,0.426,-0.020847389671475675,Good
1,0.427,0.027108868677029403,Good
1,0.428,-0.14510765509864296,Good
1,0.429,0.05163303709590758,Good
1,0.43,0.22593321263181232,Good
1,0.431,-0.1845842789677322,Good
1,0.432,-0.07407818323239869,Good
1,0.433,-0.02059920073355219,Good
1,0.434,0.05417551992287306,Good
1,0.435,-0.08199804112949544,Good
1,0.436,-0.11215863336499132,Good
1,0.437,-0.043416149799316246,Good
1,0.438,0.06624168264003887,Good
1,0.439,-0.018167047324042857,Good
1,0.44,-0.10105749844061929,Good
1,0.441,-0.045040681170532254,Good
1,0.442,0.11862626298840402,Good
1,0.443,-0.17239433539742416,Good
1,0.444,0.14489309748391838,Good
1,0.445,-0.07641629584222744,Good
1,0.446,-0.006965055611704657,Good
1,0.447,0.0016776947115389497,Good
1,0.448,-0.036979969241425284,Good
1,0.449,0.08708153560249031,Good
1,0.45,0.1058410286954419,Good
1,0.451,0.11286605984649967,Good
1,0.452,-0.04954548071800273,Good
1,0.453,0.06738384449056616,Good
1,0.454,-0.05676921973516087,Good
1,0.455,-0.13002070509819766,Good
1,0.456,0.006221705766541941,Good
1,0.457,0.11405550890511806,Good
1,0.458,-0.03238863871329439,Good
1,0.459,-0.1137056737844548,Good
1,0.46,0.05279197767414803,Good
1,0.461,0.08838589301047278,Good
1,0.462,0.09921064419284158,Good
1,0.463,0.09802005024473417,Good
1,0.464,0.0694713496437896,Good
1,0.465,-0.005734862082810731,Good
1,0.466,-0.18182309898093074,Good
1,0.467,0.02895096922446331,Good
1,0.468,-0.08962906320812443,Good
1,0.469,0.012390338805528499,Good
1,0.47,0.19947743694641235,Good
1,0.471,0.09532487983222436,Good
1,0.472,-0.08951546504464188,Good
1,0.473,-0.031519534631896697,Good
1,0.474,0.03889250590115645,Good
1,0.475,0.16319206495689703,Good
1,0.476,-0.02029219372404574,Good
1,0.477,0.06406351434010582,Good
1,0.478,0.02031100371304225,Good
1,0.479,-0.07016390423005302,Good
1,0.48,0.10681473446059067,Good
1,0.481,-0.05577287175438548,Good
1,0.482,0.023944652908709688,Good
1,0.483,0.05960693963623819,Good
1,0.484,0.1838608839115789,Good
1,0.485,-0.001439934510812642,Good
1,0.486,-0.09001860839324742,Good
1,0.487,-0.09162867729708524,Good
1,0.488,-0.001319116353015146,Good
1,0.489,0.10046099284983645,Good
1,0.49,-0.10454139058084355,Good
1,0.491,0.15958035318583577,Good
1,0.492,0.06604288318940266,Good
1,0.493,0.25462920191506466,Good
1,0.494,0.06514264565309878,Good
1,0.495,-0.03855541410749847,Good
1,0.496,-0.15608797976585237,Good
1,0.497,0.18568947648048031,Good
1,0.498,-0.009950457458520967,Good
1,0.499,0.003593062888963638,Good
1,0.5,-0.049211109165126006,Good
1,0.501,0.11048844723255054,Good
1,0.502,-0.00948773390822735,Good
1,0.503,0.06033099406448757,Good
1,0.504,-0.07703144925404731,Good
1,0.505,0.09630382917968403,Good
1,0.506,-0.01586011401016624,Good
1,0.507,-0.1251037015974572,Good
1,0.508,-0.14864581132916663,Good
1,0.509,-0.11031724251044034,Good
1,0.51,-0.08042178680226586,Good
1,0.511,0.20303450543097537,Good
1,0.512,-0.009847987897281592,Good
1,0.513,-0.044902362895428344,Good
1,0.514,0.19500078082937466,Good
1,0.515,0.05690707575915991,Good
1,0.516,-0.11982883213143036,Good
1,0.517,-0.033038987987002784,Good
1,0.518,0.04613003860366544,Good
1,0.519,-0.06513906557540844,Good
1,0.52,-0.018357711804190654,Good
1,0.521,-0.05211456926577186,Good
1,0.522,-0.2658330204350168,Good
1,0.523,-0.1741533342333476,Good
1,0.524,-0.11241408745679507,Good
1,0.525,0.054682429339259424,Good
1,0.526,0.16712113268613335,Good
1,0.527,0.08633341391590893,Good
1,0.528,-0.04685262982781593,Good
1,0.529,0.052453415249306495,Good
1,0.53,0.025318659574682312,Good
1,0.531,-0.07598310181072089,Good
1,0.532,0.04492768543402964,Good
1,0.533,-0.008919163452075623,Good
1,0.534,-0.07697403729686891,Good
1,0.535,-0.03438537720620547,Good
1,0.536,0.05567812252682683,Good
1,0.537,-0.1775555811352954,Good
1,0.538,0.27447237673937963,Good
1,0.539,-0.18397230350491,Good
1,0.54,-0.025489039570480765,Good
1,0.541,-0.009780194553146784,Good
1,0.542,0.13658293872819244,Good
1,0.543,-0.004337849622128076,Good
1,0.544,0.11045387240069021,Good
1,0.545,0.1972522879665845,Good
1,0.546,0.17652982906343007,Good
1,0.547,-0.021370555048897538,Good
1,0.548,0.056282099421473136,Good
1,0.549,0.14823225816702448,Good
1,0.55,-0.045221430138917135,Good
1,0.551,-0.024268992629924806,Good
1,0.552,0.055438617090991994,Good
1,0.553,0.03069033280338609,Good
1,0.554,-0.016391034415295196,Good
1,0.555,0.009286247680543923,Good
1,0.556,0.02811511983084053,Good
1,0.557,0.09256484524446447,Good
1,0.558,-0.018271685796264463,Good
1,0.559,-0.14191101136416953,Good
1,0.56,0.05811862019414026,Good
1,0.561,-0.22406667251432144,Good
1,0.562,-0.043514435555682074,Good
1,0.563,0.10419124610702404,Good
1,0.564,-0.05813523490831299,Good
1,0.565,-0.14379072277098892,Good
1,0.566,0.21785601347024808,Good
1,0.567,0.0006299236676804462,Good
1,0.568,-0.0340331220855594,Good
1,0.569,0.028716277792516523,Good
1,0.57,0.011508333094481113,Good
1,0.571,-0.050645268991934625,Good
1,0.572,-0.07621442931279349,Good
1,0.573,-0.0827018718456663,Good
1,0.574,-0.013989907627508472,Good
1,0.575,-0.005873247159873919,Good
1,0.576,0.08394955947437176,Good
1,0.577,-0.01978206194052963,Good
1,0.578,0.07344303803132485,Good
1,0.579,0.16314278610599608,Good
1,0.58,0.08025366983798618,Good
1,0.581,-0.011671418379777497,Good
1,0.582,-0.01198708962624977,Good
1,0.583,0.09385928343994551,Good
1,0.584,-0.13803778389930477,Good
1,0.585,0.08352219518190072,Good
1,0.586,0.05633380784279993,Good
1,0.587,-0.040870318973317395,Good
1,0.588,0.004063114371251819,Good
1,0.589,0.03988598061896053,Good
1,0.59,-0.05267308956947545,Good
1,0.591,-0.05610591909318843,Good
1,0.592,0.16818283028624992,Good
1,0.593,0.012649096479114181,Good
1,0.594,-0.10400958096617914,Good
1,0.595,-0.14012593672679677,Good
1,0.596,0.017189706456272404,Good
1,0.597,0.10503235068051885,Good
1,0.598,0.05979489422958886,Good
1,0.599,0.10877358639983457,Good
1,0.6,-0.08275397155080896,Good
1,0.601,-0.026247380834572922,Good
1,0.602,0.04035183227569994,Good
1,0.603,-0.00029300372289743073,Good
1,0.604,0.031322200594308416,Good
1,0.605,-0.01168240628104858,Good
1,0.606,-0.0943017830654491,Good
1,0.607,0.051712557491335846,Good
1,0.608,-0.0744465641292058,Good
1,0.609,-0.11626133531838917,Good
1,0.61,-0.1423006640509338,Good
1,0.611,0.0798319426648052,Good
1,0.612,-0.09995357943770877,Good
1,0.613,-0.02079822871474475,Good
1,0.614,0.037309996336981545,Good
1,0.615,0.12237985308557409,Good
1,0.616,-0.13616665698198263,Good
1,0.617,0.04283946787239551,Good
1,0.618,0.05809309230551424,Good
1,0.619,-0.07001340670348735,Good
1,0.62,-0.07905309827080036,Good
1,0.621,-0.06415333027194502,Good
1,0.622,-0.06091174863349859,Good
1,0.623,-0.10957549829890832,Good
1,0.624,0.04938429604123662,Good
1,0.625,0.13447975640018836,Good
1,0.626,0.10213857341464867,Good
1,0.627,-0.18353705840886214,Good
1,0.628,0.036142075129933664,Good
1,0.629,-0.04545026227196464,Good
1,0.63,-0.08773314328186986,Good
1,0.631,-0.0008883326775980694,Good
1,0.632,-0.08395105959107452,Good
1,0.633,0.012479617522254039,Good
1,0.634,0.03921013357323019,Good
1,0.635,0.03522130039396764,Good
1,0.636,-0.020668507927617062,Good
1,0.637,-0.14465740312545006,Good
1,0.638,-0.15854294109438313,Good
1,0.639,0.03268146694318151,Good
1,0.64,0.020363559171551762,Good
1,0.641,-0.025383657067260552,Good
1,0.642,0.013807748637047038,Good
1,0.643,0.091594779553241,Good
1,0.644,-0.12826711128749338,Good
1,0.645,0.15003318799621135,Good
1,0.646,-0.059732789145697324,Good
1,0.647,-0.09629055592632121,Good
1,0.648,0.008637003871373053,Good
1,0.649,-0.06674440717811607,Good
1,0.65,-0.2293699518800498,Good
1,0.651,-0.11080527178220922,Good
1,0.652,0.04646701875338016,Good
1,0.653,-0.2581223827782105,Good
1,0.654,0.0501945123065795,Good
1,0.655,-0.024942307864441977,Good
1,0.656,0.051155462757334604,Good
1,0.657,-0.14264158368140262,Good
1,0.658,-0.08442733524585762,Good
1,0.659,-0.11806066359862995,Good
1,0.66,0.014756110926128786,Good
1,0.661,0.029468276416592006,Good
1,0.662,0.06806619849504672,Good
1,0.663,0.007382115732847918,Good
1,0.664,0.1771126153184767,Good
1,0.665,0.10601395203759356,Good
1,0.666,0.0058787752721175725,Good
1,0.667,0.14690506627116404,Good
1,0.668,-0.08088576045599306,Good
1,0.669,-0.15445880517845434,Good
1,0.67,0.10391421871660299,Good
1,0.671,-0.12731574062034484,Good
1,0.672,0.004226304639502347,Good
1,0.673,-0.0033562770751180953,Good
1,0.674,0.04786302968952996,Good
1,0.675,-0.08831132977976398,Good
1,0.676,0.017692872914550215,Good
1,0.677,0.08386148582297935,Good
1,0.678,0.07176641615070438,Good
1,0.679,0.0912615699616302,Good
1,0.68,0.08798101669160881,Good
1,0.681,-0.03816090828321769,Good
1,0.682,0.11760121770982623,Good
1,0.683,-0.08050755683870789,Good
1,0.684,0.11413406817985304,Good
1,0.685,0.033453784946089804,Good
1,0.686,0.05608490672198061,Good
1,0.687,-0.0007288295111682844,Good
1,0.688,0.2446774684390939,Good
1,0.689,-0.1727833062147539,Good
1,0.69,-0.010814671802159167,Good
1,0.691,-0.036625740269247434,Good
1,0.692,0.04321782110283129,Good
1,0.693,0.15342910113071054,Good
1,0.694,0.03190802584268028,Good
1,0.695,0.041994473814447854,Good
1,0.696,0.030183274533287452,Good
1,0.697,0.04964382353364144,Good
1,0.698,-0.03243831542308788,Good
1,0.699,-0.1394950602520196,Good
1,0.7,-0.1825786401286733,Good
1,0.701,0.03366988642563615,Good
1,0.702,0.013200259084941053,Good
1,0.703,0.007953194726957064,Good
1,0.704,-0.11053399203696149,Good
1,0.705,0.07942244745675292,Good
1,0.706,-0.010276541999516062,Good
1,0.707,-0.04859099298481162,Good
1,0.708,-0.021786593430995243,Good
1,0.709,-0.10413403953081442,Good
1,0.71,-0.07814035721007014,Good
1,0.711,-0.13702766789514348,Good
1,0.712,-0.07307656983633999,Good
1,0.713,0.22161445049952222,Good
1,0.714,0.012381174216456091,Good
1,0.715,-0.10309462443638891,Good
1,0.716,-0.11092131163197534,Good
1,0.717,0.02153298589880443,Good
1,0.718,-0.1158208518457537,Good
1,0.719,-0.035109496108559145,Good
1,0.72,0.2497041869022692,Good
1,0.721,-0.052510285544773966,Good
1,0.722,0.010832221240767166,Good
1,0.723,-0.12305194860489177,Good
1,0.724,-0.14474034706087832,Good
1,0.725,0.11085482739771282,Good
1,0.726,-0.05505223855853136,Good
1,0.727,0.07520710453459367,Good
1,0.728,0.15811084414947763,Good
1,0.729,-0.08947129987082386,Good
1,0.73,-0.22325075312507422,Good
1,0.731,0.004986689899020083,Good
1,0.732,0.02581992893393006,Good
1,0.733,-0.27187544899427013,Good
1,0.734,0.0434223554100094,Good
1,0.735,0.17340933720683752,Good
1,0.736,-0.07095101555074629,Good
1,0.737,-0.05376661004245762,Good
1,0.738,0.08485861497905935,Good
1,0.739,-0.0789793435605189,Good
1,0.74,0.12387550024404644,Good
1,0.741,-0.07117365648349942,Good
1,0.742,0.0027055372699909645,Good
1,0.743,-0.017328279038639555,Good
1,0.744,0.11281820687597287,Good
1,0.745,-0.04763427029107037,Good
1,0.746,-0.0987462011908449,Good
1,0.747,-0.006162426733283333,Good
1,0.748,-0.23051713233515148,Good
1,0.749,0.021017612352793803,Good
1,0.75,0.06885064923722171,Good
1,0.751,-0.19287974765174196,Good
1,0.752,-0.18701731198259536,Good
1,0.753,0.028042220944486336,Good
1,0.754,-0.04427499767049911,Good
1,0.755,-0.03678354274273425,Good
1,0.756,0.09212209707471933,Good
1,0.757,0.039618994972170696,Good
1,0.758,-0.13546002506950772,Good
1,0.759,0.0159323528174423,Good
1,0.76,-0.15447132447629686,Good
1,0.761,0.20792545233155782,Good
1,0.762,0.07708860857620625,Good
1,0.763,0.022946569434037636,Good
1,0.764,-0.14065841594621173,Good
1,0.765,0.055186841973674954,Good
1,0.766,-0.038391307073937515,Good
1,0.767,0.030334412407523603,Good
1,0.768,-0.003110484680677471,Good
1,0.769,-0.0574764160307787,Good
1,0.77,-0.054378415765122104,Good
1,0.771,-0.09040613496966589,Good
1,0.772,0.0037671954666833075,Good
1,0.773,-0.28429251136072053,Good
1,0.774,0.09485836370503607,Good
1,0.775,0.02466852423638131,Good
1,0.776,-0.08873522072793533,Good
1,0.777,0.1326347385279096,Good
1,0.778,-0.18278292479804847,Good
1,0.779,-0.04091641793622394,Good
1,0.78,-0.05548779839170658,Good
1,0.781,0.10077711636643727,Good
1,0.782,-0.024346381682095283,Good
1,0.783,-0.15218494354946777,Good
1,0.784,-0.016774212333175904,Good
1,0.785,0.20359728891837264,Good
1,0.786,-0.057451566758631924,Good
1,0.787,0.030657087105809257,Good
1,0.788,-0.15643035920457182,Good
1,0.789,0.08207943344894852,Good
1,0.79,0.036388754850793896,Good
1,0.791,0.09854026447735577,Good
1,0.792,0.06331758595515613,Good
1,0.793,0.03173499261824499,Good
1,0.794,-0.12294836673421333,Good
1,0.795,-0.03789966567567821,Good
1,0.796,-0.13282224129684578,Good
1,0.797,-0.08247513829477696,Good
1,0.798,-0.008998232525037956,Good
1,0.799,0.03890254442629335,Good
1,0.8,0.15844440298204446,Good
1,0.801,-0.09242042084629518,Good
1,0.802,-0.1540549679448865,Good
1,0.803,0.17632430792476259,Good
1,0.804,-0.05982827548220925,Good
1,0.805,0.04445847379573948,Good
1,0.806,-0.14861251974708545,Good
1,0.807,0.10930249985913379,Good
1,0.808,0.16467305785504807,Good
1,0.809,-0.039279312579100174,Good
1,0.81,-0.011722121119076567,Good
1,0.811,-0.0214740126744751,Good
1,0.812,0.07408655901340179,Good
1,0.813,-0.11735050552924653,Good
1,0.814,-0.0010673145533198667,Good
1,0.815,-0.026880284792143796,Good
1,0.816,0.035526158617448,Good
1,0.817,0.072657514682019,Good
1,0.818,-0.077329445528043,Good
1,0.819,-0.058139653185110746,Good
1,0.82,-0.09226076052679726,Good
1,0.821,0.2674142766436602,Good
1,0.822,-0.022557401796082743,Good
1,0.823,0.049634759510739396,Good
1,0.824,-0.09896892381911516,Good
1,0.825,0.06296000882435596,Good
1,0.826,0.05464505637508202,Good
1,0.827,-0.08183289286731975,Good
1,0.828,0.06672955308520732,Good
1,0.829,0.06626853877558023,Good
1,0.83,0.3026631218914968,Good
1,0.831,0.051960006116795125,Good
1,0.832,-0.17990770110222484,Good
1,0.833,-0.19469591281169588,Good
1,0.834,0.1373586660836811,Good
1,0.835,-0.02503581570307852,Good
1,0.836,-0.07802862587666472,Good
1,0.837,-0.09093152625737187,Good
1,0.838,0.04262253597638117,Good
1,0.839,-0.06555819804508735,Good
1,0.84,0.16257848783342696,Good
1,0.841,-0.05405194777640823,Good
1,0.842,0.04547218250729399,Good
1,0.843,0.10967926527781922,Good
1,0.844,0.0625073076404709,Good
1,0.845,-0.04117849564187099,Good
1,0.846,0.2050722376109922,Good
1,0.847,0.15412333813248974,Good
1,0.848,0.07712205099946423,Good
1,0.849,0.1204601885974171,Good
1,0.85,0.2708807246659363,Good
1,0.851,-0.06708442479850393,Good
1,0.852,-0.04195907563507322,Good
1,0.853,0.0023790962105924816,Good
1,0.854,0.0982001809156514,Good
1,0.855,0.045860902039328535,Good
1,0.856,-0.10421309096661438,Good
1,0.857,-0.03201488306987439,Good
1,0.858,-0.10577384361761313,Good
1,0.859,0.06534942424913891,Good
1,0.86,-0.017420669843976038,Good
1,0.861,0.050546176418823474,Good
1,0.862,-0.007330352114088225,Good
1,0.863,-0.03070934635415086,Good
1,0.864,0.0015050162529978127,Good
1,0.865,-0.052921889782909765,Good
1,0.866,-0.034000702992140995,Good
1,0.867,0.016318443521152238,Good
1,0.868,0.11145087078094357,Good
1,0.869,-0.0039148049989207795,Good
1,0.87,0.02702520906567232,Good
1,0.871,0.025707710871860717,Good
1,0.872,0.029046505808895614,Good
1,0.873,-0.06992063252132995,Good
1,0.874,-0.07376482573428238,Good
1,0.875,-0.08490511317964068,Good
1,0.876,-0.09441679627749916,Good
1,0.877,-0.0018258258152913293,Good
1,0.878,-0.028372037645643985,Good
1,0.879,-0.09985969836604293,Good
1,0.88,-0.16813149281028406,Good
1,0.881,0.04760941748905035,Good
1,0.882,-0.06321237804976011,Good
1,0.883,0.007047357112298889,Good
1,0.884,0.05521808251286932,Good
1,0.885,-0.1627009594341068,Good
1,0.886,0.08925518062611737,Good
1,0.887,0.044352121175205664,Good
1,0.888,-0.01970412063497784,Good
1,0.889,-0.010718371102442496,Good
1,0.89,0.1278236559342622,Good
1,0.891,-0.07448055508977942,Good
1,0.892,-0.10385680422363018,Good
1,0.893,-0.0967292841342236,Good
1,0.894,0.031470743558333535,Good
1,0.895,0.25644757200258445,Good
1,0.896,-0.06278323954825964,Good
1,0.897,-0.18236212265944535,Good
1,0.898,0.09750997159441087,Good
1,0.899,-0.17173318095644655,Good
1,0.9,0.04288794422125705,Good
1,0.901,0.11199459663853861,Good
1,0.902,0.09815648183103452,Good
1,0.903,-0.027208614304645103,Good
1,0.904,0.1587724666058882,Good
1,0.905,-0.004541610908046481,Good
1,0.906,0.031618222296064626,Good
1,0.907,-0.03494915584975302,Good
1,0.908,-0.07974167358790894,Good
1,0.909,0.11382227331255262,Good
1,0.91,0.13501995024685273,Good
1,0.911,-0.11144899839971133,Good
1,0.912,-0.2304255468132302,Good
1,0.913,-0.001095157667737427,Good
1,0.914,-0.06915725236760005,Good
1,0.915,0.18662617744968196,Good
1,0.916,-0.03940069127735269,Good
1,0.917,0.07911937917586871,Good
1,0.918,-0.11297246289741153,Good
1,0.919,-0.018437226192994077,Good
1,0.92,-0.017039892412380346,Good
1,0.921,0.13030760668667965,Good
1,0.922,0.1539568114932875,Good
1,0.923,-0.057884117708686636,Good
1,0.924,-0.19677698812987932,Good
1,0.925,0.104503660928932,Good
1,0.926,0.03338917034238287,Good
1,0.927,0.09656192496098964,Good
1,0.928,-0.0036430122428225604,Good
1,0.929,0.11778075748006472,Good
1,0.93,-0.07413269700218894,Good
1,0.931,-0.07381802239952048,Good
1,0.932,0.03267332505995444,Good
1,0.933,0.04550820338400883,Good
1,0.934,0.1605864468921138,Good
1,0.935,-0.05847574936821284,Good
1,0.936,0.035545282584963075,Good
1,0.937,0.08261017482771435,Good
1,0.938,-0.054754725068093105,Good
1,0.939,-0.027078087830122083,Good
1,0.94,0.03656627466675083,Good
1,0.941,-0.08987329781579811,Good
1,0.942,0.02664423928865849,Good
1,0.943,0.1139324011120311,Good
1,0.944,-0.1162451985328734,Good
1,0.945,-0.09577161969832508,Good
1,0.946,0.01120167052751446,Good
1,0.947,0.12375066731683032,Good
1,0.948,0.1255055170093409,Good
1,0.949,-0.11878520262316782,Good
1,0.95,-0.042565145789615635,Good
1,0.951,0.006589760089520525,Good
1,0.952,-0.09288181843291712,Good
1,0.953,-0.14780767737312353,Good
1,0.954,0.013179657492474548,Good
1,0.955,-0.2880754042564064,Good
1,0.956,-0.09653171932135253,Good
1,0.957,-0.0512419645937787,Good
1,0.958,-0.15443678585182116,Good
1,0.959,-0.11455387876095542,Good
1,0.96,0.0733489090493657,Good
1,0.961,0.14249828364013714,Good
1,0.962,-0.058299795202004984,Good
1,0.963,-0.00034118019963417514,Good
1,0.964,-0.09914857144729089,Good
1,0.965,0.038098703694913,Good
1,0.966,-0.008652674289734995,Good
1,0.967,0.13305219125362625,Good
1,0.968,-0.131720504128427,Good
1,0.969,0.019796699471432214,Good
1,0.97,0.1283547502185799,Good
1,0.971,-0.1476052801698736,Good
1,0.972,-0.12954516565421495,Good
1,0.973,0.023810464884772356,Good
1,0.974,0.10959094733052943,Good
1,0.975,0.01618334377198055,Good
1,0.976,0.013489472277289647,Good
1,0.977,0.18257316161496825,Good
1,0.978,-0.06386490801910553,Good
1,0.979,-0.08411662952470607,Good
1,0.98,-0.10872397935225808,Good
1,0.981,-0.18019195822710374,Good
1,0.982,-0.11322582083181887,Good
1,0.983,0.1082118252463598,Good
1,0.984,0.02097079363992918,Good
1,0.985,-0.09688367292588786,Good
1,0.986,-0.13358518865902824,Good
1,0.987,-0.07663146523644007,Good
1,0.988,-0.009079221702411709,Good
1,0.989,0.06278038821207328,Good
1,0.99,0.12556951341209943,Good
1,0.991,-0.2528498700174067,Good
1,0.992,0.053761321611726975,Good
1,0.993,-0.0034007207735797214,Good
1,0.994,-0.12487950311769534,Good
1,0.995,0.22736849830152087,Good
1,0.996,0.1480679605403252,Good
1,0.997,0.0034160443548972293,Good
1,0.998,0.0872155039302447,Good
1,0.999,0.1261175905875475,Good
2,0.0,0.030740346239025735,Good
2,0.001,0.011591003082579439,Good
2,0.002,0.0531199003360895,Good
2,0.003,-0.1267877537540183,Good
2,0.004,-0.03534236968014868,Good
2,0.005,0.023782721470666145,Good
2,0.006,0.04877319967188845,Good
2,0.007,-0.0678575956968995,Good
2,0.008,-0.034703805843235534,Good
2,0.009,-0.037619846752731105,Good
2,0.01,-0.04895301962916092,Good
2,0.011,0.1718175958132832,Good
2,0.012,0.18571320121353335,Good
2,0.013,0.052514654358205806,Good
2,0.014,0.0031013310940848525,Good
2,0.015,0.17099721278156907,Good
2,0.016,0.07410015102411333,Good
2,0.017,0.06668862026161453,Good
2,0.018,-0.11697575234832276,Good
2,0.019,-0.09270607533136849,Good
2,0.02,-0.005771177047645818,Good
2,0.021,-0.058762045377464614,Good
2,0.022,-0.08644589356280286,Good
2,0.023,0.014921143483551343,Good
2,0.024,0.008650040424535694,Good
2,0.025,0.04467077269241971,Good
2,0.026,-0.06720895527153851,Good
2,0.027,0.04208584712783717,Good
2,0.028,0.09757349569373792,Good
2,0.029,-0.04969442166887836,Good
2,0.03,0.009819365714346407,Good
2,0.031,-0.172510819116535,Good
2,0.032,0.03520679837362102,Good
2,0.033,-0.19862771942040125,Good
2,0.034,-0.12520021398703057,Good
2,0.035,-0.037975963778341844,Good
2,0.036,0.013294900532693693,Good
2,0.037,0.004598371137064179,Good
2,0.038,0.011522108154825732,Good
2,0.039,0.056866669381035385,Good
2,0.04,-0.00865416337821303,Good
2,0.041,0.02474407289916633,Good
2,0.042,0.06731904944777416,Good
2,0.043,0.0281775498616003,Good
2,0.044,0.10137939878272895,Good
2,0.045,0.00899953855664472,Good
2,0.046,-0.09326448286182387,Good
2,0.047,-0.11769143753821139,Good
2,0.048,0.0908440997066627,Good
2,0.049,0.02225817820327374,Good
2,0.05,-0.06655637279619774,Good
2,0.051,-0.08924882571922882,Good
2,0.052,-0.18773323533182854,Good
2,0.053,0.06645297311278249,Good
2,0.054,-0.18452333602038773,Good
2,0.055,0.05821771061947909,Good
2,0.056,0.09918949009235022,Good
2,0.057,-0.10309944732843329,Good
2,0.058,0.0669060055011498,Good
2,0.059,-0.02008370658490901,Good
2,0.06,0.02410330625993813,Good
2,0.061,-0.01735609172559784,Good
2,0.062,0.17882429517718634,Good
2,0.063,0.16389661728009786,Good
2,0.064,0.07997977595994034,Good
2,0.065,0.09478169692329569,Good
2,0.066,0.11730141127278443,Good
2,0.067,0.04384848945338508,Good
2,0.068,0.17145631404228306,Good
2,0.069,-0.10924381750627395,Good
2,0.07,-0.11290971972393538,Good
2,0.071,0.013172173942336517,Good
2,0.072,-0.18978992414798002,Good
2,0.073,0.07841735385016767,Good
2,0.074,-0.0761449466434179,Good
2,0.075,-0.09109085342669032,Good
2,0.076,-0.2227550215630958,Good
2,0.077,0.035680806288051134,Good
2,0.078,-0.1592671915083087,Good
2,0.079,0.0234115417829885,Good
2,0.08,0.22170623668524217,Good
2,0.081,0.0015118938752317233,Good
2,0.082,0.007943540316776103,Good
2,0.083,-0.07766641103811099,Good
2,0.084,-0.00638232508510438,Good
2,0.085,-0.016234929963555633,Good
2,0.086,-0.0008534725418010727,Good
2,0.087,0.12028512170993527,Good
2,0.088,0.11604995066176159,Good
2,0.089,-0.178160063094317,Good
2,0.09,0.1107623160891643,Good
2,0.091,0.1080154650018943,Good
2,0.092,0.049980511698842295,Good
2,0.093,-0.014196702207300599,Good
2,0.094,0.038895734598596944,Good
2,0.095,0.19057970318293144,Good
2,0.096,-0.19915211761128282,Good
2,0.097,0.061986397941059736,Good
2,0.098,-0.08572810041674592,Good
2,0.099,0.32171639064342755,Good
2,0.1,-0.007334866817034956,Good
2,0.101,0.064615795981426,Good
2,0.102,-0.10874410283998044,Good
2,0.103,0.12066185782060604,Good
2,0.104,0.1999372585065589,Good
2,0.105,-0.04324167164033451,Good
2,0.106,0.032255047617921424,Good
2,0.107,0.009801199304203359,Good
2,0.108,-0.06957535116200124,Good
2,0.109,0.1319639951349207,Good
2,0.11,-0.14228333735234752,Good
2,0.111,0.20037123315515581,Good
2,0.112,-0.07602954770837338,Good
2,0.113,-0.06693356209588873,Good
2,0.114,-0.06485671473765807,Good
2,0.115,0.24108399479548837,Good
2,0.116,0.20687778722492345,Good
2,0.117,-0.08041619854219792,Good
2,0.118,0.12213220824361591,Good
2,0.119,0.001571688205057805,Good
2,0.12,-0.11786233893095971,Good
2,0.121,-0.044524601197315807,Good
2,0.122,-0.0770314798845469,Good
2,0.123,-0.07170768604192922,Good
2,0.124,-0.03828719459574066,Good
2,0.125,0.05396340584664076,Good
2,0.126,-0.12512626925740766,Good
2,0.127,-0.03643989709086588,Good
2,0.128,0.011720030188337508,Good
2,0.129,0.04009665183762211,Good
2,0.13,-0.0707870498236588,Good
2,0.131,0.026283864586832066,Good
2,0.132,0.020665840372843497,Good
2,0.133,0.0677250688570444,Good
2,0.134,0.012140055798175599,Good
2,0.135,-0.0001717848292447019,Good
2,0.136,-0.030366575492542215,Good
2,0.137,-0.07974933778437318,Good
2,0.138,-0.11024725182183287,Good
2,0.139,-0.16491343603628467,Good
2,0.14,-0.048950965202418775,Good
2,0.141,-0.07712296786093646,Good
2,0.142,-0.1545201799699458,Good
2,0.143,-0.05706511310808046,Good
2,0.144,-0.3728709400239629,Good
2,0.145,-0.030767791860995528,Good
2,0.146,-0.2642521688675472,Good
2,0.147,-0.12135130571529051,Good
2,0.148,-0.15999476717070546,Good
2,0.149,-0.19227199866310407,Good
2,0.15,-0.32168180424066706,Good
2,0.151,-0.3569373552237827,Good
2,0.152,-0.11947183298349401,Good
2,0.153,-0.36745095399211547,Good
2,0.154,-0.281520387983771,Good
2,0.155,-0.25820211734685494,Good
2,0.156,-0.4442881539974,Good
2,0.157,-0.32758722232911175,Good
2,0.158,-0.24107706841292387,Good
2,0.159,-0.449179776351326,Good
2,0.16,-0.4664974408318508,Good
2,0.161,-0.3786714903666686,Good
2,0.162,-0.6520231982885009,Good
2,0.163,-0.6550428630579807,Good
2,0.164,-0.6840734494957437,Good
2,0.165,-0.6929114780685838,Good
2,0.166,-0.7294297699900042,Good
2,0.167,-0.7151852989672638,Good
2,0.168,-0.9809511256680149,Good
2,0.169,-0.9333935023103995,Good
2,0.17,-1.1553630020364978,Good
2,0.171,-1.169946520778108,Good
2,0.172,-0.8548501142684013,Good
2,0.173,-0.9122500794380901,Good
2,0.174,-1.2440072240658424,Good
2,0.175,-1.3148902348740907,Good
2,0.176,-1.6052568502549407,Good
2,0.177,-1.3371684371040133,Good
2,0.178,-1.5460763725876718,Good
2,0.179,-1.4382989766208871,Good
2,0.18,-1.594706832277947,Good
2,0.181,-1.401140237997608,Good
2,0.182,-1.5796193614981615,Good
2,0.183,-1.581128971296819,Good
2,0.184,-1.9080631472717993,Good
2,0.185,-1.7953947704207582,Good
2,0.186,-1.7563533531790458,Good
2,0.187,-1.971421770551142,Good
2,0.188,-1.8500470448117103,Good
2,0.189,-1.9830267193108624,Good
2,0.19,-1.9170392550478483,Good
2,0.191,-2.1610158031448887,Good
2,0.192,-2.228478519737224,Good
2,0.193,-1.8535979289970654,Good
2,0.194,-2.1368018022970214,Good
2,0.195,-2.0683102888709,Good
2,0.196,-2.355895873618376,Good
2,0.197,-2.059169013480213,Good
2,0.198,-2.2698371232609293,Good
2,0.199,-2.2430126739666005,Good
2,0.2,-2.371141754707683,Good
2,0.201,-2.2491062391724217,Good
2,0.202,-2.1597736879867098,Good
2,0.203,-2.3190932191650666,Good
2,0.204,-2.260382731480804,Good
2,0.205,-2.268897449782126,Good
2,0.206,-2.1632571424168123,Good
2,0.207,-1.9898205670967755,Good
2,0.208,-2.417137751387598,Good
2,0.209,-2.0687488001841503,Good
2,0.21,-2.0323859045496295,Good
2,0.211,-1.884916879471417,Good
2,0.212,-1.746032706127119,Good
2,0.213,-1.62357143391242,Good
2,0.214,-1.8657524248100321,Good
2,0.215,-1.6647298645043553,Good
2,0.216,-1.4585505917311528,Good
2,0.217,-1.327137054271525,Good
2,0.218,-1.237332240900507,Good
2,0.219,-0.9992095455554706,Good
2,0.22,-0.8833456198619725,Good
2,0.221,-0.9889881313869707,Good
2,0.222,-0.6984277739995085,Good
2,0.223,-0.5599840241911441,Good
2,0.224,-0.677284860970103,Good
2,0.225,-0.29703248756551465,Good
2,0.226,-0.25425540823390735,Good
2,0.227,-0.31386134003254634,Good
2,0.228,0.064598464850351,Good
2,0.229,0.353197409386782,Good
2,0.23,0.2377913689089654,Good
2,0.231,0.44802369458783287,Good
2,0.232,0.4441790408475168,Good
2,0.233,0.716955555492909,Good
2,0.234,0.758483671497437,Good
2,0.235,0.9534661310388867,Good
2,0.236,1.152116250936557,Good
2,0.237,1.3570604284997003,Good
2,0.238,1.41784864880796,Good
2,0.239,1.58200376424671,Good
2,0.24,1.5214593178492697,Good
2,0.241,1.8596309361131842,Good
2,0.242,1.6880284657599813,Good
2,0.243,1.8738424112710232,Good
2,0.244,2.0006183129932347,Good
2,0.245,1.8873879210515119,Good
2,0.246,1.9843389836535916,Good
2,0.247,2.0548451259525464,Good
2,0.248,2.063947839726393,Good
2,0.249,1.8935312300241736,Good
2,0.25,2.194414107192313,Good
2,0.251,1.9820966969582472,Good
2,0.252,1.9321888779132494,Good
2,0.253,1.86354234215816,Good
2,0.254,1.8376649073040379,Good
2,0.255,1.9320514020818007,Good
2,0.256,1.8830368656319028,Good
2,0.257,1.7287289072749366,Good
2,0.258,1.5337504336527403,Good
2,0.259,1.7028576722813642,Good
2,0.26,1.434386999328387,Good
2,0.261,1.237777212407493,Good
2,0.262,1.3010137407396851,Good
2,0.263,1.2419401786727582,Good
2,0.264,1.1025312004351497,Good
2,0.265,0.9971096792373324,Good
2,0.266,0.8500080934235397,Good
2,0.267,0.6056945425541529,Good
2,0.268,0.6346318603272476,Good
2,0.269,0.2021304218029352,Good
2,0.27,0.38577097255246173,Good
2,0.271,0.0820329837580564,Good
2,0.272,-0.037168960467643154,Good
2,0.273,-0.18313245866987515,Good
2,0.274,-0.36067278112475454,Good
2,0.275,-0.5462673652739471,Good
2,0.276,-0.5622185028136167,Good
2,0.277,-0.8730890304010825,Good
2,0.278,-0.7905973789760663,Good
2,0.279,-1.142662934428244,Good
2,0.28,-1.1199443779371563,Good
2,0.281,-1.1876096767848616,Good
2,0.282,-1.3548893773502098,Good
2,0.283,-1.3849812449029364,Good
2,0.284,-1.421118098930237,Good
2,0.285,-1.8450713805268633,Good
2,0.286,-1.7524833261000858,Good
2,0.287,-1.825474116547526,Good
2,0.288,-1.9327018354604957,Good
2,0.289,-2.0048537214423527,Good
2,0.29,-2.2120209692475723,Good
2,0.291,-2.112773816810473,Good
2,0.292,-2.25501224640144,Good
2,0.293,-2.110681969144757,Good
2,0.294,-2.1848003184289695,Good
2,0.295,-2.2806775591527626,Good
2,0.296,-2.2551281572712663,Good
2,0.297,-2.2631976903118187,Good
2,0.298,-2.3074607000976006,Good
2,0.299,-2.462636344175666,Good
2,0.3,-2.332970083253775,Good
2,0.301,-2.2681068709145675,Good
2,0.302,-2.1161137733395905,Good
2,0.303,-2.350382713254191,Good
2,0.304,-2.4842972300389805,Good
2,0.305,-2.017776415685314,Good
2,0.306,-2.1877906991308107,Good
2,0.307,-2.0827302881570025,Good
2,0.308,-2.0184732092214914,Good
2,0.309,-2.0986790270853954,Good
2,0.31,-1.9462721910507395,Good
2,0.311,-2.088265618288569,Good
2,0.312,-1.9378056498481033,Good
2,0.313,-1.9795114211732738,Good
2,0.314,-1.8549815797019782,Good
2,0.315,-1.7698551476658533,Good
2,0.316,-1.77452211386561,Good
2,0.317,-1.647534441583317,Good
2,0.318,-1.500018689204702,Good
2,0.319,-1.6144031234478138,Good
2,0.32,-1.4123977718317795,Good
2,0.321,-1.470605196493295,Good
2,0.322,-1.2297531346031152,Good
2,0.323,-1.1719712632054937,Good
2,0.324,-1.310669508067398,Good
2,0.325,-1.166612762098711,Good
2,0.326,-1.0119196515122733,Good
2,0.327,-1.1397392513373863,Good
2,0.328,-1.0528454302174433,Good
2,0.329,-1.0066026105455768,Good
2,0.33,-0.9043988101529636,Good
2,0.331,-0.8310518020235713,Good
2,0.332,-0.7588986369786085,Good
2,0.333,-0.626579497784829,Good
2,0.334,-0.6946661201007205,Good
2,0.335,-0.5929899710231942,Good
2,0.336,-0.5581435929557066,Good
2,0.337,-0.7026234388112967,Good
2,0.338,-0.5383688515595589,Good
2,0.339,-0.6611127771142917,Good
2,0.34,-0.5192989442091832,Good
2,0.341,-0.53391158907654,Good
2,0.342,-0.33622184452252074,Good
2,0.343,-0.3035855017102701,Good
2,0.344,-0.4437079531196002,Good
2,0.345,-0.3911314446378042,Good
2,0.346,-0.2884864034578239,Good
2,0.347,-0.24552068040367592,Good
2,0.348,-0.27830662876136314,Good
2,0.349,-0.18664625347334618,Good
2,0.35,-0.1685757208925378,Good
2,0.351,-0.21037102558060145,Good
2,0.352,-0.007104291213012454,Good
2,0.353,-0.06283956888929344,Good
2,0.354,-0.06117459253205006,Good
2,0.355,0.060438730032987636,Good
2,0.356,-0.22814987728088532,Good
2,0.357,-0.14979982703592115,Good
2,0.358,-0.02798657720300189,Good
2,0.359,-0.13649448131008451,Good
2,0.36,-0.08617128826653773,Good
2,0.361,-0.1632087758591452,Good
2,0.362,-0.11962969893829095,Good
2,0.363,-0.01572750880283516,Good
2,0.364,-0.12316389899279728,Good
2,0.365,-0.005202696080388668,Good
2,0.366,-0.006529089541327332,Good
2,0.367,0.08694572724931218,Good
2,0.368,0.020814969998023805,Good
2,0.369,0.0423172145257175,Good
2,0.37,0.0686380462087148,Good
2,0.371,0.04901760938319038,Good
2,0.372,-0.04127890376257838,Good
2,0.373,-0.0773993742503387,Good
2,0.374,0.040065430554518444,Good
2,0.375,0.07046661332028002,Good
2,0.376,-0.23403013924235438,Good
2,0.377,-0.04442782564942063,Good
2,0.378,-0.07737179553305415,Good
2,0.379,-0.03019090872462032,Good
2,0.38,0.10509716216694683,Good
2,0.381,-0.03975138260769205,Good
2,0.382,0.11330065950597526,Good
2,0.383,-0.0328818810223948,Good
2,0.384,0.04623775926203685,Good
2,0.385,0.07773323143593375,Good
2,0.386,-0.10542819403181376,Good
2,0.387,0.07735749339375561,Good
2,0.388,-0.27018513717088216,Good
2,0.389,-0.01291442245365033,Good
2,0.39,-0.08419585571645177,Good
2,0.391,0.14069990294890755,Good
2,0.392,0.044236589142838456,Good
2,0.393,0.09136800713473532,Good
2,0.394,-0.0004292617730395047,Good
2,0.395,0.04397939995891704,Good
2,0.396,-0.011139436932628366,Good
2,0.397,0.06264032374696181,Good
2,0.398,-0.0005506263142076859,Good
2,0.399,0.02434898509136781,Good
2,0.4,0.07950232248925777,Good
2,0.401,-0.0265135279603828,Good
2,0.402,0.0986683853333239,Good
2,0.403,-0.2756804980209579,Good
2,0.404,-0.05214304355913516,Good
2,0.405,0.043420102217974425,Good
2,0.406,0.11246012559809118,Good
2,0.407,0.14217810808632023,Good
2,0.408,-0.09032459157297142,Good
2,0.409,-0.09918854341752137,Good
2,0.41,0.023633139405423654,Good
2,0.411,0.05655998313474284,Good
2,0.412,0.03897367180162147,Good
2,0.413,-0.0986415635150456,Good
2,0.414,0.11626189600819131,Good
2,0.415,0.1045741722873421,Good
2,0.416,-0.037991400228382134,Good
2,0.417,0.21765506134942872,Good
2,0.418,-0.07728443172989134,Good
2,0.419,-0.05586710428634108,Good
2,0.42,0.04759069919341788,Good
2,0.421,0.19593430702104084,Good
2,0.422,-0.17792239940375895,Good
2,0.423,-0.03576766366300297,Good
2,0.424,-0.069478471255825,Good
2,0.425,-0.020010271953018882,Good
2,0.426,0.0998824457600146,Good
2,0.427,0.20987122150360038,Good
2,0.428,-0.03015209778179355,Good
2,0.429,-0.07312754473776677,Good
2,0.43,-0.013675199344656976,Good
2,0.431,0.0505267986899872,Good
2,0.432,-0.14045662432672776,Good
2,0.433,-0.06426455581493389,Good
2,0.434,-0.08219932476734075,Good
2,0.435,0.007803996551833555,Good
2,0.436,-0.013604844701940656,Good
2,0.437,0.02078472615878614,Good
2,0.438,0.15389775059750327,Good
2,0.439,0.1004954908388108,Good
2,0.44,0.07495039918907057,Good
2,0.441,-0.023322622005149243,Good
2,0.442,-0.008924176859298387,Good
2,0.443,-0.09318833352799027,Good
2,0.444,0.0907498292028314,Good
2,0.445,0.09809319958398388,Good
2,0.446,-0.04548037807531011,Good
2,0.447,-0.07097166862323556,Good
2,0.448,-0.014277722010826591,Good
2,0.449,0.0108015801908568,Good
2,0.45,0.09351699295549842,Good
2,0.451,0.07572174197545592,Good
2,0.452,-0.1613400552800427,Good
2,0.453,0.07377338030959345,Good
2,0.454,0.014403279067636566,Good
2,0.455,-0.0903003719471091,Good
2,0.456,-0.017678767949014462,Good
2,0.457,0.12012781334549785,Good
2,0.458,-0.0826032063197943,Good
2,0.459,-0.09842933544265481,Good
2,0.46,-0.02276456909758289,Good
2,0.461,-0.12280721016223471,Good
2,0.462,-0.3001711329373299,Good
2,0.463,-0.05229995301592219,Good
2,0.464,-0.12256000375963334,Good
2,0.465,-0.054678335951322654,Good
2,0.466,-0.0026573794394362422,Good
2,0.467,-0.08551143531522148,Good
2,0.468,0.001569115540559989,Good
2,0.469,-0.1203518423961678,Good
2,0.47,-0.14432223320052898,Good
2,0.471,-0.07622423826861369,Good
2,0.472,-0.09008553848016038,Good
2,0.473,0.001015390500002073,Good
2,0.474,-0.04167446666473373,Good
2,0.475,-0.03082129276279021,Good
2,0.476,-0.018492998714738678,Good
2,0.477,-0.12877245459529416,Good
2,0.478,0.21908256798379544,Good
2,0.479,-0.046554892192106914,Good
2,0.48,-0.06040136441552399,Good
2,0.481,0.0036074797114577966,Good
2,0.482,-0.12892769567381962,Good
2,0.483,-0.10740624204489072,Good
2,0.484,0.010053855794361778,Good
2,0.485,0.09650452560550177,Good
2,0.486,0.2083378431574038,Good
2,0.487,0.002749369526859469,Good
2,0.488,-0.022323293780826238,Good
2,0.489,-0.13079849332198448,Good
2,0.49,-0.04359136780088984,Good
2,0.491,0.1238326727468766,Good
2,0.492,0.06351080448498447,Good
2,0.493,-0.1122324045534086,Good
2,0.494,-0.15390804603470432,Good
2,0.495,-0.08511005451785561,Good
2,0.496,-0.05320926498333826,Good
2,0.497,0.021873599047492812,Good
2,0.498,-0.09422756399205191,Good
2,0.499,0.0795119939171762,Good
2,0.5,-0.07962251090410614,Good
2,0.501,0.07427704948585583,Good
2,0.502,-0.051487404215808955,Good
2,0.503,-0.05170231293831695,Good
2,0.504,-0.08898633469399334,Good
2,0.505,0.2557032246363348,Good
2,0.506,-0.11500601762580727,Good
2,0.507,-0.021199755354417243,Good
2,0.508,0.12185316199360459,Good
2,0.509,-0.12157075353014489,Good
2,0.51,-0.014940825929236025,Good
2,0.511,-0.17989284254476232,Good
2,0.512,-0.10632925278553107,Good
2,0.513,0.0962190115794952,Good
2,0.514,0.16917282224513375,Good
2,0.515,0.04362946988698349,Good
2,0.516,0.1918011619416323,Good
2,0.517,0.011442794231376728,Good
2,0.518,0.000331777040085889,Good
2,0.519,-0.003123345732423833,Good
2,0.52,-0.013147005876997167,Good
2,0.521,0.050266579234354236,Good
2,0.522,0.009804756485068294,Good
2,0.523,0.011869796379933146,Good
2,0.524,0.041110129106363726,Good
2,0.525,0.024325964561189708,Good
2,0.526,0.10809358010733061,Good
2,0.527,-0.06208925994431966,Good
2,0.528,-0.0741389210344972,Good
2,0.529,-0.11793880378129468,Good
2,0.53,-0.008473170878177885,Good
2,0.531,0.044162161277308355,Good
2,0.532,0.06493939585275894,Good
2,0.533,-0.07057643076436997,Good
2,0.534,-0.06612185730407023,Good
2,0.535,0.044922435320313384,Good
2,0.536,0.004786259954296039,Good
2,0.537,-0.10525006279108912,Good
2,0.538,0.01537591432283478,Good
2,0.539,-0.23157090311950224,Good
2,0.54,-0.06171871579765015,Good
2,0.541,-0.02943865064085746,Good
2,0.542,-0.046532005985685854,Good
2,0.543,-0.07065708529277047,Good
2,0.544,0.05979128764994212,Good
2,0.545,-0.02176449054685735,Good
2,0.546,0.00021918301387318192,Good
2,0.547,-0.026498402589193417,Good
2,0.548,-0.07587750591424937,Good
2,0.549,-0.040256885293080004,Good
2,0.55,0.11815310842235656,Good
2,0.551,0.03671373556668258,Good
2,0.552,0.003235649410716486,Good
2,0.553,0.014142748171484807,Good
2,0.554,-0.082916999887653,Good
2,0.555,-0.07286666276420171,Good
2,0.556,-0.05634664949886497,Good
2,0.557,-0.17083655269276055,Good
2,0.558,0.16360922690442573,Good
2,0.559,0.12512869411925137,Good
2,0.56,-0.022048768258735002,Good
2,0.561,0.010137256028549486,Good
2,0.562,-0.10263192335377967,Good
2,0.563,-0.219767482471769,Good
2,0.564,0.16058689833807016,Good
2,0.565,-0.007239256697262607,Good
2,0.566,-0.0020888792654253983,Good
2,0.567,-0.08864639464714452,Good
2,0.568,0.14145853333662925,Good
2,0.569,0.07591271981158373,Good
2,0.57,-0.03389349455372328,Good
2,0.571,-0.07695601562300358,Good
2,0.572,0.03027564582143217,Good
2,0.573,0.3253338768609978,Good
2,0.574,0.019793970894695048,Good
2,0.575,0.08487361694060098,Good
2,0.576,0.10505502208061622,Good
2,0.577,0.017670225762001723,Good
2,0.578,0.006010012105585658,Good
2,0.579,0.0017261876979958964,Good
2,0.58,-0.05792764230755933,Good
2,0.581,-0.028405295511891616,Good
2,0.582,-0.040041981226094654,Good
2,0.583,0.061576646130295565,Good
2,0.584,-0.14801347568208809,Good
2,0.585,0.06827377218553364,Good
2,0.586,-0.10822107462876132,Good
2,0.587,0.006065120548293923,Good
2,0.588,0.17779973742823935,Good
2,0.589,0.07777201022510621,Good
2,0.59,0.01377405126612144,Good
2,0.591,-0.11922508500829446,Good
2,0.592,-0.16938866890210427,Good
2,0.593,-0.1461957049007312,Good
2,0.594,0.05777403503237647,Good
2,0.595,0.07182500561993531,Good
2,0.596,-0.05753236872956592,Good
2,0.597,-0.06957188216150428,Good
2,0.598,-0.2274918989699645,Good
2,0.599,0.05620577727724907,Good
2,0.6,-0.059933915198784986,Good
2,0.601,0.2120892356761778,Good
2,0.602,-0.007397398572541143,Good
2,0.603,0.15983417841053904,Good
2,0.604,-0.021599935293487183,Good
2,0.605,0.007182455419537621,Good
2,0.606,-0.08770504393362527,Good
2,0.607,-0.02822297379171484,Good
2,0.608,0.09832553205382932,Good
2,0.609,0.027350950303267087,Good
2,0.61,-0.14630246891288087,Good
2,0.611,0.10711903588806337,Good
2,0.612,-0.1279305872440766,Good
2,0.613,0.1940286232841674,Good
2,0.614,0.12853222307857348,Good
2,0.615,-0.06648657732545009,Good
2,0.616,0.09765174606396866,Good
2,0.617,-0.22910012596410653,Good
2,0.618,0.04055115695782941,Good
2,0.619,0.02497465074447863,Good
2,0.62,-0.0588715634960714,Good
2,0.621,-0.07928085655930119,Good
2,0.622,0.008186737100591533,Good
2,0.623,-0.08474945992493885,Good
2,0.624,0.17418563104157286,Good
2,0.625,-0.0200975001523276,Good
2,0.626,0.01478414138256669,Good
2,0.627,0.11949150039853265,Good
2,0.628,-0.11619349067117667,Good
2,0.629,0.1303858380283441,Good
2,0.63,0.006240809216088317,Good
2,0.631,-0.1765768799819518,Good
2,0.632,-0.05863347319102461,Good
2,0.633,-0.05817358768812978,Good
2,0.634,0.13176750371749427,Good
2,0.635,-0.12362717047367472,Good
2,0.636,-0.002970430282240655,Good
2,0.637,-0.054527562085917296,Good
2,0.638,0.09133077046661986,Good
2,0.639,-0.02922147417044481,Good
2,0.64,0.04395617180664397,Good
2,0.641,0.09403712591486524,Good
2,0.642,0.003248006419311278,Good
2,0.643,0.1183582822846776,Good
2,0.644,0.03202124012087009,Good
2,0.645,0.15348459895181413,Good
2,0.646,-0.0015509474207600518,Good
2,0.647,0.00756409100623788,Good
2,0.648,0.06121962806282925,Good
2,0.649,0.07966570827523499,Good
2,0.65,0.0058737988283580995,Good
2,0.651,-0.09173362868039425,Good
2,0.652,0.20584962983471608,Good
2,0.653,0.05016776905297865,Good
2,0.654,0.12344462217599067,Good
2,0.655,0.10023392467161008,Good
2,0.656,0.08956518433032466,Good
2,0.657,-0.05333291646048084,Good
2,0.658,0.0323701135034748,Good
2,0.659,0.07803471364034624,Good
2,0.66,0.12589364843247025,Good
2,0.661,0.046127931798884275,Good
2,0.662,-0.04391012995632921,Good
2,0.663,0.07231610118722744,Good
2,0.664,-0.0003455551661625539,Good
2,0.665,0.00611472127313336,Good
2,0.666,-0.08715592147478202,Good
2,0.667,0.11742537658548212,Good
2,0.668,-0.162206984541423,Good
2,0.669,-0.07499810804136652,Good
2,0.67,0.08308004084183625,Good
2,0.671,-0.09444810638106849,Good
2,0.672,-0.0519805892960624,Good
2,0.673,-0.08239818406319838,Good
2,0.674,-0.11124457468208733,Good
2,0.675,0.0703873171887378,Good
2,0.676,0.018800977403020017,Good
2,0.677,-0.0033215313858404047,Good
2,0.678,0.029356538167298402,Good
2,0.679,0.014294236277506034,Good
2,0.68,-0.13925777071162299,Good
2,0.681,-0.03721945017584323,Good
2,0.682,0.1177352412399054,Good
2,0.683,-0.2211895726291697,Good
2,0.684,0.03904990737990163,Good
2,0.685,-0.018923598358362628,Good
2,0.686,-0.011754054359861129,Good
2,0.687,-0.03491808908261867,Good
2,0.688,-0.07058445943610069,Good
2,0.689,0.036683902716213614,Good
2,0.69,-0.09287346414151992,Good
2,0.691,0.04908101979579202,Good
2,0.692,0.18007437753286681,Good
2,0.693,0.16699640332763221,Good
2,0.694,-0.04993555893377847,Good
2,0.695,0.0367248330334077,Good
2,0.696,-0.04660935570045467,Good
2,0.697,0.124073862635786,Good
2,0.698,-0.1768339771952241,Good
2,0.699,0.20264508770783013,Good
2,0.7,0.009537958728882877,Good
2,0.701,0.09107833193062856,Good
2,0.702,-0.17261981204301224,Good
2,0.703,0.00221289624305483,Good
2,0.704,-0.036446657929691054,Good
2,0.705,0.12532246825845464,Good
2,0.706,0.004787699585914292,Good
2,0.707,0.22769667271131425,Good
2,0.708,0.13831833272873403,Good
2,0.709,-0.12206796016700408,Good
2,0.71,0.05834636355856471,Good
2,0.711,0.12520907528737577,Good
2,0.712,0.13812013939161563,Good
2,0.713,0.09656849066503051,Good
2,0.714,0.04520061711455214,Good
2,0.715,-0.036983575843483905,Good
2,0.716,0.04673291644564868,Good
2,0.717,0.1463193007380386,Good
2,0.718,-0.11427313959153039,Good
2,0.719,0.06110265245329891,Good
2,0.72,-0.019376731709159257,Good
2,0.721,0.12818235279342508,Good
2,0.722,-0.11405404650804225,Good
2,0.723,-0.1138063190836119,Good
2,0.724,-0.08392109264744689,Good
2,0.725,-0.009092958578824554,Good
2,0.726,0.21630424017733296,Good
2,0.727,0.15412533427463915,Good
2,0.728,0.15546177383539328,Good
2,0.729,-0.05671021511298381,Good
2,0.73,-0.10401105621632933,Good
2,0.731,0.032050408082939026,Good
2,0.732,-0.036139754270595986,Good
2,0.733,-0.1612620120463586,Good
2,0.734,-0.07337816625145165,Good
2,0.735,0.004223204576289485,Good
2,0.736,-0.04913231111792797,Good
2,0.737,-0.0819225410619816,Good
2,0.738,0.10203195991379557,Good
2,0.739,-0.15308765423481194,Good
2,0.74,0.007543519243155656,Good
2,0.741,0.05693553587185399,Good
2,0.742,-0.0666528806514836,Good
2,0.743,-0.012998044342440694,Good
2,0.744,-0.19567088234325114,Good
2,0.745,-0.0268003215535503,Good
2,0.746,-0.05470741327870693,Good
2,0.747,0.05704511166739983,Good
2,0.748,-0.04940815717991409,Good
2,0.749,0.057326946932440316,Good
2,0.75,-0.2502751329970158,Good
2,0.751,0.06076068721201177,Good
2,0.752,-0.1008625375575581,Good
2,0.753,0.07860379894572722,Good
2,0.754,-0.05961747769535315,Good
2,0.755,-0.04378178074746637,Good
2,0.756,-0.1755910788853663,Good
2,0.757,0.027715407392295933,Good
2,0.758,0.09919975873208911,Good
2,0.759,0.11005788522087617,Good
2,0.76,0.08616245342169292,Good
2,0.761,-0.0004218202374060057,Good
2,0.762,0.028095672852517614,Good
2,0.763,0.09080671234580698,Good
2,0.764,0.2055178620791263,Good
2,0.765,-0.014204718782888448,Good
2,0.766,0.2001211517278653,Good
2,0.767,0.04087383748074516,Good
2,0.768,-0.05625450093452316,Good
2,0.769,-0.07787095135532726,Good
2,0.77,0.0769993252447651,Good
2,0.771,-0.16487667258330554,Good
2,0.772,-0.0234565826587883,Good
2,0.773,-0.07791043524390351,Good
2,0.774,-0.10801956345596793,Good
2,0.775,-0.038789144605351274,Good
2,0.776,-0.04380965275390483,Good
2,0.777,0.053155891371921275,Good
2,0.778,-0.08111697329358693,Good
2,0.779,0.059408949789643666,Good
2,0.78,-0.18019894200860342,Good
2,0.781,0.10862107144860236,Good
2,0.782,0.08639919343614536,Good
2,0.783,0.032367022704760856,Good
2,0.784,0.0458314986189637,Good
2,0.785,-0.026937999281895216,Good
2,0.786,0.003929761224459896,Good
2,0.787,0.09709341547673513,Good
2,0.788,0.009722503639166744,Good
2,0.789,0.08559606062817385,Good
2,0.79,0.142056373436285,Good
2,0.791,-0.04405340432916907,Good
2,0.792,0.08960417335565136,Good
2,0.793,-0.17974491230323592,Good
2,0.794,-0.09414378013396747,Good
2,0.795,0.04392537333229482,Good
2,0.796,-0.030986971281628913,Good
2,0.797,-0.14694869209012376,Good
2,0.798,0.007633117237660989,Good
2,0.799,-0.06475562064445838,Good
2,0.8,0.016596269501691994,Good
2,0.801,-0.04503700374432057,Good
2,0.802,0.09842430134869883,Good
2,0.803,0.046743782394349474,Good
2,0.804,0.04315115666615939,Good
2,0.805,-0.13383096671351352,Good
2,0.806,-0.06962093655633284,Good
2,0.807,-0.20498283594647557,Good
2,0.808,-0.05076437115197344,Good
2,0.809,0.10047175656921499,Good
2,0.81,0.08698193474163833,Good
2,0.811,0.05373534851174936,Good
2,0.812,-0.16020636111674535,Good
2,0.813,-0.22905553361107708,Good
2,0.814,0.16165787892213648,Good
2,0.815,0.16934942428678804,Good
2,0.816,-0.15035519262064667,Good
2,0.817,0.03201701933974908,Good
2,0.818,-0.01921298230608752,Good
2,0.819,0.1077532657327436,Good
2,0.82,-0.04684546146860664,Good
2,0.821,0.07996080005440673,Good
2,0.822,0.0792399984157448,Good
2,0.823,0.020203388177469982,Good
2,0.824,-0.08831924436614313,Good
2,0.825,0.05247168470620905,Good
2,0.826,0.11221471456168144,Good
2,0.827,-0.12147755164651027,Good
2,0.828,0.00609464604027104,Good
2,0.829,-0.135841827650073,Good
2,0.83,-0.046445763296685,Good
2,0.831,-0.04849025989647829,Good
2,0.832,0.06682612957690962,Good
2,0.833,0.05065929865752174,Good
2,0.834,-0.1196584481908457,Good
2,0.835,0.06459287428493271,Good
2,0.836,-0.05596352466090171,Good
2,0.837,0.09133515562314733,Good
2,0.838,0.08352537501017797,Good
2,0.839,0.0471346558155703,Good
2,0.84,-0.18768753960679682,Good
2,0.841,-0.12363594660667732,Good
2,0.842,0.095069553264982,Good
2,0.843,0.12010681905094561,Good
2,0.844,0.033704085799275786,Good
2,0.845,-0.11286010867364611,Good
2,0.846,-0.2524238853501666,Good
2,0.847,-0.04082143197361404,Good
2,0.848,0.08694286340824159,Good
2,0.849,-0.053999741285046865,Good
2,0.85,-0.0024397014314941094,Good
2,0.851,0.09460186213529592,Good
2,0.852,-0.04753069473250621,Good
2,0.853,0.038633619188457154,Good
2,0.854,0.11503547132790251,Good
2,0.855,-0.01319417733871049,Good
2,0.856,-0.03965251621213142,Good
2,0.857,-0.09935737103724394,Good
2,0.858,-0.0559535634742678,Good
2,0.859,-0.026714848675094188,Good
2,0.86,-0.16429247868927016,Good
2,0.861,-0.009225949490222115,Good
2,0.862,0.056653767562491644,Good
2,0.863,-0.14804182023970971,Good
2,0.864,-0.14463308884804246,Good
2,0.865,-0.357585393015066,Good
2,0.866,0.056750749398583766,Good
2,0.867,0.053863207452618904,Good
2,0.868,-0.08639199088243522,Good
2,0.869,-0.13049991470188035,Good
2,0.87,-0.027857533108574237,Good
2,0.871,-0.12268300742932958,Good
2,0.872,0.030154618802672874,Good
2,0.873,-0.18628154918146347,Good
2,0.874,0.024034769878278052,Good
2,0.875,-0.008305053944945823,Good
2,0.876,0.04878474811816472,Good
2,0.877,0.05863646065783889,Good
2,0.878,-0.09854199278632655,Good
2,0.879,0.12569983269259635,Good
2,0.88,0.3551042021629292,Good
2,0.881,-0.24106466652352268,Good
2,0.882,0.12457451499183506,Good
2,0.883,-0.1891605087629132,Good
2,0.884,-0.013431344134616855,Good
2,0.885,-0.10825343793248868,Good
2,0.886,-0.0974142290869805,Good
2,0.887,-0.027559633035342614,Good
2,0.888,-0.11613748881868624,Good
2,0.889,0.10410099389080663,Good
2,0.89,-0.09819420634994908,Good
2,0.891,-0.0635928931326578,Good
2,0.892,0.055665767575427606,Good
2,0.893,0.1332219284135563,Good
2,0.894,0.058220214664629615,Good
2,0.895,-0.11594116946111298,Good
2,0.896,0.08166915974180346,Good
2,0.897,0.10403919679209735,Good
2,0.898,0.003521443098515146,Good
2,0.899,0.05006988061835657,Good
2,0.9,-0.14195303194052905,Good
2,0.901,-0.20978229592147468,Good
2,0.902,0.023794277029902142,Good
2,0.903,-0.06709902940988509,Good
2,0.904,-0.16908560014053306,Good
2,0.905,7.389285715856211e-05,Good
2,0.906,0.033706506491736385,Good
2,0.907,0.07253125291977557,Good
2,0.908,0.04403055148888163,Good
2,0.909,0.011002515624613345,Good
2,0.91,-0.1286954641996851,Good
2,0.911,0.02860457457564762,Good
2,0.912,0.014139990352838049,Good
2,0.913,-0.026764509923690567,Good
2,0.914,-0.0008623131346063207,Good
2,0.915,0.11472294522649273,Good
2,0.916,-0.0376803815007031,Good
2,0.917,0.23541322928420097,Good
2,0.918,-0.1791311924804459,Good
2,0.919,-0.0030124365397265914,Good
2,0.92,-0.1474465540408108,Good
2,0.921,0.11331476661977687,Good
2,0.922,-0.20086145565782842,Good
2,0.923,0.17065071265666526,Good
2,0.924,-0.007435341998341005,Good
2,0.925,0.09181748375587154,Good
2,0.926,0.08403847344800858,Good
2,0.927,-0.10076692973104927,Good
2,0.928,0.0634709368156493,Good
2,0.929,-0.03163469695243976,Good
2,0.93,0.033818142761643584,Good
2,0.931,-0.05517332263798567,Good
2,0.932,0.062507674042593,Good
2,0.933,0.08751856482418148,Good
2,0.934,-0.0006692832437430318,Good
2,0.935,-0.053409974892294654,Good
2,0.936,-0.08570382141684045,Good
2,0.937,0.03647276518362343,Good
2,0.938,0.07021807432523373,Good
2,0.939,0.08491928028440641,Good
2,0.94,-0.11823425513026449,Good
2,0.941,-0.1066180008579722,Good
2,0.942,0.11421159892320541,Good
2,0.943,-0.054136921350629676,Good
2,0.944,-0.02300618382589988,Good
2,0.945,-0.025076870643393652,Good
2,0.946,0.1422415954616781,Good
2,0.947,-0.03727983025647904,Good
2,0.948,-0.03842360955802241,Good
2,0.949,0.02718194219159309,Good
2,0.95,0.11867880975168366,Good
2,0.951,0.04303687326825288,Good
2,0.952,-0.10838441283799052,Good
2,0.953,-0.11203043300673964,Good
2,0.954,-0.1520473229978064,Good
2,0.955,-0.04996570920363215,Good
2,0.956,0.1088283787443149,Good
2,0.957,-0.012261544234676094,Good
2,0.958,-0.31336125704481566,Good
2,0.959,0.07819016315626803,Good
2,0.96,0.11584917599144812,Good
2,0.961,0.033000277885998866,Good
2,0.962,-0.002999294413976091,Good
2,0.963,-0.03656758661348498,Good
2,0.964,0.07142342290552679,Good
2,0.965,0.09858489723271151,Good
2,0.966,-0.2154275062207777,Good
2,0.967,0.13093884679866105,Good
2,0.968,-0.012043251934908648,Good
2,0.969,0.0015198104776750862,Good
2,0.97,-0.015784688540667634,Good
2,0.971,0.04832952177094053,Good
2,0.972,-0.1886649935415444,Good
2,0.973,0.0102421909196415,Good
2,0.974,-0.23410956238151717,Good
2,0.975,-0.030925344898149118,Good
2,0.976,0.0851765092872451,Good
2,0.977,0.14776637757424183,Good
2,0.978,-0.05752605438161599,Good
2,0.979,-0.19591829764157823,Good
2,0.98,-0.010747064775798792,Good
2,0.981,0.14422956760077385,Good
2,0.982,-0.08630051162674039,Good
2,0.983,-0.11257599314982358,Good
2,0.984,0.0905850236878271,Good
2,0.985,0.022592238826447657,Good
2,0.986,-0.09519551902866978,Good
2,0.987,-0.05818473572992159,Good
2,0.988,-0.019633970412387958,Good
2,0.989,-0.04660119967725626,Good
2,0.99,-0.09854318228451336,Good
2,0.991,0.03842612263478584,Good
2,0.992,0.06419466863604394,Good
2,0.993,-0.11794148601771313,Good
2,0.994,0.03203359368998144,Good
2,0.995,0.0847446827210641,Good
2,0.996,-0.029959195442587558,Good
2,0.997,-0.2347094888835738,Good
2,0.998,-0.15365450942588893,Good
2,0.999,0.08011873887798582,Good
3,0.0,0.05910508675494061,Good
3,0.001,-0.07315421031592617,Good
3,0.002,0.054066438258635996,Good
3,0.003,0.11897350451785718,Good
3,0.004,-0.04400702425928972,Good
3,0.005,0.0046086326398254145,Good
3,0.006,0.12428975855400648,Good
3,0.007,-0.038307229408250806,Good
3,0.008,0.04482824329791299,Good
3,0.009,-0.1642205953620511,Good
3,0.01,-0.13663773609865157,Good
3,0.011,0.07915016600657998,Good
3,0.012,0.0004127016699499804,Good
3,0.013,0.07423425584892725,Good
3,0.014,-0.24395945223757073,Good
3,0.015,-0.04391970335768923,Good
3,0.016,0.05819494152352768,Good
3,0.017,-0.16102324146460295,Good
3,0.018,-0.26918478971272525,Good
3,0.019,-0.08527317486148217,Good
3,0.02,-0.10943452473131235,Good
3,0.021,-0.01979110769855072,Good
3,0.022,-0.07672328305010782,Good
3,0.023,-0.21294260181928917,Good
3,0.024,0.10991139655861533,Good
3,0.025,0.19302449045319559,Good
3,0.026,-0.05403237512016608,Good
3,0.027,-0.03141502164006981,Good
3,0.028,0.09603427616795968,Good
3,0.029,0.04229782124658716,Good
3,0.03,-0.03811162188750041,Good
3,0.031,-0.2054963228669675,Good
3,0.032,-0.15089810660295885,Good
3,0.033,0.13222498086927534,Good
3,0.034,-0.09218365278095919,Good
3,0.035,0.04355364230875444,Good
3,0.036,0.02339045638529668,Good
3,0.037,-0.16311477640125693,Good
3,0.038,0.10997931907412656,Good
3,0.039,0.10317809503169471,Good
3,0.04,0.04211412190995965,Good
3,0.041,0.1504883317208365,Good
3,0.042,0.148592863198276,Good
3,0.043,-0.06470349804891742,Good
3,0.044,0.04190388839611561,Good
3,0.045,-0.05512341750441757,Good
3,0.046,-0.1054627802479524,Good
3,0.047,0.06637526033798445,Good
3,0.048,-0.08202823144176688,Good
3,0.049,-0.12436826997468045,Good
3,0.05,-0.0971675291700217,Good
3,0.051,-0.04252647002833923,Good
3,0.052,-0.1487128743810466,Good
3,0.053,-0.04212864700298175,Good
3,0.054,0.09798902673750924,Good
3,0.055,0.038258065713780015,Good
3,0.056,0.05882778732202309,Good
3,0.057,-0.022167810269240546,Good
3,0.058,0.15563570506841212,Good
3,0.059,0.11202356669845137,Good
3,0.06,0.04233616575570612,Good
3,0.061,-0.0010849108634955963,Good
3,0.062,0.09525290325033348,Good
3,0.063,0.052788557853173906,Good
3,0.064,-0.03955001259240633,Good
3,0.065,-0.12792778670199473,Good
3,0.066,-0.08754646267346637,Good
3,0.067,-0.23375588244375206,Good
3,0.068,0.0738437532688034,Good
3,0.069,-0.051274463303494805,Good
3,0.07,0.10177528758322547,Good
3,0.071,0.1230589009436957,Good
3,0.072,-0.05260109806159291,Good
3,0.073,-0.014380598872108115,Good
3,0.074,-0.08422102217793448,Good
3,0.075,0.07973634563002646,Good
3,0.076,0.036880933896828096,Good
3,0.077,0.07478717083756424,Good
3,0.078,0.0056798505273854315,Good
3,0.079,-0.021990595262123276,Good
3,0.08,-0.0957041941328445,Good
3,0.081,0.044077270279870726,Good
3,0.082,0.06641397324331146,Good
3,0.083,-0.12758646685491878,Good
3,0.084,0.020505525675150862,Good
3,0.085,0.10191675219015106,Good
3,0.086,-0.012855524370525524,Good
3,0.087,0.06162309802911965,Good
3,0.088,-0.10698531275104838,Good
3,0.089,0.07741954191886663,Good
3,0.09,-0.14425042895749904,Good
3,0.091,0.01760303661695994,Good
3,0.092,0.010383055129508717,Good
3,0.093,0.0422483040905986,Good
3,0.094,-0.0918270007570043,Good
3,0.095,0.0035042597954364203,Good
3,0.096,0.02146273911778502,Good
3,0.097,-0.09103561812346264,Good
3,0.098,0.1273333103725038,Good
3,0.099,-0.12942161594781712,Good
3,0.1,0.04672858932427399,Good
3,0.101,-0.15010579736040797,Good
3,0.102,-0.16388156199622944,Good
3,0.103,0.10776627591224244,Good
3,0.104,0.031139066436726055,Good
3,0.105,0.05725334842463358,Good
3,0.106,0.06725945852647539,Good
3,0.107,-0.14393853705918583,Good
3,0.108,0.18530137143612782,Good
3,0.109,-0.02559673408631436,Good
3,0.11,-0.044000717849073126,Good
3,0.111,-0.04528172606574479,Good
3,0.112,0.04447518102932587,Good
3,0.113,-0.16048433622072264,Good
3,0.114,-0.029991319377823702,Good
3,0.115,-0.12797114860440267,Good
3,0.116,0.16508383893791895,Good
3,0.117,-0.0033669252739722162,Good
3,0.118,-0.14529521200459058,Good
3,0.119,0.008991203125546495,Good
3,0.12,-0.061514587032878626,Good
3,0.121,-0.08767137615198478,Good
3,0.122,-0.12363151792814696,Good
3,0.123,-0.15020179722530133,Good
3,0.124,-0.017411401823231608,Good
3,0.125,0.09840042301062117,Good
3,0.126,-0.012196436699995566,Good
3,0.127,-0.17497876323645425,Good
3,0.128,-0.055686573528369074,Good
3,0.129,-0.1041361429757386,Good
3,0.13,0.0329869929734653,Good
3,0.131,-0.16743495569511482,Good
3,0.132,-0.15996236091486868,Good
3,0.133,0.1574520265018585,Good
3,0.134,0.16618269153833595,Good
3,0.135,-0.16023370567064185,Good
3,0.136,-0.12005182434925496,Good
3,0.137,-0.10732994940144402,Good
3,0.138,-0.2929897424932262,Good
3,0.139,-0.14332265080729578,Good
3,0.14,-0.040655567318824234,Good
3,0.141,-0.24055282769338338,Good
3,0.142,-0.013634372628555158,Good
3,0.143,-0.10539662325652863,Good
3,0.144,-0.25119164172059316,Good
3,0.145,-0.15692180125262734,Good
3,0.146,-0.1624791094668377,Good
3,0.147,-0.31346469921035125,Good
3,0.148,-0.011405241237651048,Good
3,0.149,-0.1864024809948595,Good
3,0.15,-0.3285630627900118,Good
3,0.151,-0.25928575033728213,Good
3,0.152,-0.34145279084201535,Good
3,0.153,-0.29745833597118765,Good
3,0.154,-0.17517897310179054,Good
3,0.155,-0.46524352441626393,Good
3,0.156,-0.3073572131933967,Good
3,0.157,-0.3648637337520179,Good
3,0.158,-0.38539632033810467,Good
3,0.159,-0.6311475740712176,Good
3,0.16,-0.40505036577104614,Good
3,0.161,-0.5525231199470393,Good
3,0.162,-0.564402055811296,Good
3,0.163,-0.6353436996722233,Good
3,0.164,-0.7297853457536759,Good
3,0.165,-0.6762365047333282,Good
3,0.166,-0.7340096770062462,Good
3,0.167,-0.7787871454009118,Good
3,0.168,-0.9894709710428435,Good
3,0.169,-0.9646146379738447,Good
3,0.17,-0.9106698893659099,Good
3,0.171,-0.8084915827188537,Good
3,0.172,-1.1853624242797252,Good
3,0.173,-1.0889285808112463,Good
3,0.174,-1.1093898372551263,Good
3,0.175,-1.1831991890194746,Good
3,0.176,-1.3879700595826083,Good
3,0.177,-1.4436372765280554,Good
3,0.178,-1.4667934542015064,Good
3,0.179,-1.4033134830174092,Good
3,0.18,-1.4489423013902254,Good
3,0.181,-1.490627275844364,Good
3,0.182,-1.773549877336005,Good
3,0.183,-1.4911707891151522,Good
3,0.184,-1.805091855446069,Good
3,0.185,-1.8447831143049043,Good
3,0.186,-1.766614483471744,Good
3,0.187,-1.6981778662307137,Good
3,0.188,-1.884497506472809,Good
3,0.189,-2.0057564790020703,Good
3,0.19,-2.0927796699608483,Good
3,0.191,-2.1109182553815304,Good
3,0.192,-2.168262056321815,Good
3,0.193,-2.1250039029339143,Good
3,0.194,-2.157771029203165,Good
3,0.195,-2.1988766191681175,Good
3,0.196,-2.1968361050987077,Good
3,0.197,-2.4410614516124203,Good
3,0.198,-2.371846059416612,Good
3,0.199,-2.3155105882628897,Good
3,0.2,-2.2300011219841083,Good
3,0.201,-2.3009478531788585,Good
3,0.202,-2.220600877941889,Good
3,0.203,-2.3937690867808885,Good
3,0.204,-2.1037033249535004,Good
3,0.205,-2.254013169120242,Good
3,0.206,-2.133358045729287,Good
3,0.207,-2.1666347708464606,Good
3,0.208,-2.17788569550533,Good
3,0.209,-2.057746073347802,Good
3,0.21,-2.132647195938855,Good
3,0.211,-1.9938287934940968,Good
3,0.212,-1.8908932318272154,Good
3,0.213,-1.649536252413627,Good
3,0.214,-1.5215558920912955,Good
3,0.215,-1.6876329316226042,Good
3,0.216,-1.4186571444443197,Good
3,0.217,-1.2857274489445987,Good
3,0.218,-1.3355826960121786,Good
3,0.219,-1.1024196278486524,Good
3,0.22,-1.136151640402237,Good
3,0.221,-0.9856528504895433,Good
3,0.222,-0.7543455334912168,Good
3,0.223,-0.6721902954675321,Good
3,0.224,-0.3812939109244482,Good
3,0.225,-0.22259878261201302,Good
3,0.226,-0.14501064755887932,Good
3,0.227,-0.22413892266071236,Good
3,0.228,0.07165893816264933,Good
3,0.229,0.247368435669821,Good
3,0.23,0.37513625695351555,Good
3,0.231,0.41647767568184657,Good
3,0.232,0.6934396115386119,Good
3,0.233,0.733532942470691,Good
3,0.234,0.8736051514677157,Good
3,0.235,1.1602598806850024,Good
3,0.236,1.0764707482087201,Good
3,0.237,1.2186813667698513,Good
3,0.238,1.2443433343280794,Good
3,0.239,1.5172933116166345,Good
3,0.24,1.4295487589681013,Good
3,0.241,1.533402738039157,Good
3,0.242,1.7772877334638157,Good
3,0.243,1.7788541243830054,Good
3,0.244,1.678475215164585,Good
3,0.245,2.0916821908709675,Good
3,0.246,2.0170376926863463,Good
3,0.247,2.068215923178625,Good
3,0.248,1.9872554378349936,Good
3,0.249,1.7704639251893788,Good
3,0.25,2.0057275971145083,Good
3,0.251,1.8816780566385929,Good
3,0.252,2.0216720780571844,Good
3,0.253,1.8878375761037747,Good
3,0.254,1.920910797033345,Good
3,0.255,1.7665014505624734,Good
3,0.256,1.7475282896638038,Good
3,0.257,1.8896837286140906,Good
3,0.258,1.5596394338305766,Good
3,0.259,1.538428038434666,Good
3,0.26,1.421448225616537,Good
3,0.261,1.488526443187123,Good
3,0.262,1.193143391712375,Good
3,0.263,1.1098238297530196,Good
3,0.264,1.0257051494349876,Good
3,0.265,0.9047030986114832,Good
3,0.266,0.8211919290122942,Good
3,0.267,0.8237105005401916,Good
3,0.268,0.37506966991908697,Good
3,0.269,0.5082736846694955,Good
3,0.27,0.34515973322095367,Good
3,0.271,0.07685108928821739,Good
3,0.272,0.019111828568798422,Good
3,0.273,-0.1669031018997753,Good
3,0.274,-0.6184529100321117,Good
3,0.275,-0.37220238189979404,Good
3,0.276,-0.6393355046575581,Good
3,0.277,-0.8589933424096795,Good
3,0.278,-0.8784991660827478,Good
3,0.279,-0.9710861160329769,Good
3,0.28,-1.0560384943000052,Good
3,0.281,-1.2642471729982212,Good
3,0.282,-1.3870948348625305,Good
3,0.283,-1.398212521281028,Good
3,0.284,-1.5324431099663314,Good
3,0.285,-1.866821791300721,Good
3,0.286,-1.7714408347517059,Good
3,0.287,-1.8264077458250638,Good
3,0.288,-1.8913599071301999,Good
3,0.289,-2.027477812729992,Good
3,0.29,-2.0105659081796525,Good
3,0.291,-2.1355742491366407,Good
3,0.292,-2.1738759402593604,Good
3,0.293,-2.0626104729550923,Good
3,0.294,-2.4153581528234698,Good
3,0.295,-2.282756440376873,Good
3,0.296,-2.2925413449526424,Good
3,0.297,-2.129439507969721,Good
3,0.298,-2.228638179701514,Good
3,0.299,-2.424586767999762,Good
3,0.3,-2.534991123367,Good
3,0.301,-2.2816249010670147,Good
3,0.302,-2.18432516518862,Good
3,0.303,-2.2667705371047155,Good
3,0.304,-2.1185437518679393,Good
3,0.305,-2.1265932310625466,Good
3,0.306,-2.258524958713483,Good
3,0.307,-2.2449107447982337,Good
3,0.308,-2.219187924223785,Good
3,0.309,-1.8922801980135693,Good
3,0.31,-2.0492391817907825,Good
3,0.311,-2.0239100594650603,Good
3,0.312,-1.8553252335816746,Good
3,0.313,-1.8690908341228663,Good
3,0.314,-1.808549459433329,Good
3,0.315,-1.7585200749668164,Good
3,0.316,-1.866321159959974,Good
3,0.317,-1.6588104064365912,Good
3,0.318,-1.5164554079705315,Good
3,0.319,-1.5978219325343235,Good
3,0.32,-1.5179367796889032,Good
3,0.321,-1.380127045836375,Good
3,0.322,-1.2013496401251134,Good
3,0.323,-1.3383417286300439,Good
3,0.324,-1.137424952024617,Good
3,0.325,-1.1378335125156442,Good
3,0.326,-0.9915993672160301,Good
3,0.327,-1.143176242365659,Good
3,0.328,-1.0391110810918052,Good
3,0.329,-0.8674213419095299,Good
3,0.33,-0.7831823508032629,Good
3,0.331,-0.7478029949121974,Good
3,0.332,-0.8512453978405639,Good
3,0.333,-0.8720625230473316,Good
3,0.334,-0.59875939267137,Good
3,0.335,-0.6823591568403023,Good
3,0.336,-0.5973051165613166,Good
3,0.337,-0.6680744080019555,Good
3,0.338,-0.505054863758592,Good
3,0.339,-0.5898246445621455,Good
3,0.34,-0.2673007078419779,Good
3,0.341,-0.36758418584374386,Good
3,0.342,-0.5776305562398529,Good
3,0.343,-0.3279917502358553,Good
3,0.344,-0.18963025871189199,Good
3,0.345,-0.3409422857139891,Good
3,0.346,-0.3233670923192593,Good
3,0.347,-0.3163501173547238,Good
3,0.348,-0.1990220923232408,Good
3,0.349,-0.041984034615816956,Good
3,0.35,-0.25116561781950475,Good
3,0.351,-0.23557159929098623,Good
3,0.352,-0.18529647796462947,Good
3,0.353,-0.3213781912073085,Good
3,0.354,-0.21360305593860185,Good
3,0.355,-0.10467080346146343,Good
3,0.356,-0.07128926199011865,Good
3,0.357,0.057198393631475386,Good
3,0.358,-0.22873641050115096,Good
3,0.359,-0.0643266879262237,Good
3,0.36,-0.08926711305493878,Good
3,0.361,-0.0880745995615598,Good
3,0.362,-0.12153237810707135,Good
3,0.363,-0.09696228889666733,Good
3,0.364,-0.12265035654976864,Good
3,0.365,-0.1274834727808886,Good
3,0.366,0.078481234548028,Good
3,0.367,-0.1472752067273662,Good
3,0.368,-0.17457080905223643,Good
3,0.369,-0.03261197394813093,Good
3,0.37,0.022946399504427152,Good
3,0.371,0.0006468587668583929,Good
3,0.372,-0.06252238151787683,Good
3,0.373,-0.06317292271321606,Good
3,0.374,-0.07964099937482963,Good
3,0.375,-0.16008175821198026,Good
3,0.376,-0.006163818327411589,Good
3,0.377,0.022886785123558108,Good
3,0.378,0.12940227976370922,Good
3,0.379,-0.017953914610834603,Good
3,0.38,-0.07815461002177403,Good
3,0.381,-0.21640656086029086,Good
3,0.382,-0.061475200732089764,Good
3,0.383,-0.07825955857890374,Good
3,0.384,-0.02047747404062148,Good
3,0.385,-0.03972749125344071,Good
3,0.386,0.10393879171501248,Good
3,0.387,-0.006154901577168862,Good
3,0.388,-0.18757696760315837,Good
3,0.389,-0.05015457427222874,Good
3,0.39,0.14878914050996003,Good
3,0.391,-0.018790981392190157,Good
3,0.392,-0.09854396666202515,Good
3,0.393,0.12941264588171772,Good
3,0.394,-0.005771188302269356,Good
3,0.395,-0.04518131022305008,Good
3,0.396,0.23177164962555388,Good
3,0.397,-0.01690625532586516,Good
3,0.398,0.16853552289956084,Good
3,0.399,-0.01255999492645216,Good
3,0.4,-0.060819033799881454,Good
3,0.401,0.13001949572744537,Good
3,0.402,0.043341276342635376,Good
3,0.403,-0.15041619822171945,Good
3,0.404,0.12137157773682988,Good
3,0.405,0.037838601876342394,Good
3,0.406,-0.050138066574168944,Good
3,0.407,0.009171406331506253,Good
3,0.408,0.11609890055822523,Good
3,0.409,0.18003283484996843,Good
3,0.41,-0.0495138227085114,Good
3,0.411,0.05542929072471116,Good
3,0.412,0.019655165224373824,Good
3,0.413,0.28567540035392364,Good
3,0.414,-0.05415953807181552,Good
3,0.415,0.03476530358808208,Good
3,0.416,-0.03740538442099088,Good
3,0.417,-0.0015487122383807885,Good
3,0.418,-0.007669469805945558,Good
3,0.419,-0.0025410466048735873,Good
3,0.42,-0.031203539180287634,Good
3,0.421,-0.12034380435361165,Good
3,0.422,0.10258920828394341,Good
3,0.423,-0.050053229609828755,Good
3,0.424,-0.2002611717551305,Good
3,0.425,0.05944098328286525,Good
3,0.426,-0.061465528551321695,Good
3,0.427,0.12535144110558213,Good
3,0.428,0.000590721959489989,Good
3,0.429,0.03726341244385848,Good
3,0.43,-0.00911933292227544,Good
3,0.431,0.06635984193584647,Good
3,0.432,0.0705579841997114,Good
3,0.433,-0.09822421707177843,Good
3,0.434,-0.18158219795336505,Good
3,0.435,-0.13669719273007427,Good
3,0.436,0.1580744777509213,Good
3,0.437,-0.08333834763132665,Good
3,0.438,0.0669819053920965,Good
3,0.439,0.018858521902747977,Good
3,0.44,-0.07885086377736035,Good
3,0.441,-0.002133232673890672,Good
3,0.442,-0.15971583430539504,Good
3,0.443,0.03675229948281764,Good
3,0.444,0.14194274009716198,Good
3,0.445,0.17155662132581484,Good
3,0.446,0.13814821113881445,Good
3,0.447,0.04801074066732168,Good
3,0.448,0.02932850176457527,Good
3,0.449,0.037772255097379866,Good
3,0.45,0.003290981916471092,Good
3,0.451,-0.07514766899389308,Good
3,0.452,0.06615509213549098,Good
3,0.453,-0.020059938120100717,Good
3,0.454,0.2905898996766106,Good
3,0.455,-0.20683133063472,Good
3,0.456,0.13224556343037774,Good
3,0.457,-0.18622664744551654,Good
3,0.458,0.025683505672037518,Good
3,0.459,-0.019407628257923776,Good
3,0.46,-0.023869722564259992,Good
3,0.461,-0.07891358623869357,Good
3,0.462,0.07682780034879343,Good
3,0.463,-0.03582045008625885,Good
3,0.464,-0.08770239829493508,Good
3,0.465,0.010332302378787794,Good
3,0.466,-0.10940946998047685,Good
3,0.467,-0.018227903923154442,Good
3,0.468,-0.11646744396913532,Good
3,0.469,0.20220515883687407,Good
3,0.47,-0.1225876086589757,Good
3,0.471,-0.05097395446441499,Good
3,0.472,-0.09749025965182719,Good
3,0.473,-0.026523170314163888,Good
3,0.474,-0.039193028805094295,Good
3,0.475,-0.08709333426670629,Good
3,0.476,0.1106979452921679,Good
3,0.477,0.09388004622947332,Good
3,0.478,-0.017277840488252993,Good
3,0.479,0.03879465320647809,Good
3,0.48,0.12034078987409402,Good
3,0.481,0.01673539774431669,Good
3,0.482,0.2255594755759378,Good
3,0.483,0.11092262720460155,Good
3,0.484,-0.07228386577287745,Good
3,0.485,0.10796845427621798,Good
3,0.486,-0.048179315416897926,Good
3,0.487,0.17960038204804904,Good
3,0.488,-0.06966575841718617,Good
3,0.489,-0.037842846209933195,Good
3,0.49,0.12573501262417983,Good
3,0.491,-0.07366616210913501,Good
3,0.492,0.1617684704822544,Good
3,0.493,-0.08383622856964618,Good
3,0.494,-0.1089592051971951,Good
3,0.495,0.2868799808004285,Good
3,0.496,0.20559925114619967,Good
3,0.497,-0.2182907734539712,Good
3,0.498,-0.057106904048580646,Good
3,0.499,0.05527350071060003,Good
3,0.5,0.012686050984698284,Good
3,0.501,0.08205367858023283,Good
3,0.502,0.02728610467341501,Good
3,0.503,0.09116054429670123,Good
3,0.504,0.08220903053461784,Good
3,0.505,-0.0017369970817928686,Good
3,0.506,0.0717364362884754,Good
3,0.507,-0.0803894496078641,Good
3,0.508,-0.004398027953044825,Good
3,0.509,-0.12579921958754167,Good
3,0.51,-0.07216860912336251,Good
3,0.511,-0.025594199373257888,Good
3,0.512,-0.09525547876991053,Good
3,0.513,0.15975586450230872,Good
3,0.514,0.025918421952453464,Good
3,0.515,-0.034052306143919346,Good
3,0.516,-0.05369217715949203,Good
3,0.517,-0.06648698245708065,Good
3,0.518,-0.107762204488729,Good
3,0.519,-0.054063109280520986,Good
3,0.52,0.06514134487909731,Good
3,0.521,-0.11879487743856561,Good
3,0.522,0.04861954949453608,Good
3,0.523,0.028533083492349287,Good
3,0.524,0.03881682448004827,Good
3,0.525,-0.04303643183547036,Good
3,0.526,-0.10030931600123999,Good
3,0.527,-0.15411382789509154,Good
3,0.528,0.10834168187398728,Good
3,0.529,-0.10804276660297392,Good
3,0.53,-0.06555259673587067,Good
3,0.531,0.047820429666616475,Good
3,0.532,-0.01932081549126057,Good
3,0.533,-0.12401084820268674,Good
3,0.534,-0.08787784905731012,Good
3,0.535,-0.10250853213676162,Good
3,0.536,0.04445132170136623,Good
3,0.537,0.0647675293215272,Good
3,0.538,-0.01099395107045955,Good
3,0.539,0.04595301695543544,Good
3,0.54,0.08752054113345482,Good
3,0.541,0.07479009852995709,Good
3,0.542,0.11240685919638893,Good
3,0.543,0.08258155606419519,Good
3,0.544,-0.09880612897549845,Good
3,0.545,0.0166223615071554,Good
3,0.546,0.016898250168613238,Good
3,0.547,0.00040324095460318797,Good
3,0.548,0.19548984386721674,Good
3,0.549,0.10884691665260382,Good
3,0.55,0.02615973947483266,Good
3,0.551,-0.03619860734502154,Good
3,0.552,0.010698687366004864,Good
3,0.553,-0.007708619968681703,Good
3,0.554,0.1928477556534202,Good
3,0.555,-0.05427515966132016,Good
3,0.556,0.08580261273041682,Good
3,0.557,-0.09972828684726247,Good
3,0.558,-0.02176393079818385,Good
3,0.559,-0.0029086031275290126,Good
3,0.56,0.22872448384067745,Good
3,0.561,0.04500823526169595,Good
3,0.562,0.06753717640563993,Good
3,0.563,0.04955033292653879,Good
3,0.564,0.045623651712934005,Good
3,0.565,0.09491363184347497,Good
3,0.566,-0.2141239646859975,Good
3,0.567,0.052397322271879765,Good
3,0.568,0.000715604661556393,Good
3,0.569,0.14870609316233405,Good
3,0.57,0.17790564839241685,Good
3,0.571,0.005306077493937997,Good
3,0.572,-0.0701540842968568,Good
3,0.573,0.0929820562132813,Good
3,0.574,0.04797444858387356,Good
3,0.575,-0.09399968584950696,Good
3,0.576,-0.05579198524183644,Good
3,0.577,-0.03659536442466032,Good
3,0.578,-0.060433816953087485,Good
3,0.579,-0.08638248146018528,Good
3,0.58,0.1633760206223066,Good
3,0.581,-0.09015748382057158,Good
3,0.582,0.08406256405089274,Good
3,0.583,-0.0626324935472767,Good
3,0.584,-0.052007804989750085,Good
3,0.585,0.10636711231110155,Good
3,0.586,-0.14790895766915535,Good
3,0.587,0.04287724171285795,Good
3,0.588,0.14624694052518764,Good
3,0.589,0.0900033257647552,Good
3,0.59,0.03362645521891067,Good
3,0.591,0.12006958797647656,Good
3,0.592,0.22185609745787116,Good
3,0.593,0.018788640782778355,Good
3,0.594,0.014850383972691245,Good
3,0.595,-0.14724301673436854,Good
3,0.596,-0.11323256718496066,Good
3,0.597,-0.1457386940107449,Good
3,0.598,-0.052870707301104186,Good
3,0.599,-0.02533664020824991,Good
3,0.6,0.0694115924300724,Good
3,0.601,0.007263122629964095,Good
3,0.602,-0.015870223314655596,Good
3,0.603,-0.06920745840927478,Good
3,0.604,0.1499854396663491,Good
3,0.605,0.018686747628523997,Good
3,0.606,-0.1550907637266643,Good
3,0.607,-0.04550051487455148,Good
3,0.608,0.04072399042419362,Good
3,0.609,-0.026869294567852715,Good
3,0.61,0.07856570743802319,Good
3,0.611,0.05886590941436129,Good
3,0.612,-0.18807367670992003,Good
3,0.613,-0.0010685751385356857,Good
3,0.614,-0.23723026340029707,Good
3,0.615,-0.0026522050893018345,Good
3,0.616,0.2153497206010668,Good
3,0.617,0.06481614051107414,Good
3,0.618,-0.08242851620636185,Good
3,0.619,-0.027665900505582066,Good
3,0.62,0.032575948250489116,Good
3,0.621,0.024204728758658575,Good
3,0.622,-0.017078668149484038,Good
3,0.623,0.030675282295782244,Good
3,0.624,0.15671587109753468,Good
3,0.625,0.07781565768544657,Good
3,0.626,-0.000511754368478517,Good
3,0.627,0.0012213713830790181,Good
3,0.628,-0.10219019185372041,Good
3,0.629,0.04755128461131175,Good
3,0.63,0.058721068579760144,Good
3,0.631,-0.061375067683416086,Good
3,0.632,0.11109609153206956,Good
3,0.633,-0.070176102510926,Good
3,0.634,0.08973968905176373,Good
3,0.635,-0.04355111155637885,Good
3,0.636,0.03586703923025686,Good
3,0.637,-0.05010942775056836,Good
3,0.638,0.009974271768358998,Good
3,0.639,-0.023570017035009962,Good
3,0.64,0.2397381931784105,Good
3,0.641,0.10671146982880789,Good
3,0.642,0.021720296273106142,Good
3,0.643,0.015204838963990186,Good
3,0.644,0.09893143365340899,Good
3,0.645,-0.011189984963638398,Good
3,0.646,-0.07265044472603187,Good
3,0.647,0.0244766723201058,Good
3,0.648,-0.0706201065328907,Good
3,0.649,0.17535722402573545,Good
3,0.65,0.025824077000368713,Good
3,0.651,0.011931400752251404,Good
3,0.652,-0.10143227266287368,Good
3,0.653,0.12935824896410772,Good
3,0.654,-0.005343667126053156,Good
3,0.655,0.00794392228347762,Good
3,0.656,-0.032193745449566394,Good
3,0.657,0.12547776219901563,Good
3,0.658,0.11801230807914209,Good
3,0.659,-0.028308116762706826,Good
3,0.66,-0.24392456435445053,Good
3,0.661,-0.05701792771253124,Good
3,0.662,-0.007585218752518025,Good
3,0.663,-0.052874347279228386,Good
3,0.664,-0.0022778219194267454,Good
3,0.665,0.1555028390161066,Good
3,0.666,-0.10711199772758494,Good
3,0.667,0.017597347738901828,Good
3,0.668,0.0677612270187357,Good
3,0.669,0.18102984754727047,Good
3,0.67,-0.1262443350130701,Good
3,0.671,-0.09407554332313835,Good
3,0.672,-0.06264418061894592,Good
3,0.673,-0.11935005011665162,Good
3,0.674,-0.04235714421826254,Good
3,0.675,0.06468285522798577,Good
3,0.676,0.012505905735466748,Good
3,0.677,0.015393093600338668,Good
3,0.678,-0.22081911175304794,Good
3,0.679,-0.10314920285559424,Good
3,0.68,0.06478624984283425,Good
3,0.681,0.06253390818450688,Good
3,0.682,0.05941157782396023,Good
3,0.683,-0.05650731231591304,Good
3,0.684,-0.1479189446200849,Good
3,0.685,-0.10209425048470154,Good
3,0.686,0.10855570805378933,Good
3,0.687,-0.07848098903814496,Good
3,0.688,-0.09666952844960269,Good
3,0.689,0.0364488147665545,Good
3,0.69,0.21954256267385688,Good
3,0.691,-0.2432443909821052,Good
3,0.692,-0.08345611986448533,Good
3,0.693,-0.11553701081248319,Good
3,0.694,0.046014152938276084,Good
3,0.695,0.014305270214773595,Good
3,0.696,0.03773376349095562,Good
3,0.697,0.2625853225523981,Good
3,0.698,0.09990593808098601,Good
3,0.699,0.047735836268457066,Good
3,0.7,-0.03292172632283335,Good
3,0.701,-0.3368814191124086,Good
3,0.702,0.1333412832485864,Good
3,0.703,0.11289773845457317,Good
3,0.704,-0.10421558493464321,Good
3,0.705,0.08204049832785332,Good
3,0.706,-0.05352240514250193,Good
3,0.707,0.17372203552809642,Good
3,0.708,-0.0007708540714384919,Good
3,0.709,0.20481944909585323,Good
3,0.71,-0.031080481353158607,Good
3,0.711,0.07518060395502706,Good
3,0.712,0.0077795419262312,Good
3,0.713,-0.11057780464480536,Good
3,0.714,-0.10293843298329218,Good
3,0.715,0.07456543345516774,Good
3,0.716,-0.17768140653719905,Good
3,0.717,0.004669451241525503,Good
3,0.718,0.05252806002416654,Good
3,0.719,-0.056238200056339505,Good
3,0.72,-0.004203021456292948,Good
3,0.721,-0.17318390173326795,Good
3,0.722,-0.15431423399381386,Good
3,0.723,-0.019358480159569685,Good
3,0.724,-0.12408056896609916,Good
3,0.725,0.009119089647439365,Good
3,0.726,0.021313291480803628,Good
3,0.727,0.142041481131844,Good
3,0.728,0.09001263468533484,Good
3,0.729,0.07081197654014566,Good
3,0.73,-0.11582974862122644,Good
3,0.731,0.001889633134946954,Good
3,0.732,0.08963327697493202,Good
3,0.733,0.0061615500481658845,Good
3,0.734,0.12168425905402298,Good
3,0.735,-0.10461732525287781,Good
3,0.736,-0.09599792669782786,Good
3,0.737,-0.013452903175517665,Good
3,0.738,-0.19272936456145134,Good
3,0.739,0.023963695372993782,Good
3,0.74,-0.049575437386751825,Good
3,0.741,0.06627322808164526,Good
3,0.742,0.09802095782298344,Good
3,0.743,0.1356801471490407,Good
3,0.744,-0.08302983825187096,Good
3,0.745,-0.048940243409012166,Good
3,0.746,-0.1495165930342545,Good
3,0.747,0.1671242822159006,Good
3,0.748,0.08438043106049203,Good
3,0.749,0.015190573516241177,Good
3,0.75,-0.009280083704437184,Good
3,0.751,-0.01847838058674035,Good
3,0.752,-0.011421603460540303,Good
3,0.753,-0.001725428207014098,Good
3,0.754,0.0022510826624011207,Good
3,0.755,0.0646081390371365,Good
3,0.756,0.02671495897534948,Good
3,0.757,-0.054788202261564514,Good
3,0.758,0.14436043054052147,Good
3,0.759,-0.13153133817812468,Good
3,0.76,-0.039527964868742896,Good
3,0.761,-0.00799451678019282,Good
3,0.762,-0.07072028201861293,Good
3,0.763,0.06414761969218194,Good
3,0.764,-0.08689673475245781,Good
3,0.765,-0.057529577330015735,Good
3,0.766,0.08953669342724443,Good
3,0.767,0.0387575982716736,Good
3,0.768,-0.030849302722801304,Good
3,0.769,-0.10295471696377984,Good
3,0.77,-0.033543658800045666,Good
3,0.771,0.062303543151203435,Good
3,0.772,0.12503300090650313,Good
3,0.773,-0.14965408884121081,Good
3,0.774,0.07271134877721319,Good
3,0.775,-0.053027540272699694,Good
3,0.776,0.054800982267397706,Good
3,0.777,-0.08457169350159532,Good
3,0.778,-0.0249889880673754,Good
3,0.779,0.03590649532976371,Good
3,0.78,-0.07532322234154536,Good
3,0.781,-0.03548830141759907,Good
3,0.782,0.06682727836506669,Good
3,0.783,-0.03391723784464399,Good
3,0.784,0.09702134057007966,Good
3,0.785,0.060855040321751014,Good
3,0.786,0.12305636291072775,Good
3,0.787,0.09711826939875494,Good
3,0.788,-0.005133841839262568,Good
3,0.789,0.1934706829501536,Good
3,0.79,0.18342061011112917,Good
3,0.791,-0.12798151200816596,Good
3,0.792,0.028503055581989973,Good
3,0.793,0.04515824573223762,Good
3,0.794,-0.006003952581121356,Good
3,0.795,-0.038965786484651516,Good
3,0.796,-0.10767006935378545,Good
3,0.797,-0.026588613105352377,Good
3,0.798,0.0590057729818185,Good
3,0.799,-0.05296881549826106,Good
3,0.8,0.10644367875588674,Good
3,0.801,0.17890145443255479,Good
3,0.802,0.0861677011070375,Good
3,0.803,-0.09199708723584506,Good
3,0.804,0.1405038847875195,Good
3,0.805,0.08514594128314838,Good
3,0.806,-0.12474385117664775,Good
3,0.807,0.1407547996376769,Good
3,0.808,-0.08418244730632019,Good
3,0.809,-0.08263901706246317,Good
3,0.81,-0.010812142358724955,Good
3,0.811,0.08320649864584044,Good
3,0.812,0.06321286143380783,Good
3,0.813,0.134681271031419,Good
3,0.814,-0.009516088723227747,Good
3,0.815,0.05122923642380315,Good
3,0.816,0.06268920473458515,Good
3,0.817,-0.04081839183904194,Good
3,0.818,-0.010458231593008203,Good
3,0.819,0.20532950527917526,Good
3,0.82,0.0038520287569364093,Good
3,0.821,0.0516850955684158,Good
3,0.822,0.021244607348822622,Good
3,0.823,0.16545175951625318,Good
3,0.824,0.11864616217877705,Good
3,0.825,0.09243706868526755,Good
3,0.826,-0.06821311093083395,Good
3,0.827,-0.12229890278371519,Good
3,0.828,0.0893163019459228,Good
3,0.829,0.11726218559041877,Good
3,0.83,-0.015008869402963266,Good
3,0.831,-0.012929298670763404,Good
3,0.832,-0.1854386584373366,Good
3,0.833,0.035386259363834584,Good
3,0.834,0.09829440655982084,Good
3,0.835,0.07180032095235434,Good
3,0.836,0.062360339953418754,Good
3,0.837,-0.006575189804453274,Good
3,0.838,0.002146620470762711,Good
3,0.839,0.015973916806596967,Good
3,0.84,0.11675831362480145,Good
3,0.841,-0.05360709302620245,Good
3,0.842,0.047262295251147245,Good
3,0.843,0.027928904893508612,Good
3,0.844,0.02539106851462918,Good
3,0.845,-0.0026858837922181934,Good
3,0.846,0.013714820913127042,Good
3,0.847,0.10016211841770016,Good
3,0.848,-0.0595383003663773,Good
3,0.849,-0.1750060174265637,Good
3,0.85,-0.033591283646840345,Good
3,0.851,0.032382569836808865,Good
3,0.852,0.10486696557000207,Good
3,0.853,0.0002296063916300921,Good
3,0.854,-0.11725704004747212,Good
3,0.855,-0.05800970154846546,Good
3,0.856,-0.006296010179984823,Good
3,0.857,0.10988840299355106,Good
3,0.858,0.18076717844272652,Good
3,0.859,-0.12326441258384667,Good
3,0.86,0.09196656757229561,Good
3,0.861,0.08274536141783334,Good
3,0.862,0.1216805003855271,Good
3,0.863,-0.012705067403449948,Good
3,0.864,0.00013373458315805236,Good
3,0.865,-0.011269046450850424,Good
3,0.866,-0.040585498876138465,Good
3,0.867,0.1646577766529597,Good
3,0.868,0.10333462092218831,Good
3,0.869,-0.09673280462243022,Good
3,0.87,0.0609582466406399,Good
3,0.871,-0.016259363704896054,Good
3,0.872,-0.04595722440134137,Good
3,0.873,0.03546437053747776,Good
3,0.874,-0.09736989287219561,Good
3,0.875,-0.1908864286108031,Good
3,0.876,-0.023204920889859378,Good
3,0.877,0.15266654099858748,Good
3,0.878,-0.19100294082643993,Good
3,0.879,-0.10175913391227204,Good
3,0.88,0.07275448422236712,Good
3,0.881,0.16151153319728012,Good
3,0.882,0.031971944134246755,Good
3,0.883,0.10229182261759243,Good
3,0.884,-0.061512392074961765,Good
3,0.885,-0.1845985741268423,Good
3,0.886,0.09978263565096823,Good
3,0.887,0.020691239155417124,Good
3,0.888,0.022282119100759917,Good
3,0.889,-0.1517356080989948,Good
3,0.89,-0.05583849219492182,Good
3,0.891,0.11368113065406518,Good
3,0.892,0.02399569678336219,Good
3,0.893,0.07024438286845493,Good
3,0.894,-0.1335362305032795,Good
3,0.895,0.05568386281416391,Good
3,0.896,-0.03928536869279104,Good
3,0.897,0.25141156697821454,Good
3,0.898,-0.01108832357070956,Good
3,0.899,0.01300216621973935,Good
3,0.9,-0.09515246327175154,Good
3,0.901,-0.02988081533239811,Good
3,0.902,0.050210640960860045,Good
3,0.903,0.012467828524585688,Good
3,0.904,0.0627078781425902,Good
3,0.905,0.014943745612605534,Good
3,0.906,0.016399398470656298,Good
3,0.907,0.09710080200990698,Good
3,0.908,0.0229630911531324,Good
3,0.909,0.04745509662383354,Good
3,0.91,0.07113529883327517,Good
3,0.911,-0.07039100488648353,Good
3,0.912,-0.10366654784572618,Good
3,0.913,0.09152798850997035,Good
3,0.914,0.06727759949569616,Good
3,0.915,-0.061188675633293214,Good
3,0.916,0.16945845153128059,Good
3,0.917,0.011004589860180616,Good
3,0.918,-0.02328697869877336,Good
3,0.919,-0.019326352096767987,Good
3,0.92,-0.12415457579003203,Good
3,0.921,-0.0586085046390084,Good
3,0.922,-0.027525057029263035,Good
3,0.923,-0.15654398701797628,Good
3,0.924,0.018215027492431864,Good
3,0.925,-0.17326146849770022,Good
3,0.926,-0.1729027924721087,Good
3,0.927,-0.10786821786422263,Good
3,0.928,-0.004610869105301452,Good
3,0.929,-0.032673265530046576,Good
3,0.93,-0.04901875514076664,Good
3,0.931,-0.002372151985904653,Good
3,0.932,-0.06326461770732592,Good
3,0.933,-0.07557449481208665,Good
3,0.934,-0.11802249856065412,Good
3,0.935,0.05678787915555006,Good
3,0.936,0.2463561721570208,Good
3,0.937,-0.07019832851875427,Good
3,0.938,0.18573386848422577,Good
3,0.939,0.029318377732357827,Good
3,0.94,-0.013789237299201122,Good
3,0.941,0.05330096982808313,Good
3,0.942,0.030001397471664682,Good
3,0.943,0.081213910511594,Good
3,0.944,0.07444057629234273,Good
3,0.945,-0.0301725958122204,Good
3,0.946,-0.03238409493837245,Good
3,0.947,0.07540625566718062,Good
3,0.948,-0.24709350827354407,Good
3,0.949,0.15886827660745662,Good
3,0.95,-0.009765592543439176,Good
3,0.951,0.0020084573517336664,Good
3,0.952,-0.14272740218486785,Good
3,0.953,-0.054789638395668805,Good
3,0.954,-0.008187927101530924,Good
3,0.955,-0.017069570325789943,Good
3,0.956,0.016225125111623953,Good
3,0.957,-0.02578376970775438,Good
3,0.958,0.1128182890439329,Good
3,0.959,-0.010127682192664904,Good
3,0.96,-0.052786629727819556,Good
3,0.961,-0.06762201993281816,Good
3,0.962,0.06045721524421119,Good
3,0.963,0.09854241525004953,Good
3,0.964,0.10152795763869225,Good
3,0.965,-0.05335631250565126,Good
3,0.966,0.1488293062719186,Good
3,0.967,-0.00981669694836485,Good
3,0.968,-0.006382237619134983,Good
3,0.969,-0.02917604609089335,Good
3,0.97,-0.007748938491343092,Good
3,0.971,0.06685667053831627,Good
3,0.972,0.06847903690061323,Good
3,0.973,-0.06880160031441274,Good
3,0.974,-0.10219117817467666,Good
3,0.975,-0.04556166998610395,Good
3,0.976,-0.020161950098844597,Good
3,0.977,-0.1563593198000074,Good
3,0.978,0.12384783120011761,Good
3,0.979,-0.17879246373156218,Good
3,0.98,-0.07961678815551752,Good
3,0.981,0.08394064879640663,Good
3,0.982,0.006962782788346982,Good
3,0.983,0.11915405164239393,Good
3,0.984,-0.11498383841859493,Good
3,0.985,0.07454349735275685,Good
3,0.986,-0.0520131626364057,Good
3,0.987,0.015357888829448078,Good
3,0.988,-0.059611541321890366,Good
3,0.989,-0.13249386543619826,Good
3,0.99,0.10482287401662407,Good
3,0.991,-0.07443519844315478,Good
3,0.992,0.0017831811401565587,Good
3,0.993,0.04240061992926729,Good
3,0.994,0.07236929380381303,Good
3,0.995,-0.044242821311200414,Good
3,0.996,-0.0855411108060361,Good
3,0.997,0.2060565606753537,Good
3,0.998,-0.019001321083141995,Good
3,0.999,-0.04713005401871979,Good
4,0.0,0.02228536532616447,Good
4,0.001,0.06997522465211943,Good
4,0.002,0.014843516085478674,Good
4,0.003,-0.33279228489867213,Good
4,0.004,0.029230986843843672,Good
4,0.005,-0.060137536371370925,Good
4,0.006,-0.22806222696316467,Good
4,0.007,-0.12985166605053675,Good
4,0.008,0.11076880549416773,Good
4,0.009,-0.038258566169021076,Good
4,0.01,-0.03337254669883721,Good
4,0.011,-0.026147674635214547,Good
4,0.012,0.11309392776368477,Good
4,0.013,0.05029368364495079,Good
4,0.014,0.056226148170661495,Good
4,0.015,-0.054090814293347694,Good
4,0.016,0.16087920929589017,Good
4,0.017,0.0916166259764241,Good
4,0.018,-0.019151871019077435,Good
4,0.019,-0.049110278293074655,Good
4,0.02,0.005205772460162204,Good
4,0.021,0.15441084024348217,Good
4,0.022,-0.14497728506791574,Good
4,0.023,0.05887367360196534,Good
4,0.024,-0.02605529336792782,Good
4,0.025,-0.1803269673878729,Good
4,0.026,0.019364374944071363,Good
4,0.027,0.02307781935022503,Good
4,0.028,0.0586377499420202,Good
4,0.029,-0.16511629670312805,Good
4,0.03,0.12455080728341844,Good
4,0.031,0.07617501847097713,Good
4,0.032,-0.05577678893885784,Good
4,0.033,0.029172815683355516,Good
4,0.034,-0.07317266042758407,Good
4,0.035,0.16912514085085495,Good
4,0.036,-0.008973812357370745,Good
4,0.037,0.16001420664916285,Good
4,0.038,0.0032449377727955726,Good
4,0.039,0.0553400544956615,Good
4,0.04,0.05569878168395037,Good
4,0.041,-0.11456844059931162,Good
4,0.042,-0.07749254121912724,Good
4,0.043,-0.09231890486898026,Good
4,0.044,0.03242390025789128,Good
4,0.045,0.22132585972693442,Good
4,0.046,-0.1606510461206847,Good
4,0.047,-0.02948541861790825,Good
4,0.048,0.057943462983930764,Good
4,0.049,-0.022841562527039522,Good
4,0.05,-0.29942521349242923,Good
4,0.051,0.12756362702849397,Good
4,0.052,0.03114521222123805,Good
4,0.053,-0.07817065890596211,Good
4,0.054,0.23406199186573323,Good
4,0.055,-0.09454613489467276,Good
4,0.056,-0.07486191637184118,Good
4,0.057,0.0011902704049749405,Good
4,0.058,-0.012666100770988516,Good
4,0.059,0.05839727711937792,Good
4,0.06,-0.05317063711852538,Good
4,0.061,0.1508210008508103,Good
4,0.062,-0.08517187526431072,Good
4,0.063,-0.03372995938772353,Good
4,0.064,0.029673772477947655,Good
4,0.065,-0.07996090429654508,Good
4,0.066,0.08546541608276764,Good
4,0.067,0.016459825359992103,Good
4,0.068,-0.03948798071606508,Good
4,0.069,0.08887277268402155,Good
4,0.07,0.014188093357060864,Good
4,0.071,0.04025232014842012,Good
4,0.072,-0.0632656621641131,Good
4,0.073,0.0844078469329431,Good
4,0.074,0.008257824171146056,Good
4,0.075,0.07134499527741071,Good
4,0.076,0.1444348938535883,Good
4,0.077,0.035469527866603644,Good
4,0.078,-0.06996008423419231,Good
4,0.079,0.06279942002910932,Good
4,0.08,0.08101015909177132,Good
4,0.081,0.08498545100325713,Good
4,0.082,0.048991651465291636,Good
4,0.083,-0.11024028490422572,Good
4,0.084,0.14847495989964538,Good
4,0.085,-0.02238337992708784,Good
4,0.086,-0.04604339770926502,Good
4,0.087,0.03159250432521207,Good
4,0.088,0.018775320616202646,Good
4,0.089,-0.09203156423642882,Good
4,0.09,0.037412745924772596,Good
4,0.091,-0.08860792175447628,Good
4,0.092,0.17322918108792484,Good
4,0.093,0.1279848103216726,Good
4,0.094,0.044583686617209246,Good
4,0.095,0.039354474151218594,Good
4,0.096,-0.01937896057746647,Good
4,0.097,-0.01317274586099694,Good
4,0.098,-0.053678079653516245,Good
4,0.099,-0.02202647156944478,Good
4,0.1,-0.027429349143675376,Good
4,0.101,0.07255413979357538,Good
4,0.102,-0.10570154639661673,Good
4,0.103,0.03345523421304993,Good
4,0.104,0.04175314944605575,Good
4,0.105,0.006965675082464835,Good
4,0.106,-0.07020147931916947,Good
4,0.107,0.05006726641612135,Good
4,0.108,-8.864756648661381e-05,Good
4,0.109,0.005310513606229425,Good
4,0.11,-0.15942090616967666,Good
4,0.111,0.025114872723114908,Good
4,0.112,-0.07486219591885059,Good
4,0.113,-0.05200359798614817,Good
4,0.114,-0.015433568548202617,Good
4,0.115,-0.08235458770559327,Good
4,0.116,0.004932396280373983,Good
4,0.117,0.1148697150270081,Good
4,0.118,-4.529225019841602e-05,Good
4,0.119,-0.10516646404388824,Good
4,0.12,-0.017251970256733595,Good
4,0.121,0.013309381499233448,Good
4,0.122,0.050871001743450966,Good
4,0.123,0.13059943494998857,Good
4,0.124,-0.031922142138861014,Good
4,0.125,0.03978958915072324,Good
4,0.126,-0.014797891868631017,Good
4,0.127,0.10315118244293932,Good
4,0.128,-0.12727809588612315,Good
4,0.129,-0.1183161915691485,Good
4,0.13,-0.09896128111135108,Good
4,0.131,-0.11088929526188512,Good
4,0.132,-0.1039708428244721,Good
4,0.133,0.062217931023289985,Good
4,0.134,0.12346414770132266,Good
4,0.135,0.04357611113090395,Good
4,0.136,-0.0968738308764075,Good
4,0.137,-0.046805774315694645,Good
4,0.138,-0.04667531216935728,Good
4,0.139,-0.26194964225042516,Good
4,0.14,0.00095207429085091,Good
4,0.141,-0.0323365097876131,Good
4,0.142,-0.1427628880390916,Good
4,0.143,-0.2928118971345687,Good
4,0.144,-0.09046147466330569,Good
4,0.145,0.022347656128790777,Good
4,0.146,-0.09044572764986085,Good
4,0.147,0.09702863665332495,Good
4,0.148,-0.3105580266101217,Good
4,0.149,-0.10358298671464014,Good
4,0.15,-0.27332753831140066,Good
4,0.151,-0.35103668787868997,Good
4,0.152,-0.13586099958456158,Good
4,0.153,-0.3604868790912884,Good
4,0.154,-0.18940391928222772,Good
4,0.155,-0.34201682559764224,Good
4,0.156,-0.3924331580976872,Good
4,0.157,-0.4567773200086595,Good
4,0.158,-0.43823458184588715,Good
4,0.159,-0.3287963056788065,Good
4,0.16,-0.4113090417705545,Good
4,0.161,-0.5138005988801548,Good
4,0.162,-0.6442446377595561,Good
4,0.163,-0.693583153755901,Good
4,0.164,-0.5617642813642248,Good
4,0.165,-0.7952272333409323,Good
4,0.166,-0.6640121156840302,Good
4,0.167,-0.7736401529716155,Good
4,0.168,-0.8582930093727136,Good
4,0.169,-0.5665674025986298,Good
4,0.17,-1.2309116722316003,Good
4,0.171,-0.8994184945428869,Good
4,0.172,-0.9457635089471282,Good
4,0.173,-1.0717826179684153,Good
4,0.174,-1.1204418178937885,Good
4,0.175,-1.1631297077432305,Good
4,0.176,-1.2928256741532944,Good
4,0.177,-1.0176638688538913,Good
4,0.178,-1.4783833698999682,Good
4,0.179,-1.6292423656701898,Good
4,0.18,-1.3985268599904568,Good
4,0.181,-1.5377113464971839,Good
4,0.182,-1.8043756319621718,Good
4,0.183,-1.6154456984991592,Good
4,0.184,-1.8197987037341707,Good
4,0.185,-1.6507091831642584,Good
4,0.186,-1.7001601803426039,Good
4,0.187,-1.9210411799392244,Good
4,0.188,-1.967114386280231,Good
4,0.189,-1.9464289983907683,Good
4,0.19,-2.000546692852215,Good
4,0.191,-1.9556822232407092,Good
4,0.192,-2.2147722801564176,Good
4,0.193,-2.079628543953918,Good
4,0.194,-2.167405280148708,Good
4,0.195,-2.356901827135408,Good
4,0.196,-2.285338065282864,Good
4,0.197,-2.329010743770119,Good
4,0.198,-2.305340268040843,Good
4,0.199,-2.298982896328556,Good
4,0.2,-2.4174690431199504,Good
4,0.201,-2.3150520521974727,Good
4,0.202,-2.3958391676238504,Good
4,0.203,-2.17187421560898,Good
4,0.204,-2.1968004473470453,Good
4,0.205,-2.0960982409937547,Good
4,0.206,-2.0937397706327365,Good
4,0.207,-2.0726815727245036,Good
4,0.208,-2.049773882757537,Good
4,0.209,-2.0802582375992476,Good
4,0.21,-2.06169849755475,Good
4,0.211,-1.86042703887658,Good
4,0.212,-1.8884607751503424,Good
4,0.213,-1.6806223240963492,Good
4,0.214,-1.7860693233030212,Good
4,0.215,-1.457490593386687,Good
4,0.216,-1.484382541449363,Good
4,0.217,-1.5271660632068123,Good
4,0.218,-1.2496920518817822,Good
4,0.219,-1.1472815418592288,Good
4,0.22,-0.9522894006031486,Good
4,0.221,-0.7879786618728016,Good
4,0.222,-0.6964599748804072,Good
4,0.223,-0.6880767634430675,Good
4,0.224,-0.3600405105499463,Good
4,0.225,-0.30385986165355466,Good
4,0.226,-0.26428546381146273,Good
4,0.227,0.11217034664518585,Good
4,0.228,0.06948600768602317,Good
4,0.229,0.33938199063082025,Good
4,0.23,0.40651527284562594,Good
4,0.231,0.5728127355963176,Good
4,0.232,0.5481193410728735,Good
4,0.233,0.5344499624419305,Good
4,0.234,0.8458964960407789,Good
4,0.235,0.8809847796404504,Good
4,0.236,1.13216421749871,Good
4,0.237,1.1434971963671634,Good
4,0.238,1.4326842262224475,Good
4,0.239,1.4083834410650018,Good
4,0.24,1.4053625512128676,Good
4,0.241,1.7044709582342774,Good
4,0.242,1.734121864164303,Good
4,0.243,1.795850968754625,Good
4,0.244,1.715524246498465,Good
4,0.245,1.9155504822368028,Good
4,0.246,2.0030402868848842,Good
4,0.247,2.0514258142506665,Good
4,0.248,2.097390094839995,Good
4,0.249,2.0251064074572476,Good
4,0.25,1.995303536472359,Good
4,0.251,1.8593971776044182,Good
4,0.252,1.9034213124343162,Good
4,0.253,1.8179174253422172,Good
4,0.254,1.9384413501360984,Good
4,0.255,1.9459361350429214,Good
4,0.256,1.98291112047366,Good
4,0.257,1.825319954867679,Good
4,0.258,1.8316638227279256,Good
4,0.259,1.6232312115398786,Good
4,0.26,1.4056649274182649,Good
4,0.261,1.277535457305174,Good
4,0.262,1.2259795547647576,Good
4,0.263,1.1253201245575042,Good
4,0.264,0.8866578459607221,Good
4,0.265,0.545658281811438,Good
4,0.266,0.6424208051633045,Good
4,0.267,0.6334735768612262,Good
4,0.268,0.6169819674873279,Good
4,0.269,0.1944761650420519,Good
4,0.27,0.2776980596752167,Good
4,0.271,-0.06186283824461078,Good
4,0.272,0.03561889229419192,Good
4,0.273,-0.13195502093372086,Good
4,0.274,-0.39514324698028225,Good
4,0.275,-0.595509607190348,Good
4,0.276,-0.7293396705549026,Good
4,0.277,-0.7415705483415469,Good
4,0.278,-0.8692669443117825,Good
4,0.279,-1.0964799666761096,Good
4,0.28,-1.1766970682891775,Good
4,0.281,-1.3003841526414381,Good
4,0.282,-1.5584976067137106,Good
4,0.283,-1.5440984474074093,Good
4,0.284,-1.5869163171377743,Good
4,0.285,-1.6296980144067017,Good
4,0.286,-1.8566824854063801,Good
4,0.287,-1.7841414898670565,Good
4,0.288,-1.8299539333003494,Good
4,0.289,-2.0882048851362156,Good
4,0.29,-1.8692599780083636,Good
4,0.291,-2.1986570947948496,Good
4,0.292,-2.176910475858992,Good
4,0.293,-2.174860896142495,Good
4,0.294,-2.218097782237033,Good
4,0.295,-2.245559268989442,Good
4,0.296,-2.505766039906344,Good
4,0.297,-2.2026627158154404,Good
4,0.298,-2.2545663533514118,Good
4,0.299,-2.070294901607726,Good
4,0.3,-2.193918683548984,Good
4,0.301,-2.0804107652408663,Good
4,0.302,-2.3197753997501565,Good
4,0.303,-2.1500654593232715,Good
4,0.304,-2.2289484300833267,Good
4,0.305,-1.974609846628512,Good
4,0.306,-2.1350121805142988,Good
4,0.307,-2.1326848304697426,Good
4,0.308,-2.0694533426963173,Good
4,0.309,-2.0808965291732413,Good
4,0.31,-2.177641679619488,Good
4,0.311,-1.9918610647353312,Good
4,0.312,-1.8293151170975628,Good
4,0.313,-1.9054957752506176,Good
4,0.314,-1.7385790359694355,Good
4,0.315,-1.7686243367132881,Good
4,0.316,-1.6510157815932878,Good
4,0.317,-1.3877856521196548,Good
4,0.318,-1.4932724253065182,Good
4,0.319,-1.371107469601624,Good
4,0.32,-1.4468324953098342,Good
4,0.321,-1.2045153687210388,Good
4,0.322,-1.292900983690741,Good
4,0.323,-1.3398398530163578,Good
4,0.324,-1.3171259158975808,Good
4,0.325,-1.0254010669269484,Good
4,0.326,-1.0090475810561457,Good
4,0.327,-1.0656536202495053,Good
4,0.328,-0.8388084787229506,Good
4,0.329,-0.9327796122378856,Good
4,0.33,-0.9659741158586397,Good
4,0.331,-0.8694976438090011,Good
4,0.332,-0.7517857739836812,Good
4,0.333,-0.7085210579561774,Good
4,0.334,-0.770239853323044,Good
4,0.335,-0.8017048875673249,Good
4,0.336,-0.3715564725665567,Good
4,0.337,-0.5222104239188083,Good
4,0.338,-0.6724608611804943,Good
4,0.339,-0.5259997093204387,Good
4,0.34,-0.66646951873696,Good
4,0.341,-0.3237009900885406,Good
4,0.342,-0.45263870285598395,Good
4,0.343,-0.38172304591458517,Good
4,0.344,-0.40727157169783945,Good
4,0.345,-0.38218869539055805,Good
4,0.346,-0.34535329561683337,Good
4,0.347,-0.35842302159678563,Good
4,0.348,-0.27538784360463586,Good
4,0.349,-0.19204644781185437,Good
4,0.35,0.0054151146748217804,Good
4,0.351,-0.17694875520201228,Good
4,0.352,-0.365392172659089,Good
4,0.353,-0.23451574610664394,Good
4,0.354,-0.04376752392045445,Good
4,0.355,-0.153196636350049,Good
4,0.356,-0.21269851267185153,Good
4,0.357,-0.12576384477745606,Good
4,0.358,-0.08232920953187024,Good
4,0.359,-0.0914550753037734,Good
4,0.36,-0.06280605744133336,Good
4,0.361,-0.12852936076444604,Good
4,0.362,0.019109516466942075,Good
4,0.363,-0.0049206566636246785,Good
4,0.364,-0.0853875540077664,Good
4,0.365,-0.21959135093541363,Good
4,0.366,0.0528843938357462,Good
4,0.367,-0.06316903467194335,Good
4,0.368,-0.24958799212006139,Good
4,0.369,-0.08108412085730882,Good
4,0.37,-0.1342063680005521,Good
4,0.371,0.1267664721053706,Good
4,0.372,0.055478360922424655,Good
4,0.373,-0.12718604837857372,Good
4,0.374,-0.04384251679264289,Good
4,0.375,-0.036009548858560364,Good
4,0.376,0.049585056886573185,Good
4,0.377,-0.017904787396715357,Good
4,0.378,0.14311920156412164,Good
4,0.379,-0.013679017243569406,Good
4,0.38,0.013484926223257691,Good
4,0.381,0.09739251427336616,Good
4,0.382,-0.0932437346285343,Good
4,0.383,-0.11865732992847033,Good
4,0.384,-0.03648865882628435,Good
4,0.385,-0.005997264760881389,Good
4,0.386,0.06170953817756852,Good
4,0.387,0.006118251808070404,Good
4,0.388,-0.025449886239145555,Good
4,0.389,-0.029211507917172693,Good
4,0.39,0.12162590719951519,Good
4,0.391,-0.08842080778552819,Good
4,0.392,-0.10725564550828069,Good
4,0.393,-0.10170323721252249,Good
4,0.394,-0.05406978483958161,Good
4,0.395,-0.042204590355156835,Good
4,0.396,-0.13012525431985622,Good
4,0.397,0.15318037074937285,Good
4,0.398,0.0567112997420136,Good
4,0.399,-0.11324301571276503,Good
4,0.4,-0.021264865505617434,Good
4,0.401,0.025833755191590965,Good
4,0.402,0.1729847308596869,Good
4,0.403,0.10985629704172212,Good
4,0.404,0.13451133789735187,Good
4,0.405,0.004570257898830579,Good
4,0.406,0.10871983573874247,Good
4,0.407,-0.09490422381669208,Good
4,0.408,-0.06958573142676064,Good
4,0.409,-0.11658429891471178,Good
4,0.41,-0.031440591059926914,Good
4,0.411,0.09749741226482639,Good
4,0.412,-0.12323456981486597,Good
4,0.413,0.0729754088152828,Good
4,0.414,0.10354735439599483,Good
4,0.415,0.046249571493280656,Good
4,0.416,0.09901455741714428,Good
4,0.417,-0.043849846300927524,Good
4,0.418,-0.09041626887726327,Good
4,0.419,0.11159096000069134,Good
4,0.42,-0.20394022382065125,Good
4,0.421,0.05614286981269659,Good
4,0.422,0.1880970734005612,Good
4,0.423,0.1483892043517616,Good
4,0.424,-0.11811088756991875,Good
4,0.425,-0.13598858296389135,Good
4,0.426,-0.013456925300843324,Good
4,0.427,0.03659035064669065,Good
4,0.428,-0.13867218126161293,Good
4,0.429,0.07360150020081953,Good
4,0.43,0.008612326447807182,Good
4,0.431,0.04313544661088947,Good
4,0.432,0.04564935637245715,Good
4,0.433,-0.07082284678255334,Good
4,0.434,-0.023675989373973957,Good
4,0.435,0.14403048479864033,Good
4,0.436,-0.052232492211096965,Good
4,0.437,-0.028421882238264057,Good
4,0.438,0.030516231172992337,Good
4,0.439,0.08872384461226372,Good
4,0.44,0.08722998835024086,Good
4,0.441,-0.047049618418903545,Good
4,0.442,0.10414949765019908,Good
4,0.443,0.15471071110183898,Good
4,0.444,-0.09203895305342277,Good
4,0.445,0.053337818763957504,Good
4,0.446,-0.061626975713543475,Good
4,0.447,-0.03958233994490937,Good
4,0.448,-0.08853175830458337,Good
4,0.449,0.09675439407669699,Good
4,0.45,0.05041227312035465,Good
4,0.451,-0.08522806255260235,Good
4,0.452,0.06648499947580269,Good
4,0.453,-0.008342150221803455,Good
4,0.454,0.1679140122059669,Good
4,0.455,-0.08147756025009585,Good
4,0.456,0.06137040389466522,Good
4,0.457,-0.06527209384347442,Good
4,0.458,-0.00544026979366994,Good
4,0.459,-0.10936921483115628,Good
4,0.46,-0.28555671590710546,Good
4,0.461,0.05307880907223536,Good
4,0.462,0.025658938244973548,Good
4,0.463,-0.025201609037698854,Good
4,0.464,-0.14175920807752287,Good
4,0.465,0.10649582374331068,Good
4,0.466,-0.028128529614771965,Good
4,0.467,0.10999714305051933,Good
4,0.468,0.08306260488110068,Good
4,0.469,-0.033994257149944834,Good
4,0.47,-0.05672857202841162,Good
4,0.471,-0.11507221802797679,Good
4,0.472,0.02488093811725766,Good
4,0.473,0.1014985427590086,Good
4,0.474,-0.011949381458687947,Good
4,0.475,0.04735097122162264,Good
4,0.476,0.03369876430012471,Good
4,0.477,-0.04412976186593535,Good
4,0.478,-0.1013068516580124,Good
4,0.479,-0.08858094204428897,Good
4,0.48,-0.07327326825576697,Good
4,0.481,-0.06209104564806925,Good
4,0.482,-0.003901012365498276,Good
4,0.483,0.021345229303392606,Good
4,0.484,-0.1262739785516913,Good
4,0.485,0.05115223510622711,Good
4,0.486,0.013640121592518609,Good
4,0.487,-0.07106528061414764,Good
4,0.488,0.16793851919929145,Good
4,0.489,-0.029552081230028882,Good
4,0.49,-0.04406743017232018,Good
4,0.491,-0.08425917448710071,Good
4,0.492,-0.020937816789970507,Good
4,0.493,0.12704959438531813,Good
4,0.494,0.11736459374886116,Good
4,0.495,0.09769493126071747,Good
4,0.496,-0.11823970711592807,Good
4,0.497,-0.08868403259082576,Good
4,0.498,0.010233111568175357,Good
4,0.499,-0.034874014319064235,Good
4,0.5,0.01254464493907222,Good
4,0.501,-0.012622461857539322,Good
4,0.502,-0.019165609897670584,Good
4,0.503,-0.01963349004006333,Good
4,0.504,0.03295694469242757,Good
4,0.505,-0.003756701987056175,Good
4,0.506,-0.031018165026734407,Good
4,0.507,0.04561965383210147,Good
4,0.508,0.09587910013659262,Good
4,0.509,-0.10813673507593649,Good
4,0.51,-0.19421596710889966,Good
4,0.511,0.03787626041701331,Good
4,0.512,0.06135266109241782,Good
4,0.513,0.05139522689460335,Good
4,0.514,0.0115489987515157,Good
4,0.515,-0.05372950320367438,Good
4,0.516,0.15679282930124655,Good
4,0.517,-0.10794701846561774,Good
4,0.518,0.13103558605340845,Good
4,0.519,0.1286620398826177,Good
4,0.52,-0.06459760338553786,Good
4,0.521,-0.10024442352598646,Good
4,0.522,0.028750556322434243,Good
4,0.523,0.052167076046553566,Good
4,0.524,-0.13408573264704116,Good
4,0.525,0.023138855686944723,Good
4,0.526,-0.04889221346887386,Good
4,0.527,-0.05461640212587443,Good
4,0.528,-0.1227978610959297,Good
4,0.529,0.011168385553232857,Good
4,0.53,-0.18938159722409595,Good
4,0.531,0.015414725626678236,Good
4,0.532,-0.01937126062657069,Good
4,0.533,-0.15841095845323622,Good
4,0.534,-0.029116833665551112,Good
4,0.535,-0.10113515514963159,Good
4,0.536,0.10898977715753003,Good
4,0.537,0.041717267109606104,Good
4,0.538,-0.0016592721062959781,Good
4,0.539,0.12343208014382046,Good
4,0.54,-0.09671357279048005,Good
4,0.541,0.1013502775587894,Good
4,0.542,0.12116668878533315,Good
4,0.543,-0.09117840751467662,Good
4,0.544,-0.0069419509242694775,Good
4,0.545,-0.028135875103849597,Good
4,0.546,0.011191701199387097,Good
4,0.547,0.031083053701352444,Good
4,0.548,-0.09196836686516643,Good
4,0.549,-0.13929230303930903,Good
4,0.55,0.025836632427926498,Good
4,0.551,0.10855340958028835,Good
4,0.552,-0.059069000002713035,Good
4,0.553,0.03720278186948924,Good
4,0.554,-0.02386648738651377,Good
4,0.555,0.1952697640120959,Good
4,0.556,0.09720729958581828,Good
4,0.557,-0.016475626067414227,Good
4,0.558,0.07428928348481208,Good
4,0.559,-0.04529657952453639,Good
4,0.56,0.05462693388642087,Good
4,0.561,-0.2517790572309512,Good
4,0.562,0.029370748948703004,Good
4,0.563,0.10646858744755916,Good
4,0.564,-0.33321195259752695,Good
4,0.565,0.1513727421035939,Good
4,0.566,-0.11775209289203648,Good
4,0.567,0.08267233322740383,Good
4,0.568,-0.014410783001020208,Good
4,0.569,-0.06736515499543388,Good
4,0.57,0.19863840178772618,Good
4,0.571,0.026207259209564234,Good
4,0.572,-0.08329578504667161,Good
4,0.573,0.04461719349811216,Good
4,0.574,0.06298520800410067,Good
4,0.575,-0.10710414308638538,Good
4,0.576,-0.04395784258326989,Good
4,0.577,-0.006286216443738037,Good
4,0.578,0.07940671171284426,Good
4,0.579,-0.0007496042241514516,Good
4,0.58,0.04428824867361145,Good
4,0.581,0.2129421896016572,Good
4,0.582,-0.017755202510673095,Good
4,0.583,-0.06917938573344613,Good
4,0.584,-0.034154463430092284,Good
4,0.585,-0.26942313416779856,Good
4,0.586,-0.011686257167006546,Good
4,0.587,-0.04055108287995395,Good
4,0.588,0.09019655923662703,Good
4,0.589,0.06971498651382689,Good
4,0.59,-0.1818049987405334,Good
4,0.591,0.1519317386050609,Good
4,0.592,-0.2160804997437522,Good
4,0.593,-0.007641535529501975,Good
4,0.594,-0.060387110520812894,Good
4,0.595,-0.12608118418952713,Good
4,0.596,0.051686528210701514,Good
4,0.597,-0.05170188999001338,Good
4,0.598,0.16769769757484568,Good
4,0.599,-0.0356117744857142,Good
4,0.6,-0.16729117834561696,Good
4,0.601,-0.1524827071541639,Good
4,0.602,-0.09956215167538066,Good
4,0.603,-0.06679227650277596,Good
4,0.604,-0.20568504922452152,Good
4,0.605,0.10846108524929694,Good
4,0.606,0.12814349276492992,Good
4,0.607,-0.07164902410652178,Good
4,0.608,0.09372078204869039,Good
4,0.609,0.026237058975281953,Good
4,0.61,-0.08100558189874577,Good
4,0.611,0.07612213028043208,Good
4,0.612,-0.013894298534917696,Good
4,0.613,0.07938896937579455,Good
4,0.614,0.009004428976542423,Good
4,0.615,-0.11805606076512416,Good
4,0.616,0.042450732846725445,Good
4,0.617,-0.06202636857179333,Good
4,0.618,-0.14680636849482984,Good
4,0.619,-0.21506455000425967,Good
4,0.62,-0.025788994762641848,Good
4,0.621,-0.033748623439780974,Good
4,0.622,0.05155074045390608,Good
4,0.623,0.19905676372576198,Good
4,0.624,-0.07779238159326216,Good
4,0.625,-0.09230894312799902,Good
4,0.626,-0.024554763872734173,Good
4,0.627,0.21199233633730527,Good
4,0.628,-0.09268055943736973,Good
4,0.629,-0.03410503059468352,Good
4,0.63,-0.13522148267524892,Good
4,0.631,0.046657337561947516,Good
4,0.632,0.02923908985503268,Good
4,0.633,-0.007896566122642694,Good
4,0.634,0.06798559481477053,Good
4,0.635,-0.006957932349494229,Good
4,0.636,-0.043766969383770664,Good
4,0.637,-0.019257580133583096,Good
4,0.638,0.08698936355477337,Good
4,0.639,-0.02839763262524744,Good
4,0.64,0.003708508808504443,Good
4,0.641,-0.05602556632368521,Good
4,0.642,0.17672472961855884,Good
4,0.643,0.12234221944615771,Good
4,0.644,0.07128986130291244,Good
4,0.645,-0.02935662533039815,Good
4,0.646,0.2314864612428822,Good
4,0.647,-0.10260016127275656,Good
4,0.648,-0.06891538169590852,Good
4,0.649,-0.03212547052522432,Good
4,0.65,0.12053030607548157,Good
4,0.651,0.08344259314478143,Good
4,0.652,-0.06678404236123256,Good
4,0.653,-0.043562649815862976,Good
4,0.654,-0.17345914937782528,Good
4,0.655,0.029950852330733125,Good
4,0.656,-0.09689967151301614,Good
4,0.657,0.09027766230421504,Good
4,0.658,0.08622941365200955,Good
4,0.659,0.04236906244528625,Good
4,0.66,-0.008262326405010813,Good
4,0.661,-0.16701515991353197,Good
4,0.662,0.020155826837747734,Good
4,0.663,-0.20376009727917443,Good
4,0.664,0.018214506486651714,Good
4,0.665,0.06631620257345644,Good
4,0.666,0.004349790297809084,Good
4,0.667,0.024657002946497905,Good
4,0.668,-0.04466754902292073,Good
4,0.669,0.004745069433035807,Good
4,0.67,0.023314943961799346,Good
4,0.671,0.15535595867134253,Good
4,0.672,-0.04838069539463214,Good
4,0.673,-0.08490730365817839,Good
4,0.674,-0.05472634879679285,Good
4,0.675,0.041072954777679825,Good
4,0.676,0.023798826941767312,Good
4,0.677,0.08760003062258914,Good
4,0.678,-0.13490886932991375,Good
4,0.679,0.17000630981296277,Good
4,0.68,-0.016295375433540853,Good
4,0.681,-0.12444796523452253,Good
4,0.682,-0.1587022382503803,Good
4,0.683,-0.008910718115255836,Good
4,0.684,0.12010355770474326,Good
4,0.685,0.01960803255526164,Good
4,0.686,0.03482228054621593,Good
4,0.687,-0.01800867673224565,Good
4,0.688,-0.12198255267675072,Good
4,0.689,0.060635507049794035,Good
4,0.69,0.08849790687761852,Good
4,0.691,-0.0550785979769026,Good
4,0.692,-0.16507233275960367,Good
4,0.693,-0.004955346978842064,Good
4,0.694,0.0740345388206516,Good
4,0.695,-0.030366987419192377,Good
4,0.696,-0.00868849880355215,Good
4,0.697,-0.06854150026600536,Good
4,0.698,0.07888029077887315,Good
4,0.699,0.06527287031762001,Good
4,0.7,0.058128907827473465,Good
4,0.701,-0.017850662964768827,Good
4,0.702,-0.014555410687761249,Good
4,0.703,0.06415017404315498,Good
4,0.704,-0.08092230197467531,Good
4,0.705,-0.07209799846613145,Good
4,0.706,-0.050362080285969904,Good
4,0.707,0.14366560336793682,Good
4,0.708,0.18739632369902726,Good
4,0.709,0.08548679046946266,Good
4,0.71,-0.049432167755091766,Good
4,0.711,0.05261762924961782,Good
4,0.712,0.10659614081238578,Good
4,0.713,0.1174714406208499,Good
4,0.714,-0.16472143713467538,Good
4,0.715,0.008533897584992475,Good
4,0.716,-0.04395113161605328,Good
4,0.717,0.18376850612216508,Good
4,0.718,-0.010596569883722371,Good
4,0.719,-0.03566259986973463,Good
4,0.72,0.014720346344737302,Good
4,0.721,0.17128447223799007,Good
4,0.722,0.1999633084241237,Good
4,0.723,-0.04811839226937378,Good
4,0.724,0.1254234335880661,Good
4,0.725,0.01171507444894616,Good
4,0.726,0.037409262115391924,Good
4,0.727,-0.10111807354295209,Good
4,0.728,0.07284072015581396,Good
4,0.729,-0.0013923741512157173,Good
4,0.73,0.08782436852437693,Good
4,0.731,0.12520713915623444,Good
4,0.732,-0.15864735141889996,Good
4,0.733,0.09947264257693322,Good
4,0.734,0.07865970415043658,Good
4,0.735,0.014192115021938146,Good
4,0.736,0.08626986324010934,Good
4,0.737,0.057891025989156256,Good
4,0.738,-0.1153299455955962,Good
4,0.739,0.007848119314784565,Good
4,0.74,0.058105521330418866,Good
4,0.741,-0.09920142985345952,Good
4,0.742,0.09685378413333849,Good
4,0.743,-0.06748508063229196,Good
4,0.744,-0.07669806702289056,Good
4,0.745,0.07554669005331592,Good
4,0.746,-0.22902924407593397,Good
4,0.747,-0.006185075634852095,Good
4,0.748,0.11123343721138895,Good
4,0.749,0.015661220832409003,Good
4,0.75,-0.06369017320531739,Good
4,0.751,0.03795884301562923,Good
4,0.752,0.006101666576959674,Good
4,0.753,0.15306686418611215,Good
4,0.754,0.12144019433247394,Good
4,0.755,0.0016173227960796918,Good
4,0.756,0.0002463784329602511,Good
4,0.757,0.0341970971307714,Good
4,0.758,-0.02277846550370898,Good
4,0.759,-0.042112244869606824,Good
4,0.76,-0.0708622157458674,Good
4,0.761,-0.08448890176658587,Good
4,0.762,0.007845810421197391,Good
4,0.763,0.02792634372434153,Good
4,0.764,-0.005969864559135034,Good
4,0.765,0.13024596845258382,Good
4,0.766,0.06316559236409552,Good
4,0.767,-0.021234269085478936,Good
4,0.768,0.15395951188585966,Good
4,0.769,0.07135763010104944,Good
4,0.77,0.006145273466232064,Good
4,0.771,0.11093416949484508,Good
4,0.772,0.13552408996864884,Good
4,0.773,0.23982565451468135,Good
4,0.774,-0.009738011293956905,Good
4,0.775,0.13859156024694858,Good
4,0.776,0.01977505478066527,Good
4,0.777,0.07923989895234074,Good
4,0.778,0.1202823898817417,Good
4,0.779,0.1748855481298229,Good
4,0.78,0.014455726588036871,Good
4,0.781,-0.08064956729228238,Good
4,0.782,0.011068828010750575,Good
4,0.783,-0.18056489816597376,Good
4,0.784,0.253139614802444,Good
4,0.785,0.030084598402784477,Good
4,0.786,0.04898109468314337,Good
4,0.787,0.04140348027136685,Good
4,0.788,0.05147166278797294,Good
4,0.789,0.19627143196339572,Good
4,0.79,-0.0712784551970007,Good
4,0.791,0.12700260978793051,Good
4,0.792,-0.01306843972234893,Good
4,0.793,-0.11155632974770298,Good
4,0.794,-0.06611892669720178,Good
4,0.795,0.08145191020081731,Good
4,0.796,0.07593798489808679,Good
4,0.797,-0.04001771895382665,Good
4,0.798,-0.13078718321177832,Good
4,0.799,0.06608608197337171,Good
4,0.8,0.03891354372001751,Good
4,0.801,-0.006189131342936768,Good
4,0.802,0.06092138480071399,Good
4,0.803,0.010965565426092505,Good
4,0.804,0.05431714612182975,Good
4,0.805,-0.1398198693246098,Good
4,0.806,0.1748830912985747,Good
4,0.807,-0.10776925553130284,Good
4,0.808,0.046017194428950525,Good
4,0.809,-0.0006064545341928785,Good
4,0.81,-0.05526469283050104,Good
4,0.811,-0.019167963551063462,Good
4,0.812,0.022082654644899294,Good
4,0.813,-0.07284145622213171,Good
4,0.814,-0.008945273888282885,Good
4,0.815,0.1232444948756955,Good
4,0.816,-0.015525536284864729,Good
4,0.817,-0.13119244214673806,Good
4,0.818,-0.11352073973637385,Good
4,0.819,0.20373931456936828,Good
4,0.82,-0.005166313696634467,Good
4,0.821,0.03597274756283269,Good
4,0.822,0.05008051370393807,Good
4,0.823,0.042469787107346994,Good
4,0.824,-0.06090337000934684,Good
4,0.825,0.06040861490512139,Good
4,0.826,0.05626719432075599,Good
4,0.827,-0.09303131669233537,Good
4,0.828,0.05904834896287875,Good
4,0.829,-0.11763768166670772,Good
4,0.83,-0.010166707915116856,Good
4,0.831,-0.02035594389365527,Good
4,0.832,-0.045641240840029094,Good
4,0.833,-0.0005332171160501475,Good
4,0.834,0.023209147802750248,Good
4,0.835,-0.13682767599618556,Good
4,0.836,-0.0006445104355983966,Good
4,0.837,-0.030633117931776168,Good
4,0.838,-0.12383390921823134,Good
4,0.839,0.2816586880141556,Good
4,0.84,0.12444888656079396,Good
4,0.841,-0.011047856927140729,Good
4,0.842,-0.0005150261262528437,Good
4,0.843,-0.028959710104624815,Good
4,0.844,-0.013007990033908632,Good
4,0.845,0.16858011214827567,Good
4,0.846,-0.0817043208087039,Good
4,0.847,-0.10688123654604845,Good
4,0.848,-0.04059071096119338,Good
4,0.849,-0.06984526464520525,Good
4,0.85,-0.09286644730408299,Good
4,0.851,-0.0678750316889858,Good
4,0.852,-0.011319305000571907,Good
4,0.853,-0.039019213255919824,Good
4,0.854,-0.0125464886166664,Good
4,0.855,0.08174593733440151,Good
4,0.856,-0.0560461716681164,Good
4,0.857,-0.014782159256144218,Good
4,0.858,-0.18332993017820085,Good
4,0.859,0.155930397099018,Good
4,0.86,-0.060279680497893465,Good
4,0.861,-0.10117214535037522,Good
4,0.862,-0.1439340716895768,Good
4,0.863,0.06671429220475013,Good
4,0.864,-0.07500630920727652,Good
4,0.865,0.13487839836210502,Good
4,0.866,-0.10664137489588688,Good
4,0.867,-0.04229573471911743,Good
4,0.868,0.05675945492183942,Good
4,0.869,0.17740138852963594,Good
4,0.87,0.0044764691564913766,Good
4,0.871,-0.08692392278569558,Good
4,0.872,-0.10799980672927903,Good
4,0.873,-0.11281478199887125,Good
4,0.874,0.06854274658804543,Good
4,0.875,-0.057550347464368136,Good
4,0.876,-0.06347996923306329,Good
4,0.877,0.041102034190451386,Good
4,0.878,0.020706301491094137,Good
4,0.879,0.17654549992739188,Good
4,0.88,0.017436819498213848,Good
4,0.881,0.1415151277846257,Good
4,0.882,-0.09287672116384177,Good
4,0.883,0.15204143082773527,Good
4,0.884,0.07301706298780969,Good
4,0.885,0.027737225164818132,Good
4,0.886,0.12903628843324155,Good
4,0.887,-0.003957235105845372,Good
4,0.888,-0.04946229428222358,Good
4,0.889,0.08743709370630423,Good
4,0.89,0.001370460253173552,Good
4,0.891,-0.14898048782443316,Good
4,0.892,0.011757680211252177,Good
4,0.893,0.0598345411597859,Good
4,0.894,0.09219627677134834,Good
4,0.895,0.07092578677056798,Good
4,0.896,-0.04432192509457993,Good
4,0.897,0.08329289793174494,Good
4,0.898,-0.01464004356622263,Good
4,0.899,-0.05679552632648112,Good
4,0.9,-0.014928556352082024,Good
4,0.901,-0.07497706728551133,Good
4,0.902,0.0002446383862437742,Good
4,0.903,-0.04034623969927971,Good
4,0.904,0.05301292330620531,Good
4,0.905,0.0030728225752678267,Good
4,0.906,0.08029027604799367,Good
4,0.907,-0.1003089069964519,Good
4,0.908,-0.11163967736436815,Good
4,0.909,-0.0029164031177462382,Good
4,0.91,-0.16157046883696105,Good
4,0.911,-0.08540837250451687,Good
4,0.912,-0.21751091788842578,Good
4,0.913,0.013326369422296792,Good
4,0.914,0.05404142953325555,Good
4,0.915,0.03629299732803151,Good
4,0.916,0.00897797469560211,Good
4,0.917,-0.018613374335233315,Good
4,0.918,-0.009797404537834828,Good
4,0.919,-0.007897972016027778,Good
4,0.92,-0.04034592696936637,Good
4,0.921,-0.22455015370765705,Good
4,0.922,-0.07432922612953277,Good
4,0.923,0.00763654739648738,Good
4,0.924,0.046805822062818685,Good
4,0.925,-0.21079378849361335,Good
4,0.926,0.012364063516887347,Good
4,0.927,-0.08842518560506493,Good
4,0.928,-0.20141100187821387,Good
4,0.929,0.02258930538506619,Good
4,0.93,-0.20384371573968335,Good
4,0.931,-0.1157467209618943,Good
4,0.932,-0.1670567759898073,Good
4,0.933,-0.1079077506865147,Good
4,0.934,-0.13607243103688432,Good
4,0.935,-0.05296365264790105,Good
4,0.936,-0.07752967597820141,Good
4,0.937,0.0414122596462446,Good
4,0.938,0.008584139755999457,Good
4,0.939,-0.13432193806437273,Good
4,0.94,0.09553044271238766,Good
4,0.941,-0.08128366760094013,Good
4,0.942,0.02744706346494907,Good
4,0.943,-0.07749678893278134,Good
4,0.944,-0.04333883854862325,Good
4,0.945,0.25305350668252874,Good
4,0.946,-0.11697539284135912,Good
4,0.947,0.014337181635929806,Good
4,0.948,-0.17073495438671368,Good
4,0.949,-0.12789338860527782,Good
4,0.95,-0.04191978566727554,Good
4,0.951,0.04202894324311861,Good
4,0.952,-0.04332186482786733,Good
4,0.953,-0.12531236032701248,Good
4,0.954,-0.11865120572471954,Good
4,0.955,0.07184404561042305,Good
4,0.956,0.2351066760515475,Good
4,0.957,-0.10777433285544745,Good
4,0.958,0.01571357643481319,Good
4,0.959,0.053929334220966324,Good
4,0.96,-0.02656165690683386,Good
4,0.961,-0.04691101468372125,Good
4,0.962,0.0015409310298878153,Good
4,0.963,-0.039957921791793985,Good
4,0.964,0.11117015131338855,Good
4,0.965,0.05871391330376331,Good
4,0.966,-0.08177038701061873,Good
4,0.967,0.07895429090441067,Good
4,0.968,0.14290577579357153,Good
4,0.969,0.025707539090611672,Good
4,0.97,0.037866776474770374,Good
4,0.971,-0.009721427886689438,Good
4,0.972,0.08161290629785263,Good
4,0.973,0.0288466258517699,Good
4,0.974,-0.07412696645147708,Good
4,0.975,0.015722389595273455,Good
4,0.976,0.159099065597068,Good
4,0.977,0.05042169325588557,Good
4,0.978,-0.08129489699791652,Good
4,0.979,-0.1599723971408953,Good
4,0.98,-0.10889256725757478,Good
4,0.981,-0.009433539648538072,Good
4,0.982,-0.13684897929562614,Good
4,0.983,-0.09115398239722333,Good
4,0.984,-0.11469790908718117,Good
4,0.985,0.05457706435160595,Good
4,0.986,-0.06516942507547395,Good
4,0.987,-0.01983145532278049,Good
4,0.988,-0.0658941813451681,Good
4,0.989,-0.06499362540136253,Good
4,0.99,-0.0716410521959491,Good
4,0.991,0.13136130872894147,Good
4,0.992,0.0975421602669769,Good
4,0.993,0.03612605760965706,Good
4,0.994,0.14492915474149723,Good
4,0.995,-0.13629445632026385,Good
4,0.996,-0.008734495105159014,Good
4,0.997,-0.005518017924551907,Good
4,0.998,0.08786648133696101,Good
4,0.999,-0.14958298615733684,Good
5,0.0,-0.26805559305124615,Good
5,0.001,0.03249528903842696,Good
5,0.002,-0.03851141648230063,Good
5,0.003,0.1220111573171212,Good
5,0.004,-0.04169180961738115,Good
5,0.005,0.026892754053092494,Good
5,0.006,-0.08286415517623352,Good
5,0.007,0.10183512052416535,Good
5,0.008,-0.11054190005353315,Good
5,0.009,-0.04460517039854031,Good
5,0.01,-0.1394991079238065,Good
5,0.011,0.04172037412326504,Good
5,0.012,0.11742321152417792,Good
5,0.013,-0.003297265911892928,Good
5,0.014,-0.16198935125744807,Good
5,0.015,-0.015121686388314168,Good
5,0.016,-0.02576952959616014,Good
5,0.017,-0.08144217363207974,Good
5,0.018,0.07817834222661944,Good
5,0.019,-0.05596900798845801,Good
5,0.02,-0.05854011645919552,Good
5,0.021,-0.14686887815873026,Good
5,0.022,-0.18572369762608731,Good
5,0.023,-0.006841260813043128,Good
5,0.024,0.014767075351458265,Good
5,0.025,-0.1179419772432347,Good
5,0.026,0.008204776201393843,Good
5,0.027,0.11451594696435492,Good
5,0.028,-0.054562827044438926,Good
5,0.029,-0.008962512249867325,Good
5,0.03,0.014626715402904875,Good
5,0.031,-0.041575478929864115,Good
5,0.032,0.250861361553649,Good
5,0.033,-0.010975428842183443,Good
5,0.034,0.06240456255631736,Good
5,0.035,-0.09069382894857812,Good
5,0.036,-0.07065845622705674,Good
5,0.037,-0.02618303599147507,Good
5,0.038,-0.09941998812546177,Good
5,0.039,0.06214221656775648,Good
5,0.04,-0.19949382594471088,Good
5,0.041,-0.105559096547285,Good
5,0.042,-0.0686063074289409,Good
5,0.043,0.020612154744232405,Good
5,0.044,-0.09244684316782378,Good
5,0.045,0.016084057601990717,Good
5,0.046,0.09838805399697996,Good
5,0.047,0.07379316361909213,Good
5,0.048,-0.038705772111659535,Good
5,0.049,-0.026638689918625752,Good
5,0.05,0.07465143878469403,Good
5,0.051,0.0830509594027828,Good
5,0.052,0.060997405029809715,Good
5,0.053,-0.1584916434231567,Good
5,0.054,0.003488936797209034,Good
5,0.055,-0.0009374134726703268,Good
5,0.056,-0.0992364897068312,Good
5,0.057,0.0023769242569318624,Good
5,0.058,0.10068711814292558,Good
5,0.059,-0.045450665148611714,Good
5,0.06,0.10956592436181234,Good
5,0.061,0.04486310681000432,Good
5,0.062,-0.09017624060029128,Good
5,0.063,-0.007335063091439151,Good
5,0.064,-0.08670654835345461,Good
5,0.065,-0.1180743743714444,Good
5,0.066,0.04849334373228398,Good
5,0.067,-0.05410371422737738,Good
5,0.068,-0.08013813808253271,Good
5,0.069,0.01622505154003062,Good
5,0.07,0.06552335679422584,Good
5,0.071,-0.1554233957316754,Good
5,0.072,-0.08872736858597896,Good
5,0.073,0.1406808718775506,Good
5,0.074,-0.008348956334416803,Good
5,0.075,-0.029398405038500632,Good
5,0.076,-0.06572811931308707,Good
5,0.077,0.026189787648179887,Good
5,0.078,-0.02289221109921935,Good
5,0.079,-0.1758121945658749,Good
5,0.08,0.005623054926816732,Good
5,0.081,0.05508141834370203,Good
5,0.082,0.10991697116862476,Good
5,0.083,0.13569125313351818,Good
5,0.084,0.1790186841405779,Good
5,0.085,0.19997804326079918,Good
5,0.086,0.04080471267829217,Good
5,0.087,-0.004594170350504196,Good
5,0.088,0.08934645271226514,Good
5,0.089,-0.057403195246017814,Good
5,0.09,-0.1600483833809574,Good
5,0.091,0.08504525002680977,Good
5,0.092,0.025524194450564388,Good
5,0.093,0.01128229995400695,Good
5,0.094,-0.016788858865357095,Good
5,0.095,0.08822439174573769,Good
5,0.096,-0.07293885448623913,Good
5,0.097,0.1712179376663099,Good
5,0.098,-0.0744469823799485,Good
5,0.099,0.07571166659605727,Good
5,0.1,0.005593577422491791,Good
5,0.101,-0.01402886983641611,Good
5,0.102,0.01405759838013499,Good
5,0.103,-0.10175760299036046,Good
5,0.104,0.06474509452517958,Good
5,0.105,-0.004710937912138685,Good
5,0.106,-0.1250277287531244,Good
5,0.107,0.04215945414988296,Good
5,0.108,0.08552327704727879,Good
5,0.109,0.047730527477826655,Good
5,0.11,-0.014152404773121869,Good
5,0.111,-0.10348214886939491,Good
5,0.112,0.04243116287861742,Good
5,0.113,0.02186018609410338,Good
5,0.114,-0.0816514665860005,Good
5,0.115,0.009614331462960377,Good
5,0.116,-0.15100574519512067,Good
5,0.117,0.00728806606368381,Good
5,0.118,-0.014771775667158657,Good
5,0.119,-0.08034986083449525,Good
5,0.12,-0.028662494191323325,Good
5,0.121,-0.014521814315193208,Good
5,0.122,-0.22436654508965745,Good
5,0.123,0.04016343112978907,Good
5,0.124,-0.027692755105044417,Good
5,0.125,0.09403453654634776,Good
5,0.126,0.09131925315153987,Good
5,0.127,0.12485731052820166,Good
5,0.128,-0.08458302061984081,Good
5,0.129,0.03409127301614186,Good
5,0.13,0.0010978221896748089,Good
5,0.131,0.02477200688646764,Good
5,0.132,0.013850545028539822,Good
5,0.133,-0.17108397388208052,Good
5,0.134,-0.024696743062586447,Good
5,0.135,-0.1399284711605007,Good
5,0.136,-0.04076840070247276,Good
5,0.137,0.09595413095187286,Good
5,0.138,-0.06869926919674643,Good
5,0.139,-0.004081496200755333,Good
5,0.14,-0.025494838544981982,Good
5,0.141,-0.08514770157356806,Good
5,0.142,-0.2888045026697529,Good
5,0.143,-0.058232252957066896,Good
5,0.144,-0.3021931059779528,Good
5,0.145,-0.11810929365269676,Good
5,0.146,-0.22059453599008658,Good
5,0.147,-0.028649163107055425,Good
5,0.148,-0.19273495313964512,Good
5,0.149,-0.2183338644980765,Good
5,0.15,-0.18530061555971034,Good
5,0.151,-0.020343020452885302,Good
5,0.152,-0.15336664673592884,Good
5,0.153,-0.20636783116013394,Good
5,0.154,-0.24548057604182638,Good
5,0.155,-0.2937108794092958,Good
5,0.156,-0.42664061970177924,Good
5,0.157,-0.2973425476180134,Good
5,0.158,-0.3540580802860052,Good
5,0.159,-0.391607900077716,Good
5,0.16,-0.3811461475915147,Good
5,0.161,-0.8458316262656329,Good
5,0.162,-0.7780813711605887,Good
5,0.163,-0.5014080957798079,Good
5,0.164,-0.6129887104752136,Good
5,0.165,-0.7540792903475672,Good
5,0.166,-0.7721197993951533,Good
5,0.167,-0.8886031519169255,Good
5,0.168,-0.8372169541278336,Good
5,0.169,-0.9489215644998498,Good
5,0.17,-0.7711742232551116,Good
5,0.171,-0.9739674382470099,Good
5,0.172,-0.9688221634700347,Good
5,0.173,-1.0940276162051914,Good
5,0.174,-1.0448819569284296,Good
5,0.175,-1.187022523043113,Good
5,0.176,-1.2434179779474737,Good
5,0.177,-1.1694703955830477,Good
5,0.178,-1.4632709973034328,Good
5,0.179,-1.506674753320688,Good
5,0.18,-1.607552168878303,Good
5,0.181,-1.4172172704802921,Good
5,0.182,-1.7253757763673074,Good
5,0.183,-1.5396367836989788,Good
5,0.184,-1.5871811056926142,Good
5,0.185,-1.7920583507720624,Good
5,0.186,-1.8302729155430693,Good
5,0.187,-1.9760567453593303,Good
5,0.188,-2.0304249379343826,Good
5,0.189,-1.9579763691629455,Good
5,0.19,-1.8825615970513088,Good
5,0.191,-2.1192405165490804,Good
5,0.192,-2.092207346029639,Good
5,0.193,-2.090069128897057,Good
5,0.194,-2.1011087864492386,Good
5,0.195,-2.1114730045872374,Good
5,0.196,-2.196698922743105,Good
5,0.197,-2.284124885120311,Good
5,0.198,-2.2458869338812835,Good
5,0.199,-2.3134200976742023,Good
5,0.2,-2.4168905774686444,Good
5,0.201,-2.2757581199515715,Good
5,0.202,-2.1926066965774464,Good
5,0.203,-2.2883112239606422,Good
5,0.204,-2.3309773290002136,Good
5,0.205,-2.372561522786568,Good
5,0.206,-2.16638346194659,Good
5,0.207,-2.1356038079988413,Good
5,0.208,-2.1420731786881806,Good
5,0.209,-2.1057774463260075,Good
5,0.21,-1.9201110821983594,Good
5,0.211,-1.8546223857069943,Good
5,0.212,-1.8099552464682378,Good
5,0.213,-1.840506823930984,Good
5,0.214,-1.7625543772873382,Good
5,0.215,-1.6823221197259655,Good
5,0.216,-1.398193962914867,Good
5,0.217,-1.2594650527434461,Good
5,0.218,-1.1572709872785278,Good
5,0.219,-1.2512594947707536,Good
5,0.22,-0.988124226555341,Good
5,0.221,-0.9855232761053355,Good
5,0.222,-0.8301714636786495,Good
5,0.223,-0.7637909064484723,Good
5,0.224,-0.46347672079070323,Good
5,0.225,-0.5013345714900952,Good
5,0.226,-0.16429175641128374,Good
5,0.227,-0.2461233352503174,Good
5,0.228,0.04229093739218914,Good
5,0.229,0.09987106364619286,Good
5,0.23,0.12342794807744498,Good
5,0.231,0.46664396229959293,Good
5,0.232,0.7940570859836679,Good
5,0.233,0.9379727468920086,Good
5,0.234,0.862774330030435,Good
5,0.235,1.0174633552908023,Good
5,0.236,0.9835881809055491,Good
5,0.237,1.0718651319918187,Good
5,0.238,1.3689287736339935,Good
5,0.239,1.6052154086747303,Good
5,0.24,1.5713853178547943,Good
5,0.241,1.400420663148233,Good
5,0.242,1.6987970464347852,Good
5,0.243,1.9676354289415374,Good
5,0.244,1.7781956828526253,Good
5,0.245,1.915376727931045,Good
5,0.246,2.1867392747034895,Good
5,0.247,1.9223820802876728,Good
5,0.248,2.0553909117271614,Good
5,0.249,2.0296009371141683,Good
5,0.25,2.1105259677725883,Good
5,0.251,2.0730824013354194,Good
5,0.252,2.3024941782398747,Good
5,0.253,1.840311973344883,Good
5,0.254,1.8606464765522472,Good
5,0.255,1.8077315913650949,Good
5,0.256,1.8528517762355887,Good
5,0.257,1.6866713068250376,Good
5,0.258,1.6418179562893946,Good
5,0.259,1.6172088513121636,Good
5,0.26,1.5420616394691835,Good
5,0.261,1.1554827702160417,Good
5,0.262,1.3097015548918518,Good
5,0.263,1.089042051901476,Good
5,0.264,1.0199194908287434,Good
5,0.265,0.823697098887514,Good
5,0.266,0.9816729273212923,Good
5,0.267,0.6093996146336438,Good
5,0.268,0.4320984686642475,Good
5,0.269,0.34579232714188923,Good
5,0.27,0.1286785245608096,Good
5,0.271,0.3128015955636453,Good
5,0.272,0.004169135604488464,Good
5,0.273,-0.028200309384553313,Good
5,0.274,-0.4570618363236203,Good
5,0.275,-0.5017071350977509,Good
5,0.276,-0.6338836405046564,Good
5,0.277,-0.6722022841719784,Good
5,0.278,-0.9841435197511639,Good
5,0.279,-1.0610145991313946,Good
5,0.28,-1.0775947169518565,Good
5,0.281,-1.3404897852408566,Good
5,0.282,-1.28648407483247,Good
5,0.283,-1.4665007015423646,Good
5,0.284,-1.636393355911048,Good
5,0.285,-1.6315801123931424,Good
5,0.286,-1.7525824710230387,Good
5,0.287,-1.9674794966151146,Good
5,0.288,-1.99368462516518,Good
5,0.289,-2.149849312351924,Good
5,0.29,-1.9190974196969186,Good
5,0.291,-2.3288672621155726,Good
5,0.292,-2.108508196238563,Good
5,0.293,-2.0954630570328296,Good
5,0.294,-2.2056896613524986,Good
5,0.295,-2.251118195942936,Good
5,0.296,-2.307878425611618,Good
5,0.297,-2.382040650386198,Good
5,0.298,-2.1421570956984906,Good
5,0.299,-2.308164441569289,Good
5,0.3,-2.196179055306991,Good
5,0.301,-2.3130284556060836,Good
5,0.302,-2.149429770557603,Good
5,0.303,-2.3192608401754646,Good
5,0.304,-2.071375023760387,Good
5,0.305,-2.1144874589807703,Good
5,0.306,-2.1664348686965718,Good
5,0.307,-2.114065395230342,Good
5,0.308,-2.474262042073577,Good
5,0.309,-1.950911202808548,Good
5,0.31,-2.033226282133771,Good
5,0.311,-1.8790308923929417,Good
5,0.312,-1.7958699376821552,Good
5,0.313,-1.706650977137303,Good
5,0.314,-1.9853138097268894,Good
5,0.315,-1.7551126922426767,Good
5,0.316,-1.6304149819164058,Good
5,0.317,-1.5917772803556671,Good
5,0.318,-1.6029303690786654,Good
5,0.319,-1.4528111179886798,Good
5,0.32,-1.5865181787622666,Good
5,0.321,-1.407062681374318,Good
5,0.322,-1.153540811789942,Good
5,0.323,-1.1295668402471666,Good
5,0.324,-1.1779309045565947,Good
5,0.325,-1.1609859825368256,Good
5,0.326,-1.0368559136926454,Good
5,0.327,-1.1303919035496588,Good
5,0.328,-0.8954311730408483,Good
5,0.329,-1.041910261723572,Good
5,0.33,-0.8801275884155819,Good
5,0.331,-0.8251088165359814,Good
5,0.332,-0.6136100716952624,Good
5,0.333,-0.718745080558715,Good
5,0.334,-0.8258571042654319,Good
5,0.335,-0.5873384159373954,Good
5,0.336,-0.6456658267055987,Good
5,0.337,-0.5827769918196073,Good
5,0.338,-0.6284552857003964,Good
5,0.339,-0.48508540640813075,Good
5,0.34,-0.37202817114842657,Good
5,0.341,-0.33195372998855266,Good
5,0.342,-0.24210847186435028,Good
5,0.343,-0.3983182589732667,Good
5,0.344,-0.37131233209619147,Good
5,0.345,-0.4198484829510945,Good
5,0.346,-0.09277887770509041,Good
5,0.347,-0.187541942038137,Good
5,0.348,-0.34976397474685383,Good
5,0.349,-0.2532572548357126,Good
5,0.35,-0.1609363284746748,Good
5,0.351,-0.2625721529130358,Good
5,0.352,-0.22502783892369382,Good
5,0.353,0.038660655417091544,Good
5,0.354,-0.17440650702566127,Good
5,0.355,-0.3300709095052371,Good
5,0.356,-0.10361892229959105,Good
5,0.357,-0.02668885808687979,Good
5,0.358,-0.13971974872310433,Good
5,0.359,-0.07779545941789617,Good
5,0.36,-0.04250664218288158,Good
5,0.361,-0.011883950860840028,Good
5,0.362,-0.031554462937718325,Good
5,0.363,0.029073625889296656,Good
5,0.364,-0.16693894344188773,Good
5,0.365,-0.11550440597830863,Good
5,0.366,0.02801792403832335,Good
5,0.367,-0.09072338988977592,Good
5,0.368,0.04648389201200284,Good
5,0.369,-0.07479124528305191,Good
5,0.37,0.05454642681848643,Good
5,0.371,0.13357619894656517,Good
5,0.372,-0.07218704164227847,Good
5,0.373,0.05137180171177197,Good
5,0.374,-0.00696953152260478,Good
5,0.375,-0.2585601037253927,Good
5,0.376,0.0902873804236401,Good
5,0.377,-0.023606586337940022,Good
5,0.378,0.08974055574069652,Good
5,0.379,-0.23533396478547852,Good
5,0.38,-0.04999987830408819,Good
5,0.381,-0.06465326621077894,Good
5,0.382,0.07920919457199393,Good
5,0.383,-0.0763953584648549,Good
5,0.384,-0.12204118197342553,Good
5,0.385,0.05258019083055215,Good
5,0.386,-0.04872517361169269,Good
5,0.387,0.0817942185371716,Good
5,0.388,-0.04770318947245064,Good
5,0.389,-0.01573085477631572,Good
5,0.39,0.14807912486610506,Good
5,0.391,0.013081358162053348,Good
5,0.392,-0.037881045271800896,Good
5,0.393,-0.010043711906211922,Good
5,0.394,0.05316015377392879,Good
5,0.395,-0.18714131609299087,Good
5,0.396,0.20374709346024247,Good
5,0.397,0.01416061355859637,Good
5,0.398,0.11460998701462521,Good
5,0.399,0.22181501901996847,Good
5,0.4,-0.11802153972116905,Good
5,0.401,-0.15019290874304156,Good
5,0.402,0.08741898957634794,Good
5,0.403,0.03522859383205838,Good
5,0.404,-0.14218704584916667,Good
5,0.405,0.020074960865017342,Good
5,0.406,-0.07262723774476937,Good
5,0.407,0.0824052351402117,Good
5,0.408,-0.08801979406729002,Good
5,0.409,0.008391870429503156,Good
5,0.41,0.2746382605401051,Good
5,0.411,0.000802017000399752,Good
5,0.412,-0.17200162690816398,Good
5,0.413,-0.05891125334544235,Good
5,0.414,-0.08676911515645049,Good
5,0.415,0.10355105952024779,Good
5,0.416,0.03323163199038662,Good
5,0.417,-0.0721600865424393,Good
5,0.418,-0.13081007494015393,Good
5,0.419,0.023759597757810544,Good
5,0.42,-0.006584927661024097,Good
5,0.421,-0.10601467414416672,Good
5,0.422,0.04439745281411772,Good
5,0.423,0.009890828525807712,Good
5,0.424,-0.12770539984932347,Good
5,0.425,0.1815433371340313,Good
5,0.426,0.06396715231149723,Good
5,0.427,0.03242516789541456,Good
5,0.428,-0.1342099028678186,Good
5,0.429,-0.08461235600349154,Good
5,0.43,-0.023252304843173033,Good
5,0.431,0.1695543390232488,Good
5,0.432,-0.10827556659003,Good
5,0.433,-0.13167955128051068,Good
5,0.434,-0.1115560449055111,Good
5,0.435,0.12905191387144851,Good
5,0.436,-0.0003938773511478345,Good
5,0.437,-0.06217631591010894,Good
5,0.438,0.013200958138884365,Good
5,0.439,0.0709158112220978,Good
5,0.44,-0.07355572699574363,Good
5,0.441,0.03182157294669376,Good
5,0.442,0.004968686239159805,Good
5,0.443,-0.1465741492269502,Good
5,0.444,-0.18872314214908792,Good
5,0.445,-0.20794115956381948,Good
5,0.446,-0.007134028599336462,Good
5,0.447,-0.025447081334849284,Good
5,0.448,0.13461279287059263,Good
5,0.449,-0.03173038351862608,Good
5,0.45,-0.0019701385178019096,Good
5,0.451,-0.1259581071473541,Good
5,0.452,0.09690877590425759,Good
5,0.453,0.09285981242989959,Good
5,0.454,-0.2314908443419845,Good
5,0.455,-0.01943635026323072,Good
5,0.456,-0.025280327335755554,Good
5,0.457,-0.05547931942827388,Good
5,0.458,-0.06174663797839624,Good
5,0.459,-0.02271094445692684,Good
5,0.46,0.04712410079820284,Good
5,0.461,0.02464905112499366,Good
5,0.462,0.036713043859462384,Good
5,0.463,-0.1649343913180631,Good
5,0.464,0.029806191320345055,Good
5,0.465,0.11456867796947563,Good
5,0.466,0.045731296228267555,Good
5,0.467,0.04339718269622611,Good
5,0.468,-0.051199706607930176,Good
5,0.469,-0.09066175068049855,Good
5,0.47,0.09551455226874972,Good
5,0.471,-0.20654532936957382,Good
5,0.472,-0.09854002483051977,Good
5,0.473,0.03744344423901868,Good
5,0.474,0.02586804591908939,Good
5,0.475,0.20460092089604345,Good
5,0.476,0.03409197963349075,Good
5,0.477,-0.03463229556359704,Good
5,0.478,-0.011946942586388565,Good
5,0.479,-0.03031408163703253,Good
5,0.48,0.022291229989184213,Good
5,0.481,0.026896588803961976,Good
5,0.482,-0.0691067805300138,Good
5,0.483,0.15006043403566335,Good
5,0.484,-0.09101623476616041,Good
5,0.485,0.1602548072457984,Good
5,0.486,-0.09926835352967744,Good
5,0.487,0.03542387481950679,Good
5,0.488,-0.03048362432419137,Good
5,0.489,0.0548864208348061,Good
5,0.49,0.004117465894324148,Good
5,0.491,-0.136118145310698,Good
5,0.492,0.05878424341219869,Good
5,0.493,-0.07401761943109185,Good
5,0.494,-0.024040444245925913,Good
5,0.495,0.031890249383304724,Good
5,0.496,-0.1741812219647565,Good
5,0.497,-0.004728751341555907,Good
5,0.498,-0.03505487641943277,Good
5,0.499,0.04185603936490095,Good
5,0.5,0.021173508848567887,Good
5,0.501,0.006846436285854733,Good
5,0.502,-0.23497964796949278,Good
5,0.503,0.1341903431711222,Good
5,0.504,-0.16603837371600635,Good
5,0.505,0.037172645721244305,Good
5,0.506,-0.0006887118776361003,Good
5,0.507,-0.042890156286118704,Good
5,0.508,-0.051971670082206045,Good
5,0.509,0.029866485041788328,Good
5,0.51,0.03465267994098974,Good
5,0.511,-0.21011093663283484,Good
5,0.512,0.13072414122648374,Good
5,0.513,0.020922933989679163,Good
5,0.514,0.06676952504682876,Good
5,0.515,0.0668186449555379,Good
5,0.516,-0.025716850392390547,Good
5,0.517,0.03360552512716371,Good
5,0.518,0.06399148576908242,Good
5,0.519,-0.07174200883931664,Good
5,0.52,0.06824504077235138,Good
5,0.521,-0.061727473936650956,Good
5,0.522,-0.02230535183195357,Good
5,0.523,0.08047853416304275,Good
5,0.524,-0.2410899857803681,Good
5,0.525,0.01650878412501679,Good
5,0.526,-0.012436342779092157,Good
5,0.527,-0.07637993278460223,Good
5,0.528,0.06326351316046451,Good
5,0.529,-0.18594831252328434,Good
5,0.53,0.08107457752152326,Good
5,0.531,0.021669345020268453,Good
5,0.532,0.040049161332726124,Good
5,0.533,0.017651491757230416,Good
5,0.534,0.024688614087537124,Good
5,0.535,-0.016809018922598926,Good
5,0.536,-0.11113730642251969,Good
5,0.537,-0.19511286306114056,Good
5,0.538,-0.11454177741522038,Good
5,0.539,-0.040676892033803036,Good
5,0.54,0.21774237876930705,Good
5,0.541,-0.017922530483603632,Good
5,0.542,-0.18015415670847826,Good
5,0.543,-0.1333467623143402,Good
5,0.544,-0.16609123272925505,Good
5,0.545,0.2823964667602134,Good
5,0.546,-0.056027473468191626,Good
5,0.547,-0.0574625594604316,Good
5,0.548,-0.14797382032924186,Good
5,0.549,-0.1103470972421311,Good
5,0.55,0.07814727296381165,Good
5,0.551,-0.11092862642501743,Good
5,0.552,0.05632535362309356,Good
5,0.553,-0.02617315057881848,Good
5,0.554,-0.045143532554498184,Good
5,0.555,0.07692839140087847,Good
5,0.556,-0.004503225754226417,Good
5,0.557,-0.06950890741121654,Good
5,0.558,0.09386168881722771,Good
5,0.559,0.0025675034894370183,Good
5,0.56,0.03803381753120381,Good
5,0.561,-0.015262680034821572,Good
5,0.562,-0.07933148537585583,Good
5,0.563,0.04145264995278958,Good
5,0.564,0.03690214685106776,Good
5,0.565,-0.07016886197098177,Good
5,0.566,0.13083190166887076,Good
5,0.567,-0.16210458793936702,Good
5,0.568,0.04261815975576229,Good
5,0.569,0.15947703645742112,Good
5,0.57,0.05026447759779719,Good
5,0.571,-0.11600228897704834,Good
5,0.572,0.012431271850551944,Good
5,0.573,0.20924606115139266,Good
5,0.574,0.17525844225007448,Good
5,0.575,-0.08704149408882328,Good
5,0.576,-0.023138911636554956,Good
5,0.577,0.14653754585858128,Good
5,0.578,0.05536669843923963,Good
5,0.579,-0.06309618872713535,Good
5,0.58,-0.08105278062518884,Good
5,0.581,0.04997319641629594,Good
5,0.582,0.012855902223407031,Good
5,0.583,-0.20576560055164897,Good
5,0.584,-0.004622471810038729,Good
5,0.585,-0.014338686380118546,Good
5,0.586,-0.03852122799119906,Good
5,0.587,-0.05880467751344819,Good
5,0.588,-0.05389773209558379,Good
5,0.589,-0.005879814212278452,Good
5,0.59,-0.13652418808336858,Good
5,0.591,-0.059585655365695836,Good
5,0.592,-0.12517535152581857,Good
5,0.593,-0.02131770578873302,Good
5,0.594,-0.11607141623502149,Good
5,0.595,0.22045182739325356,Good
5,0.596,0.05856162639869973,Good
5,0.597,0.07376267091889964,Good
5,0.598,-0.09364509994914662,Good
5,0.599,0.1845876471663664,Good
5,0.6,0.07126196789366017,Good
5,0.601,-0.08118165866579186,Good
5,0.602,-0.08092734433251664,Good
5,0.603,0.17040804015269678,Good
5,0.604,0.058869890104155935,Good
5,0.605,-0.07780950848147059,Good
5,0.606,0.13009323726145913,Good
5,0.607,-0.0985281071665966,Good
5,0.608,0.06326498096595551,Good
5,0.609,-0.06566655276356609,Good
5,0.61,-0.04036876283504002,Good
5,0.611,-0.03430107976292395,Good
5,0.612,0.005581509352719992,Good
5,0.613,-0.14846365292785854,Good
5,0.614,0.00048084330852301584,Good
5,0.615,-0.04384465073721619,Good
5,0.616,0.13839876814178603,Good
5,0.617,-0.28792329779993053,Good
5,0.618,0.12186013918096356,Good
5,0.619,-0.06578341863979563,Good
5,0.62,-0.05754837236898402,Good
5,0.621,-0.02991780009914819,Good
5,0.622,-0.033225323219830655,Good
5,0.623,0.05016621680935882,Good
5,0.624,-0.17963789840989594,Good
5,0.625,-0.02866654011927878,Good
5,0.626,0.1494224765785107,Good
5,0.627,-0.17040886945029546,Good
5,0.628,0.037498257025599994,Good
5,0.629,0.13021045022337482,Good
5,0.63,0.010758847802732256,Good
5,0.631,0.24022001514385224,Good
5,0.632,0.14252122605150772,Good
5,0.633,0.14017706169497327,Good
5,0.634,0.10155457858014583,Good
5,0.635,0.014035604248309736,Good
5,0.636,0.0863966760878066,Good
5,0.637,-0.050386824873803415,Good
5,0.638,0.21636030416615015,Good
5,0.639,0.10567456417273491,Good
5,0.64,0.07642598484885368,Good
5,0.641,-0.04673700905809305,Good
5,0.642,-0.13073508600911157,Good
5,0.643,-0.10789819869551848,Good
5,0.644,0.04635539781851059,Good
5,0.645,-0.029464164307936372,Good
5,0.646,0.09095812088569248,Good
5,0.647,0.014193894873956095,Good
5,0.648,-0.1179592764972926,Good
5,0.649,0.2141694539134279,Good
5,0.65,-0.008756424722583306,Good
5,0.651,0.21095813683041512,Good
5,0.652,0.008508579438038021,Good
5,0.653,-0.1641535462700786,Good
5,0.654,-0.019797647060038122,Good
5,0.655,-0.022841435820175417,Good
5,0.656,-0.23176118194517456,Good
5,0.657,0.07222151876553312,Good
5,0.658,0.05030988581506473,Good
5,0.659,0.15094275343523442,Good
5,0.66,0.06561421139739164,Good
5,0.661,-0.004927909566980987,Good
5,0.662,0.041842053711134856,Good
5,0.663,0.08887222904190116,Good
5,0.664,-0.11961367545597704,Good
5,0.665,-0.08324045170061412,Good
5,0.666,-0.08869289601563168,Good
5,0.667,0.07847390358600753,Good
5,0.668,0.014289657821715188,Good
5,0.669,-0.21555624958740993,Good
5,0.67,0.0361199053750128,Good
5,0.671,-0.05199638357721867,Good
5,0.672,0.03762971016547981,Good
5,0.673,-0.1847430687189601,Good
5,0.674,-0.062124337115176724,Good
5,0.675,-0.16410860092594942,Good
5,0.676,0.001356347356469034,Good
5,0.677,-0.14560256049315856,Good
5,0.678,0.056015431599641376,Good
5,0.679,0.034569233531673293,Good
5,0.68,0.035441768672060135,Good
5,0.681,-0.009076138704086705,Good
5,0.682,0.16846013459598558,Good
5,0.683,0.16754109856926586,Good
5,0.684,0.030236927067836535,Good
5,0.685,0.058315451846943346,Good
5,0.686,-0.044119198408795746,Good
5,0.687,-0.23016673047219918,Good
5,0.688,-0.04776243149362545,Good
5,0.689,-0.06371901852211476,Good
5,0.69,0.10885823993565452,Good
5,0.691,0.22298205166383728,Good
5,0.692,0.007488565967529378,Good
5,0.693,-0.1815998323825235,Good
5,0.694,0.008955686652889679,Good
5,0.695,0.043134922828679256,Good
5,0.696,-0.18019205952981338,Good
5,0.697,-0.021833793816330396,Good
5,0.698,-0.02668473807816939,Good
5,0.699,0.012900484653223283,Good
5,0.7,0.06935828583634286,Good
5,0.701,-0.06373128497240882,Good
5,0.702,-0.03266150922548965,Good
5,0.703,-0.009913198184841675,Good
5,0.704,-0.03780053579416348,Good
5,0.705,-0.11787635928982217,Good
5,0.706,-0.10444399059327912,Good
5,0.707,-0.0680801512863538,Good
5,0.708,0.0291772782818456,Good
5,0.709,0.17174593332269192,Good
5,0.71,-0.1047203529037057,Good
5,0.711,0.12242993770886904,Good
5,0.712,-0.18013034694875377,Good
5,0.713,-0.0988361845817192,Good
5,0.714,-0.01814426125447332,Good
5,0.715,0.11697536716302136,Good
5,0.716,-0.004435085145139849,Good
5,0.717,0.14984089995505295,Good
5,0.718,-0.04852070906371383,Good
5,0.719,0.03790731964274461,Good
5,0.72,-0.1277235048273806,Good
5,0.721,-0.0464123969423837,Good
5,0.722,0.09109774720152253,Good
5,0.723,-0.02393353679454955,Good
5,0.724,0.04833192685452826,Good
5,0.725,-0.09166543131819745,Good
5,0.726,0.12474523079272591,Good
5,0.727,-0.024652000614977305,Good
5,0.728,0.023263139204970643,Good
5,0.729,0.05058027361673989,Good
5,0.73,0.03214058141165422,Good
5,0.731,0.09352283960899502,Good
5,0.732,-0.12595168612357685,Good
5,0.733,-0.14275082268709985,Good
5,0.734,0.012192078679397466,Good
5,0.735,0.015524581530553777,Good
5,0.736,0.01338508603185408,Good
5,0.737,-0.0818051081485342,Good
5,0.738,-0.04151521616515961,Good
5,0.739,-0.0709673788233923,Good
5,0.74,0.0019352374480384915,Good
5,0.741,-0.0023348033060316543,Good
5,0.742,0.06083043467909796,Good
5,0.743,-0.17976811121572264,Good
5,0.744,0.12307636506014928,Good
5,0.745,-0.09159376739543133,Good
5,0.746,0.047234346903595154,Good
5,0.747,-0.17181228012579838,Good
5,0.748,0.07464363928660427,Good
5,0.749,-0.019495084813033817,Good
5,0.75,-0.11060075935729621,Good
5,0.751,-0.25014472804526844,Good
5,0.752,0.14875517483591036,Good
5,0.753,-0.08349444006561568,Good
5,0.754,0.016444515475689012,Good
5,0.755,-0.07536330944668379,Good
5,0.756,-0.14320129400030707,Good
5,0.757,-0.00414733659960207,Good
5,0.758,-0.08871044323939672,Good
5,0.759,-0.15201255639942535,Good
5,0.76,0.11183390384311638,Good
5,0.761,-0.11206448099369633,Good
5,0.762,0.1011899993691773,Good
5,0.763,0.025708778927442624,Good
5,0.764,-0.13092526566682303,Good
5,0.765,-0.048441254772129856,Good
5,0.766,-0.1190381357269295,Good
5,0.767,0.1439505083119055,Good
5,0.768,0.007759734904768722,Good
5,0.769,0.030588404769176306,Good
5,0.77,0.09465778115666881,Good
5,0.771,0.10730258505182244,Good
5,0.772,-0.09384175711999879,Good
5,0.773,0.012692332122288692,Good
5,0.774,0.0897600987640037,Good
5,0.775,-0.06882253239775138,Good
5,0.776,0.05103265001451503,Good
5,0.777,-0.08236159929691197,Good
5,0.778,-0.18574938207936698,Good
5,0.779,-0.06080588735463593,Good
5,0.78,-0.18577435851903953,Good
5,0.781,0.07253744131460975,Good
5,0.782,-0.06243424514734293,Good
5,0.783,-0.021023672693207866,Good
5,0.784,0.11482797620261878,Good
5,0.785,-0.07463814698935191,Good
5,0.786,0.14936841358994202,Good
5,0.787,0.06516211785540127,Good
5,0.788,0.09634505783102042,Good
5,0.789,0.07016348358723778,Good
5,0.79,0.08031258238135841,Good
5,0.791,-0.14712116501467365,Good
5,0.792,0.041603752907308965,Good
5,0.793,-0.13996215989551264,Good
5,0.794,0.056995546238656804,Good
5,0.795,0.19745022173472115,Good
5,0.796,-0.12364326291945685,Good
5,0.797,-0.07348138757112517,Good
5,0.798,-0.053110417978720695,Good
5,0.799,0.16694360329443594,Good
5,0.8,0.06116572658994462,Good
5,0.801,-0.08713286395539081,Good
5,0.802,0.04612828609271233,Good
5,0.803,-0.10278811982295873,Good
5,0.804,-0.26823652223862543,Good
5,0.805,-0.15279640939178732,Good
5,0.806,-0.0706826871229749,Good
5,0.807,-0.11533867083323962,Good
5,0.808,-0.09278562908245688,Good
5,0.809,0.028087541411401813,Good
5,0.81,-0.21204659207855872,Good
5,0.811,-0.1544313383471636,Good
5,0.812,-0.036298702080109595,Good
5,0.813,0.013117147311711406,Good
5,0.814,0.20043104091645017,Good
5,0.815,0.17051041776855658,Good
5,0.816,0.0753586401836644,Good
5,0.817,-0.08292388699624215,Good
5,0.818,-0.07099614026073195,Good
5,0.819,-0.0739033953768469,Good
5,0.82,0.09344516395958419,Good
5,0.821,0.011529301319197077,Good
5,0.822,0.12615145879795978,Good
5,0.823,-0.028065132244645376,Good
5,0.824,0.012521711373852919,Good
5,0.825,0.04009341025382983,Good
5,0.826,-0.012049140218677354,Good
5,0.827,0.029881510781479204,Good
5,0.828,0.0708665575645343,Good
5,0.829,0.027840441328063494,Good
5,0.83,0.12963492752543915,Good
5,0.831,0.03769419738848483,Good
5,0.832,0.003660400573947173,Good
5,0.833,-0.09949016443013181,Good
5,0.834,-0.07455916682852029,Good
5,0.835,-0.041417523849825506,Good
5,0.836,-0.04055925725983263,Good
5,0.837,0.0004264222271675019,Good
5,0.838,0.10531277625929147,Good
5,0.839,-0.060836562471932004,Good
5,0.84,0.0797752787389742,Good
5,0.841,0.014436075456056241,Good
5,0.842,-0.08857772806465462,Good
5,0.843,-0.09626620255713568,Good
5,0.844,-0.0861442540693937,Good
5,0.845,0.07627909041924322,Good
5,0.846,-0.14542634622933373,Good
5,0.847,0.0427003855754911,Good
5,0.848,-0.17473529118905998,Good
5,0.849,0.0117178923017111,Good
5,0.85,0.036742959499013426,Good
5,0.851,-0.03321375795447636,Good
5,0.852,-0.039530610981962935,Good
5,0.853,0.16900022029456857,Good
5,0.854,0.06334790665209913,Good
5,0.855,-0.029706334247502283,Good
5,0.856,-0.1408100849315381,Good
5,0.857,0.029323763627139773,Good
5,0.858,-0.0019721949556014643,Good
5,0.859,-0.0992520531198044,Good
5,0.86,-0.1518379725857223,Good
5,0.861,-0.012483012043203597,Good
5,0.862,-0.03932485822722268,Good
5,0.863,0.038705031998466366,Good
5,0.864,-0.047394035971364795,Good
5,0.865,-0.028674976707233565,Good
5,0.866,0.028328841002703484,Good
5,0.867,0.02562167347394148,Good
5,0.868,0.18128662648672883,Good
5,0.869,0.0605018924021291,Good
5,0.87,0.10656005130833589,Good
5,0.871,0.16292156948561776,Good
5,0.872,0.17261464005469582,Good
5,0.873,-0.014144145575995238,Good
5,0.874,-0.1760409976876677,Good
5,0.875,0.08949580468403685,Good
5,0.876,0.04238431308935334,Good
5,0.877,0.19406203400181474,Good
5,0.878,0.05159881033930942,Good
5,0.879,-0.0012675613260382905,Good
5,0.88,0.04167577340947113,Good
5,0.881,0.12948735193216968,Good
5,0.882,0.14035149116203735,Good
5,0.883,0.05015330257232853,Good
5,0.884,-0.0924926193205956,Good
5,0.885,0.011156004743359794,Good
5,0.886,-0.12324236588058549,Good
5,0.887,0.04615343009593947,Good
5,0.888,-0.023065154041135964,Good
5,0.889,0.04654406581201538,Good
5,0.89,0.025797735804318468,Good
5,0.891,0.04316691125792107,Good
5,0.892,-0.15887545069774986,Good
5,0.893,0.10447663758577262,Good
5,0.894,0.17815004712633092,Good
5,0.895,-0.13258123494318694,Good
5,0.896,-0.01978902489253213,Good
5,0.897,-0.06846725369813186,Good
5,0.898,0.17567723126288864,Good
5,0.899,-0.029417706607997585,Good
5,0.9,0.06446870227981706,Good
5,0.901,-0.02446098609528558,Good
5,0.902,0.00881866516285698,Good
5,0.903,0.10856102146509594,Good
5,0.904,0.07460253255224468,Good
5,0.905,-0.08160853441048041,Good
5,0.906,0.09882632229398301,Good
5,0.907,0.054195950683915674,Good
5,0.908,0.21515380505051496,Good
5,0.909,0.0493675623993317,Good
5,0.91,0.1374429885698429,Good
5,0.911,0.038931936490878116,Good
5,0.912,0.11864096775393013,Good
5,0.913,0.15600519530865187,Good
5,0.914,-0.1515014488022934,Good
5,0.915,0.09138874499272644,Good
5,0.916,0.06696290792894609,Good
5,0.917,0.13009563815505817,Good
5,0.918,0.20857160165823896,Good
5,0.919,0.10885592856543556,Good
5,0.92,-0.15074864542528266,Good
5,0.921,0.07833536119411376,Good
5,0.922,-0.14121661220942336,Good
5,0.923,-0.22126811239954114,Good
5,0.924,0.058865248629303146,Good
5,0.925,0.16433187139808725,Good
5,0.926,-0.004046349038548809,Good
5,0.927,-0.17703425827386046,Good
5,0.928,-0.05302730453443,Good
5,0.929,0.07114605940327966,Good
5,0.93,-0.035632990266918844,Good
5,0.931,0.037778650536049826,Good
5,0.932,-0.02207758808931817,Good
5,0.933,0.0748448696377469,Good
5,0.934,0.20225786556623945,Good
5,0.935,-0.043926353903277156,Good
5,0.936,0.11796830406823244,Good
5,0.937,-0.09490824510329954,Good
5,0.938,-0.029847247821927055,Good
5,0.939,0.03648526760007634,Good
5,0.94,-0.08629870130735894,Good
5,0.941,-0.10619110781734833,Good
5,0.942,0.07699006537497113,Good
5,0.943,0.24010603276353595,Good
5,0.944,0.02397967590498754,Good
5,0.945,0.20521410991552114,Good
5,0.946,-0.13975240342104828,Good
5,0.947,0.041378359207525924,Good
5,0.948,-0.06584112587535024,Good
5,0.949,-0.059397029754491515,Good
5,0.95,0.13728137143469016,Good
5,0.951,-0.15928033812343154,Good
5,0.952,-0.0005042346979809019,Good
5,0.953,-0.04471063398229283,Good
5,0.954,-0.12008063863825368,Good
5,0.955,0.01166926859462797,Good
5,0.956,-0.005174898784360604,Good
5,0.957,0.1802877227159575,Good
5,0.958,0.008975336001430132,Good
5,0.959,0.13642488917589263,Good
5,0.96,-0.047383681925346775,Good
5,0.961,-0.10994796743348936,Good
5,0.962,-0.11518911517197304,Good
5,0.963,0.040984039124817635,Good
5,0.964,0.008181162544542493,Good
5,0.965,-0.0018260815560124583,Good
5,0.966,0.03374564192801429,Good
5,0.967,-0.053993314968763834,Good
5,0.968,0.07929009290200695,Good
5,0.969,-0.05589359255949264,Good
5,0.97,-0.04172615639099854,Good
5,0.971,0.07855760992157093,Good
5,0.972,-0.09805005280717494,Good
5,0.973,-0.010712051433752505,Good
5,0.974,-0.02386593964052807,Good
5,0.975,0.1326151702860848,Good
5,0.976,0.12569088679037,Good
5,0.977,0.021042907103359286,Good
5,0.978,0.1000542339373664,Good
5,0.979,-0.07505635932788601,Good
5,0.98,-0.09810047824921309,Good
5,0.981,0.006937869208614483,Good
5,0.982,0.02794380488229919,Good
5,0.983,-0.08599084204127089,Good
5,0.984,-0.15700247298327522,Good
5,0.985,-0.09964142946291042,Good
5,0.986,-0.0050283017815520095,Good
5,0.987,-0.05185512916224902,Good
5,0.988,-0.2422634883708279,Good
5,0.989,0.04236380446331117,Good
5,0.99,-0.18814572227406803,Good
5,0.991,-0.08685051551570049,Good
5,0.992,0.20391138463323447,Good
5,0.993,0.02817728266442951,Good
5,0.994,0.021251282318675783,Good
5,0.995,0.025985996625721243,Good
5,0.996,-0.00810888600922735,Good
5,0.997,-0.20326111224937865,Good
5,0.998,0.08468639063533703,Good
5,0.999,-0.016733061312032768,Good
6,0.0,0.011300026162208371,Good
6,0.001,0.26202200531249,Good
6,0.002,0.19266019445666704,Good
6,0.003,0.0034366862676285595,Good
6,0.004,-0.11118004251663643,Good
6,0.005,-0.12262172105564546,Good
6,0.006,0.05958788176552371,Good
6,0.007,-0.06314414002961587,Good
6,0.008,0.05425803679757244,Good
6,0.009,0.028379035371340035,Good
6,0.01,-0.024061412969642492,Good
6,0.011,0.16653550251264515,Good
6,0.012,0.18295109702275786,Good
6,0.013,0.01501219576817099,Good
6,0.014,-0.1381375678540999,Good
6,0.015,0.1083865090145205,Good
6,0.016,0.10898533438240535,Good
6,0.017,-0.00389902824007454,Good
6,0.018,0.14336909473364184,Good
6,0.019,-0.0518901014581889,Good
6,0.02,0.1239375582959863,Good
6,0.021,0.07844420756974332,Good
6,0.022,0.10816385593200531,Good
6,0.023,0.06393283514187961,Good
6,0.024,-0.011153774841984465,Good
6,0.025,0.08413499099035805,Good
6,0.026,-0.03288066946311758,Good
6,0.027,0.0718720117406013,Good
6,0.028,0.006982259557904078,Good
6,0.029,0.16510796915581966,Good
6,0.03,-0.006949680143104858,Good
6,0.031,0.15127807066982715,Good
6,0.032,-0.1199569436556167,Good
6,0.033,0.14749228424666633,Good
6,0.034,0.1795049136183055,Good
6,0.035,0.10015571612810997,Good
6,0.036,-0.10685146836878474,Good
6,0.037,-0.0402084404248252,Good
6,0.038,-0.05591191182323524,Good
6,0.039,-0.04119140936165533,Good
6,0.04,-0.12023082694042303,Good
6,0.041,-0.04977374601229121,Good
6,0.042,-0.09656647256667773,Good
6,0.043,0.08498072096610532,Good
6,0.044,-0.025044539678598196,Good
6,0.045,-0.003046978223834519,Good
6,0.046,0.036070319068937394,Good
6,0.047,-0.16542722739582816,Good
6,0.048,-0.11798601806897441,Good
6,0.049,0.05651729316236142,Good
6,0.05,0.11770686842705867,Good
6,0.051,0.07266843783936071,Good
6,0.052,0.02126802714082435,Good
6,0.053,0.09915790265951854,Good
6,0.054,-0.08276906891090069,Good
6,0.055,-0.10016387357079566,Good
6,0.056,-0.009210522837612884,Good
6,0.057,0.1968263889866372,Good
6,0.058,-0.04223517034044806,Good
6,0.059,0.03826841725247494,Good
6,0.06,-0.011642871985894592,Good
6,0.061,0.07662353620043977,Good
6,0.062,0.041023256788130354,Good
6,0.063,0.13770498138889986,Good
6,0.064,-0.0374052863441348,Good
6,0.065,0.1195550829486435,Good
6,0.066,0.16247277505318064,Good
6,0.067,-0.09368511537446084,Good
6,0.068,0.039259256660900944,Good
6,0.069,-0.03163358608597374,Good
6,0.07,-0.1248261706882014,Good
6,0.071,-0.0008436424667772126,Good
6,0.072,0.13910340881974734,Good
6,0.073,-0.10393611735105378,Good
6,0.074,-0.17271079430834693,Good
6,0.075,0.025106197822451767,Good
6,0.076,0.04155629939329508,Good
6,0.077,0.013616958493378224,Good
6,0.078,-0.13759372910147077,Good
6,0.079,0.032031209393463815,Good
6,0.08,0.049837904010090535,Good
6,0.081,0.062724103788282,Good
6,0.082,-0.08673171563578953,Good
6,0.083,-0.06736044218456531,Good
6,0.084,0.19074000990298878,Good
6,0.085,-0.031160243903602815,Good
6,0.086,0.01847367662278669,Good
6,0.087,0.1419344541642678,Good
6,0.088,-0.06124358053750271,Good
6,0.089,-0.13599173660279282,Good
6,0.09,0.11230179042222273,Good
6,0.091,-0.14994954763904542,Good
6,0.092,0.03159143980303419,Good
6,0.093,0.010397301041741365,Good
6,0.094,0.20046496842572248,Good
6,0.095,-0.049413392810384225,Good
6,0.096,-0.001803109254521794,Good
6,0.097,0.05253411826057397,Good
6,0.098,0.06724072560176238,Good
6,0.099,-0.13215449458055473,Good
6,0.1,-0.052523663888529776,Good
6,0.101,0.16373837100833533,Good
6,0.102,-0.08784017135546329,Good
6,0.103,-0.08863502630681301,Good
6,0.104,0.0282407045675598,Good
6,0.105,0.006305199195007135,Good
6,0.106,0.08736508028711863,Good
6,0.107,0.09832058088310008,Good
6,0.108,-0.030607924788475283,Good
6,0.109,0.09519177386144907,Good
6,0.11,-0.02217642222152276,Good
6,0.111,0.11619339079152578,Good
6,0.112,0.2110735134131312,Good
6,0.113,-0.04653998877776336,Good
6,0.114,0.0511313842312589,Good
6,0.115,-0.103993098013343,Good
6,0.116,-0.032103118670093835,Good
6,0.117,-0.13634832190904353,Good
6,0.118,-0.05048480670332739,Good
6,0.119,0.03568169368708648,Good
6,0.12,-0.05883475919485464,Good
6,0.121,-0.15803254313895868,Good
6,0.122,0.06509230783794458,Good
6,0.123,-0.0358590328102387,Good
6,0.124,0.04157243110111988,Good
6,0.125,0.18859380960399047,Good
6,0.126,0.08277693907767698,Good
6,0.127,-0.10449368389696907,Good
6,0.128,-0.1051671641620367,Good
6,0.129,0.06045231137778355,Good
6,0.13,-0.06070525121463316,Good
6,0.131,0.008317290685793864,Good
6,0.132,-0.04401568543705104,Good
6,0.133,-0.02788257159669301,Good
6,0.134,-0.16020280451552676,Good
6,0.135,0.09585744759187725,Good
6,0.136,-0.03847619823776178,Good
6,0.137,-0.016396396893908628,Good
6,0.138,-0.047543850575333786,Good
6,0.139,-0.2947807000903002,Good
6,0.14,-0.19823280351788156,Good
6,0.141,-0.17716093667331023,Good
6,0.142,-0.11886685585499468,Good
6,0.143,-0.1402107468811751,Good
6,0.144,-0.1947065228199005,Good
6,0.145,-0.026720400331497085,Good
6,0.146,-0.18554445976345169,Good
6,0.147,-0.3937503100956583,Good
6,0.148,-0.23728740750912788,Good
6,0.149,-0.3041222205638749,Good
6,0.15,-0.06719986582017651,Good
6,0.151,-0.3530996373152228,Good
6,0.152,-0.2694697413223912,Good
6,0.153,-0.25039706130300105,Good
6,0.154,-0.21462617472827006,Good
6,0.155,-0.5778023536929606,Good
6,0.156,-0.2391326881214628,Good
6,0.157,-0.3208470456562727,Good
6,0.158,-0.5016835975955503,Good
6,0.159,-0.3944226233415774,Good
6,0.16,-0.5028111832409533,Good
6,0.161,-0.594376261384805,Good
6,0.162,-0.612390391087549,Good
6,0.163,-0.6773124201995542,Good
6,0.164,-0.7242625282296674,Good
6,0.165,-0.7242505715815971,Good
6,0.166,-0.6145950740630488,Good
6,0.167,-0.69644884421061,Good
6,0.168,-0.8391030324438689,Good
6,0.169,-0.9014890221253691,Good
6,0.17,-0.7512835723769113,Good
6,0.171,-0.9501051600323693,Good
6,0.172,-1.1130933537955068,Good
6,0.173,-0.897972933738544,Good
6,0.174,-1.1779514964356037,Good
6,0.175,-1.1224779031845131,Good
6,0.176,-1.2721785882042398,Good
6,0.177,-1.3600004760004871,Good
6,0.178,-1.3867502033767876,Good
6,0.179,-1.4283790415441802,Good
6,0.18,-1.5611506733895235,Good
6,0.181,-1.4503073917307714,Good
6,0.182,-1.3426620762898105,Good
6,0.183,-1.640636134020479,Good
6,0.184,-1.6529346180556688,Good
6,0.185,-1.7428785641240707,Good
6,0.186,-1.6320223579471085,Good
6,0.187,-1.8074656022198325,Good
6,0.188,-1.805532981103469,Good
6,0.189,-1.8916906756386866,Good
6,0.19,-2.000791029869648,Good
6,0.191,-2.0172844599668625,Good
6,0.192,-2.001065324675172,Good
6,0.193,-2.3301021691077453,Good
6,0.194,-2.2448704838086715,Good
6,0.195,-2.211061641426419,Good
6,0.196,-2.137591202182157,Good
6,0.197,-2.4130681640405633,Good
6,0.198,-2.2192661218785137,Good
6,0.199,-2.2771623264035536,Good
6,0.2,-2.148011600850846,Good
6,0.201,-2.258773675776389,Good
6,0.202,-2.318336505772925,Good
6,0.203,-2.369553186449393,Good
6,0.204,-2.1550898151114293,Good
6,0.205,-2.1135504715395816,Good
6,0.206,-1.9827871486067552,Good
6,0.207,-2.1633113558226635,Good
6,0.208,-2.290419114701116,Good
6,0.209,-1.9560032626520736,Good
6,0.21,-1.9757866441607495,Good
6,0.211,-1.7473510465909488,Good
6,0.212,-1.7381212238387536,Good
6,0.213,-1.5780183805432308,Good
6,0.214,-1.7193709852680241,Good
6,0.215,-1.5178126118577753,Good
6,0.216,-1.407080171994378,Good
6,0.217,-1.1770018116494003,Good
6,0.218,-1.1634065372540612,Good
6,0.219,-1.1553570218353533,Good
6,0.22,-1.004817093646131,Good
6,0.221,-0.7923301067165576,Good
6,0.222,-1.0061179921218506,Good
6,0.223,-0.4726607724611356,Good
6,0.224,-0.5530308229349515,Good
6,0.225,-0.4184140103221393,Good
6,0.226,-0.15132231665918025,Good
6,0.227,0.2089711756174464,Good
6,0.228,0.12213342348242928,Good
6,0.229,0.17750834356107517,Good
6,0.23,0.6055188663659592,Good
6,0.231,0.4412487686597266,Good
6,0.232,0.5893954076337464,Good
6,0.233,0.8481410142556666,Good
6,0.234,0.9343352765884531,Good
6,0.235,1.071298070379793,Good
6,0.236,1.2787027484884117,Good
6,0.237,1.1568338055806349,Good
6,0.238,1.4492288827425008,Good
6,0.239,1.566791472607086,Good
6,0.24,1.5627192058892927,Good
6,0.241,1.6688079318519107,Good
6,0.242,1.8388825769511616,Good
6,0.243,1.7594082202812598,Good
6,0.244,1.9095855956975105,Good
6,0.245,1.7405620991303998,Good
6,0.246,1.8126938686993077,Good
6,0.247,2.03060222299395,Good
6,0.248,1.9075351180814408,Good
6,0.249,1.9504858097982183,Good
6,0.25,2.052021036417984,Good
6,0.251,1.7836274752033356,Good
6,0.252,1.9245165743642032,Good
6,0.253,1.8251757671086182,Good
6,0.254,1.7271372315653808,Good
6,0.255,1.8890527725828465,Good
6,0.256,1.8754327204667949,Good
6,0.257,1.747644597429621,Good
6,0.258,1.742553923023409,Good
6,0.259,1.6371160445004012,Good
6,0.26,1.2651257501015847,Good
6,0.261,1.3108532343390769,Good
6,0.262,1.4031674278520545,Good
6,0.263,1.1891125919949346,Good
6,0.264,1.1774530293516787,Good
6,0.265,0.8518620858398477,Good
6,0.266,0.7418974218456028,Good
6,0.267,0.5330314341301265,Good
6,0.268,0.381299765688855,Good
6,0.269,0.49577724769714937,Good
6,0.27,0.23999597111068405,Good
6,0.271,0.023083336705535973,Good
6,0.272,-0.16355177080509553,Good
6,0.273,-0.32275452217138434,Good
6,0.274,-0.4201447525859925,Good
6,0.275,-0.4923731474186791,Good
6,0.276,-0.6827992090751727,Good
6,0.277,-0.7472616601924988,Good
6,0.278,-0.9726774279654012,Good
6,0.279,-1.0521290400788874,Good
6,0.28,-1.1559955904321129,Good
6,0.281,-1.33742926696236,Good
6,0.282,-1.5854635965739345,Good
6,0.283,-1.649972164704371,Good
6,0.284,-1.5487616586970603,Good
6,0.285,-1.5614427562838087,Good
6,0.286,-1.7542083021629737,Good
6,0.287,-1.8389352117503563,Good
6,0.288,-1.8829969490817677,Good
6,0.289,-1.9457454189036125,Good
6,0.29,-2.0384519128988994,Good
6,0.291,-2.142740663920074,Good
6,0.292,-2.111594997400186,Good
6,0.293,-2.2702218846325963,Good
6,0.294,-2.3899756594361077,Good
6,0.295,-2.4007303368594477,Good
6,0.296,-2.296275295258089,Good
6,0.297,-2.354416629348454,Good
6,0.298,-2.219788339784182,Good
6,0.299,-2.3765521031662686,Good
6,0.3,-2.179995546570178,Good
6,0.301,-2.3420450573353278,Good
6,0.302,-2.3833830984575193,Good
6,0.303,-2.1929362529437673,Good
6,0.304,-2.1967403333839055,Good
6,0.305,-2.039750374964387,Good
6,0.306,-2.2185777939198568,Good
6,0.307,-2.270022446010336,Good
6,0.308,-1.993494659866737,Good
6,0.309,-1.8638286151033445,Good
6,0.31,-2.110354751430874,Good
6,0.311,-1.789160969622539,Good
6,0.312,-1.886098184679804,Good
6,0.313,-1.7533258887983374,Good
6,0.314,-1.7230544837947872,Good
6,0.315,-1.7668415121355927,Good
6,0.316,-1.656481187064377,Good
6,0.317,-1.6482243547524877,Good
6,0.318,-1.5171396159733055,Good
6,0.319,-1.4059477643867093,Good
6,0.32,-1.548057011971984,Good
6,0.321,-1.4644332664477875,Good
6,0.322,-1.1131357705186355,Good
6,0.323,-1.1668559003732129,Good
6,0.324,-1.2587417968304448,Good
6,0.325,-1.027786278197047,Good
6,0.326,-1.0720856996982409,Good
6,0.327,-1.0606515656911732,Good
6,0.328,-0.9973431129954494,Good
6,0.329,-0.8854890758820843,Good
6,0.33,-1.0518777967695274,Good
6,0.331,-0.7058283420582815,Good
6,0.332,-0.9449304791803615,Good
6,0.333,-0.746845903900841,Good
6,0.334,-0.650962025292146,Good
6,0.335,-0.5161358401662288,Good
6,0.336,-0.6893483155863636,Good
6,0.337,-0.47075926976846655,Good
6,0.338,-0.43589549217194196,Good
6,0.339,-0.41347003366956014,Good
6,0.34,-0.4744701704031295,Good
6,0.341,-0.584866231570864,Good
6,0.342,-0.4969168676886944,Good
6,0.343,-0.3000697115130564,Good
6,0.344,-0.231505034478442,Good
6,0.345,-0.2764964911657886,Good
6,0.346,-0.22562648622950804,Good
6,0.347,-0.1724673280593308,Good
6,0.348,-0.11756919944926605,Good
6,0.349,-0.31316013888163907,Good
6,0.35,-0.14559361147312422,Good
6,0.351,-0.30777711121139684,Good
6,0.352,-0.22239984078932704,Good
6,0.353,-0.11120111266181573,Good
6,0.354,-0.2920228194442026,Good
6,0.355,-0.17093770727172916,Good
6,0.356,-0.22269658151999866,Good
6,0.357,-0.11400899557936708,Good
6,0.358,-0.17515022484316844,Good
6,0.359,-0.06893279709312267,Good
6,0.36,-0.42148689038736864,Good
6,0.361,-0.21509740017879048,Good
6,0.362,0.0685379071220226,Good
6,0.363,-0.2680987520026884,Good
6,0.364,0.005257204720604335,Good
6,0.365,-0.06294322275355135,Good
6,0.366,-0.19803927706207103,Good
6,0.367,0.05633256982526027,Good
6,0.368,-0.1566018092781582,Good
6,0.369,-0.15616173470711114,Good
6,0.37,0.19652893430023816,Good
6,0.371,0.007086532638154917,Good
6,0.372,-0.11188336714595432,Good
6,0.373,0.1003795084803816,Good
6,0.374,-0.09242442514180736,Good
6,0.375,-0.09604960829038639,Good
6,0.376,-0.10465778099459172,Good
6,0.377,0.08083423786012321,Good
6,0.378,-0.020383156496822957,Good
6,0.379,0.014461410606080971,Good
6,0.38,-0.10142435140965421,Good
6,0.381,-0.010779379360100587,Good
6,0.382,-0.06162471415215248,Good
6,0.383,0.0281394244659926,Good
6,0.384,-0.13113685253161658,Good
6,0.385,-0.039961795015777415,Good
6,0.386,0.18697941588359368,Good
6,0.387,0.14973435099290525,Good
6,0.388,-0.11271752102692051,Good
6,0.389,-0.23161448650287603,Good
6,0.39,0.01857396904103758,Good
6,0.391,-0.06974011955449118,Good
6,0.392,-0.07790176844515279,Good
6,0.393,0.22800818851616894,Good
6,0.394,0.0908213213452561,Good
6,0.395,-0.1018295674810501,Good
6,0.396,-0.025846096775699587,Good
6,0.397,0.18553975389148586,Good
6,0.398,-0.043648678544786546,Good
6,0.399,-0.18182980675629162,Good
6,0.4,-0.1630188250104105,Good
6,0.401,0.013947922236795208,Good
6,0.402,0.036942539310982556,Good
6,0.403,0.12537681261080824,Good
6,0.404,0.13204480243141414,Good
6,0.405,0.11239706052242993,Good
6,0.406,-0.048443992978950835,Good
6,0.407,-0.15223782414428444,Good
6,0.408,-0.03495752242821711,Good
6,0.409,0.00932630238199971,Good
6,0.41,0.15784356092623675,Good
6,0.411,-0.07609704439597897,Good
6,0.412,-0.10346905911365743,Good
6,0.413,0.19764129129409536,Good
6,0.414,-0.15499179865315205,Good
6,0.415,0.10878578906739918,Good
6,0.416,0.019754662567075948,Good
6,0.417,0.11081248576792123,Good
6,0.418,0.13125279124184702,Good
6,0.419,0.2233000038038159,Good
6,0.42,0.03129004598425002,Good
6,0.421,0.06559931773930153,Good
6,0.422,0.12248223427649929,Good
6,0.423,0.11403617376663244,Good
6,0.424,-0.22494196724990015,Good
6,0.425,-0.0464720564971268,Good
6,0.426,0.012130878981909593,Good
6,0.427,-0.01160927236803918,Good
6,0.428,0.15627799223462258,Good
6,0.429,-0.15628489228603995,Good
6,0.43,0.01863293870971624,Good
6,0.431,-0.1214711434782372,Good
6,0.432,-0.12732565346171854,Good
6,0.433,0.1169404484100594,Good
6,0.434,0.11906563715922672,Good
6,0.435,0.057393000866326795,Good
6,0.436,-0.061775261260022654,Good
6,0.437,-0.09349569124981205,Good
6,0.438,-0.018338116473578466,Good
6,0.439,0.09909434088876423,Good
6,0.44,0.06338190898999665,Good
6,0.441,0.18620779633643028,Good
6,0.442,0.14586112795018255,Good
6,0.443,0.03220499105985512,Good
6,0.444,0.058436559741123995,Good
6,0.445,-0.0288476655888534,Good
6,0.446,0.042637684068977715,Good
6,0.447,0.07111807206477848,Good
6,0.448,-0.19075036388092576,Good
6,0.449,0.10344477235409535,Good
6,0.45,-0.0032901193866754254,Good
6,0.451,-0.07522678255258039,Good
6,0.452,-0.06680239985679332,Good
6,0.453,-0.04697862314255926,Good
6,0.454,-0.027747404663043818,Good
6,0.455,0.05939795467081791,Good
6,0.456,0.17491383636696725,Good
6,0.457,-0.11412022752026146,Good
6,0.458,-0.05499743172836724,Good
6,0.459,0.04166513054060324,Good
6,0.46,0.03947608441471409,Good
6,0.461,0.02062009580100857,Good
6,0.462,-0.06001026338773559,Good
6,0.463,-0.03716077949955518,Good
6,0.464,-0.10532883967680136,Good
6,0.465,-0.04084313334428787,Good
6,0.466,0.03637512147603308,Good
6,0.467,-0.060377271283454395,Good
6,0.468,-0.08120050407699488,Good
6,0.469,0.017040846660395383,Good
6,0.47,0.017567116329461625,Good
6,0.471,0.05296844313923188,Good
6,0.472,-0.07343093322568918,Good
6,0.473,-0.04098342554585068,Good
6,0.474,-0.04310376937988317,Good
6,0.475,-0.0829718492713277,Good
6,0.476,-0.17781007670638815,Good
6,0.477,0.1463339785026927,Good
6,0.478,-0.06246365025572556,Good
6,0.479,0.19059757163193694,Good
6,0.48,-0.013395000936835608,Good
6,0.481,-0.1552534811776093,Good
6,0.482,0.03157740587397665,Good
6,0.483,0.14943743940783158,Good
6,0.484,-0.026093665109118005,Good
6,0.485,0.06826164809808181,Good
6,0.486,-0.12437180928650625,Good
6,0.487,0.0987610978756039,Good
6,0.488,0.032896259511430395,Good
6,0.489,0.07299768307536618,Good
6,0.49,-0.1650960059771521,Good
6,0.491,-0.005986306322491696,Good
6,0.492,-0.004894037833296023,Good
6,0.493,0.06806738582681159,Good
6,0.494,-0.012376087259739578,Good
6,0.495,-0.1288624358080211,Good
6,0.496,-0.19097425949122177,Good
6,0.497,0.10689626551405024,Good
6,0.498,0.015289223947314726,Good
6,0.499,-0.15109355364784116,Good
6,0.5,0.14651666362901222,Good
6,0.501,0.058635044083080214,Good
6,0.502,0.08314579343682305,Good
6,0.503,-0.0642184527448431,Good
6,0.504,-0.04163037325770115,Good
6,0.505,-0.07642979439239583,Good
6,0.506,-0.1166948945713735,Good
6,0.507,-0.080471040663279,Good
6,0.508,0.08573703388136443,Good
6,0.509,0.18313904137230064,Good
6,0.51,0.28889369938694776,Good
6,0.511,-0.046820827997884756,Good
6,0.512,0.04276817890262402,Good
6,0.513,0.06549032478071291,Good
6,0.514,-0.04313613548708984,Good
6,0.515,-0.02949580654557961,Good
6,0.516,0.163244966274951,Good
6,0.517,0.19777805432785614,Good
6,0.518,-0.15496135441876416,Good
6,0.519,0.07627789783597427,Good
6,0.52,0.11181006260019832,Good
6,0.521,-0.09917698709739856,Good
6,0.522,-0.11117292472735396,Good
6,0.523,-0.0348138788953214,Good
6,0.524,0.07167234345299961,Good
6,0.525,0.0014368246666963116,Good
6,0.526,0.014086856892400508,Good
6,0.527,0.3064270727927356,Good
6,0.528,0.03744723359518937,Good
6,0.529,-0.14100362989538712,Good
6,0.53,-0.016633237545591695,Good
6,0.531,-0.11482120981936944,Good
6,0.532,0.013784643597622515,Good
6,0.533,-0.012555917031801861,Good
6,0.534,-0.006780412680120421,Good
6,0.535,0.03948217166182538,Good
6,0.536,0.053163802253752085,Good
6,0.537,0.05410967547697287,Good
6,0.538,-0.054359737059296344,Good
6,0.539,-0.077393382434338,Good
6,0.54,0.06801748179161475,Good
6,0.541,0.05805926498749036,Good
6,0.542,0.020233923392023588,Good
6,0.543,0.07477339740584125,Good
6,0.544,0.014763178791169132,Good
6,0.545,0.056533447526635264,Good
6,0.546,-0.2809021438616675,Good
6,0.547,-0.1318124831488905,Good
6,0.548,-0.053269021176504464,Good
6,0.549,-0.028886966948616255,Good
6,0.55,-0.11066335685461702,Good
6,0.551,0.11473548161577106,Good
6,0.552,-0.026199508037198206,Good
6,0.553,0.06262428180844896,Good
6,0.554,-0.0694021764371677,Good
6,0.555,0.016278894808070793,Good
6,0.556,0.2510198405687481,Good
6,0.557,0.24716466823762664,Good
6,0.558,0.07480621925325158,Good
6,0.559,-0.012328585953017798,Good
6,0.56,0.007095585990274263,Good
6,0.561,-0.05520475737659822,Good
6,0.562,0.1526901923279856,Good
6,0.563,0.07782067446529702,Good
6,0.564,-0.011069236007216177,Good
6,0.565,0.05327559861684882,Good
6,0.566,0.18547406694052668,Good
6,0.567,0.005005333198960734,Good
6,0.568,-0.1813213410691533,Good
6,0.569,0.06378632883310735,Good
6,0.57,-0.05515423572820817,Good
6,0.571,0.0764855799480296,Good
6,0.572,-0.08845947990355313,Good
6,0.573,-0.07281819287767721,Good
6,0.574,0.12282874579216936,Good
6,0.575,-0.08617761967828799,Good
6,0.576,0.0024370288028694523,Good
6,0.577,0.14334070014069358,Good
6,0.578,0.04425863831018959,Good
6,0.579,-0.004877796138266326,Good
6,0.58,-0.04836756575390837,Good
6,0.581,-0.13397473537411125,Good
6,0.582,0.02762293934077416,Good
6,0.583,0.03558650951394842,Good
6,0.584,-0.1213971583900463,Good
6,0.585,-0.09421217617614625,Good
6,0.586,-0.10524093162155229,Good
6,0.587,-0.0016278396479099363,Good
6,0.588,-0.1479394778954405,Good
6,0.589,0.053233513042935776,Good
6,0.59,0.03854963444194545,Good
6,0.591,-0.05539048230716808,Good
6,0.592,0.03499898401454448,Good
6,0.593,0.011719809715266634,Good
6,0.594,0.13251504535559305,Good
6,0.595,-0.06857767849901142,Good
6,0.596,-0.16289477920800194,Good
6,0.597,0.06642719223964826,Good
6,0.598,0.12141720369409095,Good
6,0.599,-0.010122216851465922,Good
6,0.6,0.1274081368907448,Good
6,0.601,-0.09423545451168591,Good
6,0.602,0.12150860266679207,Good
6,0.603,-0.08552936883669084,Good
6,0.604,0.03466432250845062,Good
6,0.605,0.005158762302540343,Good
6,0.606,-0.08143981413074647,Good
6,0.607,-0.004395475093028246,Good
6,0.608,0.08118127958641375,Good
6,0.609,0.16865812907681896,Good
6,0.61,0.1503143767794984,Good
6,0.611,-0.18801333424055022,Good
6,0.612,-0.026591748552832258,Good
6,0.613,0.005705925105427731,Good
6,0.614,0.24460047189822376,Good
6,0.615,-0.03998608741825198,Good
6,0.616,-0.18130131355393353,Good
6,0.617,-0.06266861585507796,Good
6,0.618,-0.00435800887939252,Good
6,0.619,-0.13698363738154193,Good
6,0.62,-0.00866610907494022,Good
6,0.621,0.04154557321546831,Good
6,0.622,0.005514401686987825,Good
6,0.623,0.004198577185507553,Good
6,0.624,0.0564849653559546,Good
6,0.625,-0.10588770864456885,Good
6,0.626,-0.010866790544967609,Good
6,0.627,-0.16666466907374897,Good
6,0.628,-0.0878041903496519,Good
6,0.629,-0.17647625691681812,Good
6,0.63,0.11437352219764146,Good
6,0.631,-0.018809635671952766,Good
6,0.632,0.06606207198469959,Good
6,0.633,-0.03139366856409168,Good
6,0.634,-0.15964607414181523,Good
6,0.635,-0.023658848610250822,Good
6,0.636,-0.12823600656760714,Good
6,0.637,0.031445462837562076,Good
6,0.638,0.010022965544681425,Good
6,0.639,-0.0025154395224573547,Good
6,0.64,-0.00021334818706067002,Good
6,0.641,-0.00439089595564385,Good
6,0.642,0.12483301202867032,Good
6,0.643,-0.07076197274980693,Good
6,0.644,0.026382686010536945,Good
6,0.645,-0.004752973608825597,Good
6,0.646,-0.012312009718523018,Good
6,0.647,-0.043366752024384336,Good
6,0.648,-0.02580395829511925,Good
6,0.649,-0.11309873791062947,Good
6,0.65,0.04649062838718518,Good
6,0.651,6.400169851172131e-05,Good
6,0.652,0.043479368150579144,Good
6,0.653,-0.12294785345806597,Good
6,0.654,-0.11548108666688223,Good
6,0.655,0.12792005468021328,Good
6,0.656,0.04817908881329516,Good
6,0.657,0.09551291406515398,Good
6,0.658,-0.03412846578988537,Good
6,0.659,-0.15839192342313754,Good
6,0.66,0.090374843373746,Good
6,0.661,0.0033411444103593163,Good
6,0.662,0.03508182258684807,Good
6,0.663,-0.20434934541414576,Good
6,0.664,-0.1450586324037562,Good
6,0.665,0.10016060980073627,Good
6,0.666,0.1607258872090982,Good
6,0.667,0.0173809403418175,Good
6,0.668,0.21620297437898023,Good
6,0.669,-0.09889577110900766,Good
6,0.67,-0.02491262136849525,Good
6,0.671,0.08333284414740877,Good
6,0.672,0.12357153805810506,Good
6,0.673,-0.19733124712372943,Good
6,0.674,-0.13311012912381162,Good
6,0.675,0.013545845705839742,Good
6,0.676,0.02053678385050022,Good
6,0.677,-0.08739730845379018,Good
6,0.678,0.002227884909833142,Good
6,0.679,-0.09288221421591852,Good
6,0.68,-0.12380557251238167,Good
6,0.681,-0.014927829087857529,Good
6,0.682,0.011288197378753627,Good
6,0.683,0.024946969988585296,Good
6,0.684,0.1499825064507752,Good
6,0.685,0.052004803798255374,Good
6,0.686,0.0007848828122415737,Good
6,0.687,0.18374760649635224,Good
6,0.688,-0.1432559174123062,Good
6,0.689,-0.03524608901274153,Good
6,0.69,-0.008682088704422585,Good
6,0.691,-0.03380124756645682,Good
6,0.692,-0.03375950161856144,Good
6,0.693,-0.21017468016679333,Good
6,0.694,0.07886762922823087,Good
6,0.695,0.09275483659900902,Good
6,0.696,-0.04441140119466004,Good
6,0.697,-0.0300146416996535,Good
6,0.698,0.1682644545305118,Good
6,0.699,0.12810266598861922,Good
6,0.7,0.044081309081486594,Good
6,0.701,0.06439855103003424,Good
6,0.702,-0.07786165296791665,Good
6,0.703,-0.04669945163647784,Good
6,0.704,-0.12313894062084185,Good
6,0.705,0.09811973857538474,Good
6,0.706,-0.14695393823999378,Good
6,0.707,-0.023497041488125793,Good
6,0.708,0.01308618806531546,Good
6,0.709,0.09786373624830298,Good
6,0.71,0.027609594399000743,Good
6,0.711,0.08509686891359114,Good
6,0.712,-0.006903408187461733,Good
6,0.713,-0.03168775720302519,Good
6,0.714,0.010065159056035758,Good
6,0.715,-0.009810161070900705,Good
6,0.716,-0.06358054777506003,Good
6,0.717,-0.19934298762826802,Good
6,0.718,-0.026011621682731287,Good
6,0.719,-0.10603547765430894,Good
6,0.72,-0.011362007933142982,Good
6,0.721,0.08061024323821694,Good
6,0.722,0.1825279925225114,Good
6,0.723,0.18159578686297814,Good
6,0.724,-0.08690810632427833,Good
6,0.725,-0.1535944722240419,Good
6,0.726,0.03896035545890813,Good
6,0.727,0.0019605188984592524,Good
6,0.728,-0.01017829126785225,Good
6,0.729,0.01214906828884469,Good
6,0.73,0.159933879380423,Good
6,0.731,0.015610669316585467,Good
6,0.732,-0.10664272304935535,Good
6,0.733,0.06958266594619919,Good
6,0.734,-0.06510870537611378,Good
6,0.735,-0.05789712005104293,Good
6,0.736,-0.108641519034687,Good
6,0.737,-0.052117427353150725,Good
6,0.738,0.18635099213259634,Good
6,0.739,-0.16724094544426893,Good
6,0.74,0.05137903893080569,Good
6,0.741,-0.0735154466122957,Good
6,0.742,0.02102736720927998,Good
6,0.743,0.04730655576635524,Good
6,0.744,0.0020644664035950827,Good
6,0.745,-0.17465123905885246,Good
6,0.746,-0.07786781603009224,Good
6,0.747,-0.08592633450760526,Good
6,0.748,-0.08961607160154283,Good
6,0.749,-0.10816816225377662,Good
6,0.75,0.1854569870681506,Good
6,0.751,-0.17379016606399547,Good
6,0.752,0.19784794963535515,Good
6,0.753,0.06234746751946756,Good
6,0.754,-0.027895068778216153,Good
6,0.755,-0.07165047833316554,Good
6,0.756,0.10677216319415038,Good
6,0.757,0.005534840618198395,Good
6,0.758,0.062022968247541554,Good
6,0.759,0.09596133706611587,Good
6,0.76,0.0971728105353221,Good
6,0.761,0.1344067567257987,Good
6,0.762,0.031499506745378276,Good
6,0.763,0.008640042308673355,Good
6,0.764,-0.013131065262489887,Good
6,0.765,0.08337103924706823,Good
6,0.766,-0.050468709059989215,Good
6,0.767,0.04768791308677867,Good
6,0.768,0.07582974465865491,Good
6,0.769,-0.20035797423693025,Good
6,0.77,0.0669417261047287,Good
6,0.771,-0.05548481418427888,Good
6,0.772,0.21578499742590995,Good
6,0.773,-0.18591477967033423,Good
6,0.774,0.03558936936408388,Good
6,0.775,0.07512532343532845,Good
6,0.776,-0.12908543139615888,Good
6,0.777,0.019057652481190495,Good
6,0.778,0.043286700664860595,Good
6,0.779,0.030928424723032893,Good
6,0.78,0.09872349143723547,Good
6,0.781,0.023703602999183462,Good
6,0.782,0.09506589175735598,Good
6,0.783,0.006485024718209902,Good
6,0.784,-0.08770489595228304,Good
6,0.785,-0.10536939712373582,Good
6,0.786,0.08992677023761228,Good
6,0.787,-0.06753940666125406,Good
6,0.788,0.02152381284381469,Good
6,0.789,-0.17140420454870556,Good
6,0.79,0.10339848638900354,Good
6,0.791,-0.010980160008187148,Good
6,0.792,0.001684412627325016,Good
6,0.793,0.09405213371835186,Good
6,0.794,0.033624998977488836,Good
6,0.795,-0.06905105444254864,Good
6,0.796,-0.15244333072976843,Good
6,0.797,-0.005330552863018506,Good
6,0.798,0.05447953209727019,Good
6,0.799,0.13361010546856833,Good
6,0.8,-0.05153182580164271,Good
6,0.801,-0.04992437085408759,Good
6,0.802,0.07239563184945523,Good
6,0.803,0.07473266052879539,Good
6,0.804,-0.10446196726128132,Good
6,0.805,-0.04026151120283032,Good
6,0.806,0.01917949802521972,Good
6,0.807,0.2294489871520954,Good
6,0.808,0.1720043091608486,Good
6,0.809,0.11059151021408829,Good
6,0.81,0.10666223907297401,Good
6,0.811,0.021036206769572536,Good
6,0.812,-0.00021213706020013258,Good
6,0.813,-0.17927206423735817,Good
6,0.814,-0.08559666780909703,Good
6,0.815,-0.05578129942097615,Good
6,0.816,0.022477211470828342,Good
6,0.817,-0.00233879127275046,Good
6,0.818,0.10859753269708586,Good
6,0.819,-0.03329440587177202,Good
6,0.82,-0.005536800528515963,Good
6,0.821,-0.10015498326421923,Good
6,0.822,-0.03472463079587531,Good
6,0.823,0.21865707315460475,Good
6,0.824,-0.18722010059796365,Good
6,0.825,0.14192021842315394,Good
6,0.826,0.03789333965657927,Good
6,0.827,-0.08857991772720841,Good
6,0.828,0.23250889217212764,Good
6,0.829,-0.03461765793307824,Good
6,0.83,0.05344259530475912,Good
6,0.831,0.007680473741804185,Good
6,0.832,-0.09104279652861991,Good
6,0.833,0.0454615238690357,Good
6,0.834,0.1717668553904118,Good
6,0.835,-0.00016640640222711226,Good
6,0.836,0.10189510974111643,Good
6,0.837,-0.08630912856767572,Good
6,0.838,0.07108323419171238,Good
6,0.839,0.021427305096358915,Good
6,0.84,0.1662555377293364,Good
6,0.841,0.036563693219423196,Good
6,0.842,0.025497817195551664,Good
6,0.843,0.07333399315629174,Good
6,0.844,0.07432284781695632,Good
6,0.845,-0.02701733837101858,Good
6,0.846,0.054768163983058386,Good
6,0.847,0.036647586102920425,Good
6,0.848,0.062471926828246344,Good
6,0.849,0.11196023580309092,Good
6,0.85,0.02260032040037048,Good
6,0.851,-0.0787994038306711,Good
6,0.852,-0.03658833361133381,Good
6,0.853,0.1877499292330963,Good
6,0.854,-0.05384750810522452,Good
6,0.855,-0.21221100702637452,Good
6,0.856,0.02965550568707961,Good
6,0.857,0.07757091455153688,Good
6,0.858,0.12936021147084112,Good
6,0.859,-0.17699968179314915,Good
6,0.86,-0.0012923152209392322,Good
6,0.861,0.17657058899643654,Good
6,0.862,-0.017049798365946885,Good
6,0.863,-0.08544859799692286,Good
6,0.864,0.0723009928425147,Good
6,0.865,-0.2449220324874487,Good
6,0.866,0.02554308354292589,Good
6,0.867,0.12239057183842142,Good
6,0.868,0.00678224720863042,Good
6,0.869,0.26006310480360517,Good
6,0.87,-0.04951457049350522,Good
6,0.871,-0.06903993379824082,Good
6,0.872,0.0854051965354695,Good
6,0.873,0.09199033324632738,Good
6,0.874,-0.13544517556898106,Good
6,0.875,0.05890097016425558,Good
6,0.876,-0.25189576759523263,Good
6,0.877,0.1992733789861792,Good
6,0.878,-0.011844926407141796,Good
6,0.879,-0.0020715233553401445,Good
6,0.88,-0.02022362061311367,Good
6,0.881,-0.05093606754718723,Good
6,0.882,0.08777059748914004,Good
6,0.883,-0.06096873892677185,Good
6,0.884,-0.01774384540209464,Good
6,0.885,-0.13034410664443316,Good
6,0.886,0.020266701286797008,Good
6,0.887,0.03055960624508361,Good
6,0.888,-0.10962689022809363,Good
6,0.889,-0.0857375853737084,Good
6,0.89,-0.05659596163748733,Good
6,0.891,-0.04796191076839268,Good
6,0.892,-0.04378314870604236,Good
6,0.893,0.23622975109923494,Good
6,0.894,0.03524400904425385,Good
6,0.895,-0.037381133975617396,Good
6,0.896,-0.0064863519117959526,Good
6,0.897,0.022790296644142213,Good
6,0.898,0.0019815597335912645,Good
6,0.899,0.0069196021026284,Good
6,0.9,0.049482424086070856,Good
6,0.901,-0.23937146001217768,Good
6,0.902,0.08066448613303305,Good
6,0.903,-0.07648729338820565,Good
6,0.904,-0.029463902255496995,Good
6,0.905,-0.10335762430681097,Good
6,0.906,0.08175523608198437,Good
6,0.907,-0.15246114129916646,Good
6,0.908,-0.07655542787484221,Good
6,0.909,-0.0012823290875104934,Good
6,0.91,-0.06488547700322764,Good
6,0.911,0.04227229058091834,Good
6,0.912,0.033477555883288095,Good
6,0.913,0.022064312898678783,Good
6,0.914,-0.04453438432055651,Good
6,0.915,0.023997382458443427,Good
6,0.916,-0.11275875482917333,Good
6,0.917,-0.0425088802118612,Good
6,0.918,0.0716249327954303,Good
6,0.919,0.02645715969294356,Good
6,0.92,-0.012135130655561493,Good
6,0.921,0.016130592163805867,Good
6,0.922,-0.0177826926941317,Good
6,0.923,-0.1530326172223585,Good
6,0.924,-0.020864787485493703,Good
6,0.925,-0.24597347527165225,Good
6,0.926,0.07489453195359863,Good
6,0.927,0.023724266223285686,Good
6,0.928,-0.11856147531026916,Good
6,0.929,-0.03633766101034119,Good
6,0.93,-0.023474900745231595,Good
6,0.931,0.020741317777105455,Good
6,0.932,-0.05795683019218805,Good
6,0.933,0.025633535936253733,Good
6,0.934,0.058794033214415634,Good
6,0.935,0.058590305618870825,Good
6,0.936,-0.0548508574860978,Good
6,0.937,-0.09152936809478063,Good
6,0.938,0.02978081963012787,Good
6,0.939,0.11213102885950849,Good
6,0.94,-0.18164701157538313,Good
6,0.941,0.13176290277509461,Good
6,0.942,-0.025462237140610244,Good
6,0.943,-0.08385667431884312,Good
6,0.944,0.022041190499265364,Good
6,0.945,0.12244476247626353,Good
6,0.946,0.1033861838200369,Good
6,0.947,-0.02762124692071627,Good
6,0.948,-0.09560133312246767,Good
6,0.949,-0.012372871530656263,Good
6,0.95,-0.014520229894663542,Good
6,0.951,0.04661409133971629,Good
6,0.952,-0.07711528031796372,Good
6,0.953,-0.13572851714877443,Good
6,0.954,0.06989405078746518,Good
6,0.955,0.13871391373247874,Good
6,0.956,0.046202123378361125,Good
6,0.957,-0.055087246775460535,Good
6,0.958,-0.03726554062339398,Good
6,0.959,-0.02508901976768659,Good
6,0.96,0.05446958106843458,Good
6,0.961,-0.007304192150681731,Good
6,0.962,-0.006501013288457414,Good
6,0.963,0.046468756031666655,Good
6,0.964,-0.03744167982845571,Good
6,0.965,0.22058323671371258,Good
6,0.966,0.04840970358266048,Good
6,0.967,-0.0045867687777690165,Good
6,0.968,-0.03813562570430985,Good
6,0.969,-0.16591740672654876,Good
6,0.97,-0.14892622118735166,Good
6,0.971,0.08101269790369414,Good
6,0.972,-0.013961485152385145,Good
6,0.973,0.034535002187710155,Good
6,0.974,-0.14142238825180387,Good
6,0.975,-0.0637136107986963,Good
6,0.976,-0.09118104602994942,Good
6,0.977,0.1760235289840196,Good
6,0.978,0.012342601958313238,Good
6,0.979,-0.041964210329701705,Good
6,0.98,-0.06035124204653547,Good
6,0.981,-0.0004319104835238548,Good
6,0.982,0.00905071692892086,Good
6,0.983,0.11951641927157595,Good
6,0.984,0.016062551529878965,Good
6,0.985,-0.0497591895140399,Good
6,0.986,0.06830716453688869,Good
6,0.987,0.1154236386401879,Good
6,0.988,0.048461268302726644,Good
6,0.989,-0.007901048302738358,Good
6,0.99,0.001509024571083779,Good
6,0.991,0.11181145989308867,Good
6,0.992,0.11401857005981937,Good
6,0.993,-0.0607625895052241,Good
6,0.994,-0.05776156218322114,Good
6,0.995,-0.08601849505630765,Good
6,0.996,-0.15076233598599437,Good
6,0.997,-0.06793897907337139,Good
6,0.998,-0.06639991583887866,Good
6,0.999,-0.12676761267245903,Good
7,0.0,0.16351637525967339,Good
7,0.001,0.030218949512776906,Good
7,0.002,0.045088397741461034,Good
7,0.003,0.013180701592385833,Good
7,0.004,0.01240955995641601,Good
7,0.005,0.14023269637489724,Good
7,0.006,-0.08947808588242193,Good
7,0.007,-0.01709665230770367,Good
7,0.008,0.030508236013226456,Good
7,0.009,0.06749092684744064,Good
7,0.01,0.12195233392146552,Good
7,0.011,0.06697865396366011,Good
7,0.012,-0.12358822328985619,Good
7,0.013,-0.10491475476311454,Good
7,0.014,-0.01157784330693591,Good
7,0.015,0.07913980424498579,Good
7,0.016,-0.11359358113801168,Good
7,0.017,0.17089995797379967,Good
7,0.018,-0.0602617179533806,Good
7,0.019,-0.013303395188257797,Good
7,0.02,-0.019961141220464645,Good
7,0.021,0.07437306689701786,Good
7,0.022,-0.03156865514766712,Good
7,0.023,0.09314401180028203,Good
7,0.024,0.1567881707718676,Good
7,0.025,0.07724595729990345,Good
7,0.026,-0.21405273479230283,Good
7,0.027,0.11040839738855104,Good
7,0.028,-0.07849620743248562,Good
7,0.029,0.031805167678775025,Good
7,0.03,-0.044009604281346426,Good
7,0.031,-0.07146260492878376,Good
7,0.032,-0.02338499057944976,Good
7,0.033,-0.04262480188087926,Good
7,0.034,-0.11255187577727999,Good
7,0.035,-0.11858019408356169,Good
7,0.036,0.10187662069590707,Good
7,0.037,-0.006098397213058753,Good
7,0.038,-0.09646264703318133,Good
7,0.039,-0.0700528605431589,Good
7,0.04,0.019661707986266486,Good
7,0.041,-0.08259105089648132,Good
7,0.042,0.07024386200360098,Good
7,0.043,0.1383744260100633,Good
7,0.044,0.010152579684003144,Good
7,0.045,-0.24854243854190547,Good
7,0.046,-0.04150361999426566,Good
7,0.047,-0.10001287314916654,Good
7,0.048,0.08194342849449543,Good
7,0.049,0.015380582745160893,Good
7,0.05,-0.07543475380946046,Good
7,0.051,0.06450550762064512,Good
7,0.052,-0.04971056863387512,Good
7,0.053,0.06702511283217243,Good
7,0.054,0.05766625465537217,Good
7,0.055,0.016359339849130596,Good
7,0.056,-0.00821054084849051,Good
7,0.057,-0.03638716800162053,Good
7,0.058,0.06930937195047279,Good
7,0.059,-0.08937859576654651,Good
7,0.06,0.01233578740843934,Good
7,0.061,0.12362864392400151,Good
7,0.062,-0.13414901463937076,Good
7,0.063,0.03228226921475765,Good
7,0.064,0.028155343195774736,Good
7,0.065,-0.05397143376636128,Good
7,0.066,-0.09328405967858946,Good
7,0.067,0.17740390003436127,Good
7,0.068,0.02592179074975406,Good
7,0.069,-0.10557281433094767,Good
7,0.07,-0.10694448904335555,Good
7,0.071,0.15781872987731738,Good
7,0.072,-0.0006609886171907056,Good
7,0.073,0.1367802750316655,Good
7,0.074,-0.03598623713390222,Good
7,0.075,0.013423382893781805,Good
7,0.076,0.03150994064147902,Good
7,0.077,-0.04856462995143605,Good
7,0.078,-0.13844119474826383,Good
7,0.079,-0.04783774419660172,Good
7,0.08,-0.12245386350903818,Good
7,0.081,0.010516442577658318,Good
7,0.082,0.14744809407121323,Good
7,0.083,-0.0012524209901288521,Good
7,0.084,-0.1928937236398352,Good
7,0.085,0.10462026640385431,Good
7,0.086,0.04117455376197646,Good
7,0.087,-0.03025442312003454,Good
7,0.088,0.009742434366882706,Good
7,0.089,0.016839442860473133,Good
7,0.09,0.02663491019428582,Good
7,0.091,0.11447167716775948,Good
7,0.092,0.2065103353698548,Good
7,0.093,-0.0710556692366371,Good
7,0.094,0.05471766730597577,Good
7,0.095,0.010825137611984875,Good
7,0.096,0.11312915743596062,Good
7,0.097,-0.14338032936182102,Good
7,0.098,0.17932411911989982,Good
7,0.099,0.13680166979075176,Good
7,0.1,-0.030656353150006754,Good
7,0.101,0.11708010093859773,Good
7,0.102,0.019230894284899266,Good
7,0.103,0.04263882752897882,Good
7,0.104,0.10509507544275198,Good
7,0.105,0.14489712490622195,Good
7,0.106,-0.010511564596279286,Good
7,0.107,-0.023604333888710027,Good
7,0.108,0.1605579020430946,Good
7,0.109,0.046162793892289285,Good
7,0.11,-0.00474930444179987,Good
7,0.111,0.018383739498741024,Good
7,0.112,0.058491087248514165,Good
7,0.113,0.16801026239367536,Good
7,0.114,0.09264935861934648,Good
7,0.115,0.012382481229254533,Good
7,0.116,-0.07004677318862476,Good
7,0.117,0.06505598832603554,Good
7,0.118,-0.1370754091205476,Good
7,0.119,-0.04499650721613899,Good
7,0.12,0.06074666178857521,Good
7,0.121,-0.10253602057323181,Good
7,0.122,-0.0711980175591981,Good
7,0.123,0.0009410224771090399,Good
7,0.124,0.17073330186284535,Good
7,0.125,-0.041704530203865414,Good
7,0.126,-0.009421100043572514,Good
7,0.127,-0.08552773468843257,Good
7,0.128,0.10130790676454442,Good
7,0.129,-0.031891345405611185,Good
7,0.13,-0.03594408506812964,Good
7,0.131,0.010577338801494383,Good
7,0.132,-0.13629213680440588,Good
7,0.133,-0.12265541147917872,Good
7,0.134,-0.026904033927488736,Good
7,0.135,-0.12674733283485057,Good
7,0.136,-0.050077102784902114,Good
7,0.137,0.03841241391506131,Good
7,0.138,0.07791947005279021,Good
7,0.139,-0.1375464755545216,Good
7,0.14,-0.16285270621235537,Good
7,0.141,-0.20780325794269455,Good
7,0.142,-0.19398493091243182,Good
7,0.143,-0.18449712923234185,Good
7,0.144,-0.34511001666374624,Good
7,0.145,-0.16802837114289043,Good
7,0.146,0.03536697238687722,Good
7,0.147,-0.2362299293792539,Good
7,0.148,-0.11419091869291242,Good
7,0.149,-0.24306202459024207,Good
7,0.15,-0.4383697648180005,Good
7,0.151,-0.21009091081433007,Good
7,0.152,-0.47216690509477455,Good
7,0.153,-0.11575128493340686,Good
7,0.154,-0.44427546169505294,Good
7,0.155,-0.47829229120480293,Good
7,0.156,-0.40569165301759386,Good
7,0.157,-0.3007331189374456,Good
7,0.158,-0.5556564771145024,Good
7,0.159,-0.4192038116217614,Good
7,0.16,-0.4166506889310115,Good
7,0.161,-0.4199586154773007,Good
7,0.162,-0.43155850949681585,Good
7,0.163,-0.4674021128907627,Good
7,0.164,-0.7110105806565588,Good
7,0.165,-0.89368398398295,Good
7,0.166,-0.8020462245632798,Good
7,0.167,-0.7098227031192637,Good
7,0.168,-0.786778408371904,Good
7,0.169,-0.6874241769368935,Good
7,0.17,-0.8905975911685206,Good
7,0.171,-0.9965950248907355,Good
7,0.172,-0.9591126257535116,Good
7,0.173,-1.2684976365608742,Good
7,0.174,-1.129010917527481,Good
7,0.175,-0.9819435088307886,Good
7,0.176,-1.1788535754294605,Good
7,0.177,-1.287621604912718,Good
7,0.178,-1.2518347861237595,Good
7,0.179,-1.3463735633267033,Good
7,0.18,-1.2998754710068596,Good
7,0.181,-1.712369853048019,Good
7,0.182,-1.6711551441282595,Good
7,0.183,-1.6901412555325914,Good
7,0.184,-1.756604340295087,Good
7,0.185,-1.6394218358448276,Good
7,0.186,-1.6905803923731626,Good
7,0.187,-1.582458885042826,Good
7,0.188,-1.7976071370209437,Good
7,0.189,-1.8571381738112385,Good
7,0.19,-2.1006323112651692,Good
7,0.191,-2.030363154116922,Good
7,0.192,-2.2820221744494535,Good
7,0.193,-2.2343203489983634,Good
7,0.194,-2.1108303707670686,Good
7,0.195,-2.356196800757177,Good
7,0.196,-2.2510752103931453,Good
7,0.197,-2.2676774304579985,Good
7,0.198,-2.202069815268753,Good
7,0.199,-2.35586893304996,Good
7,0.2,-2.2880797238227473,Good
7,0.201,-2.3197879367041887,Good
7,0.202,-2.2659147271819946,Good
7,0.203,-2.292988631974514,Good
7,0.204,-2.2463830045278477,Good
7,0.205,-2.1303564678604427,Good
7,0.206,-2.191899454837222,Good
7,0.207,-2.114960811694233,Good
7,0.208,-1.9797924881585027,Good
7,0.209,-2.1722716255387784,Good
7,0.21,-2.115912255756243,Good
7,0.211,-1.9724774897466981,Good
7,0.212,-1.804648294524597,Good
7,0.213,-1.7160711567009543,Good
7,0.214,-1.8472307446336913,Good
7,0.215,-1.6499024208823208,Good
7,0.216,-1.4529949169698513,Good
7,0.217,-1.4820808159164107,Good
7,0.218,-1.3530251293322524,Good
7,0.219,-1.1906019364410398,Good
7,0.22,-0.8786176574050513,Good
7,0.221,-1.001316428489194,Good
7,0.222,-0.720902722376581,Good
7,0.223,-0.7855311604355841,Good
7,0.224,-0.6677050693750524,Good
7,0.225,-0.5198962562789995,Good
7,0.226,-0.11430324297340802,Good
7,0.227,0.06598396131225015,Good
7,0.228,0.004791141120407363,Good
7,0.229,0.19097005532670258,Good
7,0.23,0.3793926022960192,Good
7,0.231,0.37003856050684547,Good
7,0.232,0.688514487064738,Good
7,0.233,0.7579009491531771,Good
7,0.234,0.8297401880684041,Good
7,0.235,0.8648387912810194,Good
7,0.236,1.1884661228945956,Good
7,0.237,1.3101143709305303,Good
7,0.238,1.2481963884181007,Good
7,0.239,1.4705522627127317,Good
7,0.24,1.6667444189002474,Good
7,0.241,1.6799641456043812,Good
7,0.242,1.7407778119320882,Good
7,0.243,1.7116812617107406,Good
7,0.244,1.9016010822671103,Good
7,0.245,1.723274153323879,Good
7,0.246,1.8409410871583536,Good
7,0.247,1.872449031773999,Good
7,0.248,1.9822308074771622,Good
7,0.249,1.8957017369344489,Good
7,0.25,1.9213429468527456,Good
7,0.251,1.9899980024796822,Good
7,0.252,2.054231365893307,Good
7,0.253,2.070541959898586,Good
7,0.254,1.8131673665905497,Good
7,0.255,1.7805931904054313,Good
7,0.256,1.8720141196302058,Good
7,0.257,1.6312516783349702,Good
7,0.258,1.5906983085996758,Good
7,0.259,1.621259210944979,Good
7,0.26,1.4781122959399935,Good
7,0.261,1.2099664685427607,Good
7,0.262,1.2873160880248478,Good
7,0.263,1.0870371336667766,Good
7,0.264,1.009446571121656,Good
7,0.265,1.0065835968605974,Good
7,0.266,0.733151818104293,Good
7,0.267,0.6212539677801311,Good
7,0.268,0.5458515538843406,Good
7,0.269,0.3819660440496142,Good
7,0.27,0.05663614244174439,Good
7,0.271,0.24628407923495113,Good
7,0.272,-0.16097798402445063,Good
7,0.273,-0.2129058673941766,Good
7,0.274,-0.2318675967410853,Good
7,0.275,-0.3625480950389811,Good
7,0.276,-0.637328169317946,Good
7,0.277,-0.8081947632700771,Good
7,0.278,-0.8429179088813096,Good
7,0.279,-1.0559881245533276,Good
7,0.28,-0.9306487165829259,Good
7,0.281,-1.18024736678421,Good
7,0.282,-1.4382384224541678,Good
7,0.283,-1.4901759064715459,Good
7,0.284,-1.717506141150129,Good
7,0.285,-1.8184564614789092,Good
7,0.286,-1.8832614807770385,Good
7,0.287,-1.8479248300957904,Good
7,0.288,-1.9745707042738694,Good
7,0.289,-1.9154328474126512,Good
7,0.29,-2.073922014051485,Good
7,0.291,-2.065017195923621,Good
7,0.292,-2.108122221974393,Good
7,0.293,-2.2663351687931286,Good
7,0.294,-2.0214662220928195,Good
7,0.295,-2.1262393115373177,Good
7,0.296,-2.290901959125179,Good
7,0.297,-2.0992230449282605,Good
7,0.298,-2.293111815581948,Good
7,0.299,-2.3567714249072282,Good
7,0.3,-2.3087179185892923,Good
7,0.301,-2.123835541248583,Good
7,0.302,-2.1761264366992465,Good
7,0.303,-1.967101911248709,Good
7,0.304,-2.217266432283882,Good
7,0.305,-2.1429001114415027,Good
7,0.306,-2.1717110804074053,Good
7,0.307,-2.0451796657863968,Good
7,0.308,-2.2058220413704714,Good
7,0.309,-2.1908915895418395,Good
7,0.31,-2.0720814991723966,Good
7,0.311,-1.640237495092189,Good
7,0.312,-1.7850428040039727,Good
7,0.313,-1.814236566310436,Good
7,0.314,-1.9380628412247356,Good
7,0.315,-1.7779247539814207,Good
7,0.316,-1.715209639170203,Good
7,0.317,-1.616114633078649,Good
7,0.318,-1.5140676790326255,Good
7,0.319,-1.4911509404376488,Good
7,0.32,-1.3720101207903055,Good
7,0.321,-1.3610075731384348,Good
7,0.322,-1.188838016226724,Good
7,0.323,-1.3287590986533782,Good
7,0.324,-1.0375285193931851,Good
7,0.325,-1.2270732868274203,Good
7,0.326,-1.0883150991953372,Good
7,0.327,-1.0210008313065473,Good
7,0.328,-1.1610305368545397,Good
7,0.329,-0.9671368624650011,Good
7,0.33,-0.9118651045004778,Good
7,0.331,-0.6835131946690142,Good
7,0.332,-0.7371337294405804,Good
7,0.333,-0.7539251271101579,Good
7,0.334,-0.7338512601059712,Good
7,0.335,-0.5177458199855531,Good
7,0.336,-0.46865031562355186,Good
7,0.337,-0.6923806702825274,Good
7,0.338,-0.6781466793795058,Good
7,0.339,-0.5206368646176351,Good
7,0.34,-0.47957867389885533,Good
7,0.341,-0.3830033832905887,Good
7,0.342,-0.4054453545829279,Good
7,0.343,-0.39584882414549893,Good
7,0.344,-0.4276522601840828,Good
7,0.345,-0.41099200869287583,Good
7,0.346,-0.08032358543599596,Good
7,0.347,-0.28380373394081077,Good
7,0.348,-0.2836657814444856,Good
7,0.349,-0.267615825370855,Good
7,0.35,-0.1725983676682899,Good
7,0.351,-0.20109007616121774,Good
7,0.352,-0.3125248638883167,Good
7,0.353,0.1145263873500458,Good
7,0.354,-0.04467426753915826,Good
7,0.355,-0.06426485738685166,Good
7,0.356,-0.11585728556806234,Good
7,0.357,-0.20562444393473592,Good
7,0.358,0.23229523897664617,Good
7,0.359,0.00432336706466388,Good
7,0.36,0.022802716617041474,Good
7,0.361,-0.1504438964901444,Good
7,0.362,0.015671426562148524,Good
7,0.363,0.041784883601239636,Good
7,0.364,-0.16178394322999176,Good
7,0.365,-0.05605734724577072,Good
7,0.366,-0.2704687614244527,Good
7,0.367,-0.021741049128599997,Good
7,0.368,-0.1464282600936046,Good
7,0.369,-0.14403118549415436,Good
7,0.37,-0.08277515702710012,Good
7,0.371,-0.07417904885224627,Good
7,0.372,0.0746245846767415,Good
7,0.373,0.09734503341071915,Good
7,0.374,-0.11027892174091743,Good
7,0.375,0.11176465482627873,Good
7,0.376,-0.0031593903115005595,Good
7,0.377,-0.18363626617641451,Good
7,0.378,-0.07574985796230313,Good
7,0.379,0.03968332426204542,Good
7,0.38,0.002544516563014583,Good
7,0.381,0.04051489311490936,Good
7,0.382,-0.0030968362919276578,Good
7,0.383,0.15318940343991055,Good
7,0.384,-0.1438832354776769,Good
7,0.385,0.00041041174033171446,Good
7,0.386,0.11208935706582411,Good
7,0.387,-0.12297013768173184,Good
7,0.388,0.14790746406170752,Good
7,0.389,-0.04919263875479496,Good
7,0.39,0.028654404414139897,Good
7,0.391,-0.02785524787365244,Good
7,0.392,0.15413187240196285,Good
7,0.393,0.044640231954334426,Good
7,0.394,-0.017512521544916334,Good
7,0.395,-0.006050723093877025,Good
7,0.396,0.07076265571868914,Good
7,0.397,0.13420869437958435,Good
7,0.398,-0.12955447972523654,Good
7,0.399,-0.05678465366597113,Good
7,0.4,0.040898988324737665,Good
7,0.401,-0.06427113346927422,Good
7,0.402,-0.06013534815756766,Good
7,0.403,-0.017179762174138507,Good
7,0.404,0.016794957458465338,Good
7,0.405,0.03922011424461497,Good
7,0.406,-0.05792476307296879,Good
7,0.407,0.03889352986311789,Good
7,0.408,0.059946444697965354,Good
7,0.409,-0.02965541709482323,Good
7,0.41,-0.07855664324058631,Good
7,0.411,0.027865067806252974,Good
7,0.412,-0.04180787918723275,Good
7,0.413,-0.08254346479077601,Good
7,0.414,-0.02936032487326322,Good
7,0.415,-0.018381914393806903,Good
7,0.416,-0.16222607217208385,Good
7,0.417,0.07541428603657724,Good
7,0.418,0.04581049484148613,Good
7,0.419,0.03926049413390566,Good
7,0.42,-0.08986300580468003,Good
7,0.421,-0.019977706818854572,Good
7,0.422,-0.00414399260208005,Good
7,0.423,0.08650460191895942,Good
7,0.424,-0.11136280425178774,Good
7,0.425,0.1951326872273467,Good
7,0.426,-0.12969071350673464,Good
7,0.427,0.03868118545864008,Good
7,0.428,-0.06222517051380208,Good
7,0.429,0.011533311315629418,Good
7,0.43,-0.25339582664865257,Good
7,0.431,0.0132423217741134,Good
7,0.432,0.08618912705880348,Good
7,0.433,-0.0904093182626574,Good
7,0.434,-0.019440921498445965,Good
7,0.435,0.11810247792305449,Good
7,0.436,-0.05236868718923965,Good
7,0.437,0.053711590049861715,Good
7,0.438,-0.21279948881074973,Good
7,0.439,0.02991650860350378,Good
7,0.44,-0.044987084223824615,Good
7,0.441,-0.016002558209534248,Good
7,0.442,-0.14381461754089772,Good
7,0.443,0.014305241150096652,Good
7,0.444,0.023164793288800806,Good
7,0.445,0.02991307217269303,Good
7,0.446,0.02068164452122547,Good
7,0.447,-0.0945799479974909,Good
7,0.448,-0.01864510439513962,Good
7,0.449,0.1544546837916896,Good
7,0.45,0.003929811057171024,Good
7,0.451,0.07050135200780216,Good
7,0.452,0.04367481409099925,Good
7,0.453,0.09560234995522518,Good
7,0.454,-0.0410159752826227,Good
7,0.455,0.09176869888841094,Good
7,0.456,-0.001381391377858224,Good
7,0.457,0.05576308415507725,Good
7,0.458,-0.02318901046580216,Good
7,0.459,-0.11258538305056065,Good
7,0.46,-0.12260350312804842,Good
7,0.461,0.11944040855673309,Good
7,0.462,0.017971725890517237,Good
7,0.463,-0.06344687808732181,Good
7,0.464,0.027521277907900578,Good
7,0.465,0.09929096749879618,Good
7,0.466,-0.020733660565517467,Good
7,0.467,-0.13347552345074473,Good
7,0.468,0.0844448213677852,Good
7,0.469,0.04961959005624494,Good
7,0.47,0.02895920897722766,Good
7,0.471,0.25186446495481796,Good
7,0.472,0.09436574427186047,Good
7,0.473,-0.15670692037677725,Good
7,0.474,0.09344259480728051,Good
7,0.475,0.060636652691979424,Good
7,0.476,0.09901845680227817,Good
7,0.477,0.006558117354161765,Good
7,0.478,0.18373942415471112,Good
7,0.479,0.020354303248679862,Good
7,0.48,0.050771171005383066,Good
7,0.481,0.15615684222831439,Good
7,0.482,-0.21205382762683886,Good
7,0.483,0.011158742546817105,Good
7,0.484,0.0341067132601958,Good
7,0.485,0.03359137754502569,Good
7,0.486,0.07210625389410004,Good
7,0.487,-0.08406171851626935,Good
7,0.488,-0.09098963555303335,Good
7,0.489,-0.07538014474794182,Good
7,0.49,0.050090710034234855,Good
7,0.491,-0.08767555231824592,Good
7,0.492,-0.029810889894225624,Good
7,0.493,-0.01384139019958308,Good
7,0.494,-0.1275977342223298,Good
7,0.495,0.026242723730827696,Good
7,0.496,-0.04581313822106142,Good
7,0.497,0.03418464591021322,Good
7,0.498,0.18502688261598324,Good
7,0.499,0.07067312676253162,Good
7,0.5,0.053458136580073125,Good
7,0.501,-0.10385774316800392,Good
7,0.502,-0.2006244741097965,Good
7,0.503,-0.1483663070866546,Good
7,0.504,0.05641285941121839,Good
7,0.505,0.0017017085249657555,Good
7,0.506,0.18467593926007858,Good
7,0.507,-0.023140315008177197,Good
7,0.508,-0.04564949168417993,Good
7,0.509,-0.09440346680273412,Good
7,0.51,-0.13522202010629053,Good
7,0.511,-0.059415579915200356,Good
7,0.512,-0.035892390701600975,Good
7,0.513,-0.2790314722502831,Good
7,0.514,0.011716384984867925,Good
7,0.515,-0.06703959475937785,Good
7,0.516,0.059635500131583065,Good
7,0.517,-0.11801015685290972,Good
7,0.518,-0.08321352513326023,Good
7,0.519,0.043779268023874995,Good
7,0.52,-0.10544210252112879,Good
7,0.521,-0.08411519548337998,Good
7,0.522,-0.04840909374693465,Good
7,0.523,0.08556480828111773,Good
7,0.524,0.0955077801548052,Good
7,0.525,-0.07853584037043293,Good
7,0.526,-0.05609359992738619,Good
7,0.527,0.09896717379216344,Good
7,0.528,0.04810574654049074,Good
7,0.529,0.20390147901905042,Good
7,0.53,-0.11866412203019663,Good
7,0.531,0.04539880937618023,Good
7,0.532,-0.32169934104015324,Good
7,0.533,0.037488483043095204,Good
7,0.534,0.08742912592782093,Good
7,0.535,-0.2156706954656066,Good
7,0.536,0.06848094883035305,Good
7,0.537,0.07214159980347962,Good
7,0.538,0.14964030243715012,Good
7,0.539,0.12286634819300252,Good
7,0.54,-0.04004965488019821,Good
7,0.541,-0.06256368277202827,Good
7,0.542,-0.0016973786081343188,Good
7,0.543,-0.14145350789429542,Good
7,0.544,-0.09407373276142919,Good
7,0.545,0.0977978048310826,Good
7,0.546,0.0875087540794115,Good
7,0.547,0.028220974511442683,Good
7,0.548,-0.03164987650287496,Good
7,0.549,0.09821514089612626,Good
7,0.55,0.034686955247365266,Good
7,0.551,0.04529660532029794,Good
7,0.552,-0.02854102292200349,Good
7,0.553,0.07846024666934882,Good
7,0.554,-0.0651007325050204,Good
7,0.555,0.06809819439469507,Good
7,0.556,-0.1283967964440119,Good
7,0.557,-0.11210445954422872,Good
7,0.558,-0.09657475974507429,Good
7,0.559,-0.07148871073690789,Good
7,0.56,-0.07387248028245619,Good
7,0.561,0.012320949427810559,Good
7,0.562,-0.131854615088742,Good
7,0.563,-0.251741007804991,Good
7,0.564,-0.021845194073363806,Good
7,0.565,0.03710475196167853,Good
7,0.566,-0.00657667759032001,Good
7,0.567,0.18853612592392577,Good
7,0.568,0.011728581373632231,Good
7,0.569,0.03207802247170196,Good
7,0.57,0.055163637049992345,Good
7,0.571,0.06929602266875011,Good
7,0.572,-0.07152628704427982,Good
7,0.573,-0.031005509125741477,Good
7,0.574,0.1242595149315398,Good
7,0.575,0.0930164189987298,Good
7,0.576,-0.04288776153283229,Good
7,0.577,-0.01796421363122926,Good
7,0.578,0.045716159149744806,Good
7,0.579,0.0368620755290461,Good
7,0.58,-0.037235312756670046,Good
7,0.581,0.006351046431984534,Good
7,0.582,-0.1734479963684748,Good
7,0.583,0.1599413983298943,Good
7,0.584,0.02047411762856915,Good
7,0.585,-0.03249652932523174,Good
7,0.586,0.0046436201040902115,Good
7,0.587,-0.1408592135334652,Good
7,0.588,0.05591272709938355,Good
7,0.589,-0.06319528493466159,Good
7,0.59,0.08426102766319947,Good
7,0.591,-0.14581489646927567,Good
7,0.592,0.10180529286321904,Good
7,0.593,0.037785480567870094,Good
7,0.594,0.15836637912980078,Good
7,0.595,0.106787254042816,Good
7,0.596,-0.12483881589196216,Good
7,0.597,0.12735028114927335,Good
7,0.598,-0.05923463943054156,Good
7,0.599,-0.050176450468265604,Good
7,0.6,-0.004359308140241703,Good
7,0.601,0.153863823043979,Good
7,0.602,0.05287507171395195,Good
7,0.603,0.055060495576972956,Good
7,0.604,0.004038665202978007,Good
7,0.605,0.00277120760057661,Good
7,0.606,0.11511972246363025,Good
7,0.607,-0.0638033409309425,Good
7,0.608,0.04786729523434252,Good
7,0.609,-0.11117522631767654,Good
7,0.61,0.18676905430302493,Good
7,0.611,0.0031370093180256423,Good
7,0.612,-0.1661410347676848,Good
7,0.613,-0.052497986685998865,Good
7,0.614,-0.09879719937665425,Good
7,0.615,-0.1256460785083485,Good
7,0.616,-0.11297584505679846,Good
7,0.617,-0.02105635696197315,Good
7,0.618,0.07394635269563728,Good
7,0.619,0.07592506999833482,Good
7,0.62,-0.06340253960156045,Good
7,0.621,0.06441667995181888,Good
7,0.622,0.06503281062826409,Good
7,0.623,-0.04459374502359642,Good
7,0.624,-0.27145937540575027,Good
7,0.625,0.03426912183200639,Good
7,0.626,-0.10313232318501289,Good
7,0.627,-0.009609564999011388,Good
7,0.628,0.06905623029179944,Good
7,0.629,0.21402567758423852,Good
7,0.63,-0.010999226584974205,Good
7,0.631,-0.07949502244061618,Good
7,0.632,0.03171936162246594,Good
7,0.633,-0.09959559109127596,Good
7,0.634,0.026241154654206636,Good
7,0.635,0.06119959927007145,Good
7,0.636,0.02146582479560032,Good
7,0.637,-0.08262483353725814,Good
7,0.638,0.0030920387451836917,Good
7,0.639,-0.05505940414770916,Good
7,0.64,-0.08816005399060389,Good
7,0.641,0.042231920124074965,Good
7,0.642,0.03655055488983831,Good
7,0.643,0.10091934047796364,Good
7,0.644,-0.16085862302738674,Good
7,0.645,0.1277541272159408,Good
7,0.646,-0.03131988091443854,Good
7,0.647,0.02840691282986938,Good
7,0.648,-0.00549735720984493,Good
7,0.649,0.049609072632700854,Good
7,0.65,0.09109064499524755,Good
7,0.651,0.14119867629946217,Good
7,0.652,0.00203231249419799,Good
7,0.653,-0.09946866156277433,Good
7,0.654,0.21962662105643238,Good
7,0.655,0.1369220008538632,Good
7,0.656,0.016231487205548907,Good
7,0.657,-0.16500506169656826,Good
7,0.658,-0.06147397015484325,Good
7,0.659,-0.05253174806692149,Good
7,0.66,0.013506335757446131,Good
7,0.661,0.05519802616304138,Good
7,0.662,0.05634000275720709,Good
7,0.663,0.0625563087110506,Good
7,0.664,0.1063002040193559,Good
7,0.665,0.047132505561641835,Good
7,0.666,-0.14269522050943276,Good
7,0.667,0.0912349010500719,Good
7,0.668,0.0386821961842109,Good
7,0.669,-0.14635571822419807,Good
7,0.67,0.012063718128212103,Good
7,0.671,0.03818776519410754,Good
7,0.672,0.05224114095699948,Good
7,0.673,0.03790539802223823,Good
7,0.674,0.15098076318492926,Good
7,0.675,0.1380945211770288,Good
7,0.676,0.003918165411367821,Good
7,0.677,-0.08434243149314373,Good
7,0.678,-0.10583616748495378,Good
7,0.679,-0.01346446686655102,Good
7,0.68,0.033280817384992625,Good
7,0.681,0.041857753162897096,Good
7,0.682,0.020696995085481822,Good
7,0.683,-0.07488655800122758,Good
7,0.684,-0.022537434928236705,Good
7,0.685,-0.24394582014368021,Good
7,0.686,-0.0398494440371627,Good
7,0.687,0.056245392017231804,Good
7,0.688,-0.1504589832583355,Good
7,0.689,-0.032996959488673726,Good
7,0.69,-0.10969874535583722,Good
7,0.691,0.021441593272754356,Good
7,0.692,-0.05854944048799814,Good
7,0.693,0.03136384151652404,Good
7,0.694,-0.15492932747226695,Good
7,0.695,-0.030146167274721403,Good
7,0.696,0.024904199442056078,Good
7,0.697,-0.04613093447325519,Good
7,0.698,-0.024787282972547172,Good
7,0.699,-0.056038358831687035,Good
7,0.7,0.1453533482031225,Good
7,0.701,0.003148910819284957,Good
7,0.702,-0.06240319032656563,Good
7,0.703,0.03484322425460328,Good
7,0.704,0.07213184260889625,Good
7,0.705,0.07426976642169324,Good
7,0.706,-0.1315224054022806,Good
7,0.707,0.05757356925572609,Good
7,0.708,-0.043086293925495116,Good
7,0.709,0.022485738677064736,Good
7,0.71,0.05483838322442269,Good
7,0.711,-0.008776055637209684,Good
7,0.712,0.021631669155731947,Good
7,0.713,0.13638463595513853,Good
7,0.714,0.07386011681952265,Good
7,0.715,-0.05348468359705671,Good
7,0.716,0.08585786731169903,Good
7,0.717,-0.138615616877663,Good
7,0.718,-0.15601538262737608,Good
7,0.719,-0.10937533670225662,Good
7,0.72,-0.04841898649660574,Good
7,0.721,-0.018577056347052683,Good
7,0.722,0.14894995487719262,Good
7,0.723,-0.04757092854737174,Good
7,0.724,-0.10153306357861647,Good
7,0.725,0.020761095565171268,Good
7,0.726,0.05515981778820839,Good
7,0.727,0.035397812940222505,Good
7,0.728,0.027964408260999662,Good
7,0.729,0.10594851276007439,Good
7,0.73,0.13412888695540917,Good
7,0.731,0.06964075558392492,Good
7,0.732,-0.08862351237205446,Good
7,0.733,-0.03404199864738034,Good
7,0.734,-0.02127056777376018,Good
7,0.735,0.02771297259557063,Good
7,0.736,-0.08832193929701705,Good
7,0.737,-0.0031232838351246297,Good
7,0.738,0.0829486199387236,Good
7,0.739,0.005970550680728796,Good
7,0.74,-0.145026995494221,Good
7,0.741,-0.09301309973403121,Good
7,0.742,-0.12147582910293496,Good
7,0.743,0.02343714576143131,Good
7,0.744,0.1086698732279712,Good
7,0.745,-0.14427765845610255,Good
7,0.746,-0.11644458018377689,Good
7,0.747,0.15939238316509557,Good
7,0.748,-0.2095804847412317,Good
7,0.749,0.050746566978089616,Good
7,0.75,-0.04994072672534343,Good
7,0.751,-0.2359004391509131,Good
7,0.752,-0.017626411317278948,Good
7,0.753,0.034530184218273814,Good
7,0.754,-0.007499689297940204,Good
7,0.755,0.025356024786504557,Good
7,0.756,-0.014423374891598884,Good
7,0.757,-0.20404971294359547,Good
7,0.758,-0.12207213501929413,Good
7,0.759,-0.01944517893635486,Good
7,0.76,0.14095288850065876,Good
7,0.761,0.12572504506170684,Good
7,0.762,-0.0440295170044241,Good
7,0.763,3.9481063863599654e-05,Good
7,0.764,0.1686381158326199,Good
7,0.765,-0.05198252698287556,Good
7,0.766,-0.03848575040667616,Good
7,0.767,0.034562405617594716,Good
7,0.768,0.17060425690768433,Good
7,0.769,-0.08012553342129858,Good
7,0.77,0.030707443930866413,Good
7,0.771,0.019831057674564303,Good
7,0.772,-0.051758740023386034,Good
7,0.773,0.08992497418471002,Good
7,0.774,0.009371372550324048,Good
7,0.775,-0.0496080418737766,Good
7,0.776,0.08346791741174334,Good
7,0.777,0.09402702012702811,Good
7,0.778,0.03288174575497079,Good
7,0.779,-0.09669331807702962,Good
7,0.78,-0.046968840261465944,Good
7,0.781,0.025490656590923866,Good
7,0.782,-0.14431348493113969,Good
7,0.783,-0.012840731951210048,Good
7,0.784,0.018551196865519093,Good
7,0.785,-0.021513324425212223,Good
7,0.786,0.07296832789009718,Good
7,0.787,0.2129481717397085,Good
7,0.788,-0.002135173414555447,Good
7,0.789,0.103297825159996,Good
7,0.79,0.20243558392463146,Good
7,0.791,-0.19443053911856975,Good
7,0.792,-0.014324648800349591,Good
7,0.793,0.1368817764012066,Good
7,0.794,-0.07279864565897934,Good
7,0.795,0.12486492781782886,Good
7,0.796,0.03479153159847667,Good
7,0.797,-0.05072076940599606,Good
7,0.798,0.06319562158435942,Good
7,0.799,-0.022581192815568082,Good
7,0.8,-0.11738491696592601,Good
7,0.801,0.004412422523893355,Good
7,0.802,0.15897751004261418,Good
7,0.803,-0.06256604251284292,Good
7,0.804,-0.16198954112045488,Good
7,0.805,0.06513005688999483,Good
7,0.806,0.12963907510135925,Good
7,0.807,-0.13424903896012896,Good
7,0.808,0.10534775799219079,Good
7,0.809,-0.23886675315060263,Good
7,0.81,-0.05153615357554495,Good
7,0.811,0.12343667666770508,Good
7,0.812,-0.3543152209457578,Good
7,0.813,0.10621377751530539,Good
7,0.814,-0.07592939806257143,Good
7,0.815,-0.0020219730696423434,Good
7,0.816,0.08320644102009375,Good
7,0.817,-0.08923055177811487,Good
7,0.818,-0.055668498719734505,Good
7,0.819,-0.11746361364010492,Good
7,0.82,0.1243574739665251,Good
7,0.821,0.06001346752506376,Good
7,0.822,0.10257577902751802,Good
7,0.823,0.10998019225395604,Good
7,0.824,-0.014800206968573188,Good
7,0.825,-0.14791813468836632,Good
7,0.826,0.01159752953911302,Good
7,0.827,0.0448915183212947,Good
7,0.828,0.03424188596234079,Good
7,0.829,-0.09493985182967055,Good
7,0.83,0.004730691596222882,Good
7,0.831,-0.013121383930385217,Good
7,0.832,0.04360020474761519,Good
7,0.833,-0.05027770562764769,Good
7,0.834,-0.13061157044748864,Good
7,0.835,0.1512658463076098,Good
7,0.836,0.11575478490009404,Good
7,0.837,-0.07847637791691241,Good
7,0.838,0.03054688092508578,Good
7,0.839,0.009461834249369153,Good
7,0.84,0.026096584399075695,Good
7,0.841,-0.21814563661043151,Good
7,0.842,-0.027579415348568937,Good
7,0.843,0.1455875576891592,Good
7,0.844,-0.032171999830685284,Good
7,0.845,0.08438930130829292,Good
7,0.846,-0.21478457894332426,Good
7,0.847,0.013457538998350786,Good
7,0.848,-0.005052950535763705,Good
7,0.849,0.009867439324267613,Good
7,0.85,0.08014353025424024,Good
7,0.851,-0.16544161821024395,Good
7,0.852,-0.08675281001874438,Good
7,0.853,0.03181316908119719,Good
7,0.854,0.17251794736416362,Good
7,0.855,-0.21169241897897903,Good
7,0.856,-0.05769071929207246,Good
7,0.857,0.03441311802457196,Good
7,0.858,0.049652975666443507,Good
7,0.859,0.051411483011501204,Good
7,0.86,-0.17597526510860173,Good
7,0.861,0.006623610236427602,Good
7,0.862,-0.07117642420729059,Good
7,0.863,0.07499879489232715,Good
7,0.864,0.07295282369087869,Good
7,0.865,0.10629348798143574,Good
7,0.866,-0.10320323035313256,Good
7,0.867,0.018773278100900504,Good
7,0.868,-0.0933749037579479,Good
7,0.869,-0.03161517442252979,Good
7,0.87,0.053516004818252264,Good
7,0.871,0.05346418412615805,Good
7,0.872,0.19761852433091123,Good
7,0.873,0.07997731170958611,Good
7,0.874,-0.0956318924171046,Good
7,0.875,-0.03644711414956927,Good
7,0.876,0.005658083252206638,Good
7,0.877,-0.0430952769136918,Good
7,0.878,0.2046094420540576,Good
7,0.879,-0.0010676401998337061,Good
7,0.88,-0.051621690499640105,Good
7,0.881,-0.01771100564541526,Good
7,0.882,-0.021431506240565334,Good
7,0.883,-0.04595477184762551,Good
7,0.884,0.08276567828756387,Good
7,0.885,-0.064604415496186,Good
7,0.886,0.11313416569701924,Good
7,0.887,0.016619895083449767,Good
7,0.888,0.11748207796329335,Good
7,0.889,0.14248020195788513,Good
7,0.89,-0.05723155925992812,Good
7,0.891,0.13814395318598938,Good
7,0.892,-0.025973582742109876,Good
7,0.893,-0.05172487473786818,Good
7,0.894,-0.09198088782223647,Good
7,0.895,0.02218964366881312,Good
7,0.896,0.13647286355224106,Good
7,0.897,0.07525219473092216,Good
7,0.898,0.010253142383163438,Good
7,0.899,-0.008315434764903432,Good
7,0.9,-0.0278035506864808,Good
7,0.901,-0.0931489491482129,Good
7,0.902,-0.06452639268380393,Good
7,0.903,-0.023364039458165092,Good
7,0.904,0.15629699302078995,Good
7,0.905,-0.07172432436177742,Good
7,0.906,-0.05404197428767696,Good
7,0.907,0.09008219658761574,Good
7,0.908,-0.028720501309281384,Good
7,0.909,-0.06219114258514363,Good
7,0.91,-0.048249953915628384,Good
7,0.911,-0.030031433893600613,Good
7,0.912,-0.023644509804143385,Good
7,0.913,0.0533690853034134,Good
7,0.914,0.040945544809368004,Good
7,0.915,0.08489964383553877,Good
7,0.916,0.04952569126112369,Good
7,0.917,0.13423621466725666,Good
7,0.918,0.15005528610844412,Good
7,0.919,0.04480371354383902,Good
7,0.92,-0.046117794777678855,Good
7,0.921,-0.08070752985049048,Good
7,0.922,-0.07899723343223258,Good
7,0.923,0.03235789150714272,Good
7,0.924,0.16481723714640964,Good
7,0.925,-0.06688278923130478,Good
7,0.926,-0.07726353461081781,Good
7,0.927,-0.25038874424385305,Good
7,0.928,-0.17387990448533588,Good
7,0.929,-0.008277973331862871,Good
7,0.93,0.057118104324295885,Good
7,0.931,-0.06000232958103868,Good
7,0.932,0.037590631352112644,Good
7,0.933,0.08875511436392876,Good
7,0.934,-0.09698167342513649,Good
7,0.935,0.1310316598939761,Good
7,0.936,0.03181257037435025,Good
7,0.937,-0.2154745763347893,Good
7,0.938,0.028457972027117806,Good
7,0.939,-0.09364427169538013,Good
7,0.94,0.08525393006962356,Good
7,0.941,0.0593428024339741,Good
7,0.942,-0.10284379867456653,Good
7,0.943,0.16862764400287444,Good
7,0.944,0.15348968077864453,Good
7,0.945,0.04419477552451272,Good
7,0.946,-0.17843095443443868,Good
7,0.947,0.07962810389457686,Good
7,0.948,0.013831310523859802,Good
7,0.949,0.1039513698342393,Good
7,0.95,0.1557614710597039,Good
7,0.951,-0.030793436714946457,Good
7,0.952,-0.19052130524920532,Good
7,0.953,-0.0839675661382388,Good
7,0.954,-0.06883501657109707,Good
7,0.955,-0.16130942554205097,Good
7,0.956,0.03012706016448425,Good
7,0.957,-0.0665053353494108,Good
7,0.958,0.11698183550144069,Good
7,0.959,0.07980166625509628,Good
7,0.96,-0.03764005641205442,Good
7,0.961,-0.035744131737263575,Good
7,0.962,-0.0007627949010129743,Good
7,0.963,0.05985175420941551,Good
7,0.964,-0.015003105537097586,Good
7,0.965,0.14570889813203727,Good
7,0.966,0.03576976909525781,Good
7,0.967,-0.04300349418606926,Good
7,0.968,-0.02913740634368658,Good
7,0.969,-0.08050943700170998,Good
7,0.97,-0.033598784831802085,Good
7,0.971,-0.1852712723513816,Good
7,0.972,0.14843714989894027,Good
7,0.973,-0.13441171162065077,Good
7,0.974,-0.132596869943942,Good
7,0.975,-0.07447115803102808,Good
7,0.976,-0.07888291822033143,Good
7,0.977,-0.11158706240703882,Good
7,0.978,0.11415172236876753,Good
7,0.979,-0.1660654222827316,Good
7,0.98,-0.028839630880969608,Good
7,0.981,-0.055139334904645634,Good
7,0.982,0.04517122380354592,Good
7,0.983,0.03587217367021808,Good
7,0.984,0.1727212706175061,Good
7,0.985,-0.03558261689524788,Good
7,0.986,0.2493430086850323,Good
7,0.987,0.06889525720305271,Good
7,0.988,0.07292918541194619,Good
7,0.989,0.0024234133905532184,Good
7,0.99,0.10457947745882462,Good
7,0.991,0.038373793567273266,Good
7,0.992,0.2364859768493683,Good
7,0.993,-0.08679162055117684,Good
7,0.994,-0.1553625157806276,Good
7,0.995,0.12018334835678596,Good
7,0.996,-0.01031992391613864,Good
7,0.997,0.0018536903570071492,Good
7,0.998,0.13230089186356875,Good
7,0.999,0.18161945467122897,Good
8,0.0,0.14084543642989042,Good
8,0.001,-0.037304213809613955,Good
8,0.002,0.02639808518168223,Good
8,0.003,-0.04438854712180845,Good
8,0.004,0.038289440477709394,Good
8,0.005,0.08908548630224514,Good
8,0.006,0.01737360561466843,Good
8,0.007,0.017541610984152776,Good
8,0.008,0.07251289735092423,Good
8,0.009,0.09500122653380648,Good
8,0.01,0.0757074935147086,Good
8,0.011,-0.07787206127872946,Good
8,0.012,-0.11269578893226367,Good
8,0.013,0.029861042664628547,Good
8,0.014,0.1834164709492896,Good
8,0.015,-0.14068626422615738,Good
8,0.016,-0.006149624007730934,Good
8,0.017,0.09497420105931405,Good
8,0.018,0.02444487047280821,Good
8,0.019,0.17810579630344986,Good
8,0.02,0.12248220140550077,Good
8,0.021,-0.05363684092376804,Good
8,0.022,0.07877566663708567,Good
8,0.023,0.08357119517408723,Good
8,0.024,-0.008704132124095874,Good
8,0.025,0.01667301403908697,Good
8,0.026,0.04245357311271157,Good
8,0.027,0.1727851033811258,Good
8,0.028,-0.14195110514625164,Good
8,0.029,0.11466336310279256,Good
8,0.03,-0.039951878471350136,Good
8,0.031,-0.03096405489581072,Good
8,0.032,0.039070685459525904,Good
8,0.033,-0.12385051272713382,Good
8,0.034,-0.21939728784075024,Good
8,0.035,0.016309687239584487,Good
8,0.036,0.08777481101288798,Good
8,0.037,-0.08860246533416227,Good
8,0.038,0.07764185356286997,Good
8,0.039,-0.10215255824366659,Good
8,0.04,-0.051114333297151995,Good
8,0.041,-0.08438768116950024,Good
8,0.042,0.027982591712818933,Good
8,0.043,0.18494990567617045,Good
8,0.044,0.11063495354122353,Good
8,0.045,0.010197088990427781,Good
8,0.046,0.1651349768313424,Good
8,0.047,-0.060308419806048924,Good
8,0.048,0.06711992088883105,Good
8,0.049,0.07742827907306898,Good
8,0.05,0.14401260452811435,Good
8,0.051,0.03452316952756778,Good
8,0.052,-0.04571350801216653,Good
8,0.053,0.029149276136372984,Good
8,0.054,0.18159391379042347,Good
8,0.055,-0.10805906584291194,Good
8,0.056,-0.14961499269717823,Good
8,0.057,0.019016189091578053,Good
8,0.058,0.05277656349699933,Good
8,0.059,-0.1798781525746076,Good
8,0.06,-0.06936188775684218,Good
8,0.061,-0.002680444505642872,Good
8,0.062,0.09561052885193176,Good
8,0.063,-0.1628388751753338,Good
8,0.064,0.035090581844793106,Good
8,0.065,0.10347405274358053,Good
8,0.066,-0.06482526144107255,Good
8,0.067,-0.2462685767348877,Good
8,0.068,0.11322084477465165,Good
8,0.069,-0.146013085624481,Good
8,0.07,0.14423403673845786,Good
8,0.071,-0.18502930235602844,Good
8,0.072,-0.10835465784418322,Good
8,0.073,0.2182566540332903,Good
8,0.074,-0.012213008271950801,Good
8,0.075,0.04968600977612372,Good
8,0.076,-0.14596274459410818,Good
8,0.077,-0.07415506803383873,Good
8,0.078,0.04427018927983106,Good
8,0.079,0.07252698031338954,Good
8,0.08,-0.040765925580082026,Good
8,0.081,0.013620883662331898,Good
8,0.082,0.20350449168202395,Good
8,0.083,0.17656433772622362,Good
8,0.084,-0.01176878938393186,Good
8,0.085,-0.030366938538920453,Good
8,0.086,0.12737079750089617,Good
8,0.087,0.20032221293864214,Good
8,0.088,-0.0934061758881069,Good
8,0.089,0.03209015957623674,Good
8,0.09,0.05644419050575181,Good
8,0.091,0.0357571694746494,Good
8,0.092,0.08845193160012553,Good
8,0.093,0.06511096227489527,Good
8,0.094,-0.08147560794332986,Good
8,0.095,-0.2007742824044398,Good
8,0.096,0.02824585040285363,Good
8,0.097,-0.08739395118701485,Good
8,0.098,-0.07655512005803089,Good
8,0.099,0.23237895140943332,Good
8,0.1,-0.07892467493425182,Good
8,0.101,-0.11160567508324451,Good
8,0.102,-0.12834526004406938,Good
8,0.103,0.004906963189714284,Good
8,0.104,0.15870564052042418,Good
8,0.105,0.056789437772332675,Good
8,0.106,-0.2844197991703085,Good
8,0.107,-0.0034882235246168516,Good
8,0.108,-0.0634197853291217,Good
8,0.109,-0.1219427563703826,Good
8,0.11,-0.15920813980826637,Good
8,0.111,0.16613096177188236,Good
8,0.112,0.022660265140050623,Good
8,0.113,-0.07401391186519728,Good
8,0.114,-0.06313797861693246,Good
8,0.115,0.15957674967050944,Good
8,0.116,0.12142538337378193,Good
8,0.117,-0.07986416627892047,Good
8,0.118,-0.024889033200530035,Good
8,0.119,-0.03143088006160287,Good
8,0.12,-0.017412899641676995,Good
8,0.121,0.016057085247150434,Good
8,0.122,-0.01817476443644507,Good
8,0.123,-0.10550591690994138,Good
8,0.124,-0.05425847574697556,Good
8,0.125,-0.051011752931249654,Good
8,0.126,-0.09638159991750958,Good
8,0.127,-0.05670841795563779,Good
8,0.128,0.024247701722851536,Good
8,0.129,-0.0885481497103279,Good
8,0.13,-0.11119898419228699,Good
8,0.131,0.02004558449875256,Good
8,0.132,-0.04284072031672187,Good
8,0.133,-0.2057827249606736,Good
8,0.134,-0.03993421482274531,Good
8,0.135,0.007287130791122164,Good
8,0.136,-0.11882004590804772,Good
8,0.137,-0.11989524701707917,Good
8,0.138,-0.07162515486864661,Good
8,0.139,0.02250727810192034,Good
8,0.14,-0.08258685366178861,Good
8,0.141,-0.14658358297749396,Good
8,0.142,-0.3136965233874943,Good
8,0.143,-0.2380471893600763,Good
8,0.144,-0.06673745982486244,Good
8,0.145,-0.17901416556537156,Good
8,0.146,-0.07392276720637568,Good
8,0.147,-0.10497051892309205,Good
8,0.148,-0.2341958783159975,Good
8,0.149,-0.17730438668312315,Good
8,0.15,-0.3884211537348523,Good
8,0.151,-0.2902483294235256,Good
8,0.152,-0.21820990730684936,Good
8,0.153,-0.37659198072232025,Good
8,0.154,-0.1817760348629053,Good
8,0.155,-0.3282242655817459,Good
8,0.156,-0.367569175326919,Good
8,0.157,-0.4780228136023107,Good
8,0.158,-0.3984395942754515,Good
8,0.159,-0.40504381234461273,Good
8,0.16,-0.5415363805389286,Good
8,0.161,-0.3631253912696426,Good
8,0.162,-0.6032614141931809,Good
8,0.163,-0.6454785182097132,Good
8,0.164,-0.8121120970213569,Good
8,0.165,-0.710054205722901,Good
8,0.166,-0.585942647838754,Good
8,0.167,-0.7982233937119632,Good
8,0.168,-0.678350675929933,Good
8,0.169,-0.824609184375982,Good
8,0.17,-0.8240888075747825,Good
8,0.171,-0.9369033229692167,Good
8,0.172,-1.1392259260607571,Good
8,0.173,-1.0958492619504554,Good
8,0.174,-1.1280709206887005,Good
8,0.175,-1.2324231205433946,Good
8,0.176,-1.179445528506088,Good
8,0.177,-1.4333139787348956,Good
8,0.178,-1.3890718710134846,Good
8,0.179,-1.2950153320204034,Good
8,0.18,-1.517267313235719,Good
8,0.181,-1.3227221927351709,Good
8,0.182,-1.5745756547282899,Good
8,0.183,-1.678177208491801,Good
8,0.184,-1.5718939370342881,Good
8,0.185,-1.74465412827715,Good
8,0.186,-1.8303043028226305,Good
8,0.187,-1.7337307334540641,Good
8,0.188,-2.0275999277613734,Good
8,0.189,-2.134716669913503,Good
8,0.19,-2.236188684184712,Good
8,0.191,-1.932677797702103,Good
8,0.192,-2.0319204134472897,Good
8,0.193,-2.085102627235697,Good
8,0.194,-2.267854413173017,Good
8,0.195,-2.324017200925327,Good
8,0.196,-2.412665217009374,Good
8,0.197,-2.303477775324495,Good
8,0.198,-2.2877806901001647,Good
8,0.199,-2.253766109425404,Good
8,0.2,-2.365912754043694,Good
8,0.201,-2.348212653241267,Good
8,0.202,-2.268215221112225,Good
8,0.203,-2.304564051030853,Good
8,0.204,-2.131732550407759,Good
8,0.205,-2.30626908037521,Good
8,0.206,-2.1415650596527387,Good
8,0.207,-2.169372359464056,Good
8,0.208,-2.050744575482091,Good
8,0.209,-2.009901662616673,Good
8,0.21,-1.9769870518711716,Good
8,0.211,-1.955680243016971,Good
8,0.212,-1.836113480223445,Good
8,0.213,-1.6399191054923807,Good
8,0.214,-1.602925626552131,Good
8,0.215,-1.6066372119415155,Good
8,0.216,-1.450880015174273,Good
8,0.217,-1.4201187032994,Good
8,0.218,-1.2958381766656235,Good
8,0.219,-1.04491888867172,Good
8,0.22,-1.0451381684125873,Good
8,0.221,-0.9909114570724026,Good
8,0.222,-0.7084289530503907,Good
8,0.223,-0.7484607285697967,Good
8,0.224,-0.6266657147930489,Good
8,0.225,-0.23243965484646403,Good
8,0.226,0.02482802151137825,Good
8,0.227,-0.15248465185287527,Good
8,0.228,0.08566899402836992,Good
8,0.229,0.04941418164519423,Good
8,0.23,0.2702437694814259,Good
8,0.231,0.4248402749509906,Good
8,0.232,0.5257532621894981,Good
8,0.233,0.6913260539723206,Good
8,0.234,0.6613244676416539,Good
8,0.235,1.2600660662842282,Good
8,0.236,1.0613819199363126,Good
8,0.237,1.4466747556531525,Good
8,0.238,1.4806963964880397,Good
8,0.239,1.3667646575758963,Good
8,0.24,1.477606419250244,Good
8,0.241,1.5886397834689738,Good
8,0.242,1.5510511424046982,Good
8,0.243,1.8376809327848636,Good
8,0.244,1.7657101518428548,Good
8,0.245,1.8817616045634953,Good
8,0.246,2.030165071544759,Good
8,0.247,1.6647434412811521,Good
8,0.248,1.9059368020231768,Good
8,0.249,1.9354286921464887,Good
8,0.25,1.9614377213408971,Good
8,0.251,1.826732792797813,Good
8,0.252,1.98996594867907,Good
8,0.253,1.8380809477221554,Good
8,0.254,1.8076816820455435,Good
8,0.255,1.808865900958473,Good
8,0.256,1.7649384811232451,Good
8,0.257,1.7647800689119475,Good
8,0.258,1.5180577678339902,Good
8,0.259,1.480619552091579,Good
8,0.26,1.4304318301623313,Good
8,0.261,1.4625857101031843,Good
8,0.262,1.1617500488511625,Good
8,0.263,1.2295209457742198,Good
8,0.264,1.1337989644012676,Good
8,0.265,0.8769115730761959,Good
8,0.266,0.855700002026929,Good
8,0.267,0.5835848259102603,Good
8,0.268,0.6901420017143783,Good
8,0.269,0.4190125157314917,Good
8,0.27,0.07547476444258025,Good
8,0.271,0.06939406819400888,Good
8,0.272,-0.034700026075389745,Good
8,0.273,-0.3759824378209714,Good
8,0.274,-0.12529229049183724,Good
8,0.275,-0.5196795858450893,Good
8,0.276,-0.8247703884867327,Good
8,0.277,-0.6521379429580122,Good
8,0.278,-1.029820932821865,Good
8,0.279,-0.8986622586262497,Good
8,0.28,-1.2548617806596924,Good
8,0.281,-1.2045364433490844,Good
8,0.282,-1.283391008102295,Good
8,0.283,-1.4045634706499643,Good
8,0.284,-1.5880942288927402,Good
8,0.285,-1.7156855127956,Good
8,0.286,-1.7814576928570962,Good
8,0.287,-1.7262181881521137,Good
8,0.288,-2.049553476388035,Good
8,0.289,-1.9900855712696939,Good
8,0.29,-2.06292352561691,Good
8,0.291,-1.9169209805654124,Good
8,0.292,-2.298861858243256,Good
8,0.293,-2.224157819504706,Good
8,0.294,-2.253360443272143,Good
8,0.295,-2.270807669569203,Good
8,0.296,-2.3356127620008764,Good
8,0.297,-2.3143123035690443,Good
8,0.298,-2.1432356793108527,Good
8,0.299,-2.217461707922403,Good
8,0.3,-2.362601949590579,Good
8,0.301,-2.2750316046157986,Good
8,0.302,-2.196329778377109,Good
8,0.303,-2.3232891518401644,Good
8,0.304,-2.2773453681527784,Good
8,0.305,-2.2571103163813384,Good
8,0.306,-2.3000318711602703,Good
8,0.307,-1.9654264371594163,Good
8,0.308,-2.025534020720349,Good
8,0.309,-1.9918288651886842,Good
8,0.31,-1.9606253076426878,Good
8,0.311,-2.022247924786119,Good
8,0.312,-1.6589473453794963,Good
8,0.313,-2.0673029236147804,Good
8,0.314,-1.707535855578252,Good
8,0.315,-1.7067505944870618,Good
8,0.316,-1.6193160488589637,Good
8,0.317,-1.7034595121862521,Good
8,0.318,-1.427211224172814,Good
8,0.319,-1.4566624544979936,Good
8,0.32,-1.538645177704715,Good
8,0.321,-1.4831208510024816,Good
8,0.322,-1.3031197530599619,Good
8,0.323,-1.2556176323604842,Good
8,0.324,-1.1141408779624975,Good
8,0.325,-1.2543379198858433,Good
8,0.326,-0.9986021184867347,Good
8,0.327,-1.0038330987797368,Good
8,0.328,-1.016654081594821,Good
8,0.329,-1.0280920156140414,Good
8,0.33,-0.8624348290071894,Good
8,0.331,-0.7099641941675113,Good
8,0.332,-0.9677535121745355,Good
8,0.333,-0.7116272074260865,Good
8,0.334,-0.7463528371734445,Good
8,0.335,-0.5822139548486053,Good
8,0.336,-0.5449322035897068,Good
8,0.337,-0.7755267378084453,Good
8,0.338,-0.5450008198627958,Good
8,0.339,-0.40873761714798473,Good
8,0.34,-0.40536388101059145,Good
8,0.341,-0.466859778792052,Good
8,0.342,-0.43744900704551093,Good
8,0.343,-0.4230743218069627,Good
8,0.344,-0.2944618464384293,Good
8,0.345,-0.47299026787172815,Good
8,0.346,-0.2929413776362932,Good
8,0.347,-0.2803394793165747,Good
8,0.348,-0.22457202846750346,Good
8,0.349,-0.27589512209999484,Good
8,0.35,-0.14798448835058658,Good
8,0.351,-0.25986232534326115,Good
8,0.352,-0.1815362931155582,Good
8,0.353,-0.03576632824220416,Good
8,0.354,-0.08659912137412219,Good
8,0.355,-0.2711606243208,Good
8,0.356,-0.09036529151507472,Good
8,0.357,-0.04499162990779683,Good
8,0.358,-0.21989535880904698,Good
8,0.359,0.10749677901370998,Good
8,0.36,-0.08619893798138994,Good
8,0.361,-0.16777808772370092,Good
8,0.362,-0.0662610096816138,Good
8,0.363,-0.06704459005818819,Good
8,0.364,-0.13920470836938528,Good
8,0.365,-0.059031355967836846,Good
8,0.366,-0.014714311417605624,Good
8,0.367,0.03908592719410973,Good
8,0.368,-0.0013335272208382584,Good
8,0.369,0.09148610980403532,Good
8,0.37,-0.0010722183509471878,Good
8,0.371,0.05042763434759814,Good
8,0.372,0.05604724772743798,Good
8,0.373,0.15804796542142366,Good
8,0.374,-0.2108383718054501,Good
8,0.375,0.08599635277018024,Good
8,0.376,-0.009335641256733829,Good
8,0.377,0.18511850796864948,Good
8,0.378,0.10219080752947325,Good
8,0.379,0.04149702443647839,Good
8,0.38,-0.04521227484064556,Good
8,0.381,-0.011208862838737824,Good
8,0.382,0.005132016245457616,Good
8,0.383,0.07078840613071184,Good
8,0.384,0.1577171581754258,Good
8,0.385,-0.04121616750391228,Good
8,0.386,0.12007761436611641,Good
8,0.387,0.14357800930532974,Good
8,0.388,-0.08787237308613871,Good
8,0.389,-0.08045842016542712,Good
8,0.39,0.14214284194834917,Good
8,0.391,-0.00372865713033641,Good
8,0.392,-0.09129106121083898,Good
8,0.393,0.1909862451593686,Good
8,0.394,0.00730482785808036,Good
8,0.395,-0.19319845127829408,Good
8,0.396,-0.07159063376012052,Good
8,0.397,-0.046897646520203,Good
8,0.398,-0.054071577961267506,Good
8,0.399,0.00109591558982845,Good
8,0.4,-0.20314925141893225,Good
8,0.401,-0.024722016596091148,Good
8,0.402,0.04747436727395548,Good
8,0.403,0.07276128227443,Good
8,0.404,-0.09403716329684988,Good
8,0.405,0.10801682377907147,Good
8,0.406,-0.13016440805820192,Good
8,0.407,0.12912972044282758,Good
8,0.408,0.1406126960944626,Good
8,0.409,-0.1287615051866533,Good
8,0.41,0.04479622464061423,Good
8,0.411,-0.019582785183645472,Good
8,0.412,0.1547696467129366,Good
8,0.413,-0.08298325313545495,Good
8,0.414,-0.030886436436733333,Good
8,0.415,0.014059407571604388,Good
8,0.416,0.16116720603404078,Good
8,0.417,0.07752675113932109,Good
8,0.418,0.03718456980394064,Good
8,0.419,-0.02484972739750763,Good
8,0.42,-0.10596109893585326,Good
8,0.421,0.08277847601795563,Good
8,0.422,-0.011886896542106819,Good
8,0.423,0.023269786148264388,Good
8,0.424,0.04113043648221788,Good
8,0.425,-0.17438080291579372,Good
8,0.426,0.021519164104736855,Good
8,0.427,0.13637602747348718,Good
8,0.428,-0.04440731327928182,Good
8,0.429,0.14596404268225746,Good
8,0.43,-0.006558839358380267,Good
8,0.431,-0.018708516205275343,Good
8,0.432,-0.004642065175206453,Good
8,0.433,-0.18168530739133804,Good
8,0.434,0.1958054623724932,Good
8,0.435,-0.2035474476378285,Good
8,0.436,-0.12012538259351804,Good
8,0.437,-0.1498059513005978,Good
8,0.438,0.039399769296365406,Good
8,0.439,0.15357680282207076,Good
8,0.44,-0.01398146764402716,Good
8,0.441,0.10628509626043592,Good
8,0.442,0.10746515475451449,Good
8,0.443,0.12904307851132021,Good
8,0.444,0.0831646691258282,Good
8,0.445,0.011939524601973991,Good
8,0.446,0.11884125460799587,Good
8,0.447,-0.14425095215173042,Good
8,0.448,0.13701631844739529,Good
8,0.449,0.015139723677623205,Good
8,0.45,-0.14389188667888742,Good
8,0.451,-0.06527834803341032,Good
8,0.452,0.04700796934945353,Good
8,0.453,-0.16483893020781146,Good
8,0.454,0.14451700776304643,Good
8,0.455,0.10397963114512537,Good
8,0.456,0.06429571910882924,Good
8,0.457,0.10973060964064554,Good
8,0.458,0.14108951493878077,Good
8,0.459,0.18786383537853873,Good
8,0.46,-0.14237756327059933,Good
8,0.461,0.06698988539850013,Good
8,0.462,-0.1501620768970133,Good
8,0.463,0.036833817745749335,Good
8,0.464,-0.02288171665539919,Good
8,0.465,-0.009829714540214947,Good
8,0.466,0.1360691095706744,Good
8,0.467,0.030700196300790728,Good
8,0.468,0.0257399622748732,Good
8,0.469,0.1783056506763272,Good
8,0.47,0.14339628252961142,Good
8,0.471,0.23453048055247816,Good
8,0.472,0.10108494980075444,Good
8,0.473,-0.04274021341628121,Good
8,0.474,0.07352943890818664,Good
8,0.475,-0.013157189019256844,Good
8,0.476,-0.03802830611872672,Good
8,0.477,0.03610893187676247,Good
8,0.478,0.052742403337392774,Good
8,0.479,-0.08540619596015778,Good
8,0.48,-0.07700278218958949,Good
8,0.481,-0.01679676766668642,Good
8,0.482,-0.023831020819692735,Good
8,0.483,0.2630248705271362,Good
8,0.484,-0.022758399729084125,Good
8,0.485,0.16832522300787678,Good
8,0.486,-0.029078145156653502,Good
8,0.487,0.03129283767295841,Good
8,0.488,-0.0705240009056105,Good
8,0.489,0.06911091104438027,Good
8,0.49,0.015027167770330828,Good
8,0.491,-0.058549864191125914,Good
8,0.492,-0.04588290634475778,Good
8,0.493,0.061650613879874784,Good
8,0.494,-0.048385491635653144,Good
8,0.495,-0.058150708003059694,Good
8,0.496,0.08814533188139355,Good
8,0.497,0.12228462858541361,Good
8,0.498,0.08286841907885352,Good
8,0.499,-0.023913823239446824,Good
8,0.5,-0.09169255108677563,Good
8,0.501,-0.03008440941914968,Good
8,0.502,0.07590207965195497,Good
8,0.503,0.022973941800708865,Good
8,0.504,0.12612341509094221,Good
8,0.505,0.05563214637313742,Good
8,0.506,-0.011647103371456193,Good
8,0.507,-0.02433494169587647,Good
8,0.508,-0.07938335685960708,Good
8,0.509,0.004205672443112153,Good
8,0.51,0.03302119630336347,Good
8,0.511,0.034063176177210726,Good
8,0.512,-0.18052967054493443,Good
8,0.513,0.0486758515294083,Good
8,0.514,-0.037142165506741195,Good
8,0.515,-0.017544121745702128,Good
8,0.516,-0.041026058732204995,Good
8,0.517,0.02538738425187846,Good
8,0.518,-0.10328592760254396,Good
8,0.519,0.16042441730507268,Good
8,0.52,0.018586329032330023,Good
8,0.521,0.07137229398514144,Good
8,0.522,0.04961402819768348,Good
8,0.523,0.0470917590711903,Good
8,0.524,-0.11851481495658363,Good
8,0.525,0.0015925884081003112,Good
8,0.526,-0.07111741723293413,Good
8,0.527,0.16251532840753463,Good
8,0.528,0.00791978442771766,Good
8,0.529,-0.1327692016412312,Good
8,0.53,-0.15071596515941565,Good
8,0.531,-0.10202047153453453,Good
8,0.532,0.02930918976937645,Good
8,0.533,-0.23974869228448636,Good
8,0.534,-0.008780369840683625,Good
8,0.535,-0.05314673574183631,Good
8,0.536,-0.018873875153405214,Good
8,0.537,0.11967081656865318,Good
8,0.538,0.019537412340658214,Good
8,0.539,0.16710891051606644,Good
8,0.54,0.05377163355498511,Good
8,0.541,-0.08632510724369873,Good
8,0.542,-0.07858902365487025,Good
8,0.543,0.049651461572985556,Good
8,0.544,-0.053327412362688544,Good
8,0.545,0.0939346688899411,Good
8,0.546,-0.004442792047152448,Good
8,0.547,0.13181381572069004,Good
8,0.548,-0.15572789034675144,Good
8,0.549,0.006303707787086019,Good
8,0.55,-0.000664684742663727,Good
8,0.551,0.04358337561560336,Good
8,0.552,-0.028383570768705388,Good
8,0.553,-0.09873477873932866,Good
8,0.554,-0.11079231962896695,Good
8,0.555,0.032557311735615095,Good
8,0.556,-0.036479151517888546,Good
8,0.557,0.010350113189854274,Good
8,0.558,-0.06918193896028556,Good
8,0.559,0.023851818754064807,Good
8,0.56,-0.009445959293068872,Good
8,0.561,0.15946899499320583,Good
8,0.562,-0.11221382347807372,Good
8,0.563,0.0738781336548559,Good
8,0.564,-0.024244997911448418,Good
8,0.565,-0.0009976692076519983,Good
8,0.566,0.05564820483566279,Good
8,0.567,-0.07624513199024545,Good
8,0.568,-0.12802781205573474,Good
8,0.569,0.03183783184666012,Good
8,0.57,-0.03328827486226668,Good
8,0.571,-0.23132734266226157,Good
8,0.572,0.044699645083576,Good
8,0.573,-0.10772266055038407,Good
8,0.574,-0.009597248858758291,Good
8,0.575,0.11622072561768382,Good
8,0.576,-0.04169704085597983,Good
8,0.577,-0.0015874691744141142,Good
8,0.578,-0.00023642406131499117,Good
8,0.579,-0.07199612843509719,Good
8,0.58,-0.12358356230515455,Good
8,0.581,-0.045257973973712964,Good
8,0.582,-0.04744330373158856,Good
8,0.583,0.010090810937319011,Good
8,0.584,-0.00835445399707786,Good
8,0.585,0.24639202702039814,Good
8,0.586,-0.04076247759142429,Good
8,0.587,-0.02403481295418435,Good
8,0.588,-0.1564884651353593,Good
8,0.589,-0.046379799758980884,Good
8,0.59,-0.0017280091437600537,Good
8,0.591,-0.04677625652117329,Good
8,0.592,-0.045108493931888365,Good
8,0.593,0.031393507524217434,Good
8,0.594,-0.034445291231004004,Good
8,0.595,0.16823807308392616,Good
8,0.596,0.1322587420276886,Good
8,0.597,-0.11748335083549095,Good
8,0.598,-0.01921639441105861,Good
8,0.599,-0.09046105472299365,Good
8,0.6,0.13500909363152047,Good
8,0.601,0.03611677455938716,Good
8,0.602,-0.1542321659090407,Good
8,0.603,0.031788208069082224,Good
8,0.604,-0.12053350350388435,Good
8,0.605,0.04458963111048754,Good
8,0.606,0.13124749207801464,Good
8,0.607,-0.19188183956954993,Good
8,0.608,0.03389613118557516,Good
8,0.609,-0.1791883575244025,Good
8,0.61,0.13392717392126396,Good
8,0.611,-0.0642865510235529,Good
8,0.612,0.04321426040178925,Good
8,0.613,0.1436201803589246,Good
8,0.614,0.011384203769964145,Good
8,0.615,-0.04079839074652857,Good
8,0.616,0.07124346581109257,Good
8,0.617,-0.06340925934954687,Good
8,0.618,-0.08536744046920962,Good
8,0.619,0.01493125230361418,Good
8,0.62,0.03144641945642711,Good
8,0.621,0.17051139866913168,Good
8,0.622,0.010499373056645122,Good
8,0.623,0.03541777273117438,Good
8,0.624,0.09328813620964126,Good
8,0.625,0.04718341661761569,Good
8,0.626,-0.06354073891088442,Good
8,0.627,0.07488155405967667,Good
8,0.628,0.05470323586138848,Good
8,0.629,-0.11262624362534304,Good
8,0.63,-0.06021666569609155,Good
8,0.631,-0.10608857617406449,Good
8,0.632,0.057239020473212665,Good
8,0.633,-0.01653447544545954,Good
8,0.634,-0.11415078870725162,Good
8,0.635,-0.23629233283663764,Good
8,0.636,0.10862338791269832,Good
8,0.637,0.16377215502460252,Good
8,0.638,-0.044893239525055084,Good
8,0.639,0.06570981149882052,Good
8,0.64,-0.03700522416098799,Good
8,0.641,-0.22915638057093546,Good
8,0.642,-0.11281074917061513,Good
8,0.643,0.022506517115664718,Good
8,0.644,-0.13175410457832343,Good
8,0.645,0.1577390356570182,Good
8,0.646,-0.0166570705141186,Good
8,0.647,0.10487466909999149,Good
8,0.648,0.19953144614654308,Good
8,0.649,0.04803646784737517,Good
8,0.65,0.01958977279666284,Good
8,0.651,0.011901882672093626,Good
8,0.652,-0.11760776234875592,Good
8,0.653,-0.05066410683271544,Good
8,0.654,-0.13707563353696026,Good
8,0.655,0.09311212690963552,Good
8,0.656,0.07757300545563255,Good
8,0.657,-0.056772228782349124,Good
8,0.658,0.17544029672437467,Good
8,0.659,0.1507052798311667,Good
8,0.66,0.09334120716844374,Good
8,0.661,-0.06363440377910522,Good
8,0.662,-0.018951471310108242,Good
8,0.663,-0.0006040962614283436,Good
8,0.664,-0.05340552625867471,Good
8,0.665,0.10745313414493117,Good
8,0.666,0.10663616431189332,Good
8,0.667,0.04498221227839406,Good
8,0.668,-0.03739777339603193,Good
8,0.669,-0.13342817745616262,Good
8,0.67,-0.027009406079590806,Good
8,0.671,0.16538125286523916,Good
8,0.672,-0.13403107601699213,Good
8,0.673,0.03342177617723765,Good
8,0.674,0.12522636692069705,Good
8,0.675,-0.10881003996905719,Good
8,0.676,0.06049147374400261,Good
8,0.677,0.14382278550241812,Good
8,0.678,-0.025857855960812116,Good
8,0.679,0.042756480271432654,Good
8,0.68,0.04626747836226354,Good
8,0.681,-0.12140630603947698,Good
8,0.682,0.05138258285383819,Good
8,0.683,-0.20365271466579626,Good
8,0.684,-0.004791168087284253,Good
8,0.685,0.1029353074036898,Good
8,0.686,-0.008124984489625434,Good
8,0.687,0.19028882696063765,Good
8,0.688,0.05275659696238706,Good
8,0.689,-0.03598951852971113,Good
8,0.69,-0.1758037137393308,Good
8,0.691,-0.041189581025418184,Good
8,0.692,0.09433093175063142,Good
8,0.693,0.05272494828769902,Good
8,0.694,0.08721362451602777,Good
8,0.695,0.09128994047484473,Good
8,0.696,-0.018491218934065207,Good
8,0.697,0.13064040501428917,Good
8,0.698,-0.04476706109423774,Good
8,0.699,-0.06076201605100149,Good
8,0.7,0.00533175705930311,Good
8,0.701,0.07754660387850576,Good
8,0.702,-0.050856871807190965,Good
8,0.703,-0.03131544390120045,Good
8,0.704,-0.04144723709019653,Good
8,0.705,0.03335212274146012,Good
8,0.706,0.1066578525483669,Good
8,0.707,-0.10434950529206713,Good
8,0.708,0.05818336172867498,Good
8,0.709,0.009263924977217335,Good
8,0.71,0.01754657753737077,Good
8,0.711,0.0661994324689357,Good
8,0.712,0.08189472143107557,Good
8,0.713,-0.04961545699005235,Good
8,0.714,-0.0786791783334212,Good
8,0.715,-0.008620957929115514,Good
8,0.716,0.009406025042720206,Good
8,0.717,0.08518287562035359,Good
8,0.718,0.03481069165294276,Good
8,0.719,0.04061464677052873,Good
8,0.72,0.08729779274147942,Good
8,0.721,-0.13522592779837694,Good
8,0.722,0.1371092302119271,Good
8,0.723,0.0044456290764534325,Good
8,0.724,-0.1703921051857251,Good
8,0.725,-0.12773596392146616,Good
8,0.726,-0.13917087144799536,Good
8,0.727,0.09778514359175808,Good
8,0.728,-0.012784200793000845,Good
8,0.729,-0.12153787953927274,Good
8,0.73,0.02240402237592909,Good
8,0.731,0.1647912970914501,Good
8,0.732,0.24435533191328448,Good
8,0.733,-0.07898073728832547,Good
8,0.734,0.07991356867314434,Good
8,0.735,-0.08780311347801216,Good
8,0.736,0.05716896796735607,Good
8,0.737,0.1300149432286381,Good
8,0.738,-0.05730942923542172,Good
8,0.739,-0.02571079313238106,Good
8,0.74,0.056267852817803936,Good
8,0.741,0.026005818783994484,Good
8,0.742,-0.017085484178772113,Good
8,0.743,-0.058027588852572955,Good
8,0.744,-0.2645686750372922,Good
8,0.745,-0.13430436189093894,Good
8,0.746,0.21231406858353608,Good
8,0.747,-0.03596258768983607,Good
8,0.748,-0.16298062062016713,Good
8,0.749,0.11031838163997905,Good
8,0.75,0.1664558488157967,Good
8,0.751,-0.18859971671173906,Good
8,0.752,0.0159309753281341,Good
8,0.753,-0.10951664000133876,Good
8,0.754,-0.10545542220892523,Good
8,0.755,0.07231819849802677,Good
8,0.756,-0.04094908133021053,Good
8,0.757,-0.0570036804285716,Good
8,0.758,-0.08593247489103023,Good
8,0.759,-0.001748517920597955,Good
8,0.76,0.0647621985841747,Good
8,0.761,0.06937358704522853,Good
8,0.762,-0.03513348549262519,Good
8,0.763,-0.024539518741180932,Good
8,0.764,0.12934616888453906,Good
8,0.765,0.1081869949922276,Good
8,0.766,-0.09259906565012406,Good
8,0.767,0.08023154389134646,Good
8,0.768,-0.007256171541407565,Good
8,0.769,0.06298931933674062,Good
8,0.77,-0.06918590864547573,Good
8,0.771,-0.05627261255518832,Good
8,0.772,-0.007038726882662447,Good
8,0.773,0.11717912292735955,Good
8,0.774,0.012098797518620912,Good
8,0.775,0.10524780504489362,Good
8,0.776,-0.08798660553823792,Good
8,0.777,0.09726264843641062,Good
8,0.778,-0.07572865262324219,Good
8,0.779,0.08715429818737475,Good
8,0.78,0.10049244726928237,Good
8,0.781,0.04961091938756693,Good
8,0.782,0.05642352552996698,Good
8,0.783,0.0455192709744791,Good
8,0.784,-0.1070431160886146,Good
8,0.785,0.0489380318831224,Good
8,0.786,-0.08376558775284815,Good
8,0.787,-0.058196024746999475,Good
8,0.788,-0.07384955802369653,Good
8,0.789,0.014306378158339914,Good
8,0.79,0.15008979112079834,Good
8,0.791,-0.11444971319732691,Good
8,0.792,0.09782609844914872,Good
8,0.793,-0.17099219573866287,Good
8,0.794,0.03494360963545961,Good
8,0.795,0.047485877182452355,Good
8,0.796,-0.0468416795836342,Good
8,0.797,-0.028895235916631352,Good
8,0.798,0.11313778125140578,Good
8,0.799,0.06029050821838447,Good
8,0.8,-0.04838077021557255,Good
8,0.801,0.22268756749640695,Good
8,0.802,-0.1900690051754596,Good
8,0.803,0.035311532904342434,Good
8,0.804,-0.035973101390304456,Good
8,0.805,-0.009733160781502796,Good
8,0.806,0.029978944206116145,Good
8,0.807,0.35030320262000214,Good
8,0.808,0.04386961680477315,Good
8,0.809,0.127725666368914,Good
8,0.81,-0.10775572329053618,Good
8,0.811,-0.09780066423851719,Good
8,0.812,-0.12125302231513868,Good
8,0.813,0.039807538103554106,Good
8,0.814,0.002508599728499991,Good
8,0.815,-0.08442749841682046,Good
8,0.816,-0.19159927065500135,Good
8,0.817,-0.048349724169443775,Good
8,0.818,-0.18329652181792366,Good
8,0.819,0.14056586753880346,Good
8,0.82,0.10429030439966361,Good
8,0.821,0.021876320209742187,Good
8,0.822,-0.030350792406601143,Good
8,0.823,-0.07738632323963925,Good
8,0.824,-0.033632431809210016,Good
8,0.825,0.0015697838970013013,Good
8,0.826,0.07471600395070344,Good
8,0.827,-0.219146806215905,Good
8,0.828,0.24136101078511674,Good
8,0.829,0.06047047311863551,Good
8,0.83,0.13131359427348066,Good
8,0.831,0.10825747550490927,Good
8,0.832,-0.015698597589304097,Good
8,0.833,0.0639137226778723,Good
8,0.834,0.19295411011992786,Good
8,0.835,-0.11365530083900809,Good
8,0.836,0.031188368941413826,Good
8,0.837,0.0598190534902207,Good
8,0.838,-0.033291226098660136,Good
8,0.839,-0.026763457374831004,Good
8,0.84,-0.008739808326231826,Good
8,0.841,-0.05129778516772391,Good
8,0.842,0.14597503844553458,Good
8,0.843,-0.06391177266411636,Good
8,0.844,-0.05570998448494794,Good
8,0.845,-0.03246855110100538,Good
8,0.846,-0.017029540507734274,Good
8,0.847,0.14340119576287763,Good
8,0.848,-0.09470965296676037,Good
8,0.849,0.08407337462943938,Good
8,0.85,0.03895308364641814,Good
8,0.851,-0.11558242537992841,Good
8,0.852,0.04889158495149554,Good
8,0.853,-0.08638100901086795,Good
8,0.854,0.0005579017386779821,Good
8,0.855,-0.12828866421800458,Good
8,0.856,0.17371391639294298,Good
8,0.857,0.013487385130254362,Good
8,0.858,-0.04189069072303536,Good
8,0.859,-0.060404038293037414,Good
8,0.86,-0.07934486650592586,Good
8,0.861,-0.1750341666166399,Good
8,0.862,-0.15886901496215833,Good
8,0.863,0.09861670740381791,Good
8,0.864,-0.02830842125902343,Good
8,0.865,0.02900207921676934,Good
8,0.866,0.19269100483535023,Good
8,0.867,0.07807192787996307,Good
8,0.868,0.0032717844414698032,Good
8,0.869,-0.012597931047085557,Good
8,0.87,-0.001193944233693875,Good
8,0.871,-0.007387147799595159,Good
8,0.872,-0.050373003051790925,Good
8,0.873,-0.042654231309738194,Good
8,0.874,-0.014756489744321345,Good
8,0.875,-0.019502565445822222,Good
8,0.876,-0.13046558909606476,Good
8,0.877,-0.005765372060427228,Good
8,0.878,-0.06776307711885043,Good
8,0.879,0.06328124984487189,Good
8,0.88,0.04353847523592322,Good
8,0.881,-0.030583951785357607,Good
8,0.882,-0.00414730990370374,Good
8,0.883,-0.08115963096733209,Good
8,0.884,-0.03838913108777019,Good
8,0.885,0.08025480579871612,Good
8,0.886,-0.07006836589977881,Good
8,0.887,-0.03337041634139019,Good
8,0.888,0.14018182732780335,Good
8,0.889,0.1425893724881607,Good
8,0.89,-0.05355247929342686,Good
8,0.891,0.07056514355312328,Good
8,0.892,0.06361178181284527,Good
8,0.893,0.1734073690233635,Good
8,0.894,-0.029239994704985076,Good
8,0.895,-0.09097977096833382,Good
8,0.896,-0.023569972364460984,Good
8,0.897,-0.026792034000195655,Good
8,0.898,-0.03958464361886451,Good
8,0.899,-0.1055725462194513,Good
8,0.9,0.012482133009411861,Good
8,0.901,-0.06694936279064301,Good
8,0.902,0.04198156958707843,Good
8,0.903,-0.012724587535976582,Good
8,0.904,-0.05704046686814852,Good
8,0.905,0.061561667318089985,Good
8,0.906,-0.2656633255975191,Good
8,0.907,-0.09283793496653424,Good
8,0.908,0.11016684403924122,Good
8,0.909,-0.0007843895487185363,Good
8,0.91,0.04500031137298378,Good
8,0.911,0.0020989028573361003,Good
8,0.912,0.06312341458155428,Good
8,0.913,0.10233701720358074,Good
8,0.914,-0.13893971870403218,Good
8,0.915,0.03314851309560412,Good
8,0.916,-0.09274823264828175,Good
8,0.917,-0.24419013620968144,Good
8,0.918,0.019147271376832108,Good
8,0.919,0.021290486341687842,Good
8,0.92,0.028953900657171145,Good
8,0.921,0.16007386934797685,Good
8,0.922,-0.08298707621336833,Good
8,0.923,0.1475279001359747,Good
8,0.924,-0.08671040267391908,Good
8,0.925,0.20798633676505932,Good
8,0.926,-0.05636863531249225,Good
8,0.927,0.09521298973409817,Good
8,0.928,0.09119575350706885,Good
8,0.929,0.1009076962210147,Good
8,0.93,0.1496453424713036,Good
8,0.931,0.0668928061529998,Good
8,0.932,0.059827849707664166,Good
8,0.933,0.0686097317873585,Good
8,0.934,-0.004619632499412803,Good
8,0.935,-0.012664998238988118,Good
8,0.936,0.13111245037052582,Good
8,0.937,-0.10725545757776128,Good
8,0.938,0.0582046259604577,Good
8,0.939,0.011359354702713374,Good
8,0.94,-0.014534749928899774,Good
8,0.941,0.014158841428372327,Good
8,0.942,0.05021270680614708,Good
8,0.943,-0.011468936479798467,Good
8,0.944,0.02731491618854445,Good
8,0.945,0.03852841285299808,Good
8,0.946,-0.03517926796073166,Good
8,0.947,0.08081616233620713,Good
8,0.948,-0.15376001188520097,Good
8,0.949,0.14965278144655936,Good
8,0.95,-0.04695906315758877,Good
8,0.951,-0.05903977615336531,Good
8,0.952,0.07431312830782899,Good
8,0.953,0.2102942307283145,Good
8,0.954,0.030559264866920677,Good
8,0.955,-0.07501452814943632,Good
8,0.956,-0.03695702123582895,Good
8,0.957,0.027569078806264413,Good
8,0.958,-0.09230115904248477,Good
8,0.959,0.011057684761030718,Good
8,0.96,-0.14704087719465095,Good
8,0.961,-0.01413912783541056,Good
8,0.962,0.08383761071084725,Good
8,0.963,0.18447435752982327,Good
8,0.964,0.0017073973001327817,Good
8,0.965,-0.03819077160167119,Good
8,0.966,-0.03242920233415367,Good
8,0.967,0.1411681327521642,Good
8,0.968,-0.05649524639826036,Good
8,0.969,0.03144380927039569,Good
8,0.97,0.1688496952983583,Good
8,0.971,0.039934460371309384,Good
8,0.972,0.10122665478153736,Good
8,0.973,0.16691159109830755,Good
8,0.974,0.003525418638473753,Good
8,0.975,-0.04933959524201711,Good
8,0.976,0.054671030678643,Good
8,0.977,-0.061450226985423274,Good
8,0.978,0.23289583422537424,Good
8,0.979,-0.22173619837468178,Good
8,0.98,-0.037980832045455576,Good
8,0.981,-0.0676577637010316,Good
8,0.982,-0.22963684223253114,Good
8,0.983,0.2368495175620783,Good
8,0.984,0.04449247448347869,Good
8,0.985,-0.010523482785503475,Good
8,0.986,0.08252208670354566,Good
8,0.987,0.07789641802551932,Good
8,0.988,0.06109731945323811,Good
8,0.989,0.09850840696168855,Good
8,0.99,0.029675010942326708,Good
8,0.991,-0.04691450755487151,Good
8,0.992,0.04668617065336677,Good
8,0.993,0.07592660114931413,Good
8,0.994,0.026837773132047563,Good
8,0.995,0.013613993207397016,Good
8,0.996,-0.1034920459852809,Good
8,0.997,-0.11423853686487602,Good
8,0.998,-0.057998952543085194,Good
8,0.999,-0.07268641358637994,Good
9,0.0,0.04301249843648806,Good
9,0.001,0.13384317761564365,Good
9,0.002,-0.039303409454643015,Good
9,0.003,0.10999502541492241,Good
9,0.004,-0.049574535200687636,Good
9,0.005,0.10683280820143637,Good
9,0.006,-0.02763511532923126,Good
9,0.007,0.14022805923706558,Good
9,0.008,-0.1700520292021182,Good
9,0.009,0.06850182233212997,Good
9,0.01,-0.06455414705829454,Good
9,0.011,-0.12324549558566499,Good
9,0.012,-0.09100606042725772,Good
9,0.013,0.089676472553066,Good
9,0.014,-0.03971298018733793,Good
9,0.015,-0.18056179621483906,Good
9,0.016,0.1397266773853105,Good
9,0.017,-0.16329374067711494,Good
9,0.018,0.12142305475985618,Good
9,0.019,-0.06913657588954036,Good
9,0.02,0.02753124989610486,Good
9,0.021,0.13396527184960647,Good
9,0.022,0.011053427050831522,Good
9,0.023,-0.019580638814706352,Good
9,0.024,-0.013835510111633335,Good
9,0.025,0.060332013152202685,Good
9,0.026,0.11448091759846418,Good
9,0.027,-0.0931469623204374,Good
9,0.028,-0.046570456753525516,Good
9,0.029,0.10282049463822332,Good
9,0.03,-0.10328004117575713,Good
9,0.031,-0.027102031131145655,Good
9,0.032,-0.026687042323696078,Good
9,0.033,-0.027333818982510822,Good
9,0.034,-0.07811618016951943,Good
9,0.035,0.01306850424654246,Good
9,0.036,-0.09947419184021072,Good
9,0.037,-0.0818127662683271,Good
9,0.038,-0.008177992999619365,Good
9,0.039,-0.0283580605586045,Good
9,0.04,-0.08604176883328461,Good
9,0.041,0.07490204404628112,Good
9,0.042,-0.09124627015630496,Good
9,0.043,0.05864842949361371,Good
9,0.044,0.16546550298837995,Good
9,0.045,0.045234906560538315,Good
9,0.046,-0.04913662748653123,Good
9,0.047,-0.3411393509900705,Good
9,0.048,-0.12880543459468108,Good
9,0.049,0.12996885411528727,Good
9,0.05,0.0007156768943635424,Good
9,0.051,0.05715285234656841,Good
9,0.052,-0.25786808038702985,Good
9,0.053,0.14410841250251843,Good
9,0.054,-0.14746894889945064,Good
9,0.055,-0.19947005616350066,Good
9,0.056,0.039490990491248365,Good
9,0.057,0.12704452600570443,Good
9,0.058,-0.020367343598419407,Good
9,0.059,0.05034286530142799,Good
9,0.06,0.04451595156771048,Good
9,0.061,-0.000319522293981816,Good
9,0.062,-0.0817922584203295,Good
9,0.063,-0.09768906037704309,Good
9,0.064,0.09616649786115827,Good
9,0.065,0.1447822067661698,Good
9,0.066,-0.042225967841037035,Good
9,0.067,0.019345433611915364,Good
9,0.068,-0.056528462050257425,Good
9,0.069,0.018423732883102006,Good
9,0.07,-0.14038282066008892,Good
9,0.071,0.10971504834379564,Good
9,0.072,0.059604690000779906,Good
9,0.073,-0.09081444239620709,Good
9,0.074,-0.008154824585399087,Good
9,0.075,0.006415391707847587,Good
9,0.076,0.09906387823032228,Good
9,0.077,0.1869072839577106,Good
9,0.078,-0.03372932994736854,Good
9,0.079,0.08834460835490116,Good
9,0.08,0.14581176007642246,Good
9,0.081,0.14860770828011308,Good
9,0.082,-0.028978452777886795,Good
9,0.083,-0.0363805423170561,Good
9,0.084,0.11827852229233096,Good
9,0.085,0.08426593263385017,Good
9,0.086,0.08872203583891514,Good
9,0.087,0.2734843624263946,Good
9,0.088,-0.10911587428468934,Good
9,0.089,-0.07020873589061866,Good
9,0.09,0.0027586116995326343,Good
9,0.091,0.15277740411595375,Good
9,0.092,0.16868198073714297,Good
9,0.093,0.14115501695049787,Good
9,0.094,0.12937127787523137,Good
9,0.095,0.1315353716801567,Good
9,0.096,-0.11740673313085202,Good
9,0.097,0.08282294656258873,Good
9,0.098,-0.04878022146619543,Good
9,0.099,0.19052221831386595,Good
9,0.1,0.11028938626338763,Good
9,0.101,-0.029923720176742954,Good
9,0.102,-0.05258091476033064,Good
9,0.103,-0.07655238828986964,Good
9,0.104,-0.011706357236064871,Good
9,0.105,-0.047765564309932784,Good
9,0.106,-0.05819938145220749,Good
9,0.107,0.06494183529634494,Good
9,0.108,0.013635828403765518,Good
9,0.109,0.018361724454831165,Good
9,0.11,0.07046011640546387,Good
9,0.111,-0.10258014870360757,Good
9,0.112,0.004707706075118243,Good
9,0.113,0.01082824387494487,Good
9,0.114,-0.10132347603739816,Good
9,0.115,0.05056412965614905,Good
9,0.116,-0.03365270123139573,Good
9,0.117,0.034031691615032625,Good
9,0.118,-0.034901393773929215,Good
9,0.119,-0.13035174340063696,Good
9,0.12,-0.10278013167360765,Good
9,0.121,0.09097960155036271,Good
9,0.122,0.04735203638186076,Good
9,0.123,0.05798343486286444,Good
9,0.124,-0.10192591003609207,Good
9,0.125,-0.0789377258764955,Good
9,0.126,-0.1326605211107671,Good
9,0.127,0.024676401149338095,Good
9,0.128,-0.11566089480343064,Good
9,0.129,0.20823645290835419,Good
9,0.13,-0.09440695032221118,Good
9,0.131,0.030788169664499328,Good
9,0.132,-0.03869187927543555,Good
9,0.133,0.059558940725314424,Good
9,0.134,-0.03462300182071912,Good
9,0.135,0.17361912385446718,Good
9,0.136,-0.025227068507278204,Good
9,0.137,-0.13700230521454942,Good
9,0.138,-0.009676506305348095,Good
9,0.139,-0.1560199873661287,Good
9,0.14,0.041818022169025,Good
9,0.141,-0.03370179490233585,Good
9,0.142,-0.15676249527739916,Good
9,0.143,-0.2156690018444722,Good
9,0.144,-0.23323775092887883,Good
9,0.145,-0.1475572874540363,Good
9,0.146,-0.1945335142791197,Good
9,0.147,-0.04900909955110433,Good
9,0.148,-0.35744172026063614,Good
9,0.149,-0.17212757551478247,Good
9,0.15,-0.13674266211081104,Good
9,0.151,-0.34491603861319226,Good
9,0.152,-0.23637167531397724,Good
9,0.153,-0.3080106945778468,Good
9,0.154,-0.20619307589454727,Good
9,0.155,-0.2910456739237235,Good
9,0.156,-0.36099123668928473,Good
9,0.157,-0.3944907603862854,Good
9,0.158,-0.41741134701627725,Good
9,0.159,-0.4615219673980701,Good
9,0.16,-0.508783948445105,Good
9,0.161,-0.403493438472053,Good
9,0.162,-0.2805729158015324,Good
9,0.163,-0.5153194513307948,Good
9,0.164,-0.6498529804710051,Good
9,0.165,-0.5303984736529074,Good
9,0.166,-0.7674341775915984,Good
9,0.167,-0.5433670424221502,Good
9,0.168,-0.9358990547403654,Good
9,0.169,-0.7426231569708885,Good
9,0.17,-0.8017126934678072,Good
9,0.171,-0.8698931135926126,Good
9,0.172,-1.0874824783152508,Good
9,0.173,-0.8581496258228224,Good
9,0.174,-1.347569662899311,Good
9,0.175,-1.1534622713052922,Good
9,0.176,-1.1431356218810829,Good
9,0.177,-1.2949479562808537,Good
9,0.178,-1.3190999562209322,Good
9,0.179,-1.2128102363462885,Good
9,0.18,-1.4736027988980511,Good
9,0.181,-1.464579120432281,Good
9,0.182,-1.4860532255865964,Good
9,0.183,-1.74121941209229,Good
9,0.184,-1.7233543619946285,Good
9,0.185,-1.7901952233563216,Good
9,0.186,-1.8261318457167486,Good
9,0.187,-1.9372751435026034,Good
9,0.188,-2.001221647751787,Good
9,0.189,-2.0128734334681058,Good
9,0.19,-2.094553618953412,Good
9,0.191,-2.1446732668016644,Good
9,0.192,-2.1163144338297037,Good
9,0.193,-2.1525107333757614,Good
9,0.194,-2.1157556896813037,Good
9,0.195,-2.208338299826301,Good
9,0.196,-2.2789713732454753,Good
9,0.197,-2.2442966297823577,Good
9,0.198,-2.409531354353542,Good
9,0.199,-2.297504727342085,Good
9,0.2,-2.1869334507647444,Good
9,0.201,-2.360943221386475,Good
9,0.202,-2.170251372680701,Good
9,0.203,-2.2904459659444245,Good
9,0.204,-2.1861455512760717,Good
9,0.205,-2.2994961125942623,Good
9,0.206,-2.266842434854034,Good
9,0.207,-2.0563092364482833,Good
9,0.208,-2.068700037363646,Good
9,0.209,-1.9044149177929715,Good
9,0.21,-1.8937967948419125,Good
9,0.211,-1.908012039230888,Good
9,0.212,-1.6313751311328646,Good
9,0.213,-1.8230426322528397,Good
9,0.214,-1.6589684359101702,Good
9,0.215,-1.5546316802586746,Good
9,0.216,-1.449674754500276,Good
9,0.217,-1.3987876295203545,Good
9,0.218,-1.2836464681955346,Good
9,0.219,-1.2243171389450944,Good
9,0.22,-0.7526157265826989,Good
9,0.221,-0.7950367583670395,Good
9,0.222,-0.7156736666431058,Good
9,0.223,-0.687196461931712,Good
9,0.224,-0.49234387105040006,Good
9,0.225,-0.4905649772854429,Good
9,0.226,-0.22488691623059723,Good
9,0.227,-0.16418920238067877,Good
9,0.228,0.07241683811514436,Good
9,0.229,0.23189916396166982,Good
9,0.23,0.2091779946785277,Good
9,0.231,0.38774156710615404,Good
9,0.232,0.6889279200063951,Good
9,0.233,0.575358677587558,Good
9,0.234,0.8006885797033564,Good
9,0.235,1.0403350706263865,Good
9,0.236,0.9727506255734698,Good
9,0.237,1.0849717296069759,Good
9,0.238,1.2407188911850429,Good
9,0.239,1.2884762451513763,Good
9,0.24,1.5600682533907575,Good
9,0.241,1.6446123220300333,Good
9,0.242,1.6892137301213521,Good
9,0.243,1.828241091633681,Good
9,0.244,2.0048985329243183,Good
9,0.245,1.88647891184044,Good
9,0.246,2.0678781858477957,Good
9,0.247,2.095954793922391,Good
9,0.248,2.0054663050183046,Good
9,0.249,1.9226054700753146,Good
9,0.25,2.0231544169198696,Good
9,0.251,1.9713877213244944,Good
9,0.252,2.1226032526059955,Good
9,0.253,2.0212644907359407,Good
9,0.254,1.79353700960853,Good
9,0.255,1.7024564547213337,Good
9,0.256,1.7013708289457,Good
9,0.257,1.6448503098633522,Good
9,0.258,1.5616908525154365,Good
9,0.259,1.4735493655633378,Good
9,0.26,1.3869669641148445,Good
9,0.261,1.472520827059963,Good
9,0.262,1.1932171408298384,Good
9,0.263,1.0787464430768574,Good
9,0.264,0.9228452194935065,Good
9,0.265,0.8260650224705796,Good
9,0.266,0.7365941028254338,Good
9,0.267,0.529368501447943,Good
9,0.268,0.3121624248915926,Good
9,0.269,0.44389458656001946,Good
9,0.27,0.22553092126802232,Good
9,0.271,0.1375208190850047,Good
9,0.272,0.049399896899699175,Good
9,0.273,-0.2237686665099111,Good
9,0.274,-0.32260044626609996,Good
9,0.275,-0.4705718844678189,Good
9,0.276,-0.4899341140801401,Good
9,0.277,-0.8109215693019346,Good
9,0.278,-0.909771496380728,Good
9,0.279,-1.173260027433244,Good
9,0.28,-1.2043095838945899,Good
9,0.281,-1.2048402289323574,Good
9,0.282,-1.2949524321339834,Good
9,0.283,-1.4481096537072295,Good
9,0.284,-1.7586012461463436,Good
9,0.285,-1.7600007417488452,Good
9,0.286,-1.7144956243316294,Good
9,0.287,-1.8614778465898723,Good
9,0.288,-1.9056008310214256,Good
9,0.289,-2.065013741808432,Good
9,0.29,-2.0819392949226487,Good
9,0.291,-2.1676517331586593,Good
9,0.292,-1.9863381865040348,Good
9,0.293,-2.5410249947561967,Good
9,0.294,-2.098187713098596,Good
9,0.295,-2.3209375777099295,Good
9,0.296,-2.428743868587538,Good
9,0.297,-2.3079448280050383,Good
9,0.298,-2.1909079796301465,Good
9,0.299,-2.185416725201681,Good
9,0.3,-2.337581571668007,Good
9,0.301,-2.3031863083484048,Good
9,0.302,-2.1711404936147445,Good
9,0.303,-2.2355127704523445,Good
9,0.304,-2.1202911399743707,Good
9,0.305,-2.0895181737413857,Good
9,0.306,-2.225165182606542,Good
9,0.307,-2.080590544431489,Good
9,0.308,-1.9596855320459663,Good
9,0.309,-2.002728464332088,Good
9,0.31,-2.1223571632396565,Good
9,0.311,-2.002176520179354,Good
9,0.312,-1.740836728811379,Good
9,0.313,-1.9531024639292973,Good
9,0.314,-1.763629568440708,Good
9,0.315,-1.637603472637743,Good
9,0.316,-1.7636387367434956,Good
9,0.317,-1.5223277701427573,Good
9,0.318,-1.6006105202196195,Good
9,0.319,-1.344811326999994,Good
9,0.32,-1.5488038301604468,Good
9,0.321,-1.189210933720613,Good
9,0.322,-1.2342374469141362,Good
9,0.323,-1.3249356952751081,Good
9,0.324,-1.1639585430094193,Good
9,0.325,-1.1132032537836414,Good
9,0.326,-1.1684006663593,Good
9,0.327,-1.0496829207806355,Good
9,0.328,-0.8245198298885239,Good
9,0.329,-0.9624475666872458,Good
9,0.33,-0.8261095372674853,Good
9,0.331,-0.9922987432931396,Good
9,0.332,-0.7601666995780036,Good
9,0.333,-0.7011206073446733,Good
9,0.334,-0.8224212681366155,Good
9,0.335,-0.43089661739333174,Good
9,0.336,-0.7603350824128824,Good
9,0.337,-0.45511667978747256,Good
9,0.338,-0.5996642844818373,Good
9,0.339,-0.5342342700409135,Good
9,0.34,-0.41237952272760575,Good
9,0.341,-0.5455346435540314,Good
9,0.342,-0.5379657923453028,Good
9,0.343,-0.49971628580873695,Good
9,0.344,-0.3507554608559596,Good
9,0.345,-0.4293987773957778,Good
9,0.346,-0.4631121474622305,Good
9,0.347,-0.2967940911177507,Good
9,0.348,-0.22736584999391957,Good
9,0.349,-0.07214801264205295,Good
9,0.35,-0.1858498033232535,Good
9,0.351,-0.16309062770394483,Good
9,0.352,-0.34502432897392393,Good
9,0.353,-0.2612602259936725,Good
9,0.354,-0.08839000771226987,Good
9,0.355,-0.2131073963682467,Good
9,0.356,-0.0047888119945775215,Good
9,0.357,-0.21005619177021848,Good
9,0.358,-0.28058477492133577,Good
9,0.359,-0.16460472836548698,Good
9,0.36,0.0421708089530711,Good
9,0.361,-0.01971091011304814,Good
9,0.362,0.04112390715816547,Good
9,0.363,0.06855428135649197,Good
9,0.364,-0.24575830134894347,Good
9,0.365,-0.07286779710407476,Good
9,0.366,-0.1386804436053881,Good
9,0.367,-0.07288392580104974,Good
9,0.368,-0.11850199463405339,Good
9,0.369,-0.06181386848700058,Good
9,0.37,0.08698244411335082,Good
9,0.371,-0.056250945564605054,Good
9,0.372,0.10208534477495164,Good
9,0.373,-0.07904088334828538,Good
9,0.374,0.007773098612429547,Good
9,0.375,-0.16351455225696596,Good
9,0.376,-0.020235306314582854,Good
9,0.377,-0.14697741510603182,Good
9,0.378,-0.09422479983757613,Good
9,0.379,0.07772839215465058,Good
9,0.38,0.08007324292322994,Good
9,0.381,0.054423076668817995,Good
9,0.382,-0.1568208877517843,Good
9,0.383,-0.03019914967072499,Good
9,0.384,-0.07379206187049892,Good
9,0.385,0.07244117832988482,Good
9,0.386,0.01875646789269178,Good
9,0.387,-0.01951857002145968,Good
9,0.388,0.0841024061840973,Good
9,0.389,-0.10755129964313498,Good
9,0.39,-0.19064883100306787,Good
9,0.391,-0.10372464137703807,Good
9,0.392,-0.0030311882410957057,Good
9,0.393,-0.24348062414953003,Good
9,0.394,0.041753080920433665,Good
9,0.395,0.06660907202164779,Good
9,0.396,0.01657765692163809,Good
9,0.397,0.10619066002214544,Good
9,0.398,-0.03200988637200889,Good
9,0.399,-0.037414878388866896,Good
9,0.4,-0.023765004694943647,Good
9,0.401,0.1722210848507493,Good
9,0.402,0.23321316163149852,Good
9,0.403,0.09707550006798488,Good
9,0.404,-0.01546817626007254,Good
9,0.405,-0.10401049883730598,Good
9,0.406,0.15431731979464805,Good
9,0.407,0.0046284742042996116,Good
9,0.408,-0.015796607046550115,Good
9,0.409,0.09000470039343511,Good
9,0.41,0.056762749072018386,Good
9,0.411,-0.02142035446345523,Good
9,0.412,0.13057395482787523,Good
9,0.413,0.028434664155358683,Good
9,0.414,-0.003492506696390864,Good
9,0.415,-0.05346146854882658,Good
9,0.416,-0.13901145014713903,Good
9,0.417,0.06834632544718845,Good
9,0.418,-0.03940781474540528,Good
9,0.419,-0.006438924503149819,Good
9,0.42,0.04022752458695999,Good
9,0.421,0.15233507789270198,Good
9,0.422,0.036290943108879245,Good
9,0.423,0.08181133535001106,Good
9,0.424,-0.003928996742412266,Good
9,0.425,-0.36894651682367385,Good
9,0.426,0.06045037274004067,Good
9,0.427,-0.034586036284062704,Good
9,0.428,0.05057536336887602,Good
9,0.429,0.12902713361495144,Good
9,0.43,-0.12546349103780874,Good
9,0.431,0.0694058504832739,Good
9,0.432,0.03654359388258614,Good
9,0.433,-0.028939711712496697,Good
9,0.434,-0.06265671880240953,Good
9,0.435,-0.12636728745669618,Good
9,0.436,0.10598856780579252,Good
9,0.437,-0.052655907616923105,Good
9,0.438,-0.09594972610960764,Good
9,0.439,-0.011271489205057002,Good
9,0.44,0.08973258809178486,Good
9,0.441,0.09021472221645638,Good
9,0.442,0.08710274006837328,Good
9,0.443,-0.03071967905374113,Good
9,0.444,0.08754648306082753,Good
9,0.445,-0.06695009511392659,Good
9,0.446,0.09086686103125917,Good
9,0.447,-0.02174947980548023,Good
9,0.448,-0.07605475540034878,Good
9,0.449,-0.12187192134464078,Good
9,0.45,-0.12868163537952748,Good
9,0.451,0.0950167718914136,Good
9,0.452,-0.059017696635691896,Good
9,0.453,0.0424354679642097,Good
9,0.454,-0.13675045102011948,Good
9,0.455,-0.12426977096428951,Good
9,0.456,0.030161105701354957,Good
9,0.457,-0.020178659859643372,Good
9,0.458,0.18230881537220345,Good
9,0.459,-0.029059651891150614,Good
9,0.46,-0.05709177689802535,Good
9,0.461,0.07186388398999953,Good
9,0.462,0.05212768333206395,Good
9,0.463,-0.1012396288290868,Good
9,0.464,0.0059112932199258455,Good
9,0.465,0.09191394729637165,Good
9,0.466,-0.12381284613772703,Good
9,0.467,0.18421231913396746,Good
9,0.468,0.0029513415718786197,Good
9,0.469,-0.08090791557149102,Good
9,0.47,-0.16941064172912113,Good
9,0.471,0.013349881457620952,Good
9,0.472,0.08949960132871077,Good
9,0.473,-0.05408901500796185,Good
9,0.474,0.03654413922430403,Good
9,0.475,0.027816147405012478,Good
9,0.476,0.16753381861174418,Good
9,0.477,0.0807109681289029,Good
9,0.478,-0.05450801370262635,Good
9,0.479,-0.1471570255915967,Good
9,0.48,-0.037041415765088896,Good
9,0.481,0.011692670620626816,Good
9,0.482,0.005560699923939184,Good
9,0.483,-0.03971627389265729,Good
9,0.484,-0.05610146152359063,Good
9,0.485,-0.2812379244170284,Good
9,0.486,-0.04000205188981091,Good
9,0.487,-0.04209401034564966,Good
9,0.488,-0.16582311859777266,Good
9,0.489,0.05179496788741353,Good
9,0.49,-0.07763816967831472,Good
9,0.491,-0.07277951773433503,Good
9,0.492,0.0028629340418386143,Good
9,0.493,0.05650583158747094,Good
9,0.494,0.1588471041173777,Good
9,0.495,-0.05520119232007701,Good
9,0.496,0.056245709591675776,Good
9,0.497,0.09210714295283327,Good
9,0.498,-0.1440284015101839,Good
9,0.499,-0.1422487334340257,Good
9,0.5,0.02544038629128211,Good
9,0.501,-0.03882361348340455,Good
9,0.502,-0.05938036396843458,Good
9,0.503,-0.07608824586051599,Good
9,0.504,0.07790168813240922,Good
9,0.505,-0.15634710257560228,Good
9,0.506,0.053212044558041974,Good
9,0.507,0.07501086068204957,Good
9,0.508,-0.16623291255859698,Good
9,0.509,-0.1779635791551282,Good
9,0.51,0.039911130823011176,Good
9,0.511,-0.08048571333916264,Good
9,0.512,-0.04645249484515466,Good
9,0.513,0.12701035990053142,Good
9,0.514,0.008005897174518285,Good
9,0.515,0.01737042132404274,Good
9,0.516,0.03577127435430729,Good
9,0.517,0.07235147338393993,Good
9,0.518,0.0005555152250145646,Good
9,0.519,0.020408877856389254,Good
9,0.52,0.1302237269940853,Good
9,0.521,0.11081286823656625,Good
9,0.522,0.07276280687778222,Good
9,0.523,-0.0012905078719091887,Good
9,0.524,-0.022483882043361644,Good
9,0.525,0.08496425397412641,Good
9,0.526,-0.0980179816455956,Good
9,0.527,-0.15963026138383926,Good
9,0.528,-0.19607079528348348,Good
9,0.529,-0.05170411230389328,Good
9,0.53,0.132281343825289,Good
9,0.531,0.20992208066054108,Good
9,0.532,0.04484403959950295,Good
9,0.533,0.016753919700453795,Good
9,0.534,-0.11284464114653901,Good
9,0.535,-0.0019591568468338614,Good
9,0.536,0.12958206147642728,Good
9,0.537,-0.04499797694074337,Good
9,0.538,-0.08496986455704526,Good
9,0.539,-0.008611324080603585,Good
9,0.54,-0.2466425149660606,Good
9,0.541,0.10995704018112994,Good
9,0.542,0.08630478598737491,Good
9,0.543,0.05618757158445369,Good
9,0.544,-0.16069214849830743,Good
9,0.545,-0.07167042951049103,Good
9,0.546,-0.018709434516130444,Good
9,0.547,-0.09848705709369193,Good
9,0.548,0.11290782228033142,Good
9,0.549,-0.04575635325429159,Good
9,0.55,-0.11732650810652748,Good
9,0.551,0.08845594467837736,Good
9,0.552,-0.107024526788365,Good
9,0.553,-0.05753307525864381,Good
9,0.554,0.006521443319560831,Good
9,0.555,0.028470803058178902,Good
9,0.556,-0.12913488047286806,Good
9,0.557,-0.1657519604054236,Good
9,0.558,0.10345517639029729,Good
9,0.559,-0.0475004435693967,Good
9,0.56,-0.09404348050040948,Good
9,0.561,-0.047849007193329296,Good
9,0.562,-0.02426121425982227,Good
9,0.563,-0.06934542746519433,Good
9,0.564,0.06836300483963904,Good
9,0.565,0.02099423292443987,Good
9,0.566,-0.13981822375540962,Good
9,0.567,0.0365592954730671,Good
9,0.568,0.1132467393761474,Good
9,0.569,0.1486250531965392,Good
9,0.57,-0.018932286738955296,Good
9,0.571,-0.05519376063040086,Good
9,0.572,-0.09022559419979954,Good
9,0.573,0.1487852922830878,Good
9,0.574,0.07203155430352619,Good
9,0.575,-0.0048360256386674,Good
9,0.576,0.06021890366210693,Good
9,0.577,-0.12857359861168824,Good
9,0.578,0.05514232775726316,Good
9,0.579,0.05360703928389157,Good
9,0.58,-0.01930840053091717,Good
9,0.581,0.09137349000084798,Good
9,0.582,-0.03526112482399626,Good
9,0.583,0.03285304215370615,Good
9,0.584,-0.08672076601305481,Good
9,0.585,-0.13603442000001245,Good
9,0.586,-0.004730664372015143,Good
9,0.587,0.08397280642493303,Good
9,0.588,0.06373033089141317,Good
9,0.589,0.1553172252376998,Good
9,0.59,-0.0832684895602038,Good
9,0.591,-0.11907719555080563,Good
9,0.592,-0.0048528126950564965,Good
9,0.593,0.0018797299389229924,Good
9,0.594,0.06229980222654276,Good
9,0.595,-0.061564365440797575,Good
9,0.596,-0.03602666521179463,Good
9,0.597,-0.0854132756045687,Good
9,0.598,-0.15377139696650716,Good
9,0.599,0.05064129221072755,Good
9,0.6,0.12311991872458683,Good
9,0.601,-0.08798103376054939,Good
9,0.602,0.047532248798228,Good
9,0.603,-0.06935505229239862,Good
9,0.604,0.125605646303988,Good
9,0.605,0.0625009398972411,Good
9,0.606,-0.18753212737530944,Good
9,0.607,0.048381260264011385,Good
9,0.608,0.11265659889989654,Good
9,0.609,-0.05897805280160602,Good
9,0.61,0.21500308122703898,Good
9,0.611,-0.09297038255510597,Good
9,0.612,-0.09715964247024012,Good
9,0.613,0.08762433717111198,Good
9,0.614,0.05049782626394657,Good
9,0.615,0.014338475108460147,Good
9,0.616,0.09230761023304429,Good
9,0.617,-0.05741930383713655,Good
9,0.618,-0.09309339876325451,Good
9,0.619,-0.10077841703320525,Good
9,0.62,-0.09342630068500839,Good
9,0.621,-0.054598566923957384,Good
9,0.622,0.17843060430872995,Good
9,0.623,0.06916506440448639,Good
9,0.624,0.10883886917376118,Good
9,0.625,-0.04396939141513059,Good
9,0.626,-0.06207340272261326,Good
9,0.627,0.04663657632028201,Good
9,0.628,0.14585384330140522,Good
9,0.629,0.1573792756589338,Good
9,0.63,-0.0780155371994084,Good
9,0.631,0.05605419142916468,Good
9,0.632,-0.03061726098023851,Good
9,0.633,-0.011403443039580121,Good
9,0.634,-0.12001234910323562,Good
9,0.635,-0.06830311905762333,Good
9,0.636,0.14989730934512643,Good
9,0.637,0.0657438238622414,Good
9,0.638,-0.049259434394834406,Good
9,0.639,0.07122217543698947,Good
9,0.64,-0.05949385502808107,Good
9,0.641,0.06715148440721996,Good
9,0.642,-0.014267388918004588,Good
9,0.643,0.07765360162679842,Good
9,0.644,0.08606245180888433,Good
9,0.645,0.015628055341440763,Good
9,0.646,0.2263119829840814,Good
9,0.647,-0.11771033623785071,Good
9,0.648,-0.06915897332286516,Good
9,0.649,-0.009075135170092083,Good
9,0.65,0.1331462728902653,Good
9,0.651,-0.16228051902114124,Good
9,0.652,0.06091668957752915,Good
9,0.653,-0.12469684701695703,Good
9,0.654,0.014552332856267515,Good
9,0.655,-0.02689475099767536,Good
9,0.656,-0.10297739289207303,Good
9,0.657,0.04731323738404345,Good
9,0.658,0.08257130668804186,Good
9,0.659,-0.05423789324634907,Good
9,0.66,0.02595651797372526,Good
9,0.661,-0.09601460082255345,Good
9,0.662,-0.11206819441339547,Good
9,0.663,0.0638807791741535,Good
9,0.664,-0.05511342709267463,Good
9,0.665,-0.023103082924393406,Good
9,0.666,0.037414624656489495,Good
9,0.667,0.16489468275955174,Good
9,0.668,-0.16414623747398874,Good
9,0.669,0.09833220735823496,Good
9,0.67,0.09505349604871592,Good
9,0.671,-0.08458685235111557,Good
9,0.672,0.12262875842089652,Good
9,0.673,0.14829293824691547,Good
9,0.674,0.049365202475912105,Good
9,0.675,0.025955988280439764,Good
9,0.676,-0.03475338562810451,Good
9,0.677,-0.10912559455666089,Good
9,0.678,0.04107222643824979,Good
9,0.679,-0.01273212939850007,Good
9,0.68,0.033981424366656424,Good
9,0.681,-0.04237173383368331,Good
9,0.682,0.05885574993723655,Good
9,0.683,0.0117344994271389,Good
9,0.684,-0.08980595393385765,Good
9,0.685,0.0465473857121389,Good
9,0.686,0.0329552158479088,Good
9,0.687,-0.1033627960667877,Good
9,0.688,0.0431357193437929,Good
9,0.689,-0.01829457402364012,Good
9,0.69,-0.11601362519311859,Good
9,0.691,0.08271260961663054,Good
9,0.692,0.0502287037219226,Good
9,0.693,0.03786139234773466,Good
9,0.694,-0.10700654794626346,Good
9,0.695,-0.07639701562736512,Good
9,0.696,0.029968112068554115,Good
9,0.697,0.0023553892028936735,Good
9,0.698,0.05699298689496579,Good
9,0.699,0.04656373828195472,Good
9,0.7,-0.018952487622226427,Good
9,0.701,-0.02484911304321902,Good
9,0.702,-0.044082257296063444,Good
9,0.703,0.04459094879543121,Good
9,0.704,-0.07449983560617889,Good
9,0.705,-0.015169459605692487,Good
9,0.706,-0.2523935622592979,Good
9,0.707,-0.08972921140909657,Good
9,0.708,0.00011112879634333536,Good
9,0.709,-0.020293211795838637,Good
9,0.71,0.043168708451019076,Good
9,0.711,0.04674052855276235,Good
9,0.712,0.05618749134950573,Good
9,0.713,0.09119136131620466,Good
9,0.714,-0.10201946085564709,Good
9,0.715,-0.11011428189372581,Good
9,0.716,-0.22898997250624442,Good
9,0.717,-0.02866443876621254,Good
9,0.718,-0.027217108740230603,Good
9,0.719,0.007853240079687709,Good
9,0.72,-0.20834593864398762,Good
9,0.721,-0.0049937904460908705,Good
9,0.722,-0.0027324927277317308,Good
9,0.723,-0.09128869639017895,Good
9,0.724,-0.07009130629000605,Good
9,0.725,-0.10223121114257079,Good
9,0.726,-0.018781271170464346,Good
9,0.727,0.04460726039625444,Good
9,0.728,0.05855021150071119,Good
9,0.729,-0.005365120575063004,Good
9,0.73,0.08534350374394299,Good
9,0.731,-0.07185061717671641,Good
9,0.732,-0.042545316503191835,Good
9,0.733,-0.0037252585077473355,Good
9,0.734,-0.1434987222106515,Good
9,0.735,0.040043099969501915,Good
9,0.736,-0.09355108440219856,Good
9,0.737,-0.13576105289218027,Good
9,0.738,-0.012915853627787237,Good
9,0.739,-0.10142163677402183,Good
9,0.74,0.0070719688813365685,Good
9,0.741,-0.0380732533019968,Good
9,0.742,0.15600624818521935,Good
9,0.743,-0.05149572603236448,Good
9,0.744,0.15514806781172197,Good
9,0.745,0.028448067060040827,Good
9,0.746,-0.10121099446583742,Good
9,0.747,-0.04355866454776553,Good
9,0.748,0.033426154843495155,Good
9,0.749,0.0034972667205208988,Good
9,0.75,0.1584532038500069,Good
9,0.751,-0.16331858495828144,Good
9,0.752,0.12702396810659308,Good
9,0.753,0.1423030186986709,Good
9,0.754,0.06092288933114923,Good
9,0.755,0.004400345398477874,Good
9,0.756,-0.07379573797615707,Good
9,0.757,0.028010759784494483,Good
9,0.758,0.0399851289470608,Good
9,0.759,0.1549587934190824,Good
9,0.76,0.012995365910110366,Good
9,0.761,0.09841992296211688,Good
9,0.762,-0.18044591334674143,Good
9,0.763,0.09494986590379771,Good
9,0.764,-0.09120523436599554,Good
9,0.765,0.05474979897463625,Good
9,0.766,-0.022850730928638437,Good
9,0.767,0.09314968061099613,Good
9,0.768,-0.12494038224699817,Good
9,0.769,0.0219869271409169,Good
9,0.77,-0.03939359296447658,Good
9,0.771,0.025417643188168627,Good
9,0.772,-0.05856315436897004,Good
9,0.773,0.022330435584495656,Good
9,0.774,0.2293862042158752,Good
9,0.775,0.1236326993637706,Good
9,0.776,0.001303304098795598,Good
9,0.777,0.03003141308316278,Good
9,0.778,0.05911827984838706,Good
9,0.779,0.03461283538188471,Good
9,0.78,-0.015824079562597914,Good
9,0.781,0.04052922937147487,Good
9,0.782,-0.059753651807399014,Good
9,0.783,0.14136801795952764,Good
9,0.784,0.02136825707972623,Good
9,0.785,-0.02441713346596881,Good
9,0.786,0.07873908700732482,Good
9,0.787,-0.20421421461480388,Good
9,0.788,-0.03926454311785359,Good
9,0.789,0.15970927286141853,Good
9,0.79,-0.01942505087996543,Good
9,0.791,-0.1924754191852982,Good
9,0.792,0.07302383231408947,Good
9,0.793,0.002516158818695699,Good
9,0.794,-0.05003775866308649,Good
9,0.795,0.06978021644792465,Good
9,0.796,0.03427144068264843,Good
9,0.797,-0.07764614548165773,Good
9,0.798,-0.2884925420309719,Good
9,0.799,-0.041029103224035135,Good
9,0.8,-0.010599869244836807,Good
9,0.801,0.07853950682470537,Good
9,0.802,-0.11207674036542135,Good
9,0.803,-0.2825339988308742,Good
9,0.804,0.21484918302907677,Good
9,0.805,-0.0696077129832497,Good
9,0.806,0.030057438026496498,Good
9,0.807,-0.08855174284660533,Good
9,0.808,-0.07276690635498666,Good
9,0.809,-0.10924479684923563,Good
9,0.81,0.11380826204458701,Good
9,0.811,0.0610084295969129,Good
9,0.812,0.061961994866318496,Good
9,0.813,-0.11171149843068101,Good
9,0.814,0.09512388407203738,Good
9,0.815,-0.006669067096460779,Good
9,0.816,0.06730596930770093,Good
9,0.817,0.10613066613829539,Good
9,0.818,-0.05883088177317689,Good
9,0.819,0.16421808746221672,Good
9,0.82,0.034095548120327356,Good
9,0.821,-0.06005686385651529,Good
9,0.822,-0.1584968326741073,Good
9,0.823,0.006037536827101708,Good
9,0.824,-0.10272654849875287,Good
9,0.825,-0.00841579835410048,Good
9,0.826,0.25932237062121594,Good
9,0.827,0.08185785513740573,Good
9,0.828,-0.0747993995882928,Good
9,0.829,-0.010801650231855926,Good
9,0.83,-0.09055682353019345,Good
9,0.831,0.05136260328103462,Good
9,0.832,-0.1066788352220885,Good
9,0.833,0.10132762279995673,Good
9,0.834,0.17289407089309605,Good
9,0.835,0.06074707691711161,Good
9,0.836,0.028367241168960045,Good
9,0.837,0.0638490144217136,Good
9,0.838,0.04667999605671966,Good
9,0.839,-0.13305245042941433,Good
9,0.84,-0.24381877472402005,Good
9,0.841,-0.0036234991728431158,Good
9,0.842,-0.009509353563164806,Good
9,0.843,-0.04536358695468895,Good
9,0.844,0.04074538432756417,Good
9,0.845,-0.07358925307219265,Good
9,0.846,-0.0749315423395575,Good
9,0.847,0.11792875164998114,Good
9,0.848,0.053758872718707267,Good
9,0.849,-0.06342019647497237,Good
9,0.85,0.1261842141592638,Good
9,0.851,0.12985968944685988,Good
9,0.852,-0.1615913962900256,Good
9,0.853,0.1524449394401963,Good
9,0.854,0.05283799058934907,Good
9,0.855,0.1454292905769851,Good
9,0.856,0.05302690637782686,Good
9,0.857,-0.021740739679750168,Good
9,0.858,-0.05189749051001905,Good
9,0.859,0.0013110456833541496,Good
9,0.86,0.07090297721945003,Good
9,0.861,-0.08878096301301522,Good
9,0.862,0.019334996706287823,Good
9,0.863,-0.05241871356921182,Good
9,0.864,0.12334303886908132,Good
9,0.865,-0.11961384658032942,Good
9,0.866,0.0654067698389032,Good
9,0.867,-0.023236370026614488,Good
9,0.868,-0.08542681685281407,Good
9,0.869,0.07455031528530492,Good
9,0.87,-0.05250417542181758,Good
9,0.871,0.09821001788851214,Good
9,0.872,-0.11055212708666223,Good
9,0.873,0.09509502017184916,Good
9,0.874,0.11757445273941364,Good
9,0.875,0.11639512949890365,Good
9,0.876,-0.0315452170577951,Good
9,0.877,0.09719498087436687,Good
9,0.878,-0.039377963709970626,Good
9,0.879,-0.1669427639532262,Good
9,0.88,0.05404986957734573,Good
9,0.881,0.066225990510752,Good
9,0.882,-0.15156491533271027,Good
9,0.883,-0.026870302156228872,Good
9,0.884,0.02957863567786209,Good
9,0.885,0.058306749925301084,Good
9,0.886,0.17165470954395023,Good
9,0.887,-0.1300614632442389,Good
9,0.888,0.09989813522468327,Good
9,0.889,0.07871180463185337,Good
9,0.89,0.0296461897737023,Good
9,0.891,-0.01912086576077708,Good
9,0.892,0.03978985930763787,Good
9,0.893,-0.09789546158602859,Good
9,0.894,0.16146491264617133,Good
9,0.895,0.04554270612140551,Good
9,0.896,-0.021023928544310223,Good
9,0.897,0.07523154077190514,Good
9,0.898,0.06141026501905066,Good
9,0.899,0.08332285854980727,Good
9,0.9,-0.14551994281542233,Good
9,0.901,-0.06205881131154966,Good
9,0.902,-0.09784397569634008,Good
9,0.903,0.04130396250239308,Good
9,0.904,-0.0780287317025885,Good
9,0.905,0.04268929904567257,Good
9,0.906,-0.1825866910319461,Good
9,0.907,-0.02530978891251029,Good
9,0.908,-0.08972230793956831,Good
9,0.909,0.09897120192486235,Good
9,0.91,-0.025617782900516972,Good
9,0.911,-0.027779795689004374,Good
9,0.912,-0.024146070053009956,Good
9,0.913,-0.1366425430927751,Good
9,0.914,0.034445627465426815,Good
9,0.915,0.03586860290553112,Good
9,0.916,-0.13009298626042615,Good
9,0.917,0.22230190752300083,Good
9,0.918,0.06050172777741586,Good
9,0.919,0.13508291404334355,Good
9,0.92,-0.03770732172481289,Good
9,0.921,0.10386138151778493,Good
9,0.922,-0.1019936723840679,Good
9,0.923,0.026798949785637266,Good
9,0.924,-0.01456411468909126,Good
9,0.925,0.08131095598605181,Good
9,0.926,-0.16942135566456326,Good
9,0.927,-0.04508670923156022,Good
9,0.928,-0.07482115040445224,Good
9,0.929,0.021657575415195095,Good
9,0.93,-0.05924179935943207,Good
9,0.931,0.021798993230371762,Good
9,0.932,-0.17805001648868488,Good
9,0.933,-0.07913777579419688,Good
9,0.934,-0.05079796759585519,Good
9,0.935,-0.0047621293144776665,Good
9,0.936,-0.08289208739885512,Good
9,0.937,0.13270439861699843,Good
9,0.938,0.21474414685862966,Good
9,0.939,0.06776351330742988,Good
9,0.94,0.014358068457998764,Good
9,0.941,0.07475707506056256,Good
9,0.942,0.06497157048329365,Good
9,0.943,0.15780599173030752,Good
9,0.944,-0.06481639925135661,Good
9,0.945,-0.15482684330225535,Good
9,0.946,-0.0253151332251078,Good
9,0.947,0.06959842642803833,Good
9,0.948,-0.039336734841107925,Good
9,0.949,-0.020579894695423845,Good
9,0.95,0.10969163638478052,Good
9,0.951,0.15566718100331509,Good
9,0.952,0.1685554049518142,Good
9,0.953,-0.08635601581612565,Good
9,0.954,0.027922873623109197,Good
9,0.955,-0.004311980546139129,Good
9,0.956,0.16341819419546144,Good
9,0.957,-0.03474473870342425,Good
9,0.958,-0.09947334084476639,Good
9,0.959,0.025224761228330995,Good
9,0.96,0.010712995914240816,Good
9,0.961,0.034907065733861924,Good
9,0.962,-0.11226083032507571,Good
9,0.963,-0.02713356261472898,Good
9,0.964,-0.1681172921528626,Good
9,0.965,0.1170246959573603,Good
9,0.966,-0.004292566602474027,Good
9,0.967,0.0477068291826684,Good
9,0.968,0.06034186706731292,Good
9,0.969,-0.09085684979588914,Good
9,0.97,-0.15675087483749495,Good
9,0.971,0.06446716586183567,Good
9,0.972,-0.19016141058596964,Good
9,0.973,-0.02309562249879365,Good
9,0.974,-0.0016096390580861222,Good
9,0.975,-0.0747637284185817,Good
9,0.976,-0.19105384902984426,Good
9,0.977,-0.028193098509985554,Good
9,0.978,-0.09608569296691323,Good
9,0.979,0.08181072656840423,Good
9,0.98,0.18943412429036857,Good
9,0.981,0.005580245859972653,Good
9,0.982,-0.030127136753302204,Good
9,0.983,0.006026325910582178,Good
9,0.984,0.09116880382193815,Good
9,0.985,-0.0030122941547314278,Good
9,0.986,-0.06638049854722813,Good
9,0.987,0.08039529838491488,Good
9,0.988,0.00634100138108944,Good
9,0.989,-0.22920411953496625,Good
9,0.99,0.06052359088717313,Good
9,0.991,-0.10095417928232026,Good
9,0.992,0.0611713328440594,Good
9,0.993,-0.059944349829145475,Good
9,0.994,-0.14293513347964926,Good
9,0.995,0.13759078612827777,Good
9,0.996,0.07427178758053588,Good
9,0.997,-0.09023266773956778,Good
9,0.998,-0.10856657647900701,Good
9,0.999,-0.10119218501820613,Good
10,0.0,-0.269321420601671,Bad
10,0.001,0.2662282686543301,Bad
10,0.002,-0.1869674539593617,Bad
10,0.003,-0.07209167398923325,Bad
10,0.004,0.053436209275013566,Bad
10,0.005,-0.10263559270318844,Bad
10,0.006,0.18699395197769234,Bad
10,0.007,-0.29034370423951983,Bad
10,0.008,-0.23183988931864646,Bad
10,0.009,0.3954985210389236,Bad
10,0.01,0.249768131198051,Bad
10,0.011,-0.07608886194995972,Bad
10,0.012,0.09189166725369935,Bad
10,0.013,0.01547096644831861,Bad
10,0.014,0.13820907836692828,Bad
10,0.015,-0.30929455172182246,Bad
10,0.016,0.0886319436378349,Bad
10,0.017,0.004354226462033844,Bad
10,0.018,-0.04818543526176091,Bad
10,0.019,0.18562694160366167,Bad
10,0.02,-0.05442026293112963,Bad
10,0.021,-0.21793219443033623,Bad
10,0.022,0.49339598721068895,Bad
10,0.023,0.06867631995450175,Bad
10,0.024,-0.2615036675275323,Bad
10,0.025,-0.12047495223795437,Bad
10,0.026,0.12546989768508313,Bad
10,0.027,0.23402754408679993,Bad
10,0.028,0.22990948125517796,Bad
10,0.029,0.09465544449548521,Bad
10,0.03,-0.25051321028867823,Bad
10,0.031,0.274581136685197,Bad
10,0.032,-0.01673164580102178,Bad
10,0.033,-0.1990042961320414,Bad
10,0.034,0.07872940814749838,Bad
10,0.035,0.06368064070595807,Bad
10,0.036,-0.011882143486542212,Bad
10,0.037,0.21687855579147433,Bad
10,0.038,-0.1643019477365296,Bad
10,0.039,0.10347727447850712,Bad
10,0.04,-0.13895368551590195,Bad
10,0.041,-0.18463165991902628,Bad
10,0.042,-0.07911639011987373,Bad
10,0.043,0.04246510881774846,Bad
10,0.044,0.13691075125421562,Bad
10,0.045,-0.21631349083185658,Bad
10,0.046,-0.1798670929539597,Bad
10,0.047,-0.4574388384228958,Bad
10,0.048,0.4045764859988909,Bad
10,0.049,-0.1796343971982348,Bad
10,0.05,0.2195264424624558,Bad
10,0.051,-0.2770949721251336,Bad
10,0.052,-0.07491797635395844,Bad
10,0.053,0.07400864220823357,Bad
10,0.054,-0.14809455463796659,Bad
10,0.055,-0.03241357466542221,Bad
10,0.056,0.3716832320222853,Bad
10,0.057,-0.318937012066549,Bad
10,0.058,0.1105932594150781,Bad
10,0.059,-0.26463799445888997,Bad
10,0.06,0.07956383886475761,Bad
10,0.061,-0.2797910793661915,Bad
10,0.062,0.23183365249803742,Bad
10,0.063,-0.04935443814372845,Bad
10,0.064,0.4838567497965276,Bad
10,0.065,-0.33660807097150974,Bad
10,0.066,0.30321009561671125,Bad
10,0.067,-0.1581185837513798,Bad
10,0.068,0.10140347110575665,Bad
10,0.069,0.011999774054895643,Bad
10,0.07,-0.021837117846462084,Bad
10,0.071,-0.022400280673752777,Bad
10,0.072,-0.034720502676810816,Bad
10,0.073,0.5381611522594208,Bad
10,0.074,-0.31141504738439424,Bad
10,0.075,0.408487024076175,Bad
10,0.076,0.08961308540220035,Bad
10,0.077,-0.19182885182244183,Bad
10,0.078,-0.43131231128410724,Bad
10,0.079,-0.3226627841741123,Bad
10,0.08,-0.09540063879511429,Bad
10,0.081,0.1721321395268212,Bad
10,0.082,-0.4998697380209031,Bad
10,0.083,0.030814790733150944,Bad
10,0.084,-0.8279530044366313,Bad
10,0.085,-0.5975434237248052,Bad
10,0.086,0.16796813811140843,Bad
10,0.087,-0.18306262496992665,Bad
10,0.088,-0.10745819473016711,Bad
10,0.089,-0.1123081754502978,Bad
10,0.09,-0.4165002711009568,Bad
10,0.091,-0.3440300959438536,Bad
10,0.092,0.2319750523408218,Bad
10,0.093,-0.093513837105286,Bad
10,0.094,-0.1550408702096158,Bad
10,0.095,0.11070925918524883,Bad
10,0.096,-0.0020274895949182895,Bad
10,0.097,0.15163496010972483,Bad
10,0.098,-0.3734132101896985,Bad
10,0.099,-0.38805192923557175,Bad
10,0.1,0.013183439192395546,Bad
10,0.101,0.15506213919214185,Bad
10,0.102,0.2666895686293852,Bad
10,0.103,0.14181465313291292,Bad
10,0.104,0.19281282439677289,Bad
10,0.105,-0.012812632502453165,Bad
10,0.106,0.29175743673937676,Bad
10,0.107,-0.03356392681109296,Bad
10,0.108,-0.058986258741967945,Bad
10,0.109,-0.5927970443016275,Bad
10,0.11,-0.09439827735237591,Bad
10,0.111,-0.26548278260634967,Bad
10,0.112,-0.47374156202852463,Bad
10,0.113,-0.3684377057111573,Bad
10,0.114,0.13796289559058766,Bad
10,0.115,0.07808910400952448,Bad
10,0.116,-0.520429990419129,Bad
10,0.117,-0.09617140799447776,Bad
10,0.118,0.043600340634492515,Bad
10,0.119,-0.0039459613994702256,Bad
10,0.12,0.35683741184072676,Bad
10,0.121,-0.5752097298909586,Bad
10,0.122,-0.32313335738398946,Bad
10,0.123,-0.1203184038724574,Bad
10,0.124,0.08209024209370706,Bad
10,0.125,-0.05761172448686152,Bad
10,0.126,-0.0657023078315962,Bad
10,0.127,0.4002286604669031,Bad
10,0.128,-0.21236332206330627,Bad
10,0.129,0.321952884652921,Bad
10,0.13,0.009740735998948383,Bad
10,0.131,0.04468459156784772,Bad
10,0.132,0.004708965199303597,Bad
10,0.133,0.0322554812015871,Bad
10,0.134,-0.2736800509339118,Bad
10,0.135,-0.3775745113726054,Bad
10,0.136,-0.07445360086170302,Bad
10,0.137,0.04871037542028085,Bad
10,0.138,-0.39371033200976024,Bad
10,0.139,-0.5050418061933419,Bad
10,0.14,-0.0958281424420283,Bad
10,0.141,-0.18155783903442216,Bad
10,0.142,0.4363285368176448,Bad
10,0.143,-0.2500922712215744,Bad
10,0.144,0.0644102466322154,Bad
10,0.145,-0.18813717584337322,Bad
10,0.146,0.12593330717788848,Bad
10,0.147,-0.0849541888070439,Bad
10,0.148,0.25615584385995616,Bad
10,0.149,-0.22747235510862518,Bad
10,0.15,-0.196764132212744,Bad
10,0.151,-0.4053271367273097,Bad
10,0.152,-0.4916751104570734,Bad
10,0.153,-0.4116458130382676,Bad
10,0.154,-0.2124527368732645,Bad
10,0.155,-0.2511113512283903,Bad
10,0.156,-0.2552007616238059,Bad
10,0.157,-0.012176033908507411,Bad
10,0.158,-0.026236148933825004,Bad
10,0.159,-0.4161109965017742,Bad
10,0.16,-0.19367771252171845,Bad
10,0.161,-0.49717859411158005,Bad
10,0.162,-0.37711947549142844,Bad
10,0.163,-0.2541955148296864,Bad
10,0.164,-0.4242993697265601,Bad
10,0.165,0.21266606905750762,Bad
10,0.166,-0.0685117908611721,Bad
10,0.167,-0.17998954498964417,Bad
10,0.168,-0.3678034921600022,Bad
10,0.169,-0.41579821078900614,Bad
10,0.17,-0.36116382642508965,Bad
10,0.171,-0.5196544892321007,Bad
10,0.172,-0.7077806457695919,Bad
10,0.173,-0.43775195424074176,Bad
10,0.174,-0.603714327679649,Bad
10,0.175,-0.5007880964584376,Bad
10,0.176,-0.3011198634265533,Bad
10,0.177,-0.6339364067056974,Bad
10,0.178,-0.19719129319841888,Bad
10,0.179,-1.0596254850810363,Bad
10,0.18,-0.4463691123119269,Bad
10,0.181,-0.7417013699238475,Bad
10,0.182,0.0713600569728956,Bad
10,0.183,-0.46369924797646633,Bad
10,0.184,-0.7507889940328207,Bad
10,0.185,-0.4617666751796886,Bad
10,0.186,-0.6363573415305874,Bad
10,0.187,-0.532057132207332,Bad
10,0.188,-0.7838481676963933,Bad
10,0.189,-0.816503280322046,Bad
10,0.19,-0.8748930481321177,Bad
10,0.191,-0.39715652426893655,Bad
10,0.192,-0.6738161661717298,Bad
10,0.193,-0.5179127659219751,Bad
10,0.194,-1.1780846000389364,Bad
10,0.195,-0.633772079501683,Bad
10,0.196,-0.47801490200717023,Bad
10,0.197,-0.9873156711165438,Bad
10,0.198,-0.7977942920725474,Bad
10,0.199,-0.6339626043155709,Bad
10,0.2,-1.0456061246051611,Bad
10,0.201,-0.9860250677463195,Bad
10,0.202,-1.045977852103603,Bad
10,0.203,-0.9591176779376227,Bad
10,0.204,-0.9990297190467289,Bad
10,0.205,-0.9936449356646875,Bad
10,0.206,-1.2484848973516307,Bad
10,0.207,-1.2315448887965579,Bad
10,0.208,-1.1767329251556256,Bad
10,0.209,-0.9888036037293129,Bad
10,0.21,-1.2363700347051028,Bad
10,0.211,-0.884108123421166,Bad
10,0.212,-1.6334302822291813,Bad
10,0.213,-1.3237751861763907,Bad
10,0.214,-1.645736327114574,Bad
10,0.215,-1.628005659794747,Bad
10,0.216,-1.4667982649457523,Bad
10,0.217,-1.0734028163189417,Bad
10,0.218,-1.6040720914730122,Bad
10,0.219,-1.1985255584200143,Bad
10,0.22,-1.210966665645134,Bad
10,0.221,-1.573444621645506,Bad
10,0.222,-1.7899363848988212,Bad
10,0.223,-1.3005511340699982,Bad
10,0.224,-1.8145958373240008,Bad
10,0.225,-1.3473473778911593,Bad
10,0.226,-0.9582521754711597,Bad
10,0.227,-1.5434355206988906,Bad
10,0.228,-1.4223650067875908,Bad
10,0.229,-1.632753645354327,Bad
10,0.23,-1.7168475363112359,Bad
10,0.231,-1.6658315276134603,Bad
10,0.232,-1.3992763963618653,Bad
10,0.233,-1.6395354907112658,Bad
10,0.234,-1.575966551834371,Bad
10,0.235,-1.7425220309277374,Bad
10,0.236,-1.563561476150388,Bad
10,0.237,-1.901915911920553,Bad
10,0.238,-1.7165224911743464,Bad
10,0.239,-1.86051076067865,Bad
10,0.24,-1.5711613990259123,Bad
10,0.241,-1.5742735371734788,Bad
10,0.242,-1.5656441122453906,Bad
10,0.243,-1.3746250244215545,Bad
10,0.244,-1.6309886823369606,Bad
10,0.245,-1.7425385592689406,Bad
10,0.246,-2.0292345768940914,Bad
10,0.247,-1.6901285300801558,Bad
10,0.248,-1.663875229743348,Bad
10,0.249,-1.7749553008683274,Bad
10,0.25,-1.3115943039541444,Bad
10,0.251,-1.9956474233335757,Bad
10,0.252,-1.8155135543868792,Bad
10,0.253,-2.0913301693276933,Bad
10,0.254,-1.478112818988877,Bad
10,0.255,-2.0075747414214344,Bad
10,0.256,-1.3901670086769518,Bad
10,0.257,-2.415794443192726,Bad
10,0.258,-1.6602510726914987,Bad
10,0.259,-1.8358417796710251,Bad
10,0.26,-1.481551056396437,Bad
10,0.261,-1.9675249138252988,Bad
10,0.262,-1.5224436418513598,Bad
10,0.263,-1.6751848636364899,Bad
10,0.264,-1.7612470624727667,Bad
10,0.265,-1.826156342043329,Bad
10,0.266,-1.8084881075551618,Bad
10,0.267,-1.2910697852244866,Bad
10,0.268,-1.4801021106760666,Bad
10,0.269,-1.3747809119256085,Bad
10,0.27,-1.5893269582558465,Bad
10,0.271,-1.8433528925450138,Bad
10,0.272,-1.9307650696704666,Bad
10,0.273,-0.8619210411560744,Bad
10,0.274,-1.4609608935534337,Bad
10,0.275,-1.6645779330596928,Bad
10,0.276,-1.3730037504577055,Bad
10,0.277,-1.2619676605936478,Bad
10,0.278,-1.0003589965298763,Bad
10,0.279,-0.7714400957063385,Bad
10,0.28,-1.1505449799659675,Bad
10,0.281,-1.1300063983701982,Bad
10,0.282,-1.5130937704851126,Bad
10,0.283,-0.8824141760162,Bad
10,0.284,-0.589586862580002,Bad
10,0.285,-1.1830963835784445,Bad
10,0.286,-0.7422889327995872,Bad
10,0.287,-0.9101199832669067,Bad
10,0.288,-0.9049410561467987,Bad
10,0.289,-1.1372873397249643,Bad
10,0.29,-0.6905028878621459,Bad
10,0.291,-0.7762874219909289,Bad
10,0.292,-0.20338010530050266,Bad
10,0.293,-0.46768218533103567,Bad
10,0.294,-1.1454176327235546,Bad
10,0.295,-0.6513854706703717,Bad
10,0.296,-0.1719416957248613,Bad
10,0.297,-0.6413419395273818,Bad
10,0.298,-0.500652094147371,Bad
10,0.299,-0.2497659080398107,Bad
10,0.3,-0.4905939123522154,Bad
10,0.301,-0.5183447291027741,Bad
10,0.302,-0.38136857393547613,Bad
10,0.303,0.32489245275244943,Bad
10,0.304,0.0737295904063007,Bad
10,0.305,-0.40584673235966845,Bad
10,0.306,0.011053561725252296,Bad
10,0.307,0.21615386874333112,Bad
10,0.308,0.4588802110060264,Bad
10,0.309,0.5083491111377263,Bad
10,0.31,0.35481632764725934,Bad
10,0.311,-0.026544271283719556,Bad
10,0.312,0.48202337819429775,Bad
10,0.313,0.8969072693766931,Bad
10,0.314,0.5575288289244437,Bad
10,0.315,0.8544090959004365,Bad
10,0.316,0.18402803209863994,Bad
10,0.317,0.4639746462805321,Bad
10,0.318,0.9826751613579916,Bad
10,0.319,0.9605554771957519,Bad
10,0.32,0.6031620692304288,Bad
10,0.321,0.7012350010095498,Bad
10,0.322,1.0466963149879902,Bad
10,0.323,1.1556931153438639,Bad
10,0.324,0.2829229479066443,Bad
10,0.325,0.899776591502172,Bad
10,0.326,1.2548242494358393,Bad
10,0.327,1.0548686187452814,Bad
10,0.328,1.322338586029122,Bad
10,0.329,1.3505615522622334,Bad
10,0.33,1.0332844549695348,Bad
10,0.331,1.7047708517353795,Bad
10,0.332,0.6960377910521638,Bad
10,0.333,1.3917089718629136,Bad
10,0.334,1.1787706581685735,Bad
10,0.335,1.2599779931091275,Bad
10,0.336,1.7254101133910582,Bad
10,0.337,1.187103407319467,Bad
10,0.338,1.6113428668700391,Bad
10,0.339,1.0989535363984193,Bad
10,0.34,1.2646210377004097,Bad
10,0.341,1.4473547271937672,Bad
10,0.342,1.1016909946490927,Bad
10,0.343,1.3875846808095216,Bad
10,0.344,1.7664117718335852,Bad
10,0.345,1.253674414429164,Bad
10,0.346,1.505942332719662,Bad
10,0.347,1.5591683952909214,Bad
10,0.348,1.426063551517461,Bad
10,0.349,1.5312182356748523,Bad
10,0.35,1.3752421758298017,Bad
10,0.351,0.968548506524216,Bad
10,0.352,1.513104754845405,Bad
10,0.353,1.5225388339542418,Bad
10,0.354,1.0737852424919379,Bad
10,0.355,1.4511929229463332,Bad
10,0.356,1.5983176029253223,Bad
10,0.357,1.558646654002761,Bad
10,0.358,1.343228986385473,Bad
10,0.359,1.408959721346888,Bad
10,0.36,1.1215836342469114,Bad
10,0.361,1.219834747673191,Bad
10,0.362,1.3203907009576308,Bad
10,0.363,1.401326238965698,Bad
10,0.364,1.1791672346941633,Bad
10,0.365,0.9787238670134785,Bad
10,0.366,0.8794568667012492,Bad
10,0.367,1.0269388814368041,Bad
10,0.368,0.8794888202501503,Bad
10,0.369,1.0554777710185914,Bad
10,0.37,0.8263650660228349,Bad
10,0.371,0.7380098141801075,Bad
10,0.372,0.6027048157654056,Bad
10,0.373,1.1032705379245487,Bad
10,0.374,0.9517991877799791,Bad
10,0.375,0.7354367267615893,Bad
10,0.376,0.31398084259618203,Bad
10,0.377,0.4581577057045673,Bad
10,0.378,0.7815384214873644,Bad
10,0.379,0.9007664782918292,Bad
10,0.38,0.46664636676433535,Bad
10,0.381,0.534159741113796,Bad
10,0.382,0.19135916797456207,Bad
10,0.383,0.30139315791390137,Bad
10,0.384,0.3178180028946077,Bad
10,0.385,0.18670023645866718,Bad
10,0.386,0.042306142486287404,Bad
10,0.387,0.43636011589709095,Bad
10,0.388,0.06446205224415426,Bad
10,0.389,0.11603575349665404,Bad
10,0.39,0.23519287105260533,Bad
10,0.391,-0.39566786764507156,Bad
10,0.392,-0.4509360506880386,Bad
10,0.393,-0.30870158019986343,Bad
10,0.394,-0.5019927119181579,Bad
10,0.395,-0.2605612985581417,Bad
10,0.396,-0.4204789064818581,Bad
10,0.397,-0.40545286836293537,Bad
10,0.398,-1.0404991682139353,Bad
10,0.399,-1.0185133558194412,Bad
10,0.4,-0.51966293964489,Bad
10,0.401,-0.8754880203916835,Bad
10,0.402,-1.0550592641774486,Bad
10,0.403,-1.1171454731667774,Bad
10,0.404,-1.0225010762479922,Bad
10,0.405,-1.447736403666728,Bad
10,0.406,-1.0781762289534138,Bad
10,0.407,-0.9124560561634143,Bad
10,0.408,-0.9550118464976117,Bad
10,0.409,-1.4382664487679233,Bad
10,0.41,-1.6928997913520714,Bad
10,0.411,-1.7431586597643698,Bad
10,0.412,-1.7667350404036566,Bad
10,0.413,-1.2553024686080896,Bad
10,0.414,-1.388007387317461,Bad
10,0.415,-1.5563462810371629,Bad
10,0.416,-2.1685578638989558,Bad
10,0.417,-1.577062344953186,Bad
10,0.418,-1.8701228671307022,Bad
10,0.419,-2.4474530299145916,Bad
10,0.42,-2.3720041014774917,Bad
10,0.421,-2.046431477539264,Bad
10,0.422,-2.4343065858503485,Bad
10,0.423,-1.9399525867694103,Bad
10,0.424,-2.6181486270917804,Bad
10,0.425,-2.174418481437847,Bad
10,0.426,-2.055756056064039,Bad
10,0.427,-2.2922224769733517,Bad
10,0.428,-2.294871649183028,Bad
10,0.429,-2.4830747401288087,Bad
10,0.43,-2.5603520626651166,Bad
10,0.431,-2.433816907307515,Bad
10,0.432,-2.592735262512613,Bad
10,0.433,-2.7019360408161335,Bad
10,0.434,-2.8675734032560913,Bad
10,0.435,-2.2585803341891966,Bad
10,0.436,-2.182789526164176,Bad
10,0.437,-2.5658261417782184,Bad
10,0.438,-2.743059266764992,Bad
10,0.439,-2.7039336711513,Bad
10,0.44,-2.6151739316592577,Bad
10,0.441,-2.8369323484623448,Bad
10,0.442,-2.8256350135879935,Bad
10,0.443,-2.494725117858907,Bad
10,0.444,-3.0243258809675084,Bad
10,0.445,-2.584885938350552,Bad
10,0.446,-2.6112406897606797,Bad
10,0.447,-2.9721238562843677,Bad
10,0.448,-2.225903750004881,Bad
10,0.449,-2.826459787053612,Bad
10,0.45,-2.1236739849068895,Bad
10,0.451,-2.9364682126574633,Bad
10,0.452,-2.3995962915484452,Bad
10,0.453,-2.400439496264627,Bad
10,0.454,-2.3447242833329414,Bad
10,0.455,-2.1752306640175805,Bad
10,0.456,-2.3587443694374928,Bad
10,0.457,-1.906186301696986,Bad
10,0.458,-2.199685214063536,Bad
10,0.459,-2.347292066961898,Bad
10,0.46,-1.9245277566806183,Bad
10,0.461,-1.8373375817962017,Bad
10,0.462,-1.9319121307054252,Bad
10,0.463,-1.9599034331588556,Bad
10,0.464,-1.842229960922808,Bad
10,0.465,-1.791849637488656,Bad
10,0.466,-2.0722283416057623,Bad
10,0.467,-1.8379267102659969,Bad
10,0.468,-1.2434959129209562,Bad
10,0.469,-1.4936146114222373,Bad
10,0.47,-1.5477425428129714,Bad
10,0.471,-1.4708877970572545,Bad
10,0.472,-0.9849935060082655,Bad
10,0.473,-1.4565453864133537,Bad
10,0.474,-1.4179799048799864,Bad
10,0.475,-0.5688272583641069,Bad
10,0.476,-1.273850960178471,Bad
10,0.477,-1.1976674092580222,Bad
10,0.478,-0.8320741278211904,Bad
10,0.479,-1.286075597365095,Bad
10,0.48,-0.8457798266360109,Bad
10,0.481,-0.8191329682871641,Bad
10,0.482,-0.8833220843345647,Bad
10,0.483,-0.4957537357334192,Bad
10,0.484,-0.8955936500416537,Bad
10,0.485,0.017882788479773426,Bad
10,0.486,-0.5360115766812875,Bad
10,0.487,-0.019864206718302857,Bad
10,0.488,-0.38998001584466774,Bad
10,0.489,-0.1399123203348427,Bad
10,0.49,-0.504895687263307,Bad
10,0.491,-0.6405509746967486,Bad
10,0.492,-0.10629901160543462,Bad
10,0.493,-0.22343742817990156,Bad
10,0.494,-0.3156212947434306,Bad
10,0.495,-0.11959838183491471,Bad
10,0.496,0.00041774184967788286,Bad
10,0.497,-0.2532228112572206,Bad
10,0.498,-0.14292930209294077,Bad
10,0.499,-0.2997704674396027,Bad
10,0.5,-0.13294097176161765,Bad
10,0.501,0.2906400901673153,Bad
10,0.502,-0.17607149858773505,Bad
10,0.503,-0.09059487914325232,Bad
10,0.504,-0.46932314262584945,Bad
10,0.505,-0.22375595426513287,Bad
10,0.506,0.03967346244614577,Bad
10,0.507,-0.06794434941895679,Bad
10,0.508,0.25038101817002734,Bad
10,0.509,0.6590130373719948,Bad
10,0.51,0.24126670110094597,Bad
10,0.511,0.16054559218352252,Bad
10,0.512,0.14984702910990177,Bad
10,0.513,0.0342221910917673,Bad
10,0.514,-0.3464603826810684,Bad
10,0.515,0.14819436389511323,Bad
10,0.516,0.008679297222557295,Bad
10,0.517,-0.05668853614715285,Bad
10,0.518,-0.24099290261759054,Bad
10,0.519,-0.09346085818193134,Bad
10,0.52,0.07349982619211765,Bad
10,0.521,-0.07811134985149179,Bad
10,0.522,-0.3829971212088594,Bad
10,0.523,-0.29550590216106964,Bad
10,0.524,-0.45364496884605565,Bad
10,0.525,-0.1084553177145556,Bad
10,0.526,0.09270585153596594,Bad
10,0.527,0.017203026855220294,Bad
10,0.528,-0.40973403967068533,Bad
10,0.529,-0.5108500818860204,Bad
10,0.53,-0.23510938332548778,Bad
10,0.531,-0.6490959146238607,Bad
10,0.532,-0.3697029051495161,Bad
10,0.533,-0.9490220915000204,Bad
10,0.534,-0.6395241420341751,Bad
10,0.535,-0.6710895156217229,Bad
10,0.536,-0.8898540311844239,Bad
10,0.537,-0.32869594384859113,Bad
10,0.538,-0.35773557401992667,Bad
10,0.539,-0.7177266488720232,Bad
10,0.54,-1.1162904681109227,Bad
10,0.541,-0.8079025260989748,Bad
10,0.542,-0.6553093723167288,Bad
10,0.543,-0.7150203509395817,Bad
10,0.544,-0.5850052020098273,Bad
10,0.545,-0.7177151259385922,Bad
10,0.546,-1.059623782265347,Bad
10,0.547,-0.8436643778622612,Bad
10,0.548,-0.8364606209509745,Bad
10,0.549,-1.2108798029371597,Bad
10,0.55,-1.0940237738830347,Bad
10,0.551,-0.8802898723761433,Bad
10,0.552,-0.9593183138148815,Bad
10,0.553,-1.2318789680827724,Bad
10,0.554,-0.7514831722711518,Bad
10,0.555,-1.0747765417199329,Bad
10,0.556,-0.763931071890014,Bad
10,0.557,-0.6430223926640775,Bad
10,0.558,-1.4083284980547803,Bad
10,0.559,-1.14472470262161,Bad
10,0.56,-1.2119701767876438,Bad
10,0.561,-1.0972727368346737,Bad
10,0.562,-1.1219307116102346,Bad
10,0.563,-1.1133495486584781,Bad
10,0.564,-0.8501087922260631,Bad
10,0.565,-0.49539694283204405,Bad
10,0.566,-0.8971997788447912,Bad
10,0.567,-0.6881878828832092,Bad
10,0.568,-0.7239253566742783,Bad
10,0.569,-0.9015445986886935,Bad
10,0.57,-0.9217663857778682,Bad
10,0.571,-1.0433146629396652,Bad
10,0.572,-0.4287341530510336,Bad
10,0.573,-1.3202444376090516,Bad
10,0.574,-0.9376692075368649,Bad
10,0.575,-0.8357730815229709,Bad
10,0.576,-1.015930052314328,Bad
10,0.577,-0.7097863576884945,Bad
10,0.578,-1.1986861748229742,Bad
10,0.579,-0.6769375150171618,Bad
10,0.58,-0.76741100710895,Bad
10,0.581,-1.2585253738430038,Bad
10,0.582,-0.7110280466439528,Bad
10,0.583,-0.3086978945961294,Bad
10,0.584,-0.8777110292680245,Bad
10,0.585,-0.8048067317745964,Bad
10,0.586,-0.8253813987690448,Bad
10,0.587,-0.4834609825306324,Bad
10,0.588,-0.3950895920653329,Bad
10,0.589,-0.6978310363046615,Bad
10,0.59,-0.6774547706979926,Bad
10,0.591,-0.8579019169796227,Bad
10,0.592,-0.5660171799090044,Bad
10,0.593,-0.3014385884861127,Bad
10,0.594,-0.5129813321977033,Bad
10,0.595,-0.5051876865055578,Bad
10,0.596,-0.7784570754497352,Bad
10,0.597,-1.1593942368599919,Bad
10,0.598,-0.40731280218753463,Bad
10,0.599,-0.8711001152343112,Bad
10,0.6,-0.4804772619001837,Bad
10,0.601,-0.0756316576148437,Bad
10,0.602,-0.03830263483498836,Bad
10,0.603,-0.7034369906718678,Bad
10,0.604,-0.23934098336492243,Bad
10,0.605,-0.39200680890843204,Bad
10,0.606,-0.16471999356776496,Bad
10,0.607,-0.6216294742297905,Bad
10,0.608,-0.25636801686089455,Bad
10,0.609,0.1667282056338335,Bad
10,0.61,-0.29273555203183804,Bad
10,0.611,0.08875043064162308,Bad
10,0.612,-0.17645608211787145,Bad
10,0.613,0.05271593370856603,Bad
10,0.614,-0.1492792688408973,Bad
10,0.615,0.009603138379099374,Bad
10,0.616,-0.25926081853740807,Bad
10,0.617,-0.1841244127685748,Bad
10,0.618,0.03245692097979211,Bad
10,0.619,-0.4245030210376939,Bad
10,0.62,0.04504785927973662,Bad
10,0.621,-0.26205962803472055,Bad
10,0.622,0.27183579170429306,Bad
10,0.623,0.06842706099296292,Bad
10,0.624,-0.13903878943449172,Bad
10,0.625,-0.7524851030100319,Bad
10,0.626,0.528287515457542,Bad
10,0.627,0.1101963724069521,Bad
10,0.628,-0.2942051660838928,Bad
10,0.629,-0.2604218947043495,Bad
10,0.63,-0.07686585396001369,Bad
10,0.631,-0.09477876960423177,Bad
10,0.632,0.033357912641184095,Bad
10,0.633,0.18893764351193293,Bad
10,0.634,0.18744364856966084,Bad
10,0.635,-0.5015256421527775,Bad
10,0.636,-0.31520444374461987,Bad
10,0.637,-0.1668615251452244,Bad
10,0.638,-0.34461984719294647,Bad
10,0.639,0.4557975905803397,Bad
10,0.64,-0.37971830991344063,Bad
10,0.641,-0.0841418388453082,Bad
10,0.642,0.023583158887368796,Bad
10,0.643,-0.07475707057107929,Bad
10,0.644,-0.19469315230548423,Bad
10,0.645,0.05409421743834789,Bad
10,0.646,0.10881608938282303,Bad
10,0.647,0.1888899580946353,Bad
10,0.648,-0.06035201425244739,Bad
10,0.649,0.462141436226268,Bad
10,0.65,-0.2831393137526362,Bad
10,0.651,0.14472818684751354,Bad
10,0.652,0.1890277989729077,Bad
10,0.653,-0.003737705434424532,Bad
10,0.654,-0.1358650894507089,Bad
10,0.655,-0.1153682487863423,Bad
10,0.656,0.182548533144921,Bad
10,0.657,-0.20627935196804845,Bad
10,0.658,-0.3335705304231871,Bad
10,0.659,-0.1720207331400952,Bad
10,0.66,-0.3405677758925096,Bad
10,0.661,0.1465201989095015,Bad
10,0.662,-0.4837425810830109,Bad
10,0.663,-0.32162626695843705,Bad
10,0.664,-0.24577249681083202,Bad
10,0.665,0.15167394648163923,Bad
10,0.666,0.029812228915209515,Bad
10,0.667,0.00932863009691166,Bad
10,0.668,0.25754080091839865,Bad
10,0.669,0.029337527653060094,Bad
10,0.67,0.09257917119149532,Bad
10,0.671,-0.3308931535527181,Bad
10,0.672,0.11101235277361642,Bad
10,0.673,-0.34835099164696154,Bad
10,0.674,0.36218242530131045,Bad
10,0.675,0.10559975488316117,Bad
10,0.676,0.0026168432738784557,Bad
10,0.677,0.2843775680037401,Bad
10,0.678,0.20514262975083905,Bad
10,0.679,0.028000116147673816,Bad
10,0.68,-0.06232745812132433,Bad
10,0.681,-0.03609829820987939,Bad
10,0.682,-0.09874817670420202,Bad
10,0.683,0.6511757282716665,Bad
10,0.684,0.03839688879673379,Bad
10,0.685,-0.4330002298063912,Bad
10,0.686,0.39535621136237414,Bad
10,0.687,-0.18160907375606727,Bad
10,0.688,-0.2412180168888619,Bad
10,0.689,0.5215588821992171,Bad
10,0.69,-0.1626910566893848,Bad
10,0.691,0.060017874231373745,Bad
10,0.692,-0.07866079398451105,Bad
10,0.693,0.3780300799417399,Bad
10,0.694,0.029439507102694756,Bad
10,0.695,-0.08301108294116297,Bad
10,0.696,-0.20430706581102723,Bad
10,0.697,0.2765009177088604,Bad
10,0.698,-0.1833780462259122,Bad
10,0.699,0.1593147365039274,Bad
10,0.7,0.19323771389513086,Bad
10,0.701,0.34049715729038044,Bad
10,0.702,-0.06196212232762693,Bad
10,0.703,0.28818805880938875,Bad
10,0.704,-0.07711342653882704,Bad
10,0.705,0.1487470627658186,Bad
10,0.706,-0.0588254353596062,Bad
10,0.707,0.19905149009187664,Bad
10,0.708,0.2562843469881375,Bad
10,0.709,-0.018671198174032556,Bad
10,0.71,-0.17664140234879375,Bad
10,0.711,-0.16163881700800756,Bad
10,0.712,0.23626488367584056,Bad
10,0.713,-0.2351873628890496,Bad
10,0.714,-0.08414839938345077,Bad
10,0.715,0.35063673356134356,Bad
10,0.716,-0.2260979614113436,Bad
10,0.717,0.14890678251767686,Bad
10,0.718,-0.028896558382058426,Bad
10,0.719,-0.08068879147692577,Bad
10,0.72,-0.3251668822302692,Bad
10,0.721,0.08070845699922499,Bad
10,0.722,-0.09268850979993258,Bad
10,0.723,-0.41683132564592734,Bad
10,0.724,-0.5135237287206836,Bad
10,0.725,-0.2886586587491641,Bad
10,0.726,-0.3521570499634084,Bad
10,0.727,-0.3137534842216205,Bad
10,0.728,0.10489041987381639,Bad
10,0.729,0.15226942515570044,Bad
10,0.73,-0.767779623393966,Bad
10,0.731,0.397244700554255,Bad
10,0.732,0.08110044604428832,Bad
10,0.733,-0.1429892479946856,Bad
10,0.734,0.1919252123471809,Bad
10,0.735,-0.16818302408040162,Bad
10,0.736,-0.21510026705171661,Bad
10,0.737,0.18286330107583257,Bad
10,0.738,-0.03843488399940772,Bad
10,0.739,-0.32121788600231527,Bad
10,0.74,0.056625387018404326,Bad
10,0.741,-0.3776924807821975,Bad
10,0.742,-0.35519234166174407,Bad
10,0.743,-0.25404861676595336,Bad
10,0.744,0.1736546297548803,Bad
10,0.745,0.018748100342737203,Bad
10,0.746,-0.2679912945630101,Bad
10,0.747,0.08118731373758814,Bad
10,0.748,0.7494638865066888,Bad
10,0.749,-0.2437353889206387,Bad
10,0.75,0.11198958087198159,Bad
10,0.751,-0.5175339445941893,Bad
10,0.752,-0.3101356852098907,Bad
10,0.753,0.2300528174261347,Bad
10,0.754,0.2622590040632883,Bad
10,0.755,0.25288131802527086,Bad
10,0.756,0.23645436024159325,Bad
10,0.757,-0.0021779357088924194,Bad
10,0.758,-0.009947150859396183,Bad
10,0.759,0.2525418084082966,Bad
10,0.76,0.30678330662719555,Bad
10,0.761,-0.3985170714490694,Bad
10,0.762,0.07444315670570938,Bad
10,0.763,0.008897024617562877,Bad
10,0.764,0.23958682039112894,Bad
10,0.765,-0.009032413177678545,Bad
10,0.766,-0.30026306455838125,Bad
10,0.767,-0.014017113977467136,Bad
10,0.768,0.3212446145179072,Bad
10,0.769,0.07921723658622457,Bad
10,0.77,0.3024318545586157,Bad
10,0.771,-0.1648364777845433,Bad
10,0.772,-0.2509601819639656,Bad
10,0.773,-0.21306983032277801,Bad
10,0.774,-0.35086999094796506,Bad
10,0.775,-0.13974277940037705,Bad
10,0.776,0.033711347058019536,Bad
10,0.777,0.40923254375915,Bad
10,0.778,-0.17349600963516207,Bad
10,0.779,0.10316661576324418,Bad
10,0.78,-0.27137609013913555,Bad
10,0.781,-0.04557315545779961,Bad
10,0.782,-0.05937042600688613,Bad
10,0.783,0.14737060292761459,Bad
10,0.784,0.14278845697140832,Bad
10,0.785,-0.46393863779502953,Bad
10,0.786,-0.1302168919159611,Bad
10,0.787,-0.11912295890429332,Bad
10,0.788,0.34536259354582616,Bad
10,0.789,-0.1211703423674385,Bad
10,0.79,-0.15261166681747731,Bad
10,0.791,-0.048890168818443755,Bad
10,0.792,-0.07971027065402068,Bad
10,0.793,-0.16328730487408516,Bad
10,0.794,0.06580504998209682,Bad
10,0.795,-0.04916454585888058,Bad
10,0.796,-0.008232419123221408,Bad
10,0.797,-0.0014501064610181055,Bad
10,0.798,0.37465592704035267,Bad
10,0.799,0.5681521955206477,Bad
10,0.8,0.3307666942702591,Bad
10,0.801,0.3718190896670209,Bad
10,0.802,0.18740529960638397,Bad
10,0.803,-0.23867535915365182,Bad
10,0.804,-0.2118502564026065,Bad
10,0.805,0.19942955197093226,Bad
10,0.806,0.30823326207667995,Bad
10,0.807,-0.17159626433092423,Bad
10,0.808,0.04438203608678996,Bad
10,0.809,0.1657066360482968,Bad
10,0.81,-0.06774937832568272,Bad
10,0.811,-0.03655172218704109,Bad
10,0.812,-0.08711791554602677,Bad
10,0.813,-0.26586187765498837,Bad
10,0.814,-0.45532861728589524,Bad
10,0.815,0.058781703206197425,Bad
10,0.816,0.08082411143679878,Bad
10,0.817,0.06703302126776015,Bad
10,0.818,-0.17763521122237313,Bad
10,0.819,-0.018295887774013735,Bad
10,0.82,0.1974404132387995,Bad
10,0.821,0.5279842862495545,Bad
10,0.822,0.1445725708028487,Bad
10,0.823,0.3333999445102084,Bad
10,0.824,0.08378297598242565,Bad
10,0.825,-0.3463114684612251,Bad
10,0.826,-0.1687266860133037,Bad
10,0.827,0.011828561365398263,Bad
10,0.828,-0.3634991531918824,Bad
10,0.829,-0.30989998372381833,Bad
10,0.83,-0.38869662784619097,Bad
10,0.831,0.0754562763696951,Bad
10,0.832,-0.18514819725579207,Bad
10,0.833,-0.1246298233028476,Bad
10,0.834,0.150310186589254,Bad
10,0.835,-0.12091514144580744,Bad
10,0.836,-0.018351905592096936,Bad
10,0.837,-0.23184541635917408,Bad
10,0.838,-0.19079310353021195,Bad
10,0.839,-0.354822830479556,Bad
10,0.84,0.04723147447109732,Bad
10,0.841,0.3318569089225634,Bad
10,0.842,-0.35029757868209294,Bad
10,0.843,0.27273314768307766,Bad
10,0.844,0.14211377615450066,Bad
10,0.845,-0.267024531488835,Bad
10,0.846,0.0500230639706689,Bad
10,0.847,-0.20323289426789906,Bad
10,0.848,-0.06158571931277266,Bad
10,0.849,-0.32243509839720663,Bad
10,0.85,-0.2929630241110652,Bad
10,0.851,-0.16351241838773659,Bad
10,0.852,-0.11713882781933241,Bad
10,0.853,0.033184893691995954,Bad
10,0.854,-0.06848574665304064,Bad
10,0.855,0.013492047123237998,Bad
10,0.856,-0.021636013838369165,Bad
10,0.857,0.1434249661895682,Bad
10,0.858,-0.1398986102821198,Bad
10,0.859,0.3770040703749814,Bad
10,0.86,-0.07342127343871978,Bad
10,0.861,0.12313461206017856,Bad
10,0.862,-0.08084555824621076,Bad
10,0.863,-0.17533000734551518,Bad
10,0.864,-0.06484616653729888,Bad
10,0.865,-0.06281320921765879,Bad
10,0.866,0.14527223680698914,Bad
10,0.867,-0.26524081332811217,Bad
10,0.868,0.5206318639305988,Bad
10,0.869,0.2601123291277557,Bad
10,0.87,0.13420010203655086,Bad
10,0.871,-0.008399486215960879,Bad
10,0.872,-0.14002862831415022,Bad
10,0.873,-0.1317697977163244,Bad
10,0.874,-0.2753621334288989,Bad
10,0.875,-0.1983131942426894,Bad
10,0.876,-0.07606924386565503,Bad
10,0.877,-0.1392789385081907,Bad
10,0.878,-0.08114802004191013,Bad
10,0.879,-0.0632683759466162,Bad
10,0.88,-0.18198263636529002,Bad
10,0.881,0.04202197565716877,Bad
10,0.882,0.12328651417522912,Bad
10,0.883,0.10811486327227815,Bad
10,0.884,-0.27128285948367414,Bad
10,0.885,0.12349631404799864,Bad
10,0.886,-0.10927289067572267,Bad
10,0.887,0.48253719823095365,Bad
10,0.888,0.5670736232822492,Bad
10,0.889,0.08534913380366872,Bad
10,0.89,0.12584939203153322,Bad
10,0.891,0.2188340091371602,Bad
10,0.892,-0.12928735987613182,Bad
10,0.893,-0.2714638802042734,Bad
10,0.894,0.15988052529354466,Bad
10,0.895,0.09681787027737604,Bad
10,0.896,-0.09441012546015949,Bad
10,0.897,-0.2047211157322597,Bad
10,0.898,-0.27460850336159326,Bad
10,0.899,-0.13817837309275147,Bad
10,0.9,-0.10414673303454253,Bad
10,0.901,0.047815616587842606,Bad
10,0.902,-0.04226419009629564,Bad
10,0.903,0.16406352556056272,Bad
10,0.904,0.12359687878675474,Bad
10,0.905,0.20217249322618366,Bad
10,0.906,0.3933384673176675,Bad
10,0.907,-0.09307315825544832,Bad
10,0.908,-0.09860874146123269,Bad
10,0.909,0.04833740435086075,Bad
10,0.91,0.3422791756651598,Bad
10,0.911,-0.009629217466999618,Bad
10,0.912,0.05456829557414785,Bad
10,0.913,-0.28845891927235756,Bad
10,0.914,-0.04186000230598738,Bad
10,0.915,-0.05276703380203907,Bad
10,0.916,-0.2428538090874775,Bad
10,0.917,-0.0025918068076402163,Bad
10,0.918,-0.017486659620306665,Bad
10,0.919,0.10884946385541909,Bad
10,0.92,-0.15963976645577505,Bad
10,0.921,0.19820349955476835,Bad
10,0.922,-0.10416173280436203,Bad
10,0.923,0.07165094858996353,Bad
10,0.924,-0.18321712755421438,Bad
10,0.925,0.13106562121551898,Bad
10,0.926,0.310531282865352,Bad
10,0.927,0.2843805935417168,Bad
10,0.928,-0.33165818656866025,Bad
10,0.929,-0.46953719620636614,Bad
10,0.93,0.055386641368417366,Bad
10,0.931,0.24571563519947306,Bad
10,0.932,-0.1366225412130023,Bad
10,0.933,-0.2317476492389434,Bad
10,0.934,0.04524505662582199,Bad
10,0.935,-0.2552389389384243,Bad
10,0.936,0.12331500601968039,Bad
10,0.937,-0.21278527437577133,Bad
10,0.938,-0.4109003560766947,Bad
10,0.939,-0.10674453571192827,Bad
10,0.94,0.1851589661965268,Bad
10,0.941,0.341767017503946,Bad
10,0.942,-0.28897159000840683,Bad
10,0.943,-0.1893891652745371,Bad
10,0.944,-0.18544802835538846,Bad
10,0.945,-0.08508091443865258,Bad
10,0.946,-0.007322141410662857,Bad
10,0.947,0.0388506708649053,Bad
10,0.948,-0.5697465003796272,Bad
10,0.949,0.02063759107514971,Bad
10,0.95,0.001952661529797757,Bad
10,0.951,0.057458633372244786,Bad
10,0.952,0.2160901464755091,Bad
10,0.953,0.12963329191915687,Bad
10,0.954,0.2364773575530411,Bad
10,0.955,0.25488970504843284,Bad
10,0.956,-0.3826018193225857,Bad
10,0.957,0.24042754399111826,Bad
10,0.958,0.2037550134576303,Bad
10,0.959,-0.23897162118007392,Bad
10,0.96,0.15534157017205585,Bad
10,0.961,-0.23829966004711625,Bad
10,0.962,0.3609905592527082,Bad
10,0.963,0.25884785521076803,Bad
10,0.964,-0.0460795084455169,Bad
10,0.965,-0.3108456129409145,Bad
10,0.966,0.02192520533779001,Bad
10,0.967,0.15797281254172604,Bad
10,0.968,-0.3923739492050216,Bad
10,0.969,-0.258951697016129,Bad
10,0.97,0.41707339732287113,Bad
10,0.971,0.14622379423801257,Bad
10,0.972,-0.2679101402298721,Bad
10,0.973,0.24716995363827426,Bad
10,0.974,0.13941432248794372,Bad
10,0.975,-0.014993916179655894,Bad
10,0.976,0.024012212142955645,Bad
10,0.977,0.15065826410351066,Bad
10,0.978,0.24174109999121612,Bad
10,0.979,-0.2714530930201357,Bad
10,0.98,-0.053802381274010526,Bad
10,0.981,0.10083696037440283,Bad
10,0.982,0.45858735259866734,Bad
10,0.983,0.14596365713204465,Bad
10,0.984,-0.017798620428418212,Bad
10,0.985,-0.41022944815388346,Bad
10,0.986,-0.025447664824044196,Bad
10,0.987,-0.4064370102915092,Bad
10,0.988,-0.23340159307766079,Bad
10,0.989,0.03921171805887974,Bad
10,0.99,-0.315576936891217,Bad
10,0.991,0.5266276235890647,Bad
10,0.992,-0.30298260990018183,Bad
10,0.993,-0.06104314610945094,Bad
10,0.994,0.5037443911728988,Bad
10,0.995,-0.027206448617594598,Bad
10,0.996,-0.15803278081093372,Bad
10,0.997,-0.3160369372566753,Bad
10,0.998,-0.5158127020297878,Bad
10,0.999,0.39117184310145764,Bad
11,0.0,-0.20058375928841726,Bad
11,0.001,-0.35342273648873496,Bad
11,0.002,0.3770024021005613,Bad
11,0.003,-0.44826750062703347,Bad
11,0.004,-0.07651924184440143,Bad
11,0.005,-0.020498006127371775,Bad
11,0.006,-0.05700053360316452,Bad
11,0.007,-0.15232069729991815,Bad
11,0.008,0.008481175110375752,Bad
11,0.009,-0.1525088329811363,Bad
11,0.01,-0.04068758499305041,Bad
11,0.011,-0.3469777057208398,Bad
11,0.012,-0.38244688096660734,Bad
11,0.013,-0.061503700379007896,Bad
11,0.014,0.033300476097719356,Bad
11,0.015,-0.08861428760535509,Bad
11,0.016,-0.1692994838137442,Bad
11,0.017,-0.1296857740409643,Bad
11,0.018,0.01660000416564622,Bad
11,0.019,-0.13032997684010478,Bad
11,0.02,0.016128227857729657,Bad
11,0.021,0.3258211994329921,Bad
11,0.022,-0.24521592257501154,Bad
11,0.023,-0.005455888317509921,Bad
11,0.024,0.07939605489122195,Bad
11,0.025,-0.02885880710909713,Bad
11,0.026,-0.04612406995087352,Bad
11,0.027,-0.06368629392217388,Bad
11,0.028,0.048654845389264165,Bad
11,0.029,-0.1009828376855033,Bad
11,0.03,0.3859395894913529,Bad
11,0.031,-0.4137719278884747,Bad
11,0.032,0.32188168689692953,Bad
11,0.033,-0.5122034440877431,Bad
11,0.034,0.100753692139201,Bad
11,0.035,0.25795534192909064,Bad
11,0.036,0.4371067809417762,Bad
11,0.037,0.004448565450982515,Bad
11,0.038,-0.05544149430142085,Bad
11,0.039,0.26339611528280726,Bad
11,0.04,0.20716046215065395,Bad
11,0.041,0.11838782977308175,Bad
11,0.042,0.29950902384960826,Bad
11,0.043,-0.04610904139571731,Bad
11,0.044,0.02676169216446455,Bad
11,0.045,0.25322725008783614,Bad
11,0.046,0.6120646690987099,Bad
11,0.047,0.17885586483597915,Bad
11,0.048,-0.32166017050269613,Bad
11,0.049,0.07176948743952484,Bad
11,0.05,0.07854958144990913,Bad
11,0.051,0.1433759910067114,Bad
11,0.052,0.21159045314867572,Bad
11,0.053,0.17505517343642002,Bad
11,0.054,0.03899467700465579,Bad
11,0.055,-0.5076448872818192,Bad
11,0.056,-0.1756336687329305,Bad
11,0.057,-0.27846183892601933,Bad
11,0.058,0.032286609360224906,Bad
11,0.059,0.1124805590810957,Bad
11,0.06,0.3225929785144672,Bad
11,0.061,-0.005808651849095234,Bad
11,0.062,-0.15548120236073,Bad
11,0.063,0.32279770896081234,Bad
11,0.064,-0.010965161964724888,Bad
11,0.065,-0.18630114653465013,Bad
11,0.066,-0.24126823182200668,Bad
11,0.067,0.5971905909289941,Bad
11,0.068,-0.20959705540902182,Bad
11,0.069,0.18429958448377456,Bad
11,0.07,-0.18417841696809795,Bad
11,0.071,0.16970606800251525,Bad
11,0.072,-0.10978968091775712,Bad
11,0.073,-0.10113531910836139,Bad
11,0.074,0.20398222928293536,Bad
11,0.075,-0.14636172815140772,Bad
11,0.076,0.07662043752591445,Bad
11,0.077,-0.012765379637823553,Bad
11,0.078,-0.4012789594700112,Bad
11,0.079,-0.07376887528490234,Bad
11,0.08,0.2560903494865077,Bad
11,0.081,-0.013681956565417538,Bad
11,0.082,0.13875636129142624,Bad
11,0.083,0.013714131318035403,Bad
11,0.084,-0.2901290574656759,Bad
11,0.085,0.1372306301768749,Bad
11,0.086,-0.28232410866735486,Bad
11,0.087,0.03172016119238724,Bad
11,0.088,-0.14185378958598924,Bad
11,0.089,0.1062843213031182,Bad
11,0.09,0.018590102377032788,Bad
11,0.091,0.050688165888285105,Bad
11,0.092,0.10834792731987342,Bad
11,0.093,-0.20569886716933294,Bad
11,0.094,-0.04370987651433258,Bad
11,0.095,-0.05330753808386884,Bad
11,0.096,-0.5802321621040275,Bad
11,0.097,0.1980021826342546,Bad
11,0.098,0.008603098143540376,Bad
11,0.099,0.3881897435226444,Bad
11,0.1,0.13722146384346462,Bad
11,0.101,-0.12725494474338922,Bad
11,0.102,-0.05439689279393184,Bad
11,0.103,-0.09823261723762163,Bad
11,0.104,0.043886375167374425,Bad
11,0.105,0.48077629064073135,Bad
11,0.106,0.13132245824182004,Bad
11,0.107,-0.004943287766082046,Bad
11,0.108,-0.22041709708264795,Bad
11,0.109,-0.11185746735194704,Bad
11,0.11,-0.210207627763792,Bad
11,0.111,-0.21314308909324708,Bad
11,0.112,-0.23861020474769995,Bad
11,0.113,-0.17424212418638113,Bad
11,0.114,-0.3009496071379651,Bad
11,0.115,-0.08557808778735954,Bad
11,0.116,0.11024387921618514,Bad
11,0.117,0.2668274217646734,Bad
11,0.118,0.30554020253213454,Bad
11,0.119,-0.24633406450543932,Bad
11,0.12,0.06916600825032801,Bad
11,0.121,-0.39641156319183335,Bad
11,0.122,0.28679611126538473,Bad
11,0.123,-0.047960450125721504,Bad
11,0.124,-0.479490177114025,Bad
11,0.125,0.07149257197897199,Bad
11,0.126,0.07748824442330206,Bad
11,0.127,0.24097783586042512,Bad
11,0.128,-0.07083355327791427,Bad
11,0.129,-0.13915734458835488,Bad
11,0.13,-0.0051284743336976885,Bad
11,0.131,-0.15604861849947488,Bad
11,0.132,0.09246755310892395,Bad
11,0.133,-0.26926081423057174,Bad
11,0.134,-0.3782662899139432,Bad
11,0.135,0.3760510316485282,Bad
11,0.136,0.0902693956564787,Bad
11,0.137,0.011824765651251373,Bad
11,0.138,-0.18283814776474483,Bad
11,0.139,-0.06556820263438232,Bad
11,0.14,-0.16787791157994875,Bad
11,0.141,-0.6306263221838894,Bad
11,0.142,-0.170910718160382,Bad
11,0.143,-0.1481004424551058,Bad
11,0.144,-0.38391038502014974,Bad
11,0.145,-0.26222891428855044,Bad
11,0.146,-0.30862938338358836,Bad
11,0.147,-0.09767289848323753,Bad
11,0.148,-0.7161945435246696,Bad
11,0.149,-0.6511668310961034,Bad
11,0.15,0.0024128708276381083,Bad
11,0.151,0.0013123752397300736,Bad
11,0.152,-0.22311302051486975,Bad
11,0.153,-0.26206531706785646,Bad
11,0.154,0.3387080396010043,Bad
11,0.155,-0.26124808134340444,Bad
11,0.156,-0.5758845952028205,Bad
11,0.157,-0.7027828376165571,Bad
11,0.158,-0.10546185952499151,Bad
11,0.159,-0.26374529265638924,Bad
11,0.16,-0.4299761135121646,Bad
11,0.161,-0.1749598666393965,Bad
11,0.162,-0.16548717988954864,Bad
11,0.163,-0.568160178651348,Bad
11,0.164,-0.39922975291561474,Bad
11,0.165,-0.47335056943198023,Bad
11,0.166,-0.5005965847192573,Bad
11,0.167,-0.16611397379745735,Bad
11,0.168,-0.3938991950786702,Bad
11,0.169,-0.4035510358172395,Bad
11,0.17,-0.1192703235138432,Bad
11,0.171,-0.6800693205101855,Bad
11,0.172,-0.455288254450976,Bad
11,0.173,-0.31642553621610053,Bad
11,0.174,-0.1317111559237416,Bad
11,0.175,-0.5303825960183025,Bad
11,0.176,-0.4068256940501222,Bad
11,0.177,0.031150412468316346,Bad
11,0.178,-0.8540259835217774,Bad
11,0.179,-0.2299506899957653,Bad
11,0.18,-0.19869754795460381,Bad
11,0.181,-0.42666390553610967,Bad
11,0.182,-0.5911536409283635,Bad
11,0.183,-0.191803298750169,Bad
11,0.184,-0.9516464566044356,Bad
11,0.185,-0.3273616610171915,Bad
11,0.186,-0.8372344759378105,Bad
11,0.187,-0.8210353455356959,Bad
11,0.188,-0.5855896140998117,Bad
11,0.189,0.19815219416817864,Bad
11,0.19,-0.9012951856046812,Bad
11,0.191,-0.3937929616348163,Bad
11,0.192,-0.5703247453153464,Bad
11,0.193,-1.1059925784317246,Bad
11,0.194,-0.7724983299570561,Bad
11,0.195,-0.4245773291694489,Bad
11,0.196,-0.3767650946207834,Bad
11,0.197,-0.4841376284009132,Bad
11,0.198,-0.8958396218596103,Bad
11,0.199,-0.6942653246043111,Bad
11,0.2,-0.9630355901752881,Bad
11,0.201,-1.3340756156515432,Bad
11,0.202,-0.47282578638646283,Bad
11,0.203,-1.160604650666329,Bad
11,0.204,-1.3668854343862002,Bad
11,0.205,-0.7828237584609854,Bad
11,0.206,-0.8782887969747034,Bad
11,0.207,-1.1338032041284465,Bad
11,0.208,-1.3603924330701365,Bad
11,0.209,-1.1857393455283802,Bad
11,0.21,-0.9589288818208075,Bad
11,0.211,-1.2086174504238993,Bad
11,0.212,-1.071948642347963,Bad
11,0.213,-1.3614071828889214,Bad
11,0.214,-1.2241032586266376,Bad
11,0.215,-0.9138913845758838,Bad
11,0.216,-1.529861935861864,Bad
11,0.217,-1.4816468897752049,Bad
11,0.218,-1.2378952183030787,Bad
11,0.219,-1.5943780408014514,Bad
11,0.22,-1.6248091863956475,Bad
11,0.221,-1.2169719321567376,Bad
11,0.222,-1.3460315178627889,Bad
11,0.223,-1.4947499160519588,Bad
11,0.224,-1.7035177479317318,Bad
11,0.225,-1.0678478934611693,Bad
11,0.226,-1.492391326192284,Bad
11,0.227,-1.6565884499741164,Bad
11,0.228,-1.9650045460995198,Bad
11,0.229,-1.5260585019358441,Bad
11,0.23,-1.4717221524028066,Bad
11,0.231,-1.3674332600438848,Bad
11,0.232,-1.4613386249657507,Bad
11,0.233,-1.3435060704466164,Bad
11,0.234,-1.3552245461241308,Bad
11,0.235,-1.666553265656348,Bad
11,0.236,-2.021632854347344,Bad
11,0.237,-1.382533815688997,Bad
11,0.238,-1.3335593842724134,Bad
11,0.239,-2.022229901579654,Bad
11,0.24,-1.565808380041693,Bad
11,0.241,-1.7851537767676493,Bad
11,0.242,-1.457283071377443,Bad
11,0.243,-2.220688964346482,Bad
11,0.244,-1.664300446261634,Bad
11,0.245,-1.7999104845649891,Bad
11,0.246,-1.7780005529029985,Bad
11,0.247,-1.9155079646649362,Bad
11,0.248,-1.7815008857469614,Bad
11,0.249,-1.6341086619145955,Bad
11,0.25,-1.6365545829443797,Bad
11,0.251,-1.1629344632675482,Bad
11,0.252,-1.4054722367298806,Bad
11,0.253,-1.2706496277762322,Bad
11,0.254,-1.6278436595631822,Bad
11,0.255,-1.5037646596801726,Bad
11,0.256,-1.4341198341348718,Bad
11,0.257,-1.9220181933500882,Bad
11,0.258,-1.5051755663340738,Bad
11,0.259,-1.6812359367381964,Bad
11,0.26,-1.8226265441314449,Bad
11,0.261,-1.8159143969946088,Bad
11,0.262,-1.8581529372659427,Bad
11,0.263,-1.539111343410101,Bad
11,0.264,-1.9711129690492866,Bad
11,0.265,-1.6234090887841284,Bad
11,0.266,-1.4543937383673846,Bad
11,0.267,-1.8521860859615826,Bad
11,0.268,-1.2952735026128896,Bad
11,0.269,-1.1906400932326542,Bad
11,0.27,-1.1608395532099358,Bad
11,0.271,-1.1430080309370878,Bad
11,0.272,-1.4463190801712316,Bad
11,0.273,-1.0782859273648249,Bad
11,0.274,-1.6288666264245717,Bad
11,0.275,-1.025406896107802,Bad
11,0.276,-1.1874768412407888,Bad
11,0.277,-1.3821591786707725,Bad
11,0.278,-1.8058642120045845,Bad
11,0.279,-1.151987745842672,Bad
11,0.28,-1.057897204588614,Bad
11,0.281,-0.9779552976196711,Bad
11,0.282,-1.2772451781091658,Bad
11,0.283,-0.5196526173806614,Bad
11,0.284,-0.8941659392666292,Bad
11,0.285,-1.3186784671045322,Bad
11,0.286,-1.4366495035647457,Bad
11,0.287,-0.684867898844693,Bad
11,0.288,-1.1149844418268133,Bad
11,0.289,-0.7309901170082725,Bad
11,0.29,-0.8761372418285589,Bad
11,0.291,-0.7792187334596151,Bad
11,0.292,-1.1095001652286758,Bad
11,0.293,-0.7717478930496268,Bad
11,0.294,-0.7341358629664989,Bad
11,0.295,-0.927331418168643,Bad
11,0.296,-0.8234751740341621,Bad
11,0.297,0.04504129408826851,Bad
11,0.298,-0.18919935664190143,Bad
11,0.299,-0.8772270835815618,Bad
11,0.3,-0.07889413679209062,Bad
11,0.301,-0.36604293004333904,Bad
11,0.302,-0.15930538702487454,Bad
11,0.303,-0.03164780696906894,Bad
11,0.304,-0.12498282009542443,Bad
11,0.305,0.1317645180287604,Bad
11,0.306,0.0954315668764446,Bad
11,0.307,0.006784287121491525,Bad
11,0.308,0.5667757540647895,Bad
11,0.309,0.3385966938895774,Bad
11,0.31,0.35164123838047007,Bad
11,0.311,0.550803394985562,Bad
11,0.312,0.31518413410472834,Bad
11,0.313,0.6298923624163228,Bad
11,0.314,0.6095820619135,Bad
11,0.315,0.319050027696416,Bad
11,0.316,0.9297995916398732,Bad
11,0.317,0.3312829748053551,Bad
11,0.318,0.8742633057368842,Bad
11,0.319,0.7201816232192569,Bad
11,0.32,0.812637285220555,Bad
11,0.321,0.9693825461887698,Bad
11,0.322,1.1132881649859643,Bad
11,0.323,0.5656526596163154,Bad
11,0.324,1.0739142355910896,Bad
11,0.325,0.7847451297611382,Bad
11,0.326,0.7955455205474429,Bad
11,0.327,1.2920375113788742,Bad
11,0.328,1.456006220020304,Bad
11,0.329,0.5883509679631784,Bad
11,0.33,1.1762576063691592,Bad
11,0.331,0.9499993240622642,Bad
11,0.332,0.9521349197576814,Bad
11,0.333,0.6431471736115546,Bad
11,0.334,1.1425209957113327,Bad
11,0.335,1.12675814544137,Bad
11,0.336,1.257111185462724,Bad
11,0.337,1.146939009605097,Bad
11,0.338,1.12289281372914,Bad
11,0.339,1.270744697826625,Bad
11,0.34,1.615113991877955,Bad
11,0.341,1.7373513873245365,Bad
11,0.342,1.1682264224865166,Bad
11,0.343,1.2561240897337764,Bad
11,0.344,1.838595469298859,Bad
11,0.345,1.3197519492338587,Bad
11,0.346,1.2875755003359084,Bad
11,0.347,1.4364334736229616,Bad
11,0.348,1.174274630390032,Bad
11,0.349,2.0228411690269423,Bad
11,0.35,1.4867887701451166,Bad
11,0.351,1.2807341420430165,Bad
11,0.352,1.655450681497178,Bad
11,0.353,1.1520455189662733,Bad
11,0.354,1.4176502496333299,Bad
11,0.355,1.3989490370035471,Bad
11,0.356,1.8753017217043575,Bad
11,0.357,1.3277561244221736,Bad
11,0.358,1.2950700914023605,Bad
11,0.359,1.2849844513698185,Bad
11,0.36,1.62263013984434,Bad
11,0.361,1.5148204734697057,Bad
11,0.362,1.353370973791226,Bad
11,0.363,1.5029913380404816,Bad
11,0.364,0.9438137710965043,Bad
11,0.365,1.5281466255383498,Bad
11,0.366,0.9691247430008051,Bad
11,0.367,1.1421439563277376,Bad
11,0.368,1.003794321881189,Bad
11,0.369,1.3817764442353522,Bad
11,0.37,0.9806183792981494,Bad
11,0.371,0.5675890543563217,Bad
11,0.372,1.0264088296239073,Bad
11,0.373,0.9375401846853374,Bad
11,0.374,0.7193027627470833,Bad
11,0.375,1.13744887545524,Bad
11,0.376,0.8401819364210805,Bad
11,0.377,0.5129600445067279,Bad
11,0.378,0.49353794163195963,Bad
11,0.379,0.5423464873796257,Bad
11,0.38,0.5186521432329259,Bad
11,0.381,0.22080594763353484,Bad
11,0.382,0.38664503225911695,Bad
11,0.383,0.4907758772142229,Bad
11,0.384,-0.0265101726622734,Bad
11,0.385,-0.05089182545983073,Bad
11,0.386,0.12089073898295469,Bad
11,0.387,-0.5638909418425053,Bad
11,0.388,0.11924894251049069,Bad
11,0.389,0.1134977755292941,Bad
11,0.39,0.056250191426125,Bad
11,0.391,0.11911231983981507,Bad
11,0.392,-0.3534386334567282,Bad
11,0.393,-0.6984012256299418,Bad
11,0.394,-1.1910790855780835,Bad
11,0.395,-0.4054899473005837,Bad
11,0.396,-0.1893169576032699,Bad
11,0.397,-1.0920572151449122,Bad
11,0.398,-0.5229086875132396,Bad
11,0.399,-0.5784004444277466,Bad
11,0.4,-0.8657871473019548,Bad
11,0.401,-0.4866841769441185,Bad
11,0.402,-0.7779469241169988,Bad
11,0.403,-1.0637252584945973,Bad
11,0.404,-0.9077453633639171,Bad
11,0.405,-0.9760846741090601,Bad
11,0.406,-1.2602687940997839,Bad
11,0.407,-1.505922407115754,Bad
11,0.408,-1.614910755260418,Bad
11,0.409,-1.510295780242472,Bad
11,0.41,-1.2766844025690414,Bad
11,0.411,-1.4420089318264813,Bad
11,0.412,-1.6816978631482313,Bad
11,0.413,-1.622398712706415,Bad
11,0.414,-2.052669493161601,Bad
11,0.415,-1.3319813850132485,Bad
11,0.416,-1.920272375558999,Bad
11,0.417,-1.4885029792585276,Bad
11,0.418,-2.141827746123704,Bad
11,0.419,-2.2664931387550156,Bad
11,0.42,-1.9679987953111444,Bad
11,0.421,-2.3158271197463756,Bad
11,0.422,-2.281540122260244,Bad
11,0.423,-2.2571903682057677,Bad
11,0.424,-2.4400360378949575,Bad
11,0.425,-2.0635634897761026,Bad
11,0.426,-2.15782232776214,Bad
11,0.427,-2.662105701696671,Bad
11,0.428,-2.1490156108324525,Bad
11,0.429,-2.722241456160069,Bad
11,0.43,-1.8601014917245964,Bad
11,0.431,-2.79549617029783,Bad
11,0.432,-2.13016985113085,Bad
11,0.433,-2.091176696142871,Bad
11,0.434,-2.839541214280162,Bad
11,0.435,-2.0080915180010757,Bad
11,0.436,-2.9161497722586343,Bad
11,0.437,-2.361138700811521,Bad
11,0.438,-2.859408318348951,Bad
11,0.439,-2.0467432154689003,Bad
11,0.44,-2.6532683396350545,Bad
11,0.441,-2.962545326761144,Bad
11,0.442,-3.183819255774771,Bad
11,0.443,-2.093828521671603,Bad
11,0.444,-2.657092477215617,Bad
11,0.445,-2.781705821496036,Bad
11,0.446,-2.5659457163951265,Bad
11,0.447,-2.8382830255887717,Bad
11,0.448,-2.021193776497703,Bad
11,0.449,-2.7575462494457312,Bad
11,0.45,-2.1495333662790195,Bad
11,0.451,-2.44580187931882,Bad
11,0.452,-2.177462615199382,Bad
11,0.453,-2.096425111828256,Bad
11,0.454,-2.020254723036009,Bad
11,0.455,-1.8408676674434368,Bad
11,0.456,-2.1326203544219724,Bad
11,0.457,-2.1917728802402094,Bad
11,0.458,-2.61658545207612,Bad
11,0.459,-2.2888706245718913,Bad
11,0.46,-1.6157170670219179,Bad
11,0.461,-1.9790562825123288,Bad
11,0.462,-1.1783145131428143,Bad
11,0.463,-2.3049577528476677,Bad
11,0.464,-1.8923544034939055,Bad
11,0.465,-1.9547717771479807,Bad
11,0.466,-1.4334699634585168,Bad
11,0.467,-1.9009785372612646,Bad
11,0.468,-1.5692669301471134,Bad
11,0.469,-1.7249503525787313,Bad
11,0.47,-1.0980350370147265,Bad
11,0.471,-1.3808561375117376,Bad
11,0.472,-1.0157477669225066,Bad
11,0.473,-1.3024311955472905,Bad
11,0.474,-1.1479637702664478,Bad
11,0.475,-1.1956678711169488,Bad
11,0.476,-0.9959048310445694,Bad
11,0.477,-1.1771437827019093,Bad
11,0.478,-0.8997178882768443,Bad
11,0.479,-1.0839418169098083,Bad
11,0.48,-1.071958893762694,Bad
11,0.481,-0.8025837418385606,Bad
11,0.482,-0.8028662266948885,Bad
11,0.483,-0.6558025010647428,Bad
11,0.484,-0.8981484161952483,Bad
11,0.485,-0.5466615560648085,Bad
11,0.486,-0.6568422554279838,Bad
11,0.487,-0.3594405470769578,Bad
11,0.488,-0.39391086139818704,Bad
11,0.489,-0.547062380399171,Bad
11,0.49,-0.47446473782566234,Bad
11,0.491,-0.09131670670370023,Bad
11,0.492,-0.31810485487597057,Bad
11,0.493,-0.21098516897635486,Bad
11,0.494,-0.02411425008027271,Bad
11,0.495,0.0017587076589921646,Bad
11,0.496,0.0011177357815174427,Bad
11,0.497,0.06678256852460676,Bad
11,0.498,-0.06268700474871472,Bad
11,0.499,-0.5731178747931707,Bad
11,0.5,-0.19552019077124738,Bad
11,0.501,-0.07836894931140223,Bad
11,0.502,-0.16693620826090813,Bad
11,0.503,0.24195974346608484,Bad
11,0.504,-0.27416294072812264,Bad
11,0.505,0.08151958611466786,Bad
11,0.506,-0.14387070517231687,Bad
11,0.507,-0.015841804584340317,Bad
11,0.508,-0.25049407370280313,Bad
11,0.509,0.22566494886421012,Bad
11,0.51,-0.1393219510116326,Bad
11,0.511,-0.16939428842370405,Bad
11,0.512,-0.4031561905757227,Bad
11,0.513,-0.37759609004092654,Bad
11,0.514,-0.10717210749684718,Bad
11,0.515,-0.02699522593456751,Bad
11,0.516,0.3139350081980371,Bad
11,0.517,-0.5207002155346623,Bad
11,0.518,-0.09391398205039861,Bad
11,0.519,-0.36525457346238666,Bad
11,0.52,-0.6066852997369641,Bad
11,0.521,-0.21534435674376923,Bad
11,0.522,0.14743210643607219,Bad
11,0.523,-0.4549364790204372,Bad
11,0.524,0.3098395784874627,Bad
11,0.525,-0.6540564515030194,Bad
11,0.526,0.028385957977677345,Bad
11,0.527,-0.47746235303796686,Bad
11,0.528,-0.25247858584950444,Bad
11,0.529,-0.23629559232006428,Bad
11,0.53,-0.5760492070190616,Bad
11,0.531,-0.08291010919891378,Bad
11,0.532,-0.2848856807568997,Bad
11,0.533,-0.40259688300839525,Bad
11,0.534,-0.13588532722562036,Bad
11,0.535,-0.46869875031537533,Bad
11,0.536,-0.970877549345507,Bad
11,0.537,-0.8279946963341538,Bad
11,0.538,-0.5011905934155414,Bad
11,0.539,-0.5417610738970599,Bad
11,0.54,-0.77189940246482,Bad
11,0.541,-0.6062990230380014,Bad
11,0.542,-0.6546815969617064,Bad
11,0.543,-0.7077668342218949,Bad
11,0.544,-1.2324456055969653,Bad
11,0.545,-0.7917691552318884,Bad
11,0.546,-0.8142692175440923,Bad
11,0.547,-0.6014576622685821,Bad
11,0.548,-1.1561540122299974,Bad
11,0.549,-0.5153530422842612,Bad
11,0.55,-0.6361171876225181,Bad
11,0.551,-0.7643165711836182,Bad
11,0.552,-0.9795117198021394,Bad
11,0.553,-1.0158582041278228,Bad
11,0.554,-1.219608364393876,Bad
11,0.555,-0.9571816553079563,Bad
11,0.556,-1.20160208969869,Bad
11,0.557,-1.196554886949584,Bad
11,0.558,-1.1336212290994516,Bad
11,0.559,-0.9491229166278862,Bad
11,0.56,-1.0396784344515189,Bad
11,0.561,-0.9429128872745913,Bad
11,0.562,-0.8714326577530012,Bad
11,0.563,-1.3995315746172525,Bad
11,0.564,-1.433895816014951,Bad
11,0.565,-1.0446929037607655,Bad
11,0.566,-1.0688448890737898,Bad
11,0.567,-0.8456888884286342,Bad
11,0.568,-1.461017368642091,Bad
11,0.569,-0.9991879339300948,Bad
11,0.57,-0.40639113746984634,Bad
11,0.571,-0.98875183135141,Bad
11,0.572,-1.0851799954844872,Bad
11,0.573,-0.6139266017836187,Bad
11,0.574,-1.1105704100849603,Bad
11,0.575,-0.7709054013999059,Bad
11,0.576,-0.969116406155281,Bad
11,0.577,-1.0284624954083323,Bad
11,0.578,-1.2111504352549793,Bad
11,0.579,-1.043557330161818,Bad
11,0.58,-0.8580235160564877,Bad
11,0.581,-0.6413258151015857,Bad
11,0.582,-0.9899831288510524,Bad
11,0.583,-0.7355231291738143,Bad
11,0.584,-1.1502948949251761,Bad
11,0.585,-0.45233849071941934,Bad
11,0.586,-0.45458014981916317,Bad
11,0.587,-0.7685485408505551,Bad
11,0.588,-0.8630101242195073,Bad
11,0.589,-0.39128596248452036,Bad
11,0.59,-0.35146737979870923,Bad
11,0.591,-0.7173479398434561,Bad
11,0.592,-0.3081913707545443,Bad
11,0.593,-0.46120073946645,Bad
11,0.594,-0.691583762517369,Bad
11,0.595,-0.4981133247518683,Bad
11,0.596,-0.4933534755860952,Bad
11,0.597,-0.13653308080517873,Bad
11,0.598,-0.4044373629367056,Bad
11,0.599,-0.5296124604701931,Bad
11,0.6,-0.5546122111990952,Bad
11,0.601,-0.8043520018259455,Bad
11,0.602,-0.23010889073757484,Bad
11,0.603,-0.41161010503461176,Bad
11,0.604,-0.3416966963410919,Bad
11,0.605,-0.35671006944140693,Bad
11,0.606,-0.13509237374960545,Bad
11,0.607,-0.2890577308714358,Bad
11,0.608,-0.029529778226057568,Bad
11,0.609,-0.655609427099628,Bad
11,0.61,-0.2208101817415618,Bad
11,0.611,-0.26520800737707073,Bad
11,0.612,-0.23266429021606028,Bad
11,0.613,-0.19102346684049779,Bad
11,0.614,-0.6992256087551122,Bad
11,0.615,-0.010417559590455011,Bad
11,0.616,-0.2017913878940641,Bad
11,0.617,-0.1600658644141431,Bad
11,0.618,-0.020746295511731516,Bad
11,0.619,-0.12174994801919377,Bad
11,0.62,-0.20960099679720645,Bad
11,0.621,-0.044177845548946715,Bad
11,0.622,-0.2013834785537513,Bad
11,0.623,-0.15366993064603668,Bad
11,0.624,-0.22525822413281585,Bad
11,0.625,-0.39922998961546385,Bad
11,0.626,0.30448656541732894,Bad
11,0.627,-0.14323368116834376,Bad
11,0.628,-0.11686311248805502,Bad
11,0.629,0.04963540394710826,Bad
11,0.63,-0.47554286775235277,Bad
11,0.631,0.09273523167342909,Bad
11,0.632,-0.30529721883655603,Bad
11,0.633,-0.1690764670755639,Bad
11,0.634,0.5043657636616975,Bad
11,0.635,-0.5309809060573782,Bad
11,0.636,0.06601826360720854,Bad
11,0.637,-0.2714917269786437,Bad
11,0.638,-0.11963939308427002,Bad
11,0.639,0.2390493323670177,Bad
11,0.64,0.13854047268304073,Bad
11,0.641,-0.43143270793886,Bad
11,0.642,-0.10373854111378687,Bad
11,0.643,-0.5971394008695649,Bad
11,0.644,-0.1580097141871762,Bad
11,0.645,0.4260403035218162,Bad
11,0.646,0.1969615682532324,Bad
11,0.647,-0.36677547141105965,Bad
11,0.648,0.21658695592016916,Bad
11,0.649,-0.14282565176469192,Bad
11,0.65,-0.2711396589149456,Bad
11,0.651,0.08915568219200105,Bad
11,0.652,-0.12913316999101668,Bad
11,0.653,0.01826960042028023,Bad
11,0.654,-0.21581415924184158,Bad
11,0.655,-0.25019207962606077,Bad
11,0.656,0.08413923025659024,Bad
11,0.657,-0.6995960775406886,Bad
11,0.658,0.21369800397825023,Bad
11,0.659,-0.002193797455725453,Bad
11,0.66,-0.21294890663557303,Bad
11,0.661,-0.2479587094104842,Bad
11,0.662,0.476995473319723,Bad
11,0.663,-0.15160387612371048,Bad
11,0.664,0.04187226996792177,Bad
11,0.665,-0.162462400487494,Bad
11,0.666,-0.015454688197405865,Bad
11,0.667,0.2182013499268641,Bad
11,0.668,-0.14405415325878732,Bad
11,0.669,0.24446856948524254,Bad
11,0.67,0.27754448436556006,Bad
11,0.671,0.4754909262719879,Bad
11,0.672,-0.10989655089250537,Bad
11,0.673,-0.2867965699163563,Bad
11,0.674,-0.0007890534057464442,Bad
11,0.675,0.02956705131228134,Bad
11,0.676,0.013645431574598217,Bad
11,0.677,0.0721767601729188,Bad
11,0.678,0.17279025032687068,Bad
11,0.679,0.3094717097935677,Bad
11,0.68,-0.3543741989066632,Bad
11,0.681,0.15964229272921682,Bad
11,0.682,0.047599492963665495,Bad
11,0.683,0.09249455026947831,Bad
11,0.684,0.29220184193453225,Bad
11,0.685,0.06297928280831498,Bad
11,0.686,-0.12279303100478996,Bad
11,0.687,-0.08035444417038667,Bad
11,0.688,0.10053955099792079,Bad
11,0.689,0.4291406820812072,Bad
11,0.69,-0.731766005231547,Bad
11,0.691,-0.07220236305745423,Bad
11,0.692,-0.0691920223677017,Bad
11,0.693,-0.07508859248161918,Bad
11,0.694,0.08681109485779483,Bad
11,0.695,0.2369513836595291,Bad
11,0.696,0.19991683177835515,Bad
11,0.697,0.1616025445729163,Bad
11,0.698,-0.2020597619226488,Bad
11,0.699,-0.15858747054236316,Bad
11,0.7,0.05027172805040147,Bad
11,0.701,0.5189515843472896,Bad
11,0.702,-0.2627322196449865,Bad
11,0.703,0.18331021125328778,Bad
11,0.704,0.5580529518561939,Bad
11,0.705,0.09909105816192687,Bad
11,0.706,0.1576117963274074,Bad
11,0.707,-0.3330455430435109,Bad
11,0.708,-0.18842656870854718,Bad
11,0.709,-0.0678752100492115,Bad
11,0.71,0.41801979294602437,Bad
11,0.711,0.32040834842493476,Bad
11,0.712,0.041440840533188875,Bad
11,0.713,0.49261491200840996,Bad
11,0.714,0.007000970356325757,Bad
11,0.715,0.11784947688304555,Bad
11,0.716,-0.36967067135514353,Bad
11,0.717,-0.1462313823517307,Bad
11,0.718,-0.5521472344208744,Bad
11,0.719,0.14364076778392296,Bad
11,0.72,0.09386072851592743,Bad
11,0.721,0.006074625220487931,Bad
11,0.722,-0.14531588897224462,Bad
11,0.723,-0.2915388363991491,Bad
11,0.724,-0.27217249934679894,Bad
11,0.725,-0.21886563539327986,Bad
11,0.726,0.12429954070733679,Bad
11,0.727,0.2688968834459148,Bad
11,0.728,0.0640669579111063,Bad
11,0.729,-0.020493176839463938,Bad
11,0.73,-0.05842417277589264,Bad
11,0.731,-0.41660372637964427,Bad
11,0.732,0.09502392651090374,Bad
11,0.733,-0.06210028469075884,Bad
11,0.734,0.1840169025531521,Bad
11,0.735,-0.02084005446684048,Bad
11,0.736,-0.128909543297893,Bad
11,0.737,0.10054601466251678,Bad
11,0.738,0.3431355509868779,Bad
11,0.739,0.4432562871998835,Bad
11,0.74,-0.13169069414560491,Bad
11,0.741,-0.10771268195454528,Bad
11,0.742,-0.14842986518631512,Bad
11,0.743,0.20309900160809907,Bad
11,0.744,0.006987586815371675,Bad
11,0.745,-0.2905146082062874,Bad
11,0.746,0.054122596900840425,Bad
11,0.747,-0.07608084386480746,Bad
11,0.748,0.015854895127258906,Bad
11,0.749,-0.28462846119580615,Bad
11,0.75,-0.6341781278929327,Bad
11,0.751,-0.33079559835760713,Bad
11,0.752,-0.3539485052379476,Bad
11,0.753,0.023592136907071872,Bad
11,0.754,-0.06483284919505351,Bad
11,0.755,-0.0753398401972277,Bad
11,0.756,-0.1777928403550647,Bad
11,0.757,0.32384328439030546,Bad
11,0.758,-0.016346657994566714,Bad
11,0.759,0.14889933264568742,Bad
11,0.76,-0.667810509783935,Bad
11,0.761,-0.32019710611129193,Bad
11,0.762,-0.019976993597258005,Bad
11,0.763,-0.3734851107213905,Bad
11,0.764,0.10196638222700027,Bad
11,0.765,0.00029517074477362475,Bad
11,0.766,0.022693048011921617,Bad
11,0.767,0.21740081657070182,Bad
11,0.768,0.07661657329089305,Bad
11,0.769,0.1337976962766763,Bad
11,0.77,-0.20704126266073192,Bad
11,0.771,0.4792786627182121,Bad
11,0.772,-0.1752561070101931,Bad
11,0.773,0.43707917381303524,Bad
11,0.774,0.2638679388043181,Bad
11,0.775,-0.27625768830473,Bad
11,0.776,-0.038213753458435785,Bad
11,0.777,0.06257814937596992,Bad
11,0.778,0.09116824157655401,Bad
11,0.779,0.3001806180703545,Bad
11,0.78,-0.13529469525166857,Bad
11,0.781,0.2715881610528814,Bad
11,0.782,-0.7183722162822508,Bad
11,0.783,-0.10174974056308,Bad
11,0.784,0.4195648474259937,Bad
11,0.785,0.47800084179942,Bad
11,0.786,0.23049606404964704,Bad
11,0.787,0.1781357709371044,Bad
11,0.788,-0.37320716966549417,Bad
11,0.789,0.2003696485144014,Bad
11,0.79,0.34573218604570843,Bad
11,0.791,-0.15760572358083597,Bad
11,0.792,0.009745115702201178,Bad
11,0.793,0.09844731288080848,Bad
11,0.794,-0.3904200250771177,Bad
11,0.795,-0.09720462913997456,Bad
11,0.796,0.020899765288723778,Bad
11,0.797,-0.09406235099951787,Bad
11,0.798,0.22798482869099307,Bad
11,0.799,-0.11150628212204197,Bad
11,0.8,-0.2093670653780012,Bad
11,0.801,-0.07656362977050679,Bad
11,0.802,-0.2365000119409363,Bad
11,0.803,-0.056986100486067226,Bad
11,0.804,0.34171167074971315,Bad
11,0.805,0.026847698550666713,Bad
11,0.806,-0.30297423398866596,Bad
11,0.807,0.25166348844868525,Bad
11,0.808,-0.07712057805331876,Bad
11,0.809,-0.06666048422960662,Bad
11,0.81,-0.2728484300748827,Bad
11,0.811,0.07020511276128973,Bad
11,0.812,0.06961480752585061,Bad
11,0.813,-0.09258378660261317,Bad
11,0.814,0.06441717359522943,Bad
11,0.815,-0.36251977306693606,Bad
11,0.816,-0.09827476367672823,Bad
11,0.817,0.12900452877918492,Bad
11,0.818,-0.3150938365683583,Bad
11,0.819,-0.16503269763709688,Bad
11,0.82,0.08694014138988433,Bad
11,0.821,0.08763804218904797,Bad
11,0.822,0.15464902608735673,Bad
11,0.823,0.30223345357903414,Bad
11,0.824,-0.1386041266594407,Bad
11,0.825,-0.3747335236382353,Bad
11,0.826,0.46511716724953084,Bad
11,0.827,0.1353198663138833,Bad
11,0.828,-0.3980220237168725,Bad
11,0.829,-0.43140016931379943,Bad
11,0.83,0.5298235685179815,Bad
11,0.831,0.08929141874170793,Bad
11,0.832,-0.1980445410520101,Bad
11,0.833,0.03272235448083944,Bad
11,0.834,0.5085179113205449,Bad
11,0.835,0.3945631143352293,Bad
11,0.836,0.5115716942525831,Bad
11,0.837,-0.23661779249456602,Bad
11,0.838,-0.2410937570601005,Bad
11,0.839,0.052212388188925124,Bad
11,0.84,-0.062040836671404045,Bad
11,0.841,0.08572327706919754,Bad
11,0.842,0.37939800569644594,Bad
11,0.843,0.533245594702187,Bad
11,0.844,0.014770837120273876,Bad
11,0.845,-0.2262671981421551,Bad
11,0.846,0.23639888335381634,Bad
11,0.847,-0.23509021688963536,Bad
11,0.848,-0.4461424560381218,Bad
11,0.849,0.1670499591790113,Bad
11,0.85,-0.10832676712402217,Bad
11,0.851,0.30457321349281463,Bad
11,0.852,0.23594699137843442,Bad
11,0.853,0.4122906364501498,Bad
11,0.854,0.20050925870790817,Bad
11,0.855,-0.15241676183827307,Bad
11,0.856,0.022407450425107753,Bad
11,0.857,0.22678164228342074,Bad
11,0.858,0.09333914042330654,Bad
11,0.859,-0.1448801508833848,Bad
11,0.86,-0.03985172198727438,Bad
11,0.861,-0.26978731409804574,Bad
11,0.862,0.6859552796964845,Bad
11,0.863,-0.13058126734245495,Bad
11,0.864,0.30763426222168017,Bad
11,0.865,0.011813124477149238,Bad
11,0.866,0.274941605861967,Bad
11,0.867,0.3209330101195613,Bad
11,0.868,0.35031645456886507,Bad
11,0.869,0.22420855573880502,Bad
11,0.87,0.2927371174949506,Bad
11,0.871,-0.12662439430669342,Bad
11,0.872,-0.48675337960591497,Bad
11,0.873,-0.053824576411842136,Bad
11,0.874,-0.02095765029004081,Bad
11,0.875,0.04098625094787356,Bad
11,0.876,-0.44874551130724655,Bad
11,0.877,0.09177226019808322,Bad
11,0.878,0.20241403255342902,Bad
11,0.879,0.14983736691672178,Bad
11,0.88,0.05411122910305038,Bad
11,0.881,-0.24756112587221116,Bad
11,0.882,-0.02039756957096483,Bad
11,0.883,0.7695664115951919,Bad
11,0.884,-0.013954512622521568,Bad
11,0.885,-0.09506998511745847,Bad
11,0.886,-0.008111275683012578,Bad
11,0.887,-0.5220557645764047,Bad
11,0.888,-0.2999940102192651,Bad
11,0.889,0.07883935829141052,Bad
11,0.89,0.39106641452771157,Bad
11,0.891,0.0663929539580196,Bad
11,0.892,0.005627457676634593,Bad
11,0.893,-0.3630377424085275,Bad
11,0.894,0.12490402166053102,Bad
11,0.895,-0.24209549337415415,Bad
11,0.896,0.05521290474727873,Bad
11,0.897,0.12407901867841806,Bad
11,0.898,-0.05524991437304118,Bad
11,0.899,-0.1129928975135904,Bad
11,0.9,-0.1720689502948901,Bad
11,0.901,0.14419173323089118,Bad
11,0.902,0.008098189497032341,Bad
11,0.903,0.5136087093074073,Bad
11,0.904,0.28945927559666695,Bad
11,0.905,-0.04017332916316267,Bad
11,0.906,-0.18371960495547632,Bad
11,0.907,0.2657041643783338,Bad
11,0.908,0.11729359977948413,Bad
11,0.909,-0.04865125107349477,Bad
11,0.91,0.28173908795766517,Bad
11,0.911,-0.46332216634992146,Bad
11,0.912,-0.0720176808431685,Bad
11,0.913,0.08153607339207977,Bad
11,0.914,0.4255047462107922,Bad
11,0.915,0.20451676248014217,Bad
11,0.916,-0.09595640536855074,Bad
11,0.917,-0.18514525952604377,Bad
11,0.918,0.26671493703773413,Bad
11,0.919,0.09041887984836736,Bad
11,0.92,-0.1353544883088234,Bad
11,0.921,0.00653132379551496,Bad
11,0.922,-0.15856041729555498,Bad
11,0.923,-0.22156647357294515,Bad
11,0.924,-0.21438778403343609,Bad
11,0.925,0.30734217690765825,Bad
11,0.926,-0.11087631301335218,Bad
11,0.927,-0.28102736058403793,Bad
11,0.928,0.015740387046661853,Bad
11,0.929,-0.3630591846784757,Bad
11,0.93,-0.09692435644318959,Bad
11,0.931,-0.05294142054456696,Bad
11,0.932,-0.3447072098439151,Bad
11,0.933,0.395743196621782,Bad
11,0.934,-0.008058727291657028,Bad
11,0.935,-0.4406242469000242,Bad
11,0.936,-0.15122078511155077,Bad
11,0.937,0.07574278550627052,Bad
11,0.938,-0.09914401040217115,Bad
11,0.939,-0.21394265091277903,Bad
11,0.94,-0.03262643767991906,Bad
11,0.941,0.21481953823706193,Bad
11,0.942,0.28023992077851634,Bad
11,0.943,-0.2786331523065652,Bad
11,0.944,0.07880295776458036,Bad
11,0.945,-0.21397818990297363,Bad
11,0.946,0.019660811062270276,Bad
11,0.947,0.12982296882883218,Bad
11,0.948,-0.12945261187091311,Bad
11,0.949,-0.321860516136123,Bad
11,0.95,0.5766169626294634,Bad
11,0.951,0.08259568190283569,Bad
11,0.952,-0.31839165401114633,Bad
11,0.953,0.10563600330252722,Bad
11,0.954,0.06461756616928561,Bad
11,0.955,0.47349918820732023,Bad
11,0.956,0.029821044472677832,Bad
11,0.957,0.12243207872409528,Bad
11,0.958,-0.3223119288356027,Bad
11,0.959,0.052306463673785185,Bad
11,0.96,0.2665287496699426,Bad
11,0.961,-0.31998721941581515,Bad
11,0.962,-0.035663167137791246,Bad
11,0.963,-0.20502894222633217,Bad
11,0.964,0.27921728088350245,Bad
11,0.965,0.28822398481240225,Bad
11,0.966,0.045026349045495836,Bad
11,0.967,0.2820730259281198,Bad
11,0.968,-0.2962537747005282,Bad
11,0.969,-0.3291247061531958,Bad
11,0.97,-0.012940462552203073,Bad
11,0.971,0.13557523863584792,Bad
11,0.972,-0.054193232000561635,Bad
11,0.973,0.011441833942066567,Bad
11,0.974,0.05327986531948185,Bad
11,0.975,-0.07235689081676679,Bad
11,0.976,-0.10382760177548152,Bad
11,0.977,0.09307753415331148,Bad
11,0.978,0.3382132674943872,Bad
11,0.979,0.6654351308947496,Bad
11,0.98,0.4800642972440589,Bad
11,0.981,0.2969778073265538,Bad
11,0.982,0.11069549401424239,Bad
11,0.983,-0.005781867352471499,Bad
11,0.984,-0.2089024298840359,Bad
11,0.985,-0.0002517148533788298,Bad
11,0.986,0.491828206221996,Bad
11,0.987,0.39275759039156144,Bad
11,0.988,-0.04026730543289199,Bad
11,0.989,-0.1178863058481313,Bad
11,0.99,0.08204484922271682,Bad
11,0.991,-0.10213250491915814,Bad
11,0.992,0.26162623542174446,Bad
11,0.993,-0.20717071882008892,Bad
11,0.994,0.308815830310052,Bad
11,0.995,-0.028399389136851663,Bad
11,0.996,0.4808185032602522,Bad
11,0.997,0.021564518275588605,Bad
11,0.998,0.20931019527107791,Bad
11,0.999,0.6646798766851999,Bad
12,0.0,0.14069149835684655,Bad
12,0.001,-0.3319728716631171,Bad
12,0.002,-0.1706402580742748,Bad
12,0.003,-0.13089719409923856,Bad
12,0.004,-0.4244655369307645,Bad
12,0.005,-0.33943692638129963,Bad
12,0.006,0.15878438481367735,Bad
12,0.007,-0.27899897944036256,Bad
12,0.008,-0.46757601001683297,Bad
12,0.009,-0.3390962880985155,Bad
12,0.01,0.32528479339429195,Bad
12,0.011,-0.20531305702947997,Bad
12,0.012,-0.3556690255228803,Bad
12,0.013,0.09173032089025578,Bad
12,0.014,0.32088286221529033,Bad
12,0.015,0.21436605980560747,Bad
12,0.016,0.3123664181859974,Bad
12,0.017,-0.18279451177895273,Bad
12,0.018,-0.38754361236408685,Bad
12,0.019,0.07738179240924015,Bad
12,0.02,-0.16352774027208142,Bad
12,0.021,-0.029512623048370764,Bad
12,0.022,0.4092984728812995,Bad
12,0.023,-0.439975767882572,Bad
12,0.024,0.3235573349037671,Bad
12,0.025,-0.3145380056911712,Bad
12,0.026,0.33488921382163145,Bad
12,0.027,-0.29851318482582695,Bad
12,0.028,-0.11431863503526006,Bad
12,0.029,-0.11542682334612621,Bad
12,0.03,-0.09050069849003801,Bad
12,0.031,0.16542483491779247,Bad
12,0.032,-0.12758562855500724,Bad
12,0.033,-0.0607507150438756,Bad
12,0.034,-0.47067798634020536,Bad
12,0.035,-0.21874328838999654,Bad
12,0.036,-0.06174670353978025,Bad
12,0.037,-0.05480968888213906,Bad
12,0.038,-0.42829206768841876,Bad
12,0.039,-0.3901620535990658,Bad
12,0.04,-0.06670698082698359,Bad
12,0.041,-0.4780158668517172,Bad
12,0.042,-0.23884116326700186,Bad
12,0.043,0.3651754143535913,Bad
12,0.044,0.048159645332994244,Bad
12,0.045,-0.19261249888608428,Bad
12,0.046,0.03004872840523508,Bad
12,0.047,0.00804753071664253,Bad
12,0.048,-0.1299301812400048,Bad
12,0.049,-0.0885582906729453,Bad
12,0.05,-0.19948140888864618,Bad
12,0.051,-0.11228214828550835,Bad
12,0.052,0.06927506825167563,Bad
12,0.053,-0.012146448410902476,Bad
12,0.054,-0.127094130396428,Bad
12,0.055,0.2386140128398295,Bad
12,0.056,0.4448347863209713,Bad
12,0.057,0.14154693053402315,Bad
12,0.058,-0.019672304382748394,Bad
12,0.059,-0.5680087948111391,Bad
12,0.06,0.18829613799159534,Bad
12,0.061,-0.12991112271654984,Bad
12,0.062,0.18740601239122817,Bad
12,0.063,0.2513186150738248,Bad
12,0.064,-0.2889984797373606,Bad
12,0.065,-0.03430631146853431,Bad
12,0.066,-0.1407827871745004,Bad
12,0.067,-0.05137132022486225,Bad
12,0.068,0.29510882646242503,Bad
12,0.069,-0.21239489221459218,Bad
12,0.07,-0.39211312101181567,Bad
12,0.071,-0.2392146415395772,Bad
12,0.072,0.47576461240268325,Bad
12,0.073,0.5255323938828117,Bad
12,0.074,0.33787285434840286,Bad
12,0.075,0.2678824013106702,Bad
12,0.076,0.07526828898691705,Bad
12,0.077,0.17938796358966944,Bad
12,0.078,0.34372892428353474,Bad
12,0.079,-0.27704027766241274,Bad
12,0.08,0.27964729780088116,Bad
12,0.081,0.05632607826722788,Bad
12,0.082,-0.21397461165385634,Bad
12,0.083,0.5781720278349064,Bad
12,0.084,0.22990154748868546,Bad
12,0.085,0.2507317539395074,Bad
12,0.086,-0.10298079899096622,Bad
12,0.087,-0.33458589892272367,Bad
12,0.088,0.24759746509258446,Bad
12,0.089,0.20450104465150062,Bad
12,0.09,0.0001670256409050999,Bad
12,0.091,-0.40482152825951745,Bad
12,0.092,-0.2404023894547348,Bad
12,0.093,-0.09242935971903593,Bad
12,0.094,-0.006674499336766078,Bad
12,0.095,0.2831444574031195,Bad
12,0.096,0.2090481115826094,Bad
12,0.097,0.14604958942906732,Bad
12,0.098,0.43874897933305,Bad
12,0.099,0.08440379169994372,Bad
12,0.1,-0.005299058171823979,Bad
12,0.101,-0.23906459847861694,Bad
12,0.102,-0.16367242723972475,Bad
12,0.103,0.22699620738425846,Bad
12,0.104,-0.5071494815608456,Bad
12,0.105,0.02922602416936753,Bad
12,0.106,0.03281269426960384,Bad
12,0.107,0.193842636377499,Bad
12,0.108,0.1462775040960028,Bad
12,0.109,-0.021656545458932894,Bad
12,0.11,-0.44698588029397257,Bad
12,0.111,-0.13176438279647038,Bad
12,0.112,-0.02612111215179013,Bad
12,0.113,0.21374126811644623,Bad
12,0.114,-0.29225079019384487,Bad
12,0.115,-0.3228462019797524,Bad
12,0.116,0.16796032372104916,Bad
12,0.117,0.14100429276671872,Bad
12,0.118,0.17353825591123653,Bad
12,0.119,0.029285776534739363,Bad
12,0.12,0.08957616706590757,Bad
12,0.121,0.18115998169993072,Bad
12,0.122,0.125865269804955,Bad
12,0.123,0.06619099859908746,Bad
12,0.124,0.32522273395321627,Bad
12,0.125,0.4401359868317141,Bad
12,0.126,-0.7348080305629752,Bad
12,0.127,-0.28930384554424876,Bad
12,0.128,-0.43903998657680426,Bad
12,0.129,-0.05040299399904416,Bad
12,0.13,-0.1657170028317303,Bad
12,0.131,-0.21373863763154535,Bad
12,0.132,0.16671436556514552,Bad
12,0.133,-0.1334982501325372,Bad
12,0.134,0.12750995647634367,Bad
12,0.135,0.061540835346274525,Bad
12,0.136,0.5205066406606811,Bad
12,0.137,-0.03400444182830517,Bad
12,0.138,-0.21693203646313997,Bad
12,0.139,0.0715802335767466,Bad
12,0.14,-0.4601991047810443,Bad
12,0.141,-0.089446870102676,Bad
12,0.142,-0.02335004572491932,Bad
12,0.143,-0.259618722074372,Bad
12,0.144,0.05100913210855387,Bad
12,0.145,-0.606704265868851,Bad
12,0.146,-0.06744688551321881,Bad
12,0.147,0.35668681901504373,Bad
12,0.148,-0.32352776553000917,Bad
12,0.149,-0.18758804720217348,Bad
12,0.15,0.24459099113665442,Bad
12,0.151,-1.1195208904359124,Bad
12,0.152,-0.3765724142935709,Bad
12,0.153,-0.010091786931698737,Bad
12,0.154,-0.2982686328446421,Bad
12,0.155,-0.28427233591152473,Bad
12,0.156,-0.0145048234299614,Bad
12,0.157,0.27572809113724195,Bad
12,0.158,-0.12779601449076572,Bad
12,0.159,-0.48134477016729194,Bad
12,0.16,-0.20550117882251043,Bad
12,0.161,-0.5405825110250417,Bad
12,0.162,-0.007966041558412518,Bad
12,0.163,-0.5949556395906889,Bad
12,0.164,0.08492911048407287,Bad
12,0.165,-0.12690166858094012,Bad
12,0.166,-0.5663286508795661,Bad
12,0.167,-0.11625730932233896,Bad
12,0.168,-0.3508674736933538,Bad
12,0.169,-0.4764101501924778,Bad
12,0.17,-0.5870024075705047,Bad
12,0.171,-0.6991511025104733,Bad
12,0.172,-1.032386463030274,Bad
12,0.173,-0.42707597931139935,Bad
12,0.174,-0.7808229209964915,Bad
12,0.175,-0.6836274504317497,Bad
12,0.176,-0.37656711854645875,Bad
12,0.177,-0.4412717415205923,Bad
12,0.178,-0.3964051504756495,Bad
12,0.179,-0.8272080330503582,Bad
12,0.18,-0.5038125696228936,Bad
12,0.181,-0.3566027368754282,Bad
12,0.182,-0.8487516239470877,Bad
12,0.183,-0.14378848850577614,Bad
12,0.184,-0.6237894983033616,Bad
12,0.185,-0.8890710142110809,Bad
12,0.186,-0.679848662014342,Bad
12,0.187,-0.7593959517815166,Bad
12,0.188,-0.4367061994431185,Bad
12,0.189,-1.145855419465239,Bad
12,0.19,-0.7338902199143431,Bad
12,0.191,-0.38440258159684715,Bad
12,0.192,-0.4782973112269938,Bad
12,0.193,-0.9176069083141863,Bad
12,0.194,-0.8496397859285091,Bad
12,0.195,-1.070476047767793,Bad
12,0.196,-1.0532876914517832,Bad
12,0.197,-0.7845333788127686,Bad
12,0.198,-0.7431917815572313,Bad
12,0.199,-0.8084673516238536,Bad
12,0.2,-0.6080118757554898,Bad
12,0.201,-0.6976745602700428,Bad
12,0.202,-0.8418777874022083,Bad
12,0.203,-0.987565825408502,Bad
12,0.204,-0.696947918371263,Bad
12,0.205,-1.179027425995449,Bad
12,0.206,-0.7615028126686708,Bad
12,0.207,-0.6347246632407169,Bad
12,0.208,-0.704628802174986,Bad
12,0.209,-0.7489214771850397,Bad
12,0.21,-1.2487195226940975,Bad
12,0.211,-1.4399969180328438,Bad
12,0.212,-1.2211370407290905,Bad
12,0.213,-0.9420395928056389,Bad
12,0.214,-0.8396314191795254,Bad
12,0.215,-1.1974990916640664,Bad
12,0.216,-1.6739811699595148,Bad
12,0.217,-1.0902986025501675,Bad
12,0.218,-1.3933066655360777,Bad
12,0.219,-1.0158726127768671,Bad
12,0.22,-1.5975830961798219,Bad
12,0.221,-1.2499769153641087,Bad
12,0.222,-0.7730402870253974,Bad
12,0.223,-1.6095699740460678,Bad
12,0.224,-1.5386900809865665,Bad
12,0.225,-1.2778137495420898,Bad
12,0.226,-1.6587873536617193,Bad
12,0.227,-1.1158471654434166,Bad
12,0.228,-1.321241605474515,Bad
12,0.229,-1.6154985644567394,Bad
12,0.23,-1.1728950236796125,Bad
12,0.231,-1.514863437137225,Bad
12,0.232,-1.3629105096955128,Bad
12,0.233,-1.6662939162030492,Bad
12,0.234,-1.63058252969672,Bad
12,0.235,-1.861875256431107,Bad
12,0.236,-1.6645935561584164,Bad
12,0.237,-1.4339142237696239,Bad
12,0.238,-1.543484126951872,Bad
12,0.239,-1.8449007543061344,Bad
12,0.24,-1.7439023012781476,Bad
12,0.241,-1.945417896315866,Bad
12,0.242,-1.6344452833147571,Bad
12,0.243,-1.8640621711665992,Bad
12,0.244,-1.4343429175051767,Bad
12,0.245,-1.1728487979757265,Bad
12,0.246,-1.7423486113636601,Bad
12,0.247,-1.7917610280225573,Bad
12,0.248,-1.794612227224564,Bad
12,0.249,-1.7263709642326845,Bad
12,0.25,-1.5869014078647001,Bad
12,0.251,-2.035614544954539,Bad
12,0.252,-1.5536588477556328,Bad
12,0.253,-2.18489830813878,Bad
12,0.254,-1.6814094371047543,Bad
12,0.255,-1.8297763642854397,Bad
12,0.256,-1.8776483064086076,Bad
12,0.257,-1.9117349784322994,Bad
12,0.258,-1.8303608512159149,Bad
12,0.259,-1.3204437637266626,Bad
12,0.26,-1.3729567281279809,Bad
12,0.261,-1.4725127702661247,Bad
12,0.262,-1.9493845102538845,Bad
12,0.263,-1.5315978375217654,Bad
12,0.264,-1.4374219993228226,Bad
12,0.265,-1.812110422296442,Bad
12,0.266,-1.7241351812295698,Bad
12,0.267,-1.259495650415799,Bad
12,0.268,-1.4839048763161806,Bad
12,0.269,-1.4320840392552125,Bad
12,0.27,-1.179332446747659,Bad
12,0.271,-1.0407434694606597,Bad
12,0.272,-1.1901104587231837,Bad
12,0.273,-1.2716402091803205,Bad
12,0.274,-1.374099184587212,Bad
12,0.275,-1.0530544422067962,Bad
12,0.276,-1.2377814683896577,Bad
12,0.277,-1.402218719922327,Bad
12,0.278,-1.3095079857499234,Bad
12,0.279,-1.520515866839648,Bad
12,0.28,-1.3018852074059228,Bad
12,0.281,-1.3588816074302446,Bad
12,0.282,-1.3315095914685755,Bad
12,0.283,-1.503519144989464,Bad
12,0.284,-0.8556350613833215,Bad
12,0.285,-0.9062723015006171,Bad
12,0.286,-1.1851579570769104,Bad
12,0.287,-1.014803039890502,Bad
12,0.288,-0.7665808137149142,Bad
12,0.289,-0.6499419865307502,Bad
12,0.29,-0.8505696063206556,Bad
12,0.291,-1.0250864462335203,Bad
12,0.292,-0.7456616679427466,Bad
12,0.293,-0.5460569597904273,Bad
12,0.294,-0.9874409908731197,Bad
12,0.295,-1.2031385356563,Bad
12,0.296,-0.6349252010999425,Bad
12,0.297,-0.3417812352244928,Bad
12,0.298,-0.5910493753822865,Bad
12,0.299,-0.4116079270720253,Bad
12,0.3,-0.6547747403115505,Bad
12,0.301,-0.18390331623100345,Bad
12,0.302,-0.3717662586910976,Bad
12,0.303,-0.3986023097316984,Bad
12,0.304,-0.40038488024560515,Bad
12,0.305,-0.3145608290882586,Bad
12,0.306,0.03086572402475138,Bad
12,0.307,0.10728857915861408,Bad
12,0.308,0.4805618633122982,Bad
12,0.309,-0.0325217144194708,Bad
12,0.31,-0.11125581733546241,Bad
12,0.311,0.41469319521132697,Bad
12,0.312,0.2136093421698423,Bad
12,0.313,0.4321028963170495,Bad
12,0.314,0.22648998857055497,Bad
12,0.315,0.42705846627464294,Bad
12,0.316,0.7337825848132685,Bad
12,0.317,0.6042150444016826,Bad
12,0.318,0.7432340578678688,Bad
12,0.319,0.6323327949173626,Bad
12,0.32,0.7333375613926374,Bad
12,0.321,0.6388005399019977,Bad
12,0.322,0.5001220995098391,Bad
12,0.323,0.703292026287787,Bad
12,0.324,1.3541656095296437,Bad
12,0.325,1.0622143409947364,Bad
12,0.326,1.0583469566534824,Bad
12,0.327,1.1126672405188973,Bad
12,0.328,1.4266598634797991,Bad
12,0.329,1.4538281693758441,Bad
12,0.33,0.8500445167055153,Bad
12,0.331,1.564785829897209,Bad
12,0.332,1.247485805808072,Bad
12,0.333,1.4262824441561435,Bad
12,0.334,1.570896452597851,Bad
12,0.335,1.0982864665352385,Bad
12,0.336,1.7437184286794887,Bad
12,0.337,1.3690854947169147,Bad
12,0.338,1.070680445857671,Bad
12,0.339,0.9529413848034828,Bad
12,0.34,1.1010256144271884,Bad
12,0.341,1.1486570242905498,Bad
12,0.342,1.47177901522944,Bad
12,0.343,1.3849759010235214,Bad
12,0.344,1.7591067907519993,Bad
12,0.345,1.4841133709423784,Bad
12,0.346,1.4845972650527168,Bad
12,0.347,1.2933812981663713,Bad
12,0.348,1.620473383910864,Bad
12,0.349,1.6121408523138934,Bad
12,0.35,1.597579304087911,Bad
12,0.351,1.4610504814618035,Bad
12,0.352,1.5399456946336443,Bad
12,0.353,1.1249099345819955,Bad
12,0.354,1.466792395150203,Bad
12,0.355,1.6379195058575156,Bad
12,0.356,1.3815927412712916,Bad
12,0.357,1.0590257474646363,Bad
12,0.358,1.1676738356562808,Bad
12,0.359,1.4636018462934655,Bad
12,0.36,1.549003962250094,Bad
12,0.361,1.3251615609951746,Bad
12,0.362,0.9475849782184197,Bad
12,0.363,1.3610242951739144,Bad
12,0.364,1.3984836973830994,Bad
12,0.365,0.9173295263219945,Bad
12,0.366,1.0330592482965426,Bad
12,0.367,0.936980088132169,Bad
12,0.368,1.4679990083161567,Bad
12,0.369,1.2060583437761399,Bad
12,0.37,1.0183513168363063,Bad
12,0.371,0.9886246243741592,Bad
12,0.372,0.7996224049150721,Bad
12,0.373,1.4285289383308388,Bad
12,0.374,1.269663378557384,Bad
12,0.375,0.46340595447749605,Bad
12,0.376,0.7999828047025073,Bad
12,0.377,0.4923412683838524,Bad
12,0.378,0.8051699292430661,Bad
12,0.379,0.7868244607068354,Bad
12,0.38,0.7627528982964651,Bad
12,0.381,0.6385365640509912,Bad
12,0.382,0.5269297876131748,Bad
12,0.383,0.1306169093536563,Bad
12,0.384,0.24728497290809345,Bad
12,0.385,0.25484214806429134,Bad
12,0.386,0.3727914559478717,Bad
12,0.387,-0.11831123835077981,Bad
12,0.388,0.11174453729355692,Bad
12,0.389,-0.1738220642004928,Bad
12,0.39,-0.16727144589828175,Bad
12,0.391,-0.6565196720860902,Bad
12,0.392,-0.29558836276704753,Bad
12,0.393,-0.3955709549136766,Bad
12,0.394,-0.16760941293604892,Bad
12,0.395,-0.021462311562789715,Bad
12,0.396,-0.7590896779290088,Bad
12,0.397,-0.5719569592321939,Bad
12,0.398,-0.9237605787532515,Bad
12,0.399,-1.156887133174162,Bad
12,0.4,-0.8191183559483428,Bad
12,0.401,-0.9619111960251073,Bad
12,0.402,-1.0483160220780923,Bad
12,0.403,-0.8597733982011885,Bad
12,0.404,-0.9499714181711411,Bad
12,0.405,-1.3520878137159875,Bad
12,0.406,-1.3269558848579317,Bad
12,0.407,-1.4639567114401026,Bad
12,0.408,-1.6604691060455177,Bad
12,0.409,-1.2934145872229599,Bad
12,0.41,-1.2446647750598647,Bad
12,0.411,-1.2771132097870497,Bad
12,0.412,-1.941733383896799,Bad
12,0.413,-1.1555893114348839,Bad
12,0.414,-1.1482807183861476,Bad
12,0.415,-1.847251884380341,Bad
12,0.416,-1.8412413369640224,Bad
12,0.417,-1.7828483957963286,Bad
12,0.418,-1.8926183483455654,Bad
12,0.419,-2.6778372286324243,Bad
12,0.42,-2.2354042923644966,Bad
12,0.421,-1.8928444582401442,Bad
12,0.422,-2.2306449846159495,Bad
12,0.423,-2.1926847394184312,Bad
12,0.424,-2.4707850778818137,Bad
12,0.425,-2.5433535447812754,Bad
12,0.426,-2.1948514187828936,Bad
12,0.427,-2.286966133004808,Bad
12,0.428,-2.0388806682301626,Bad
12,0.429,-2.2773804315300965,Bad
12,0.43,-2.271626116667557,Bad
12,0.431,-2.3172943170431144,Bad
12,0.432,-2.5265468223283314,Bad
12,0.433,-2.493518163959772,Bad
12,0.434,-2.870436944730505,Bad
12,0.435,-2.577035705692193,Bad
12,0.436,-3.0353711063634887,Bad
12,0.437,-2.4036464408603395,Bad
12,0.438,-2.3734671922820225,Bad
12,0.439,-2.6497089259191027,Bad
12,0.44,-2.4130557594247546,Bad
12,0.441,-2.464717197763135,Bad
12,0.442,-2.772158710622274,Bad
12,0.443,-2.2551357008785895,Bad
12,0.444,-2.5757123603326555,Bad
12,0.445,-2.065842628372732,Bad
12,0.446,-2.7607990669355935,Bad
12,0.447,-2.6693900243000277,Bad
12,0.448,-2.399381938160624,Bad
12,0.449,-2.3452105594781236,Bad
12,0.45,-2.2468899585400828,Bad
12,0.451,-2.3101321165408413,Bad
12,0.452,-2.4648854370286695,Bad
12,0.453,-2.164646232870967,Bad
12,0.454,-2.0998449788777607,Bad
12,0.455,-2.221455400042993,Bad
12,0.456,-1.6442912176488713,Bad
12,0.457,-2.2846142949383452,Bad
12,0.458,-2.0351855906891507,Bad
12,0.459,-1.547788528387312,Bad
12,0.46,-2.2217101319078614,Bad
12,0.461,-2.3223824130811175,Bad
12,0.462,-1.9918407870115649,Bad
12,0.463,-1.8279208439102685,Bad
12,0.464,-2.1019395811793355,Bad
12,0.465,-1.5972440901080014,Bad
12,0.466,-2.0374800313373163,Bad
12,0.467,-1.3834755627866464,Bad
12,0.468,-1.6483031462836453,Bad
12,0.469,-1.0905922152383234,Bad
12,0.47,-0.9258752614654474,Bad
12,0.471,-1.8379018234681446,Bad
12,0.472,-1.3689212514273745,Bad
12,0.473,-0.9738990300125523,Bad
12,0.474,-1.1032496306334771,Bad
12,0.475,-1.6247233452872263,Bad
12,0.476,-0.8976590974956571,Bad
12,0.477,-0.5923875709063764,Bad
12,0.478,-0.941020569683881,Bad
12,0.479,-0.7277182078493245,Bad
12,0.48,-0.8658192314905265,Bad
12,0.481,-0.5352225920704984,Bad
12,0.482,-1.247900297656287,Bad
12,0.483,-1.1503686415740224,Bad
12,0.484,-0.5588262169821484,Bad
12,0.485,-0.7558327716286068,Bad
12,0.486,-0.6876287874317344,Bad
12,0.487,0.1365549300686152,Bad
12,0.488,-0.7773268528442723,Bad
12,0.489,0.07771680736803299,Bad
12,0.49,-0.1936600224459296,Bad
12,0.491,-0.04300410871768212,Bad
12,0.492,-0.28176484994627937,Bad
12,0.493,-0.152505697320015,Bad
12,0.494,0.11833144493236608,Bad
12,0.495,-0.19639635396565136,Bad
12,0.496,-0.3229901892270074,Bad
12,0.497,0.2324974402832764,Bad
12,0.498,0.2218494797370424,Bad
12,0.499,0.055786158481787,Bad
12,0.5,0.24930469209026063,Bad
12,0.501,0.23749245516083345,Bad
12,0.502,0.1635989328290432,Bad
12,0.503,-0.2965445868753372,Bad
12,0.504,0.09235137891027893,Bad
12,0.505,-0.4841284674040216,Bad
12,0.506,-0.22967639645453533,Bad
12,0.507,0.36447941478116813,Bad
12,0.508,0.23564842449990286,Bad
12,0.509,-0.2161252040277185,Bad
12,0.51,-0.42088214581970834,Bad
12,0.511,0.3086610207898048,Bad
12,0.512,0.2947132123550398,Bad
12,0.513,0.08292608698596005,Bad
12,0.514,-0.5818787586005667,Bad
12,0.515,0.05711092490639483,Bad
12,0.516,0.0904013495405882,Bad
12,0.517,-0.05377858570438276,Bad
12,0.518,0.055716603380938035,Bad
12,0.519,-0.06266979486717214,Bad
12,0.52,-0.5985221474678863,Bad
12,0.521,-0.4163683707130783,Bad
12,0.522,-0.1987921121693303,Bad
12,0.523,-0.2982410537465774,Bad
12,0.524,-0.49883969781864707,Bad
12,0.525,-0.6325481806376161,Bad
12,0.526,-0.05455932066105157,Bad
12,0.527,-0.15037304687800274,Bad
12,0.528,-0.4001643082676177,Bad
12,0.529,-0.28524506308329656,Bad
12,0.53,-0.2479337524042979,Bad
12,0.531,-0.44293312997829515,Bad
12,0.532,-0.024274331536140115,Bad
12,0.533,-0.3368128886817061,Bad
12,0.534,-0.690937765694142,Bad
12,0.535,-0.5418635846175011,Bad
12,0.536,-0.9483527994426858,Bad
12,0.537,-0.8895780702065464,Bad
12,0.538,-0.8911393251444449,Bad
12,0.539,-0.9332740425901673,Bad
12,0.54,-0.4435778973881345,Bad
12,0.541,-0.784786067155922,Bad
12,0.542,-0.7303074414505053,Bad
12,0.543,-0.558535795909269,Bad
12,0.544,-0.9938697893451065,Bad
12,0.545,-1.000746272987651,Bad
12,0.546,-0.9013848615136658,Bad
12,0.547,-0.5836335712249805,Bad
12,0.548,-0.7236391033406429,Bad
12,0.549,-0.7783660847417804,Bad
12,0.55,-0.43757375100738344,Bad
12,0.551,-1.309937945893217,Bad
12,0.552,-0.7066809337088861,Bad
12,0.553,-1.4537985363832437,Bad
12,0.554,-1.3355341022533327,Bad
12,0.555,-1.0295015061644048,Bad
12,0.556,-1.0574531389911488,Bad
12,0.557,-0.9813882394444641,Bad
12,0.558,-1.1824550766857032,Bad
12,0.559,-1.1497027207452606,Bad
12,0.56,-0.868689627822088,Bad
12,0.561,-0.8886382025481937,Bad
12,0.562,-1.3029099219602305,Bad
12,0.563,-1.1182042608290341,Bad
12,0.564,-0.8589619639557462,Bad
12,0.565,-1.2495762672930981,Bad
12,0.566,-0.7710301002471978,Bad
12,0.567,-1.0717138817565468,Bad
12,0.568,-1.3533130271362594,Bad
12,0.569,-0.7674578271933348,Bad
12,0.57,-0.7230365088078328,Bad
12,0.571,-0.3392529095451243,Bad
12,0.572,-0.9200158733575016,Bad
12,0.573,-1.1630610706594107,Bad
12,0.574,-0.7953715143096398,Bad
12,0.575,-1.0670940810862608,Bad
12,0.576,-0.7277427553979032,Bad
12,0.577,-0.9245567684030908,Bad
12,0.578,-0.4403282511527882,Bad
12,0.579,-0.6766369945167452,Bad
12,0.58,-0.8796594397428664,Bad
12,0.581,-0.6411033427440986,Bad
12,0.582,-0.7186620387844639,Bad
12,0.583,-0.3630032742471406,Bad
12,0.584,-1.1317698369167364,Bad
12,0.585,-0.7231720597986602,Bad
12,0.586,-0.9184392233378244,Bad
12,0.587,-0.5880964082704904,Bad
12,0.588,-0.8718646463199896,Bad
12,0.589,-0.6905190804245656,Bad
12,0.59,-0.5387965115680758,Bad
12,0.591,-0.8155620712050196,Bad
12,0.592,-0.6181139310043476,Bad
12,0.593,-0.5786171758791369,Bad
12,0.594,-0.42501768801066303,Bad
12,0.595,-0.48779637177946567,Bad
12,0.596,-0.40393769683664416,Bad
12,0.597,-0.5841828393331339,Bad
12,0.598,-0.6092823347151912,Bad
12,0.599,-0.23786001277952024,Bad
12,0.6,-0.46691411722927834,Bad
12,0.601,-0.30326677378148115,Bad
12,0.602,-0.3125543782071089,Bad
12,0.603,-0.3564110702201747,Bad
12,0.604,-0.3991027739902395,Bad
12,0.605,-0.4338396918651623,Bad
12,0.606,-0.30195544019386444,Bad
12,0.607,-0.023870675196926094,Bad
12,0.608,-0.8565362425249629,Bad
12,0.609,-0.4099634562891814,Bad
12,0.61,-0.11970218942910721,Bad
12,0.611,-0.6912561236447922,Bad
12,0.612,-0.10260487330778612,Bad
12,0.613,-0.21845301912451137,Bad
12,0.614,-0.055225968172671946,Bad
12,0.615,-0.3416067608880309,Bad
12,0.616,-0.23238056687397418,Bad
12,0.617,-0.1442170149252871,Bad
12,0.618,-0.14788443184727118,Bad
12,0.619,0.0038241095628133714,Bad
12,0.62,0.054826027166868324,Bad
12,0.621,0.030257810676489555,Bad
12,0.622,0.23789337585503267,Bad
12,0.623,-0.3857532862012545,Bad
12,0.624,-0.4720316039087596,Bad
12,0.625,-0.2130822663257395,Bad
12,0.626,-0.1750312588339215,Bad
12,0.627,0.23429636760689912,Bad
12,0.628,-0.3238041520127106,Bad
12,0.629,0.18939248222361066,Bad
12,0.63,-0.33818369221895617,Bad
12,0.631,-0.22974137167464503,Bad
12,0.632,-0.02653696232811613,Bad
12,0.633,-0.07081409145997102,Bad
12,0.634,-0.5428943291835457,Bad
12,0.635,0.06596867123213168,Bad
12,0.636,0.007399958287261643,Bad
12,0.637,0.3262473871695115,Bad
12,0.638,0.07639956922612193,Bad
12,0.639,-0.2505174908712959,Bad
12,0.64,-0.12650785293085975,Bad
12,0.641,-0.4118472960167172,Bad
12,0.642,-0.22366801720553,Bad
12,0.643,-0.09543166609934803,Bad
12,0.644,-0.28899956165764784,Bad
12,0.645,-0.07974678695420692,Bad
12,0.646,0.26995241267732745,Bad
12,0.647,0.23323547597773692,Bad
12,0.648,0.18644477001085108,Bad
12,0.649,0.12905790956217966,Bad
12,0.65,-0.4852003023470856,Bad
12,0.651,-0.04362847174138193,Bad
12,0.652,0.31410425923644336,Bad
12,0.653,-0.1326144751100069,Bad
12,0.654,-0.2681159019549622,Bad
12,0.655,0.20848306608121053,Bad
12,0.656,0.30859115961189365,Bad
12,0.657,-0.1766761352406663,Bad
12,0.658,0.3753836911768674,Bad
12,0.659,0.5272354631207222,Bad
12,0.66,-0.42064221251677536,Bad
12,0.661,-0.34155158163346455,Bad
12,0.662,0.3133617335738717,Bad
12,0.663,0.18754751036152692,Bad
12,0.664,0.038354456946011986,Bad
12,0.665,0.09990563665093018,Bad
12,0.666,0.016600830675460112,Bad
12,0.667,0.11819765560181106,Bad
12,0.668,-0.19909609874376624,Bad
12,0.669,0.18819475154668946,Bad
12,0.67,-0.01309614721417183,Bad
12,0.671,-0.1309670279592139,Bad
12,0.672,0.0983635936180788,Bad
12,0.673,0.1708292838021728,Bad
12,0.674,0.3635403535290134,Bad
12,0.675,0.10695316244908998,Bad
12,0.676,0.18386996090260463,Bad
12,0.677,0.06102150168867508,Bad
12,0.678,0.20117709977514478,Bad
12,0.679,-0.12698613048940527,Bad
12,0.68,0.12206180520747499,Bad
12,0.681,0.22402563699036934,Bad
12,0.682,-0.31388607247756567,Bad
12,0.683,0.25882433889810136,Bad
12,0.684,0.2853298115870491,Bad
12,0.685,-0.2666955045051219,Bad
12,0.686,-0.24641680914288577,Bad
12,0.687,0.5590106068745614,Bad
12,0.688,-0.04636970434771578,Bad
12,0.689,-0.39080558460941744,Bad
12,0.69,-0.09823958663882888,Bad
12,0.691,-0.39941965751109726,Bad
12,0.692,-0.2942623816526257,Bad
12,0.693,-0.06658546872295387,Bad
12,0.694,0.043104631297200005,Bad
12,0.695,-0.7172273160365358,Bad
12,0.696,-0.7514014130977493,Bad
12,0.697,0.316170045610485,Bad
12,0.698,0.1472981572276754,Bad
12,0.699,-0.1952685482995926,Bad
12,0.7,-0.28825615282451683,Bad
12,0.701,-0.1107209991436809,Bad
12,0.702,-0.11676617379621594,Bad
12,0.703,-0.1802022281971478,Bad
12,0.704,-0.0625989258138478,Bad
12,0.705,-0.5136610154079025,Bad
12,0.706,-0.11413064750854361,Bad
12,0.707,-0.2971642911978113,Bad
12,0.708,-0.05576815435777496,Bad
12,0.709,-0.08684061783056109,Bad
12,0.71,0.12321238511268633,Bad
12,0.711,0.03240071452510935,Bad
12,0.712,0.2660907143909164,Bad
12,0.713,-0.2802752633863055,Bad
12,0.714,0.512587147675876,Bad
12,0.715,-0.43013554536722826,Bad
12,0.716,0.05406871449207293,Bad
12,0.717,0.46968333597981893,Bad
12,0.718,0.007288973717529616,Bad
12,0.719,0.06599884829125549,Bad
12,0.72,-0.09378901088865416,Bad
12,0.721,-0.5042319474795409,Bad
12,0.722,0.09351993795890236,Bad
12,0.723,-0.3285264439840656,Bad
12,0.724,0.35613470572419464,Bad
12,0.725,0.049885450128673584,Bad
12,0.726,0.29716883974272046,Bad
12,0.727,0.15548229505415506,Bad
12,0.728,-0.10399877423515724,Bad
12,0.729,-0.14816036009924227,Bad
12,0.73,-0.30922309074886994,Bad
12,0.731,0.37979927161960225,Bad
12,0.732,0.3634616347307883,Bad
12,0.733,-0.03240479730004913,Bad
12,0.734,-0.33740798386891113,Bad
12,0.735,0.003026023990419183,Bad
12,0.736,0.06943052433432553,Bad
12,0.737,0.04136220875292879,Bad
12,0.738,-0.2626637584901954,Bad
12,0.739,-0.3948826340224086,Bad
12,0.74,0.3206677172747175,Bad
12,0.741,-0.16387944858251588,Bad
12,0.742,-0.3164699669398719,Bad
12,0.743,-0.10654505930213272,Bad
12,0.744,-0.32812139120228906,Bad
12,0.745,0.004757843967174526,Bad
12,0.746,-0.08046906226886556,Bad
12,0.747,0.06204443491165193,Bad
12,0.748,-0.10435900393923306,Bad
12,0.749,0.018492952234517166,Bad
12,0.75,0.490662636046892,Bad
12,0.751,-0.17954562158195092,Bad
12,0.752,0.0038600356203538225,Bad
12,0.753,-0.21339538860083063,Bad
12,0.754,-0.09732043326208305,Bad
12,0.755,-0.1534094026565187,Bad
12,0.756,-0.28971289952938145,Bad
12,0.757,-0.13887201348739128,Bad
12,0.758,0.14513806125386292,Bad
12,0.759,0.06732353410666075,Bad
12,0.76,-0.21720425710764577,Bad
12,0.761,0.17737370316284454,Bad
12,0.762,-0.20061895007463992,Bad
12,0.763,0.0984458436845263,Bad
12,0.764,-0.2689662190245268,Bad
12,0.765,0.1706099889443411,Bad
12,0.766,-0.27697013614949395,Bad
12,0.767,-0.22911473173265778,Bad
12,0.768,-0.32557087548289476,Bad
12,0.769,0.07954697406873934,Bad
12,0.77,-0.19869754372186332,Bad
12,0.771,0.12322807937673069,Bad
12,0.772,0.3513960761727703,Bad
12,0.773,0.29049539290909465,Bad
12,0.774,0.2597239001542092,Bad
12,0.775,-0.14959606444848156,Bad
12,0.776,0.3738170292837276,Bad
12,0.777,-0.057396573282283744,Bad
12,0.778,-0.06996820372469427,Bad
12,0.779,0.01957924156672868,Bad
12,0.78,-0.15147719569095952,Bad
12,0.781,-0.11233549655690689,Bad
12,0.782,-0.09235849890989509,Bad
12,0.783,-0.08309679062161368,Bad
12,0.784,0.37609087994047397,Bad
12,0.785,0.2728267120719296,Bad
12,0.786,-0.7563966988926141,Bad
12,0.787,-0.179341398402041,Bad
12,0.788,0.1209194852206004,Bad
12,0.789,0.34769551782748864,Bad
12,0.79,0.0883760904417832,Bad
12,0.791,-0.5790106135129779,Bad
12,0.792,-0.37176336920113945,Bad
12,0.793,0.24549863221048032,Bad
12,0.794,0.3497022095210262,Bad
12,0.795,0.35308618971843964,Bad
12,0.796,-0.17348116378521414,Bad
12,0.797,-0.08785228776004858,Bad
12,0.798,-0.05905566435740784,Bad
12,0.799,-0.2139417427719041,Bad
12,0.8,-0.09672247995483514,Bad
12,0.801,0.07215227424039164,Bad
12,0.802,0.13633592453986837,Bad
12,0.803,0.40030250685892316,Bad
12,0.804,0.2286082795900915,Bad
12,0.805,-0.11832020050260168,Bad
12,0.806,0.06376294215154411,Bad
12,0.807,-0.5247174031048579,Bad
12,0.808,-0.15843783689162463,Bad
12,0.809,0.1409357731268866,Bad
12,0.81,0.12737909796618047,Bad
12,0.811,0.0847602307388101,Bad
12,0.812,-0.21028364270138078,Bad
12,0.813,-0.24560165907193549,Bad
12,0.814,-0.2819718489323319,Bad
12,0.815,0.10832995403325929,Bad
12,0.816,-0.1130326570441365,Bad
12,0.817,0.4584961854768569,Bad
12,0.818,-0.48258720888062606,Bad
12,0.819,-0.406128016144086,Bad
12,0.82,0.11622420091190797,Bad
12,0.821,-0.141023664837015,Bad
12,0.822,-0.22277652726071956,Bad
12,0.823,-0.015685076682740193,Bad
12,0.824,-0.3734639868604471,Bad
12,0.825,0.24640652305884353,Bad
12,0.826,0.0047822078619531245,Bad
12,0.827,0.12106141047566858,Bad
12,0.828,-0.07012109982139642,Bad
12,0.829,0.016416876871530248,Bad
12,0.83,0.5298674285485723,Bad
12,0.831,0.13928233289660066,Bad
12,0.832,0.40175206597081786,Bad
12,0.833,0.10790844206366661,Bad
12,0.834,0.3867758176610757,Bad
12,0.835,-0.14993710613429154,Bad
12,0.836,-0.12875331951169156,Bad
12,0.837,0.027413189918646035,Bad
12,0.838,0.000178074718497169,Bad
12,0.839,0.08580837031384785,Bad
12,0.84,0.17100075564924516,Bad
12,0.841,0.20579330423096046,Bad
12,0.842,0.11862708339592515,Bad
12,0.843,-0.06376615315051723,Bad
12,0.844,0.14892375434883715,Bad
12,0.845,0.13910157458180825,Bad
12,0.846,-0.23905677055672153,Bad
12,0.847,-0.1208463094241028,Bad
12,0.848,0.31114292316706316,Bad
12,0.849,0.07798170612126754,Bad
12,0.85,0.41629123019179975,Bad
12,0.851,-0.34024625944034637,Bad
12,0.852,-0.24236707651840417,Bad
12,0.853,-0.2471959354297922,Bad
12,0.854,0.2030935466079416,Bad
12,0.855,-0.14181135630503652,Bad
12,0.856,-0.26200027469319886,Bad
12,0.857,-0.205833679614238,Bad
12,0.858,0.18397909773546933,Bad
12,0.859,-0.6073420255298276,Bad
12,0.86,-0.2611800183396305,Bad
12,0.861,0.21624744072805258,Bad
12,0.862,-0.983706034790182,Bad
12,0.863,0.04258983178565056,Bad
12,0.864,-0.19648723802743176,Bad
12,0.865,-0.25782297732341874,Bad
12,0.866,-0.3350519413649726,Bad
12,0.867,0.18323937435044862,Bad
12,0.868,-0.28602512220688237,Bad
12,0.869,-0.09407558786217278,Bad
12,0.87,0.3262471459681353,Bad
12,0.871,-0.6607387918625822,Bad
12,0.872,0.09902110788621785,Bad
12,0.873,-0.24665910815858638,Bad
12,0.874,-0.2488456322590704,Bad
12,0.875,0.32746684790575836,Bad
12,0.876,-0.2611366578203602,Bad
12,0.877,-0.18370512610514114,Bad
12,0.878,-0.04073859233636745,Bad
12,0.879,0.22209787269744188,Bad
12,0.88,0.5745828755442636,Bad
12,0.881,-0.2620390680242991,Bad
12,0.882,0.004223069680491965,Bad
12,0.883,0.17258421477323818,Bad
12,0.884,-0.1907482386094561,Bad
12,0.885,-0.22662185069038882,Bad
12,0.886,-0.18677332855814066,Bad
12,0.887,-0.25025257272458323,Bad
12,0.888,0.0036428750164784387,Bad
12,0.889,0.006968348545178616,Bad
12,0.89,-0.17904979966806372,Bad
12,0.891,0.007785189989877151,Bad
12,0.892,0.13370092270217643,Bad
12,0.893,0.23314966845806084,Bad
12,0.894,0.5353557437363258,Bad
12,0.895,0.03378136451667595,Bad
12,0.896,0.04831781033920355,Bad
12,0.897,0.08969370815197673,Bad
12,0.898,-0.1908972387622384,Bad
12,0.899,0.462319415286233,Bad
12,0.9,0.10490438893331795,Bad
12,0.901,-0.058153898166975936,Bad
12,0.902,-0.023499310239320215,Bad
12,0.903,-0.469807307876855,Bad
12,0.904,0.08725350971967318,Bad
12,0.905,0.14019151606452346,Bad
12,0.906,0.16094829213139036,Bad
12,0.907,-0.17697584968131638,Bad
12,0.908,-0.6310868527696089,Bad
12,0.909,-0.1178750249768435,Bad
12,0.91,0.5398328369390725,Bad
12,0.911,-0.23059495268963717,Bad
12,0.912,-0.0049272948626199005,Bad
12,0.913,-0.44081107821597126,Bad
12,0.914,0.1914107911228042,Bad
12,0.915,0.18595893259311014,Bad
12,0.916,-0.10115375232714442,Bad
12,0.917,-0.7259200214151804,Bad
12,0.918,0.1464907224640443,Bad
12,0.919,0.45366467081501305,Bad
12,0.92,0.5724139537016819,Bad
12,0.921,0.6032020251845109,Bad
12,0.922,-0.08701732291695138,Bad
12,0.923,-0.40725309001725896,Bad
12,0.924,0.33927041809720665,Bad
12,0.925,0.027359213373278946,Bad
12,0.926,0.5769374275822643,Bad
12,0.927,0.00764533762225229,Bad
12,0.928,-0.051829980296380876,Bad
12,0.929,0.14151119072754892,Bad
12,0.93,-0.3358602982125937,Bad
12,0.931,-0.05402271959984023,Bad
12,0.932,-0.27060952095728963,Bad
12,0.933,-0.302618312538884,Bad
12,0.934,0.1143839380785617,Bad
12,0.935,-0.22463533474785974,Bad
12,0.936,0.12584408218470836,Bad
12,0.937,0.156027212014228,Bad
12,0.938,-0.2523943325016872,Bad
12,0.939,0.4320053844095437,Bad
12,0.94,0.4358531563634148,Bad
12,0.941,0.3076047148563842,Bad
12,0.942,0.011063122879579742,Bad
12,0.943,-0.14571522621265207,Bad
12,0.944,0.12290511897883129,Bad
12,0.945,-0.12215931080777888,Bad
12,0.946,0.3715014403879135,Bad
12,0.947,-0.34580819838216953,Bad
12,0.948,-0.024694263002118744,Bad
12,0.949,-0.668938303699769,Bad
12,0.95,-0.1377461698842658,Bad
12,0.951,0.09183373425189338,Bad
12,0.952,-0.22019428895441404,Bad
12,0.953,-0.09670359961366157,Bad
12,0.954,0.3231306802577702,Bad
12,0.955,-0.11511702674572474,Bad
12,0.956,0.13030108274906932,Bad
12,0.957,0.07913348595460386,Bad
12,0.958,-0.014680526704229604,Bad
12,0.959,-0.11229065232009103,Bad
12,0.96,-0.2686919602665322,Bad
12,0.961,0.0835386307405496,Bad
12,0.962,0.17814839704182692,Bad
12,0.963,0.25426682528608535,Bad
12,0.964,-0.03670276703742989,Bad
12,0.965,0.012219075402838567,Bad
12,0.966,-0.21345358939006465,Bad
12,0.967,0.1874784139826727,Bad
12,0.968,-0.12484735950516206,Bad
12,0.969,0.6540774390119665,Bad
12,0.97,-0.45429204987838406,Bad
12,0.971,-0.1323874637793957,Bad
12,0.972,0.2485692294105988,Bad
12,0.973,0.021961247479355364,Bad
12,0.974,-0.29399143525108284,Bad
12,0.975,0.1615653036862475,Bad
12,0.976,0.3004869426417567,Bad
12,0.977,-0.10601245678635428,Bad
12,0.978,-0.2699899973694473,Bad
12,0.979,-0.14742698410780364,Bad
12,0.98,0.32484483655212204,Bad
12,0.981,-0.1546523393318989,Bad
12,0.982,-0.043493075460139474,Bad
12,0.983,0.023738257408596662,Bad
12,0.984,0.0937569670540955,Bad
12,0.985,-0.07783923859651418,Bad
12,0.986,0.05318237080168867,Bad
12,0.987,0.22239200021182545,Bad
12,0.988,-0.014891325417472871,Bad
12,0.989,0.5601755120052044,Bad
12,0.99,-0.14621124211278388,Bad
12,0.991,0.3152263178719681,Bad
12,0.992,0.04465782125644347,Bad
12,0.993,0.18068396447600152,Bad
12,0.994,-0.2940793405904806,Bad
12,0.995,-0.08624849626403372,Bad
12,0.996,-0.19894980723721017,Bad
12,0.997,-0.3109243068125007,Bad
12,0.998,-0.07581130537122434,Bad
12,0.999,-0.18572063578993267,Bad
13,0.0,-0.17359424663771073,Bad
13,0.001,-0.1814671537180919,Bad
13,0.002,0.048430636779642156,Bad
13,0.003,-0.02014180315759258,Bad
13,0.004,0.21874347705688602,Bad
13,0.005,-0.01640642662533682,Bad
13,0.006,-0.2772899942777142,Bad
13,0.007,-0.6131980986221516,Bad
13,0.008,0.1843015436681818,Bad
13,0.009,-0.26170900246261936,Bad
13,0.01,0.49457419375112494,Bad
13,0.011,-0.07448066905870115,Bad
13,0.012,-0.1364768859678361,Bad
13,0.013,-0.5281405363298693,Bad
13,0.014,0.24608921408731987,Bad
13,0.015,0.020933572266281567,Bad
13,0.016,0.017170000414590766,Bad
13,0.017,0.1703904835917174,Bad
13,0.018,0.10065818364872471,Bad
13,0.019,0.13217909960163018,Bad
13,0.02,0.2884457078551319,Bad
13,0.021,0.20754254014747409,Bad
13,0.022,0.09243087913181809,Bad
13,0.023,0.12299069460957984,Bad
13,0.024,0.5659435911600802,Bad
13,0.025,0.2872288384426821,Bad
13,0.026,-0.08874171855783583,Bad
13,0.027,0.09437862258807633,Bad
13,0.028,0.05961245861885824,Bad
13,0.029,0.03768209925938157,Bad
13,0.03,-0.15026758857097705,Bad
13,0.031,-0.20614238765251386,Bad
13,0.032,0.3493387170155703,Bad
13,0.033,0.035696204014468824,Bad
13,0.034,0.2808080161347428,Bad
13,0.035,-0.24404120801632925,Bad
13,0.036,-0.22458169671275485,Bad
13,0.037,0.17166816191726356,Bad
13,0.038,-0.024456896031108073,Bad
13,0.039,0.06028073024506199,Bad
13,0.04,-0.12375767880415293,Bad
13,0.041,-0.12633550228974896,Bad
13,0.042,0.02414828787083289,Bad
13,0.043,-0.18109841082366782,Bad
13,0.044,0.05320190446369895,Bad
13,0.045,-0.18288342210294842,Bad
13,0.046,-0.2531916976326669,Bad
13,0.047,-0.18614350920635786,Bad
13,0.048,-0.03462768292951215,Bad
13,0.049,0.27761494769085343,Bad
13,0.05,-0.49759348660213465,Bad
13,0.051,0.3006900704316904,Bad
13,0.052,-0.446450866115009,Bad
13,0.053,0.6021767684475665,Bad
13,0.054,-0.1644975874350467,Bad
13,0.055,-0.3463436179568194,Bad
13,0.056,0.006405404525371726,Bad
13,0.057,0.18246091117735025,Bad
13,0.058,-0.39180667293418037,Bad
13,0.059,-0.01340549983580496,Bad
13,0.06,0.04821269716829944,Bad
13,0.061,-0.041094239995298376,Bad
13,0.062,-0.11613414261342386,Bad
13,0.063,0.18546715423082122,Bad
13,0.064,-0.09230578944284544,Bad
13,0.065,0.21197270860773842,Bad
13,0.066,0.03868215247472456,Bad
13,0.067,-0.018546189530035926,Bad
13,0.068,0.029248730983508987,Bad
13,0.069,0.019506385134040027,Bad
13,0.07,-0.09870769898301758,Bad
13,0.071,0.014627137437463305,Bad
13,0.072,0.08368343077734271,Bad
13,0.073,-0.4243079334862159,Bad
13,0.074,-0.11549705521229423,Bad
13,0.075,-0.11884489142777135,Bad
13,0.076,-0.40053039371508486,Bad
13,0.077,0.36901774669364,Bad
13,0.078,0.001738542665878174,Bad
13,0.079,-0.08774672299232358,Bad
13,0.08,0.04653417985297822,Bad
13,0.081,0.22905311175366183,Bad
13,0.082,-0.8637230512018585,Bad
13,0.083,0.3208640262803378,Bad
13,0.084,-0.18882164860772965,Bad
13,0.085,-0.34994644438416594,Bad
13,0.086,0.07771529721370782,Bad
13,0.087,-0.2568784747585409,Bad
13,0.088,-0.23814479443273737,Bad
13,0.089,-0.009630056845662434,Bad
13,0.09,-0.19474865362324928,Bad
13,0.091,-0.013693921434473778,Bad
13,0.092,-0.23710283278975766,Bad
13,0.093,0.2732177128638912,Bad
13,0.094,0.20397947828722748,Bad
13,0.095,-0.11802059656709642,Bad
13,0.096,0.09424022280264238,Bad
13,0.097,0.11483564444704014,Bad
13,0.098,0.06908339242337347,Bad
13,0.099,-0.020471259950670874,Bad
13,0.1,-0.37957639234350754,Bad
13,0.101,0.1786755754231137,Bad
13,0.102,0.06833389765970829,Bad
13,0.103,-0.0033790961511256934,Bad
13,0.104,-0.23065652336600156,Bad
13,0.105,-0.10606409493171891,Bad
13,0.106,0.03533075477503747,Bad
13,0.107,0.09576560291978624,Bad
13,0.108,-0.26322416804997956,Bad
13,0.109,-0.49006428918126754,Bad
13,0.11,0.18524661595137892,Bad
13,0.111,-0.21461381597267615,Bad
13,0.112,0.19971759178276263,Bad
13,0.113,-0.18839989067134205,Bad
13,0.114,-0.6865238656367609,Bad
13,0.115,0.21077553644925504,Bad
13,0.116,-0.37628549059237204,Bad
13,0.117,0.22930963935989954,Bad
13,0.118,0.012134603620684546,Bad
13,0.119,0.31529783649983617,Bad
13,0.12,-0.01959807627024838,Bad
13,0.121,0.2614990790488373,Bad
13,0.122,0.012136161447888628,Bad
13,0.123,0.2324532066768506,Bad
13,0.124,-0.08668428189368776,Bad
13,0.125,-0.063547003654237,Bad
13,0.126,-0.16689810507433817,Bad
13,0.127,-0.05276570598134833,Bad
13,0.128,0.10529517194310485,Bad
13,0.129,0.08422115830743987,Bad
13,0.13,-0.14085499770920096,Bad
13,0.131,-0.1244086444842423,Bad
13,0.132,-0.2588442564148398,Bad
13,0.133,-0.09199230962426914,Bad
13,0.134,-0.17771005182232397,Bad
13,0.135,-0.06371687791514444,Bad
13,0.136,-0.5003063152565934,Bad
13,0.137,-0.5557144769556406,Bad
13,0.138,-0.2723306860088741,Bad
13,0.139,-0.2608880295361505,Bad
13,0.14,-0.37976252455843196,Bad
13,0.141,0.17426853885726237,Bad
13,0.142,0.027921287988523974,Bad
13,0.143,-0.043681637900287215,Bad
13,0.144,0.07591139041080372,Bad
13,0.145,-0.34406737283358946,Bad
13,0.146,0.14847248538654056,Bad
13,0.147,-0.2936746070702825,Bad
13,0.148,0.06165920354530449,Bad
13,0.149,-0.25641697187070445,Bad
13,0.15,-0.1605049424941409,Bad
13,0.151,-0.10005980650452519,Bad
13,0.152,-0.5408685649451386,Bad
13,0.153,-0.09483255055669843,Bad
13,0.154,-0.14793430249112965,Bad
13,0.155,-0.23241142878238594,Bad
13,0.156,0.20801280678154604,Bad
13,0.157,0.049204796231143766,Bad
13,0.158,-0.24911963674435092,Bad
13,0.159,-0.11829046303730112,Bad
13,0.16,-0.18926592217839233,Bad
13,0.161,-0.18857564210890942,Bad
13,0.162,-0.20124400171129325,Bad
13,0.163,-0.4204671882251638,Bad
13,0.164,-0.32784306164347504,Bad
13,0.165,0.0432958001981798,Bad
13,0.166,-0.6017418978321252,Bad
13,0.167,-0.08109382927523917,Bad
13,0.168,0.29856307247395536,Bad
13,0.169,-0.9294656909730403,Bad
13,0.17,-0.29920855253427625,Bad
13,0.171,-0.6438512038950044,Bad
13,0.172,-0.1901605772781758,Bad
13,0.173,-0.5171367960633122,Bad
13,0.174,-0.5506629700357677,Bad
13,0.175,-0.30345128013377387,Bad
13,0.176,-0.5644626662033636,Bad
13,0.177,-0.1791664972471788,Bad
13,0.178,-0.5199552354566334,Bad
13,0.179,-0.09165393116948406,Bad
13,0.18,-0.2037590335633675,Bad
13,0.181,-0.40200847154762875,Bad
13,0.182,-0.5212284736002978,Bad
13,0.183,-0.16713259471191205,Bad
13,0.184,-0.5304999701773149,Bad
13,0.185,-0.5073939887697906,Bad
13,0.186,-0.5718703571592141,Bad
13,0.187,-0.5627892305415713,Bad
13,0.188,-0.5057006862636969,Bad
13,0.189,-0.6066943835680266,Bad
13,0.19,-0.8489181130077273,Bad
13,0.191,-0.5085800520897116,Bad
13,0.192,-0.9313907756707901,Bad
13,0.193,-1.1114188379194039,Bad
13,0.194,-0.9085145682022405,Bad
13,0.195,-0.7225682950442213,Bad
13,0.196,-0.6275070578853862,Bad
13,0.197,-0.4806776827764108,Bad
13,0.198,-0.7866405294423592,Bad
13,0.199,-0.8062335570711424,Bad
13,0.2,-0.9888112821736955,Bad
13,0.201,-0.4934696733469385,Bad
13,0.202,-0.7984977330274703,Bad
13,0.203,-1.5784739676623225,Bad
13,0.204,-1.3663278362159352,Bad
13,0.205,-1.2683265417679732,Bad
13,0.206,-1.0412236958421153,Bad
13,0.207,-0.8641647979892024,Bad
13,0.208,-1.5240671150606555,Bad
13,0.209,-1.204897942295568,Bad
13,0.21,-0.8736555440516438,Bad
13,0.211,-0.9108550909549378,Bad
13,0.212,-1.0793435363598451,Bad
13,0.213,-1.3080399584250162,Bad
13,0.214,-0.9208811525227454,Bad
13,0.215,-1.3142741433117158,Bad
13,0.216,-1.3357616041075153,Bad
13,0.217,-1.4329633420557628,Bad
13,0.218,-1.1983239070256193,Bad
13,0.219,-0.9707837709188107,Bad
13,0.22,-1.0770697877291,Bad
13,0.221,-1.440797139099141,Bad
13,0.222,-1.3311703226921605,Bad
13,0.223,-1.1681842096174893,Bad
13,0.224,-1.174617134190994,Bad
13,0.225,-1.4779192994598114,Bad
13,0.226,-1.479497058193562,Bad
13,0.227,-1.3516205204092715,Bad
13,0.228,-1.9130063950728728,Bad
13,0.229,-1.4007185237518462,Bad
13,0.23,-1.3777079461113138,Bad
13,0.231,-1.708222472025867,Bad
13,0.232,-1.8390105155656533,Bad
13,0.233,-1.3262009056509525,Bad
13,0.234,-1.5870244090209662,Bad
13,0.235,-1.5707887980547417,Bad
13,0.236,-1.589876801373578,Bad
13,0.237,-1.6760639977239806,Bad
13,0.238,-1.6001704527980403,Bad
13,0.239,-1.6554626795201988,Bad
13,0.24,-1.690630284330198,Bad
13,0.241,-1.2961154488389885,Bad
13,0.242,-1.4845195235556299,Bad
13,0.243,-1.3259992707536652,Bad
13,0.244,-1.780980092181758,Bad
13,0.245,-1.9185689881004184,Bad
13,0.246,-1.5026735759490928,Bad
13,0.247,-1.7048042790580478,Bad
13,0.248,-2.1066203271243698,Bad
13,0.249,-1.4311512139679368,Bad
13,0.25,-1.5161189911365447,Bad
13,0.251,-1.4588502275441635,Bad
13,0.252,-2.435622919632417,Bad
13,0.253,-1.5196672857861349,Bad
13,0.254,-1.6214186402293882,Bad
13,0.255,-1.8285348120828135,Bad
13,0.256,-1.3238592223209482,Bad
13,0.257,-1.5794209832761221,Bad
13,0.258,-1.5363252923678636,Bad
13,0.259,-1.7129920243947587,Bad
13,0.26,-1.328589993718879,Bad
13,0.261,-1.9905772663460455,Bad
13,0.262,-1.7830388052305608,Bad
13,0.263,-1.7184329761079815,Bad
13,0.264,-1.5798499061573525,Bad
13,0.265,-1.6938436806958477,Bad
13,0.266,-1.3311410696205248,Bad
13,0.267,-2.0508346834533664,Bad
13,0.268,-1.761330281775547,Bad
13,0.269,-1.7001995254611888,Bad
13,0.27,-1.4903620278267158,Bad
13,0.271,-1.6755719738761128,Bad
13,0.272,-1.423480071149945,Bad
13,0.273,-1.4634205513920375,Bad
13,0.274,-1.7378463512261175,Bad
13,0.275,-0.9412730386708124,Bad
13,0.276,-1.4632063597430682,Bad
13,0.277,-1.2822245985296066,Bad
13,0.278,-0.9601514769027795,Bad
13,0.279,-0.9994092216316544,Bad
13,0.28,-0.7821309487363308,Bad
13,0.281,-1.1935542343509336,Bad
13,0.282,-0.8824418908363039,Bad
13,0.283,-1.1305538958965968,Bad
13,0.284,-1.40558254466107,Bad
13,0.285,-1.0172048188655551,Bad
13,0.286,-0.6791974746542813,Bad
13,0.287,-0.9092983338613799,Bad
13,0.288,-0.5954268392454709,Bad
13,0.289,-0.9182539549831433,Bad
13,0.29,-0.7876976706445394,Bad
13,0.291,-0.6871166823245758,Bad
13,0.292,-0.9953727518946831,Bad
13,0.293,-0.8471818420705113,Bad
13,0.294,-0.9078138979052474,Bad
13,0.295,-0.23661784890121706,Bad
13,0.296,-0.213697264655058,Bad
13,0.297,-0.4528126623280054,Bad
13,0.298,-0.310169262382039,Bad
13,0.299,-0.28445695394962356,Bad
13,0.3,-0.24567649856193075,Bad
13,0.301,-0.3357919870216138,Bad
13,0.302,-0.21925361217806705,Bad
13,0.303,0.00409192040630979,Bad
13,0.304,0.0335877920101863,Bad
13,0.305,0.29120266034068454,Bad
13,0.306,-0.10731953729423536,Bad
13,0.307,-0.16521975416079177,Bad
13,0.308,0.5460575853256474,Bad
13,0.309,0.24057479213706262,Bad
13,0.31,-0.34214643416466306,Bad
13,0.311,0.6109414551666825,Bad
13,0.312,0.7510725098860707,Bad
13,0.313,0.5203458471642911,Bad
13,0.314,0.5139929338662573,Bad
13,0.315,0.4519122615829577,Bad
13,0.316,0.38184505584708966,Bad
13,0.317,0.49085351710916014,Bad
13,0.318,1.0618419311799818,Bad
13,0.319,0.5818764830328631,Bad
13,0.32,0.4488193369705306,Bad
13,0.321,0.9273154661684133,Bad
13,0.322,0.41014345954024933,Bad
13,0.323,0.704230933845736,Bad
13,0.324,0.5793611841394152,Bad
13,0.325,1.0463453469907182,Bad
13,0.326,0.9117525834280359,Bad
13,0.327,1.1443565228565495,Bad
13,0.328,1.0230036006667975,Bad
13,0.329,1.4241856731904674,Bad
13,0.33,1.285280872844758,Bad
13,0.331,1.0518034555013809,Bad
13,0.332,1.3042998350005535,Bad
13,0.333,0.882654544037033,Bad
13,0.334,1.3770695859343873,Bad
13,0.335,1.0158319440278722,Bad
13,0.336,1.6029580204737242,Bad
13,0.337,1.3209967595240075,Bad
13,0.338,1.291222645312895,Bad
13,0.339,1.1572919605222411,Bad
13,0.34,1.6418724043599142,Bad
13,0.341,1.243584799669885,Bad
13,0.342,1.4503364703053332,Bad
13,0.343,1.315298516224481,Bad
13,0.344,1.3638724825113193,Bad
13,0.345,1.4312246209809207,Bad
13,0.346,1.7148507381809932,Bad
13,0.347,1.4747418948807005,Bad
13,0.348,1.8006346917570861,Bad
13,0.349,1.4196303944946236,Bad
13,0.35,1.4374326036403715,Bad
13,0.351,1.0721535647307892,Bad
13,0.352,1.316029678902026,Bad
13,0.353,1.2507882119563203,Bad
13,0.354,1.1074328143280752,Bad
13,0.355,1.4009062351136683,Bad
13,0.356,1.343253666412187,Bad
13,0.357,1.2026303565841432,Bad
13,0.358,0.8124604898969947,Bad
13,0.359,1.1151605104657742,Bad
13,0.36,1.3472754360378973,Bad
13,0.361,1.6792776696528917,Bad
13,0.362,1.0366028925919026,Bad
13,0.363,1.0779183915835235,Bad
13,0.364,0.72901341684121,Bad
13,0.365,1.2363700062467597,Bad
13,0.366,1.290232117467075,Bad
13,0.367,1.042600319415532,Bad
13,0.368,0.8918405780552094,Bad
13,0.369,1.3341576039018817,Bad
13,0.37,1.2866036752830334,Bad
13,0.371,0.8887410024356076,Bad
13,0.372,0.6750430813517208,Bad
13,0.373,0.8834787665603903,Bad
13,0.374,0.8592591283993707,Bad
13,0.375,0.7970577165507869,Bad
13,0.376,0.7529475827746236,Bad
13,0.377,0.5585451063943848,Bad
13,0.378,0.31913712219796025,Bad
13,0.379,0.7635951134333762,Bad
13,0.38,0.3393639721307429,Bad
13,0.381,0.7151880963148098,Bad
13,0.382,0.4454992922282872,Bad
13,0.383,0.3651143426156266,Bad
13,0.384,0.685771349732957,Bad
13,0.385,0.1439052917700022,Bad
13,0.386,0.2796138564502033,Bad
13,0.387,0.6600091582058292,Bad
13,0.388,-0.033103821560989496,Bad
13,0.389,-0.3351762948113362,Bad
13,0.39,-0.03096050329469653,Bad
13,0.391,-3.384632467559601e-05,Bad
13,0.392,-0.3825559416722491,Bad
13,0.393,-0.09224897060630743,Bad
13,0.394,-0.4134906394201547,Bad
13,0.395,-0.44697436608777047,Bad
13,0.396,-0.7566427138333246,Bad
13,0.397,-0.23974998876436382,Bad
13,0.398,-0.9629777198472242,Bad
13,0.399,-0.7349363653366788,Bad
13,0.4,-0.6858621096884412,Bad
13,0.401,-0.5491898897325501,Bad
13,0.402,-1.252663185278212,Bad
13,0.403,-0.7394604129791624,Bad
13,0.404,-0.9451038606378639,Bad
13,0.405,-1.1584559926206843,Bad
13,0.406,-1.878920423672574,Bad
13,0.407,-1.2548344096793773,Bad
13,0.408,-1.2979670048898446,Bad
13,0.409,-1.2893089355573095,Bad
13,0.41,-1.4985299125794491,Bad
13,0.411,-1.864730679221311,Bad
13,0.412,-1.3047768757445024,Bad
13,0.413,-1.787433530417792,Bad
13,0.414,-1.3979483911101214,Bad
13,0.415,-1.9978990710928106,Bad
13,0.416,-1.9120163464402964,Bad
13,0.417,-1.7764304383228235,Bad
13,0.418,-1.9285594150258127,Bad
13,0.419,-2.068955385021562,Bad
13,0.42,-2.1607356251283885,Bad
13,0.421,-2.4730495223391316,Bad
13,0.422,-1.738686969874306,Bad
13,0.423,-1.7371223530899313,Bad
13,0.424,-2.1276524190518,Bad
13,0.425,-2.35640958779268,Bad
13,0.426,-2.1744958759340305,Bad
13,0.427,-2.4319891527473327,Bad
13,0.428,-2.318453652575537,Bad
13,0.429,-2.765957460250244,Bad
13,0.43,-2.30297491535474,Bad
13,0.431,-2.3335724935260855,Bad
13,0.432,-2.660899048616602,Bad
13,0.433,-2.949601309106774,Bad
13,0.434,-2.634292833496875,Bad
13,0.435,-2.3807467969223524,Bad
13,0.436,-2.0992592379867574,Bad
13,0.437,-2.4194648082430903,Bad
13,0.438,-2.300143251734192,Bad
13,0.439,-2.3727810397742686,Bad
13,0.44,-3.027297263693765,Bad
13,0.441,-2.418014499066481,Bad
13,0.442,-2.686207188743641,Bad
13,0.443,-2.7083166101680636,Bad
13,0.444,-2.560541001548668,Bad
13,0.445,-2.391611125133189,Bad
13,0.446,-2.8487982129872753,Bad
13,0.447,-2.5309158723551484,Bad
13,0.448,-2.1514080025585,Bad
13,0.449,-2.731876620855018,Bad
13,0.45,-2.9678358790208255,Bad
13,0.451,-2.847911403147364,Bad
13,0.452,-2.496352304799024,Bad
13,0.453,-2.644907406216283,Bad
13,0.454,-2.1039994353613864,Bad
13,0.455,-1.7752944021978554,Bad
13,0.456,-2.0687357409856912,Bad
13,0.457,-2.1379941089580092,Bad
13,0.458,-2.4379881993727133,Bad
13,0.459,-1.8792102645776745,Bad
13,0.46,-2.309085921829907,Bad
13,0.461,-1.6545099504196616,Bad
13,0.462,-2.2418845407324612,Bad
13,0.463,-1.7477201520507084,Bad
13,0.464,-2.0161453046496445,Bad
13,0.465,-1.4863728908284628,Bad
13,0.466,-1.807545846714217,Bad
13,0.467,-1.7069362529010175,Bad
13,0.468,-0.9532594243963141,Bad
13,0.469,-2.268145432003575,Bad
13,0.47,-1.1819258043451581,Bad
13,0.471,-1.3940842660841506,Bad
13,0.472,-1.1523403860375383,Bad
13,0.473,-1.526463380865286,Bad
13,0.474,-1.404014236766947,Bad
13,0.475,-0.8791717822564729,Bad
13,0.476,-1.040828219547274,Bad
13,0.477,-1.148579729215071,Bad
13,0.478,-1.1873921875979172,Bad
13,0.479,-1.2527433525000957,Bad
13,0.48,-0.9923771822931057,Bad
13,0.481,-0.713668648396536,Bad
13,0.482,-0.7820236852302788,Bad
13,0.483,-0.737555763525448,Bad
13,0.484,-0.899725779619613,Bad
13,0.485,-0.6641924902898688,Bad
13,0.486,-0.5661711550953085,Bad
13,0.487,-0.5454522300249455,Bad
13,0.488,-0.5579243420784594,Bad
13,0.489,-0.3262338081459474,Bad
13,0.49,-0.5725030937371792,Bad
13,0.491,-0.31432139173741186,Bad
13,0.492,-0.07379391528799464,Bad
13,0.493,-0.29364802105505877,Bad
13,0.494,-0.20625920844328044,Bad
13,0.495,0.11354274505434708,Bad
13,0.496,-0.03477229106853369,Bad
13,0.497,0.15599781654446776,Bad
13,0.498,0.1255780337652859,Bad
13,0.499,-0.02760441629971501,Bad
13,0.5,0.14200694376572034,Bad
13,0.501,-0.5010744888045126,Bad
13,0.502,-0.21405657258452102,Bad
13,0.503,-0.21972637659086794,Bad
13,0.504,0.30886800246038176,Bad
13,0.505,-0.63639685255233,Bad
13,0.506,0.061046356285795245,Bad
13,0.507,-0.20646310896810474,Bad
13,0.508,-0.0768990760256026,Bad
13,0.509,-0.5404793792190331,Bad
13,0.51,-0.14387607190452895,Bad
13,0.511,-0.21508879338313996,Bad
13,0.512,-0.0001721422841061311,Bad
13,0.513,0.06374759782091712,Bad
13,0.514,-0.5113392709090789,Bad
13,0.515,0.21119699775259704,Bad
13,0.516,-0.09475435966666915,Bad
13,0.517,-0.23218422067764927,Bad
13,0.518,-0.7148574559374012,Bad
13,0.519,-0.17948435994431355,Bad
13,0.52,-0.17163375549649515,Bad
13,0.521,-0.17317584404092878,Bad
13,0.522,-0.5076982855815441,Bad
13,0.523,-0.16108086842095487,Bad
13,0.524,-0.23435367443203947,Bad
13,0.525,-0.5161461568117592,Bad
13,0.526,-0.6221752322267733,Bad
13,0.527,-0.292707506916926,Bad
13,0.528,-0.710145227088099,Bad
13,0.529,-0.025959499577498546,Bad
13,0.53,-0.37108427769307983,Bad
13,0.531,-0.2059023145955059,Bad
13,0.532,-0.6518829295837334,Bad
13,0.533,-0.5673052167841335,Bad
13,0.534,-0.27601782589847357,Bad
13,0.535,-0.905930983565254,Bad
13,0.536,-0.7355681945269541,Bad
13,0.537,-0.6750520830051129,Bad
13,0.538,-0.614691366197303,Bad
13,0.539,-0.5850105770974783,Bad
13,0.54,-0.6150975538524324,Bad
13,0.541,-0.8948721848636074,Bad
13,0.542,-0.7451569804929646,Bad
13,0.543,-0.8513375090575341,Bad
13,0.544,-1.0304369759595362,Bad
13,0.545,-0.9887197838574443,Bad
13,0.546,-0.5706155169565843,Bad
13,0.547,-0.6056283428500204,Bad
13,0.548,-0.7645907583910191,Bad
13,0.549,-1.0287820434459285,Bad
13,0.55,-0.9471768925651939,Bad
13,0.551,-0.9638741781618031,Bad
13,0.552,-0.8674118808067286,Bad
13,0.553,-0.5632337604097348,Bad
13,0.554,-0.9943463378360151,Bad
13,0.555,-0.7461366214981836,Bad
13,0.556,-0.6224344407154795,Bad
13,0.557,-0.7836318599959236,Bad
13,0.558,-1.098763355973353,Bad
13,0.559,-0.7926204234163998,Bad
13,0.56,-1.0681899440087406,Bad
13,0.561,-1.1747643868913196,Bad
13,0.562,-1.3973514891118795,Bad
13,0.563,-0.9026009019597847,Bad
13,0.564,-0.8629303732383264,Bad
13,0.565,-1.2098851083690638,Bad
13,0.566,-1.023729893930614,Bad
13,0.567,-0.9894371453034325,Bad
13,0.568,-0.4913197721782849,Bad
13,0.569,-0.5368079446878761,Bad
13,0.57,-0.6991801736673973,Bad
13,0.571,-0.7533744113563745,Bad
13,0.572,-1.0227140845796818,Bad
13,0.573,-1.0511417526323226,Bad
13,0.574,-1.0379254100035804,Bad
13,0.575,-0.833363440661106,Bad
13,0.576,-1.3739700817390674,Bad
13,0.577,-1.0280148496760764,Bad
13,0.578,-1.1124711061998036,Bad
13,0.579,-0.886067963389296,Bad
13,0.58,-0.934014519950183,Bad
13,0.581,-0.8500600599677174,Bad
13,0.582,-1.0445668442813347,Bad
13,0.583,-0.963416566130647,Bad
13,0.584,-1.1489530644980874,Bad
13,0.585,-0.8644251313217003,Bad
13,0.586,-0.7957608215957908,Bad
13,0.587,-0.1778457380034646,Bad
13,0.588,-0.49417907896661506,Bad
13,0.589,-0.23434870661494667,Bad
13,0.59,-0.5959385618665061,Bad
13,0.591,-1.0295858178774828,Bad
13,0.592,-0.38694848313826985,Bad
13,0.593,-0.28905011201098113,Bad
13,0.594,-1.1715531988601646,Bad
13,0.595,-0.6790334419116448,Bad
13,0.596,-0.640533964946471,Bad
13,0.597,-0.18237680504603687,Bad
13,0.598,-1.1596977063270508,Bad
13,0.599,-0.5804528061690679,Bad
13,0.6,-0.44040693118076274,Bad
13,0.601,-0.4984886307086529,Bad
13,0.602,-0.7706800186494489,Bad
13,0.603,-0.47915950510599464,Bad
13,0.604,-0.14430568701344548,Bad
13,0.605,-0.2792917803391746,Bad
13,0.606,-0.2896937709548044,Bad
13,0.607,-0.14707215749372957,Bad
13,0.608,-0.1605268424636941,Bad
13,0.609,-0.06576320585466475,Bad
13,0.61,-0.4305444343472197,Bad
13,0.611,-0.08375503922493208,Bad
13,0.612,0.04337852579342105,Bad
13,0.613,-0.6407719311920976,Bad
13,0.614,-0.6786960390728666,Bad
13,0.615,-0.3718655828998104,Bad
13,0.616,-0.06036098960316563,Bad
13,0.617,-0.5156822516391188,Bad
13,0.618,-0.3293013047418283,Bad
13,0.619,-0.02668773090299814,Bad
13,0.62,-0.5182711031534042,Bad
13,0.621,-0.3661276387753289,Bad
13,0.622,0.1767348303094582,Bad
13,0.623,-0.7383078440535544,Bad
13,0.624,0.05046276943166095,Bad
13,0.625,-0.034361854180947116,Bad
13,0.626,-0.010633738300041704,Bad
13,0.627,-0.519297691379742,Bad
13,0.628,-0.18839310468702347,Bad
13,0.629,-0.30846838987323943,Bad
13,0.63,0.0639508189079259,Bad
13,0.631,0.11096000907741357,Bad
13,0.632,0.037413876836619314,Bad
13,0.633,-0.27951693907009767,Bad
13,0.634,0.4908374878335025,Bad
13,0.635,-0.044022209288194565,Bad
13,0.636,-0.013504536798242726,Bad
13,0.637,0.11933226596577308,Bad
13,0.638,0.07648835551861127,Bad
13,0.639,0.15609182909113664,Bad
13,0.64,0.17938189454039655,Bad
13,0.641,-0.2363133361199182,Bad
13,0.642,0.2119805369623954,Bad
13,0.643,-0.036373814444850355,Bad
13,0.644,0.25231919088532545,Bad
13,0.645,0.2987528567652066,Bad
13,0.646,0.021422302185803044,Bad
13,0.647,0.4451777731848272,Bad
13,0.648,0.08391056162323614,Bad
13,0.649,0.07565596716393351,Bad
13,0.65,0.2647749948016624,Bad
13,0.651,0.15747967524781378,Bad
13,0.652,-0.17813780168196178,Bad
13,0.653,0.1414257225004523,Bad
13,0.654,-0.09629298860345845,Bad
13,0.655,-0.19034362333211327,Bad
13,0.656,0.20119290613438465,Bad
13,0.657,-0.058128159615526406,Bad
13,0.658,0.13217291446421053,Bad
13,0.659,0.44349104017503,Bad
13,0.66,-0.339296353144761,Bad
13,0.661,0.3817704377403843,Bad
13,0.662,0.0841231675426033,Bad
13,0.663,0.27060648582021324,Bad
13,0.664,0.28258460182114215,Bad
13,0.665,0.190669657595708,Bad
13,0.666,0.1586893943491162,Bad
13,0.667,0.20428353607541613,Bad
13,0.668,-0.17257478158635697,Bad
13,0.669,-0.39685440746827605,Bad
13,0.67,-0.004745751438998912,Bad
13,0.671,0.09364767307464592,Bad
13,0.672,-0.16526868912659734,Bad
13,0.673,-0.360728937220893,Bad
13,0.674,-0.2637444514027872,Bad
13,0.675,0.2531351816079432,Bad
13,0.676,0.22169562488192354,Bad
13,0.677,0.07625442061531156,Bad
13,0.678,-0.15596018065509515,Bad
13,0.679,-0.2122869999309744,Bad
13,0.68,-0.050127781977476374,Bad
13,0.681,0.3016345765443632,Bad
13,0.682,-0.2729075123465547,Bad
13,0.683,0.6496063430410493,Bad
13,0.684,-0.18748139332386432,Bad
13,0.685,-0.3522284659168079,Bad
13,0.686,0.016561987321247314,Bad
13,0.687,0.22677881316557327,Bad
13,0.688,0.1836187045812467,Bad
13,0.689,-0.14912610997249703,Bad
13,0.69,-0.3405534731555392,Bad
13,0.691,0.32819991054024866,Bad
13,0.692,-0.1933291966739859,Bad
13,0.693,-0.2293527366919378,Bad
13,0.694,0.1585893918530698,Bad
13,0.695,-0.31970204656885975,Bad
13,0.696,-0.4970446535328607,Bad
13,0.697,-0.10620665841413973,Bad
13,0.698,-0.010391927185413227,Bad
13,0.699,-0.393215177159371,Bad
13,0.7,0.023184069219214933,Bad
13,0.701,-0.055357336737426106,Bad
13,0.702,-0.09448162470155717,Bad
13,0.703,0.27945709996884294,Bad
13,0.704,0.4405132123671596,Bad
13,0.705,-0.24455152363966826,Bad
13,0.706,-0.19316736193166215,Bad
13,0.707,0.32449312792912494,Bad
13,0.708,-0.029560950058037896,Bad
13,0.709,-0.14827887569747292,Bad
13,0.71,-0.35718058197906005,Bad
13,0.711,-0.44017145211069947,Bad
13,0.712,-0.38356259647405255,Bad
13,0.713,-0.07489950099046487,Bad
13,0.714,0.1840885697662493,Bad
13,0.715,0.43426506768455914,Bad
13,0.716,-0.2737256088750588,Bad
13,0.717,-0.09088298623454043,Bad
13,0.718,0.5438881413760879,Bad
13,0.719,-0.226011687497544,Bad
13,0.72,0.18887167369522145,Bad
13,0.721,-0.309034995604353,Bad
13,0.722,0.13321143979287123,Bad
13,0.723,-0.15045844412495757,Bad
13,0.724,-0.058687814871905976,Bad
13,0.725,-0.008805415811295928,Bad
13,0.726,0.3206902827393697,Bad
13,0.727,0.20708691991461994,Bad
13,0.728,-0.01742113664001789,Bad
13,0.729,0.5193608242274187,Bad
13,0.73,-0.07106390336133697,Bad
13,0.731,0.04425506329310607,Bad
13,0.732,-0.042512586779880124,Bad
13,0.733,0.20271237459307476,Bad
13,0.734,-0.15352761878194435,Bad
13,0.735,-0.26418628214269757,Bad
13,0.736,0.2850108906772156,Bad
13,0.737,-0.3401621522641755,Bad
13,0.738,0.448946556761242,Bad
13,0.739,0.25565636619041504,Bad
13,0.74,-0.546546174852777,Bad
13,0.741,-0.02276530077554205,Bad
13,0.742,-0.06651402023880042,Bad
13,0.743,-0.012361591031764572,Bad
13,0.744,0.195455759436229,Bad
13,0.745,0.0743449247106131,Bad
13,0.746,0.17013215741029108,Bad
13,0.747,0.29771171005154046,Bad
13,0.748,0.19083791133245917,Bad
13,0.749,-0.11422725817427044,Bad
13,0.75,0.09589402380942884,Bad
13,0.751,0.30567521402036335,Bad
13,0.752,-0.004911192829283994,Bad
13,0.753,0.5250328564983583,Bad
13,0.754,-0.09915861231835557,Bad
13,0.755,-0.37864263112981855,Bad
13,0.756,0.23663285234934492,Bad
13,0.757,0.20145447935604668,Bad
13,0.758,0.5733925768453902,Bad
13,0.759,0.3523048767587401,Bad
13,0.76,-0.5504477616769452,Bad
13,0.761,-0.34555455190084605,Bad
13,0.762,0.4790044792784874,Bad
13,0.763,-0.12243877343424084,Bad
13,0.764,-0.03504426666700226,Bad
13,0.765,0.22693849812237224,Bad
13,0.766,0.10999302131242862,Bad
13,0.767,0.18346495652209235,Bad
13,0.768,-0.3316515317872853,Bad
13,0.769,0.3485963504558333,Bad
13,0.77,-0.4108557194940244,Bad
13,0.771,-0.13397452020948933,Bad
13,0.772,0.324643666585909,Bad
13,0.773,-0.22674992125721885,Bad
13,0.774,0.05939692780456383,Bad
13,0.775,-0.12470822370234504,Bad
13,0.776,-0.3446972553361254,Bad
13,0.777,-0.036543172888953125,Bad
13,0.778,0.10316823674811194,Bad
13,0.779,-0.43165185936318595,Bad
13,0.78,-0.34815743698446777,Bad
13,0.781,-0.19868349198818555,Bad
13,0.782,-0.2638917878763263,Bad
13,0.783,0.1602231541593124,Bad
13,0.784,0.18969405129769654,Bad
13,0.785,0.021305697791733583,Bad
13,0.786,0.04784341709631374,Bad
13,0.787,-0.3367098401179538,Bad
13,0.788,0.07066473566861359,Bad
13,0.789,-0.3196163152531133,Bad
13,0.79,0.21915777287695384,Bad
13,0.791,0.17132397549434034,Bad
13,0.792,0.07456879911582534,Bad
13,0.793,-0.28094563656483434,Bad
13,0.794,-0.08538104661305891,Bad
13,0.795,0.02172655609843216,Bad
13,0.796,-0.13847108085878895,Bad
13,0.797,-0.167634860908609,Bad
13,0.798,0.13817982448337038,Bad
13,0.799,0.3341695080715397,Bad
13,0.8,-0.1278354768821078,Bad
13,0.801,-0.055925183496639344,Bad
13,0.802,0.06572598126544904,Bad
13,0.803,0.006936029743742939,Bad
13,0.804,-0.384904990124344,Bad
13,0.805,0.08821662618940765,Bad
13,0.806,-0.2675291671113329,Bad
13,0.807,-0.0428824070989968,Bad
13,0.808,-0.4349492113556092,Bad
13,0.809,0.08795827117554247,Bad
13,0.81,-0.06544811870008804,Bad
13,0.811,0.3059657144378583,Bad
13,0.812,-0.14382949086692526,Bad
13,0.813,-0.3977539995534711,Bad
13,0.814,-0.22205235691201816,Bad
13,0.815,0.005062005477579676,Bad
13,0.816,-0.056310545794314666,Bad
13,0.817,0.02058180354169196,Bad
13,0.818,0.499138701596747,Bad
13,0.819,0.1388543655684844,Bad
13,0.82,-0.017267917926572413,Bad
13,0.821,-0.03464066217767242,Bad
13,0.822,-0.12701729181958846,Bad
13,0.823,0.28526969054380946,Bad
13,0.824,-0.06197650436418605,Bad
13,0.825,0.0603542406289269,Bad
13,0.826,-0.004665328312621854,Bad
13,0.827,-0.026615114176035345,Bad
13,0.828,0.3211676334576561,Bad
13,0.829,0.10016123758153436,Bad
13,0.83,0.5243238408493277,Bad
13,0.831,0.04728173905400475,Bad
13,0.832,0.03359660280967409,Bad
13,0.833,-0.053735761140772255,Bad
13,0.834,0.64822770264464,Bad
13,0.835,0.23344797446367985,Bad
13,0.836,-0.4077562412824193,Bad
13,0.837,-0.12009914413632022,Bad
13,0.838,0.1377945514015675,Bad
13,0.839,0.05997920020790282,Bad
13,0.84,0.04554590714772681,Bad
13,0.841,0.3307639229741056,Bad
13,0.842,-0.127111539622375,Bad
13,0.843,-0.09468952104305416,Bad
13,0.844,0.06132914208157366,Bad
13,0.845,0.2048801437232728,Bad
13,0.846,-0.43400111875480185,Bad
13,0.847,0.029458812417084746,Bad
13,0.848,-0.26360447183358876,Bad
13,0.849,0.13340772679692556,Bad
13,0.85,0.09467796278273537,Bad
13,0.851,0.450879527589721,Bad
13,0.852,0.10679063954343751,Bad
13,0.853,0.3271568854426415,Bad
13,0.854,0.0035532786590638755,Bad
13,0.855,0.3453283797370742,Bad
13,0.856,-0.25564961854483864,Bad
13,0.857,0.25975173984173183,Bad
13,0.858,0.24593419581038872,Bad
13,0.859,0.09201994051028566,Bad
13,0.86,-0.2396787721176409,Bad
13,0.861,0.31006392031360946,Bad
13,0.862,0.29201138023720546,Bad
13,0.863,-0.23070656412785,Bad
13,0.864,0.3634510130693659,Bad
13,0.865,0.07298486841304615,Bad
13,0.866,-0.20995210890295835,Bad
13,0.867,-0.0968240577883026,Bad
13,0.868,0.011934811403788466,Bad
13,0.869,0.2514220757764349,Bad
13,0.87,0.006313407682077399,Bad
13,0.871,0.2742732999091378,Bad
13,0.872,0.25250412881373063,Bad
13,0.873,-0.2373956453346976,Bad
13,0.874,-0.1885512487692412,Bad
13,0.875,0.16707673624026737,Bad
13,0.876,-0.05559160936344688,Bad
13,0.877,-0.23847337264215587,Bad
13,0.878,0.1355524163754363,Bad
13,0.879,-0.009222550016427175,Bad
13,0.88,-0.1197497681505884,Bad
13,0.881,-0.44325401383439383,Bad
13,0.882,0.05795929648037104,Bad
13,0.883,-0.04557368289417375,Bad
13,0.884,-0.009185838858018694,Bad
13,0.885,-0.12488019776623534,Bad
13,0.886,0.3656347555311243,Bad
13,0.887,-0.04333239888107442,Bad
13,0.888,0.20583687099067297,Bad
13,0.889,0.09721464753605337,Bad
13,0.89,0.11994252313511841,Bad
13,0.891,-0.39742306098428054,Bad
13,0.892,-0.10829828259889489,Bad
13,0.893,0.2838816892672439,Bad
13,0.894,-0.3429402011838362,Bad
13,0.895,-0.05252164066449211,Bad
13,0.896,0.09516931069882434,Bad
13,0.897,-0.010693233179476139,Bad
13,0.898,-0.13083410590592381,Bad
13,0.899,-0.2998283618409226,Bad
13,0.9,-0.027208463943039853,Bad
13,0.901,0.16761392255627885,Bad
13,0.902,0.2992577035915549,Bad
13,0.903,-0.15517634932039331,Bad
13,0.904,0.04215409234559343,Bad
13,0.905,-0.07216995305967802,Bad
13,0.906,0.20149980779943355,Bad
13,0.907,-0.3571415795598801,Bad
13,0.908,0.4194228707470981,Bad
13,0.909,0.18879852976003803,Bad
13,0.91,-0.004479340165115407,Bad
13,0.911,0.046119442610724856,Bad
13,0.912,-0.056928465200535724,Bad
13,0.913,-0.008126641651429222,Bad
13,0.914,0.14389724117325578,Bad
13,0.915,0.6223539431213096,Bad
13,0.916,0.008203227159671082,Bad
13,0.917,-0.01656905451005428,Bad
13,0.918,-0.2308065271357864,Bad
13,0.919,-0.236731337989842,Bad
13,0.92,-0.06319450976824192,Bad
13,0.921,-0.16810761806904084,Bad
13,0.922,0.14389858451097085,Bad
13,0.923,-0.5827309724946373,Bad
13,0.924,0.022558675927776863,Bad
13,0.925,0.044302601618273076,Bad
13,0.926,-0.1270939696819963,Bad
13,0.927,0.3680300119121835,Bad
13,0.928,0.37978155511684974,Bad
13,0.929,0.3349118308767473,Bad
13,0.93,-0.32422218836401984,Bad
13,0.931,-0.2701259679945619,Bad
13,0.932,-0.08789145033795011,Bad
13,0.933,0.2836800015933193,Bad
13,0.934,0.2712305893193386,Bad
13,0.935,-0.3537712939317785,Bad
13,0.936,0.3076292598852836,Bad
13,0.937,0.458507635397523,Bad
13,0.938,0.16295685749204056,Bad
13,0.939,0.21634403925844484,Bad
13,0.94,-0.0220849498676461,Bad
13,0.941,-0.13539328735454575,Bad
13,0.942,-0.19458845826115445,Bad
13,0.943,0.14243092912733324,Bad
13,0.944,-0.37162564795111547,Bad
13,0.945,0.44934901673435856,Bad
13,0.946,-0.04391956028211744,Bad
13,0.947,0.26278373115214865,Bad
13,0.948,-0.011413012850442612,Bad
13,0.949,-0.27535549210920157,Bad
13,0.95,0.2177472939202582,Bad
13,0.951,0.33727067016272044,Bad
13,0.952,-0.17597412945683502,Bad
13,0.953,0.1559005006806374,Bad
13,0.954,0.03602368419661815,Bad
13,0.955,0.22078764929533817,Bad
13,0.956,0.0663276091033658,Bad
13,0.957,-0.172515398225379,Bad
13,0.958,-0.21401122514935533,Bad
13,0.959,-0.037753801404015803,Bad
13,0.96,-0.23080811305149518,Bad
13,0.961,0.0872278150950372,Bad
13,0.962,-0.2974899338685654,Bad
13,0.963,-0.4123520915319261,Bad
13,0.964,0.10777750942147934,Bad
13,0.965,-0.39676206168711775,Bad
13,0.966,-0.3892724023842912,Bad
13,0.967,-0.3229275844827199,Bad
13,0.968,-0.2618482988712463,Bad
13,0.969,0.08546127435579755,Bad
13,0.97,0.18849859359161328,Bad
13,0.971,0.36384733595425733,Bad
13,0.972,-0.18424002969934045,Bad
13,0.973,-0.18326784439577534,Bad
13,0.974,0.07444342330341833,Bad
13,0.975,0.14684500189189542,Bad
13,0.976,-0.10214702821010455,Bad
13,0.977,0.23901670728880078,Bad
13,0.978,-0.29828102721159483,Bad
13,0.979,-0.4854127938544608,Bad
13,0.98,0.10035209255851757,Bad
13,0.981,0.05387133038105344,Bad
13,0.982,0.25302823456160733,Bad
13,0.983,-0.004079532383786199,Bad
13,0.984,0.27289026201222966,Bad
13,0.985,0.34044425415096946,Bad
13,0.986,-0.13419353315646942,Bad
13,0.987,0.8880071637208526,Bad
13,0.988,0.32828122568884965,Bad
13,0.989,-0.10025550646054449,Bad
13,0.99,-0.1984000112872547,Bad
13,0.991,0.18757126879580527,Bad
13,0.992,-0.32814202753686894,Bad
13,0.993,0.001105910421066136,Bad
13,0.994,0.6506623747544377,Bad
13,0.995,-0.10550700986886687,Bad
13,0.996,-0.020450355646933455,Bad
13,0.997,-0.09860663315688933,Bad
13,0.998,0.18414827624046257,Bad
13,0.999,-0.24783752085636523,Bad
14,0.0,-0.47590755270350243,Bad
14,0.001,0.1641869936814616,Bad
14,0.002,0.027819185947591113,Bad
14,0.003,-0.10924778503899156,Bad
14,0.004,-0.181065273578408,Bad
14,0.005,-0.013321756979536971,Bad
14,0.006,0.1318221286871995,Bad
14,0.007,-0.4530541316647121,Bad
14,0.008,-0.21580673205580617,Bad
14,0.009,-0.054334138745509915,Bad
14,0.01,0.3459089072316147,Bad
14,0.011,0.47050712963502145,Bad
14,0.012,-0.5463769365801249,Bad
14,0.013,0.23502302137738942,Bad
14,0.014,0.0010157514427744452,Bad
14,0.015,0.035587258752341665,Bad
14,0.016,-0.18794018294762335,Bad
14,0.017,-0.05694449706870742,Bad
14,0.018,0.2874119495009007,Bad
14,0.019,0.04909907715559962,Bad
14,0.02,0.12250411806217858,Bad
14,0.021,-0.3969480423233757,Bad
14,0.022,0.3054329943082615,Bad
14,0.023,0.1288934903307382,Bad
14,0.024,-0.15386196037961095,Bad
14,0.025,-0.37890203770090625,Bad
14,0.026,-0.10088012361536586,Bad
14,0.027,0.04477489603991088,Bad
14,0.028,0.41730025968433615,Bad
14,0.029,0.6212052432134791,Bad
14,0.03,0.23652723607157872,Bad
14,0.031,-0.20362212602861188,Bad
14,0.032,0.0038350629676537173,Bad
14,0.033,0.24487205369944093,Bad
14,0.034,0.007851931504287752,Bad
14,0.035,-0.15162405404770288,Bad
14,0.036,0.11487641399900676,Bad
14,0.037,0.0792052507525724,Bad
14,0.038,-0.06642455997700468,Bad
14,0.039,-0.11382525273808558,Bad
14,0.04,-0.3422678057076481,Bad
14,0.041,-0.03208215655294805,Bad
14,0.042,-0.41119498987442704,Bad
14,0.043,-0.2637436379884009,Bad
14,0.044,-0.1908492316594902,Bad
14,0.045,0.5330847334845481,Bad
14,0.046,-0.2617997002568583,Bad
14,0.047,0.019518180524786273,Bad
14,0.048,-0.2549519795125737,Bad
14,0.049,0.1483532437547033,Bad
14,0.05,0.3413492060298706,Bad
14,0.051,0.37919896255820723,Bad
14,0.052,0.3424891340086747,Bad
14,0.053,-0.22589708180555967,Bad
14,0.054,0.03761738022908316,Bad
14,0.055,0.015100253615923886,Bad
14,0.056,0.12419025594147308,Bad
14,0.057,0.292669886973944,Bad
14,0.058,0.1788396205626303,Bad
14,0.059,0.27102752068767444,Bad
14,0.06,0.09809675439564491,Bad
14,0.061,-0.10172232987542046,Bad
14,0.062,0.1874577957249313,Bad
14,0.063,-0.26423373268157047,Bad
14,0.064,0.2270479410767485,Bad
14,0.065,-0.13555526130809348,Bad
14,0.066,0.13542292590247215,Bad
14,0.067,-0.061003517896679384,Bad
14,0.068,0.053787390231011416,Bad
14,0.069,-0.31586762139463914,Bad
14,0.07,0.11044102750089942,Bad
14,0.071,-0.27663683905818487,Bad
14,0.072,-0.6215377336330723,Bad
14,0.073,0.13222627883446783,Bad
14,0.074,0.14272323336733142,Bad
14,0.075,-0.5164835052057224,Bad
14,0.076,0.24181647942631165,Bad
14,0.077,-0.0955071936667165,Bad
14,0.078,-0.02690587488185545,Bad
14,0.079,-0.19346849571619032,Bad
14,0.08,-0.33693867413147255,Bad
14,0.081,0.013283807756058414,Bad
14,0.082,-0.16335733191652801,Bad
14,0.083,-0.5695937753381523,Bad
14,0.084,0.08029515646090915,Bad
14,0.085,0.0557020168375662,Bad
14,0.086,0.21856141705893942,Bad
14,0.087,-0.20223641161839193,Bad
14,0.088,0.20503625465243552,Bad
14,0.089,0.010464722468872445,Bad
14,0.09,0.13133183037419902,Bad
14,0.091,0.3239017276186681,Bad
14,0.092,0.03302725483442295,Bad
14,0.093,0.0023753137408383373,Bad
14,0.094,-0.010478406800035141,Bad
14,0.095,-0.054549619958620406,Bad
14,0.096,0.0636263963621048,Bad
14,0.097,-0.2651904917175767,Bad
14,0.098,-0.46931899860943077,Bad
14,0.099,0.3796521996701905,Bad
14,0.1,-0.1666883908191127,Bad
14,0.101,-0.12520893614722006,Bad
14,0.102,-0.4735627255136035,Bad
14,0.103,0.022493740191644407,Bad
14,0.104,-0.24257510706753033,Bad
14,0.105,-0.4754798969015331,Bad
14,0.106,0.24328493139104562,Bad
14,0.107,0.40456663567426754,Bad
14,0.108,0.06196633945076366,Bad
14,0.109,0.10057585647975839,Bad
14,0.11,0.27937016631697953,Bad
14,0.111,0.49456684597334616,Bad
14,0.112,-0.22995953658847626,Bad
14,0.113,0.033486058377854885,Bad
14,0.114,-0.313632284014591,Bad
14,0.115,0.01926803690729404,Bad
14,0.116,0.26346341329256484,Bad
14,0.117,-0.4278459689518199,Bad
14,0.118,-0.09179665149677325,Bad
14,0.119,0.11817257864870363,Bad
14,0.12,0.08499963999303362,Bad
14,0.121,-0.11903641329046752,Bad
14,0.122,-0.028647939327302,Bad
14,0.123,-0.12819769785586269,Bad
14,0.124,-0.3396704049098008,Bad
14,0.125,-0.14523814218293513,Bad
14,0.126,-0.3378359865287439,Bad
14,0.127,0.0842053759508323,Bad
14,0.128,-0.39625333220217684,Bad
14,0.129,0.1615913117224207,Bad
14,0.13,0.01603996640821903,Bad
14,0.131,0.37371079538808205,Bad
14,0.132,-0.21198273368188225,Bad
14,0.133,-0.20370840700996318,Bad
14,0.134,-0.3761555653274058,Bad
14,0.135,-0.009758914061018281,Bad
14,0.136,-0.2312688033424592,Bad
14,0.137,-0.01154598368105958,Bad
14,0.138,0.0971857741240324,Bad
14,0.139,0.10784171718691106,Bad
14,0.14,0.021330407286747788,Bad
14,0.141,-0.09650931077050358,Bad
14,0.142,-0.3185065003469829,Bad
14,0.143,-0.13379686010966313,Bad
14,0.144,-0.22374245937849768,Bad
14,0.145,-0.2132588103587536,Bad
14,0.146,0.00556859527021053,Bad
14,0.147,-0.3725724277343011,Bad
14,0.148,-0.13580640465497107,Bad
14,0.149,0.19970960707114063,Bad
14,0.15,-0.47666843127431535,Bad
14,0.151,-0.3230240642532587,Bad
14,0.152,-0.17982499148811992,Bad
14,0.153,-0.24411756537746454,Bad
14,0.154,-0.350869675235582,Bad
14,0.155,-0.5243982918851698,Bad
14,0.156,2.5183142874862785e-05,Bad
14,0.157,-0.402257783882241,Bad
14,0.158,-0.4470315101082556,Bad
14,0.159,-0.026218288467730555,Bad
14,0.16,-0.09892985492159084,Bad
14,0.161,-0.37853317714032225,Bad
14,0.162,-0.19542479613862873,Bad
14,0.163,-0.10041702434945043,Bad
14,0.164,-0.37549415219058013,Bad
14,0.165,-0.15691096248426564,Bad
14,0.166,-0.7799707546086316,Bad
14,0.167,-0.03586503093776233,Bad
14,0.168,-0.0011417456165264128,Bad
14,0.169,-0.39469851037659454,Bad
14,0.17,-0.7235824148233463,Bad
14,0.171,-0.2735774769043827,Bad
14,0.172,-0.2327974431110144,Bad
14,0.173,-0.21709180781455603,Bad
14,0.174,-0.3899176829588925,Bad
14,0.175,-0.1242929516780455,Bad
14,0.176,-0.5501797152813012,Bad
14,0.177,-0.9218727807777933,Bad
14,0.178,-0.6294962537669833,Bad
14,0.179,-0.3998615966517841,Bad
14,0.18,-0.20215240952414987,Bad
14,0.181,-0.8913055436918291,Bad
14,0.182,-0.5925139705312752,Bad
14,0.183,-0.5137232597404727,Bad
14,0.184,-0.854472059432865,Bad
14,0.185,-0.4935229146054997,Bad
14,0.186,-0.45229183694215547,Bad
14,0.187,-0.0898276186805731,Bad
14,0.188,-0.7307433724147764,Bad
14,0.189,-0.4750374935978157,Bad
14,0.19,-0.5997297532752072,Bad
14,0.191,-0.8180429259136996,Bad
14,0.192,-0.42325113133834374,Bad
14,0.193,-0.8066820999912977,Bad
14,0.194,-0.9064068479320418,Bad
14,0.195,-0.7295086947872393,Bad
14,0.196,-1.0782406093192822,Bad
14,0.197,-0.8646644829291864,Bad
14,0.198,-0.5824638650918073,Bad
14,0.199,-1.1341885475744191,Bad
14,0.2,-0.785653767456209,Bad
14,0.201,-1.104393474947386,Bad
14,0.202,-1.067589948150779,Bad
14,0.203,-1.4370731642830972,Bad
14,0.204,-1.0889208279396791,Bad
14,0.205,-1.3091332097784654,Bad
14,0.206,-0.6333577295007904,Bad
14,0.207,-0.7398541487986368,Bad
14,0.208,-0.9293446179078673,Bad
14,0.209,-0.9593599790418632,Bad
14,0.21,-0.8370414503801478,Bad
14,0.211,-1.7170400361128386,Bad
14,0.212,-1.0712652316563602,Bad
14,0.213,-0.9703846392235003,Bad
14,0.214,-1.0477667984658496,Bad
14,0.215,-1.6912316608601814,Bad
14,0.216,-1.2525298841365373,Bad
14,0.217,-1.4936950979166073,Bad
14,0.218,-1.3019061597013721,Bad
14,0.219,-1.1143468060168973,Bad
14,0.22,-1.4309117592965583,Bad
14,0.221,-1.538612620247208,Bad
14,0.222,-1.5517645408435687,Bad
14,0.223,-1.2065597418504064,Bad
14,0.224,-1.2595757913057883,Bad
14,0.225,-1.7426220035857092,Bad
14,0.226,-1.4321585855475265,Bad
14,0.227,-1.248508633807728,Bad
14,0.228,-1.3664325431689546,Bad
14,0.229,-1.393388255337668,Bad
14,0.23,-1.2264643937083257,Bad
14,0.231,-1.796651781200349,Bad
14,0.232,-1.6704563613402517,Bad
14,0.233,-2.4265533455646446,Bad
14,0.234,-1.6047984021470993,Bad
14,0.235,-1.6298528758520647,Bad
14,0.236,-1.9210905242524234,Bad
14,0.237,-1.5131008097249827,Bad
14,0.238,-1.688973364655861,Bad
14,0.239,-1.8303894645197285,Bad
14,0.24,-1.6890651117535826,Bad
14,0.241,-2.349685038299529,Bad
14,0.242,-1.6105504715014134,Bad
14,0.243,-1.680920160860108,Bad
14,0.244,-1.7824869578455986,Bad
14,0.245,-2.243155150422445,Bad
14,0.246,-1.325322770988522,Bad
14,0.247,-1.8200807527969398,Bad
14,0.248,-1.8002705495500324,Bad
14,0.249,-1.774804032574239,Bad
14,0.25,-2.092703136072112,Bad
14,0.251,-1.8213779736340794,Bad
14,0.252,-1.9955980239415751,Bad
14,0.253,-2.0797441622543507,Bad
14,0.254,-1.7382738653478813,Bad
14,0.255,-1.4738657190339968,Bad
14,0.256,-1.542588067883697,Bad
14,0.257,-1.825895116757465,Bad
14,0.258,-1.701936940168506,Bad
14,0.259,-1.4218266682021765,Bad
14,0.26,-1.828495306069373,Bad
14,0.261,-1.7284456505026675,Bad
14,0.262,-1.8544417971504796,Bad
14,0.263,-1.8206653821854895,Bad
14,0.264,-1.7881736989002377,Bad
14,0.265,-1.8628241570310977,Bad
14,0.266,-1.503550057134825,Bad
14,0.267,-1.288214207222844,Bad
14,0.268,-1.670277527008295,Bad
14,0.269,-1.4618458122095461,Bad
14,0.27,-1.7737223864109883,Bad
14,0.271,-1.6349526731095956,Bad
14,0.272,-1.4185289509335495,Bad
14,0.273,-1.5617389856675954,Bad
14,0.274,-1.6348347339604694,Bad
14,0.275,-1.242216864459111,Bad
14,0.276,-1.8088931209215229,Bad
14,0.277,-1.4933804283197079,Bad
14,0.278,-0.8753013049222491,Bad
14,0.279,-1.40082744495046,Bad
14,0.28,-1.4276647453834985,Bad
14,0.281,-0.6290040759358105,Bad
14,0.282,-1.160115217948141,Bad
14,0.283,-1.0765726758145961,Bad
14,0.284,-1.1806201814848118,Bad
14,0.285,-1.0918253582138244,Bad
14,0.286,-1.0676345871075412,Bad
14,0.287,-1.0070340202004917,Bad
14,0.288,-0.8528588658221813,Bad
14,0.289,-1.2570607056649785,Bad
14,0.29,-0.891758415343033,Bad
14,0.291,-1.1117250385191815,Bad
14,0.292,-0.8416322709760661,Bad
14,0.293,-0.48926213556400655,Bad
14,0.294,-0.7409911057935501,Bad
14,0.295,-0.512734534944574,Bad
14,0.296,-0.40142965994125773,Bad
14,0.297,-0.46188232145961833,Bad
14,0.298,-0.6460800416649539,Bad
14,0.299,-0.03202464651254411,Bad
14,0.3,0.0187860703524943,Bad
14,0.301,-0.5560530780621694,Bad
14,0.302,0.4122248828416958,Bad
14,0.303,-0.42757868097185814,Bad
14,0.304,0.19900464492521872,Bad
14,0.305,0.331244714581951,Bad
14,0.306,-0.129594657186837,Bad
14,0.307,0.4288553042909162,Bad
14,0.308,-0.1298000643057619,Bad
14,0.309,-0.13626567477581955,Bad
14,0.31,0.5006618131839616,Bad
14,0.311,0.5478756574247287,Bad
14,0.312,0.306717330303794,Bad
14,0.313,0.38969684259195064,Bad
14,0.314,0.9051278024191762,Bad
14,0.315,0.16851945759410625,Bad
14,0.316,1.0326242079274104,Bad
14,0.317,0.4644596478696919,Bad
14,0.318,0.3895403730842375,Bad
14,0.319,0.42749767505699676,Bad
14,0.32,0.6881527760202146,Bad
14,0.321,0.6783292897776907,Bad
14,0.322,1.3382366552731866,Bad
14,0.323,0.8271238746693376,Bad
14,0.324,0.597830925422469,Bad
14,0.325,1.1384533292022057,Bad
14,0.326,1.236023375153279,Bad
14,0.327,0.9688624197668296,Bad
14,0.328,1.4030741085469658,Bad
14,0.329,1.3948318951580427,Bad
14,0.33,1.1761916863217405,Bad
14,0.331,1.0175318833088365,Bad
14,0.332,1.7648937657840449,Bad
14,0.333,1.4562456207900636,Bad
14,0.334,1.0950902799231117,Bad
14,0.335,1.5942058764418139,Bad
14,0.336,1.3793989318777613,Bad
14,0.337,1.5910513322159807,Bad
14,0.338,1.2931634661310716,Bad
14,0.339,1.7483253224939848,Bad
14,0.34,1.5332602812604748,Bad
14,0.341,1.4081610247676462,Bad
14,0.342,1.6200944969803153,Bad
14,0.343,1.342004634308824,Bad
14,0.344,1.355913321801502,Bad
14,0.345,1.7376756821505244,Bad
14,0.346,1.560526973399984,Bad
14,0.347,1.826280345620221,Bad
14,0.348,1.4080758997614056,Bad
14,0.349,1.5871007671986588,Bad
14,0.35,1.6720676154985272,Bad
14,0.351,1.6756857822471025,Bad
14,0.352,1.4157693711835695,Bad
14,0.353,1.575798814572069,Bad
14,0.354,1.2286992126634946,Bad
14,0.355,1.0416058687728185,Bad
14,0.356,1.3364020348480197,Bad
14,0.357,1.9267674054726156,Bad
14,0.358,1.2004992567616297,Bad
14,0.359,1.346691915682673,Bad
14,0.36,1.2388840149664702,Bad
14,0.361,1.2409002582537785,Bad
14,0.362,1.3447881896085137,Bad
14,0.363,0.8831507185772309,Bad
14,0.364,1.1530866803781576,Bad
14,0.365,1.3486432982935082,Bad
14,0.366,1.0008541015490653,Bad
14,0.367,1.0321304413939782,Bad
14,0.368,0.8674886713829276,Bad
14,0.369,0.509154936935072,Bad
14,0.37,1.0073071424307072,Bad
14,0.371,0.9084176617178916,Bad
14,0.372,0.8939416923248314,Bad
14,0.373,0.746450646032603,Bad
14,0.374,1.0718996636309237,Bad
14,0.375,1.2515275635662568,Bad
14,0.376,0.8434637619231727,Bad
14,0.377,0.8305283662908141,Bad
14,0.378,0.6026591788514161,Bad
14,0.379,0.754536740802583,Bad
14,0.38,-0.0714046550139742,Bad
14,0.381,0.5774292144166161,Bad
14,0.382,0.42145297914826546,Bad
14,0.383,0.36383480863561884,Bad
14,0.384,0.20335911555287428,Bad
14,0.385,0.4352913505630436,Bad
14,0.386,0.20214023333447337,Bad
14,0.387,0.16730403035788494,Bad
14,0.388,-0.09966673653477952,Bad
14,0.389,0.10518953662396768,Bad
14,0.39,-0.21602042327254506,Bad
14,0.391,-0.08019758161937261,Bad
14,0.392,-0.509491835100538,Bad
14,0.393,-0.017533396548786273,Bad
14,0.394,-0.8026313015526125,Bad
14,0.395,-0.39752269241658256,Bad
14,0.396,-0.8451554247276496,Bad
14,0.397,-0.7023487423883621,Bad
14,0.398,-0.5891388527419696,Bad
14,0.399,-0.7473918567579576,Bad
14,0.4,-0.718558386052089,Bad
14,0.401,-0.6842806280905642,Bad
14,0.402,-0.7905143074336964,Bad
14,0.403,-1.074405573486659,Bad
14,0.404,-1.1457419977730086,Bad
14,0.405,-1.0907225461216563,Bad
14,0.406,-1.046372734808032,Bad
14,0.407,-1.2153622839352212,Bad
14,0.408,-0.8813685708477318,Bad
14,0.409,-1.416658227324256,Bad
14,0.41,-1.2504457516738547,Bad
14,0.411,-1.0876157540065412,Bad
14,0.412,-1.9965936463918137,Bad
14,0.413,-1.7481998640306906,Bad
14,0.414,-1.5659651575899949,Bad
14,0.415,-1.8557572492277725,Bad
14,0.416,-1.776712756030991,Bad
14,0.417,-2.1388471301029757,Bad
14,0.418,-2.1018322653849304,Bad
14,0.419,-1.5605044201327853,Bad
14,0.42,-1.7394130351536226,Bad
14,0.421,-2.2963896929287273,Bad
14,0.422,-2.247687424860466,Bad
14,0.423,-2.0963072304198653,Bad
14,0.424,-2.1400261331841426,Bad
14,0.425,-2.850327463967506,Bad
14,0.426,-2.280380143337423,Bad
14,0.427,-2.6949466211269932,Bad
14,0.428,-2.4360678211472644,Bad
14,0.429,-2.018224648781087,Bad
14,0.43,-2.3548021814865687,Bad
14,0.431,-2.668107251156609,Bad
14,0.432,-2.439443171182038,Bad
14,0.433,-2.484868857321843,Bad
14,0.434,-2.304632500613728,Bad
14,0.435,-2.9432306295970165,Bad
14,0.436,-2.2185020232870176,Bad
14,0.437,-2.358943488373119,Bad
14,0.438,-2.325086477167134,Bad
14,0.439,-2.526162739777813,Bad
14,0.44,-3.0152260780317146,Bad
14,0.441,-2.2676363921540124,Bad
14,0.442,-2.7246331995911084,Bad
14,0.443,-2.6069638561350956,Bad
14,0.444,-2.5319212148804517,Bad
14,0.445,-2.7998930490108527,Bad
14,0.446,-2.5977642680501885,Bad
14,0.447,-2.178435972021247,Bad
14,0.448,-2.5736921870173792,Bad
14,0.449,-2.321900436345092,Bad
14,0.45,-2.8394792676932945,Bad
14,0.451,-2.3436547698525056,Bad
14,0.452,-1.9936041238822249,Bad
14,0.453,-2.406104214537405,Bad
14,0.454,-2.1857945729054755,Bad
14,0.455,-2.385734181668595,Bad
14,0.456,-2.292284316162295,Bad
14,0.457,-2.1677853770167164,Bad
14,0.458,-2.052431782623298,Bad
14,0.459,-1.862959377185911,Bad
14,0.46,-2.8111878902749035,Bad
14,0.461,-1.6151622999564053,Bad
14,0.462,-2.1953513375806013,Bad
14,0.463,-2.2833112370445496,Bad
14,0.464,-1.8304798138655998,Bad
14,0.465,-1.9127936091824536,Bad
14,0.466,-1.948811064249994,Bad
14,0.467,-1.752412180240373,Bad
14,0.468,-1.532316618424084,Bad
14,0.469,-1.610883026108901,Bad
14,0.47,-1.6713820458843822,Bad
14,0.471,-1.4754921469446034,Bad
14,0.472,-1.4387864711698024,Bad
14,0.473,-1.0916785982711084,Bad
14,0.474,-1.2295251687245679,Bad
14,0.475,-1.2113036753310074,Bad
14,0.476,-1.249319877968277,Bad
14,0.477,-0.8355252750819989,Bad
14,0.478,-1.0296297995346548,Bad
14,0.479,-0.9633326644525582,Bad
14,0.48,-0.9984925909717778,Bad
14,0.481,-0.935825430518628,Bad
14,0.482,-1.350676769897085,Bad
14,0.483,-0.6323338873600003,Bad
14,0.484,-0.6123535894878824,Bad
14,0.485,-0.9066828807469021,Bad
14,0.486,-0.3664528562469811,Bad
14,0.487,-0.737212564586834,Bad
14,0.488,-0.5066983088480803,Bad
14,0.489,-0.5284585459774864,Bad
14,0.49,-0.16274830127083662,Bad
14,0.491,-0.3300111168205949,Bad
14,0.492,-0.35529730010443916,Bad
14,0.493,-0.04882408840273003,Bad
14,0.494,-0.34078952730419904,Bad
14,0.495,-0.13754677352704298,Bad
14,0.496,0.07199260016904957,Bad
14,0.497,-0.21539290007802803,Bad
14,0.498,0.13834480045132908,Bad
14,0.499,0.344365144345904,Bad
14,0.5,-0.20419710330481033,Bad
14,0.501,-0.23856685343961337,Bad
14,0.502,0.15075245761249612,Bad
14,0.503,-0.04304621607876443,Bad
14,0.504,0.38229343009471833,Bad
14,0.505,0.13812086978126578,Bad
14,0.506,0.5622225520203047,Bad
14,0.507,0.15330014576877132,Bad
14,0.508,0.31318971326147443,Bad
14,0.509,-0.30592080026400703,Bad
14,0.51,0.020838466611285352,Bad
14,0.511,0.40217967364566204,Bad
14,0.512,-0.1261352893842915,Bad
14,0.513,-0.41615758079123444,Bad
14,0.514,0.05163904307978598,Bad
14,0.515,0.08936635078842811,Bad
14,0.516,0.4116368678121162,Bad
14,0.517,-0.09897440107205269,Bad
14,0.518,-0.5265627626722844,Bad
14,0.519,0.17733283145958884,Bad
14,0.52,-0.24021947831500956,Bad
14,0.521,-0.15563906966158425,Bad
14,0.522,-0.26054051263878053,Bad
14,0.523,-0.4295069237604303,Bad
14,0.524,0.18122175285655762,Bad
14,0.525,-0.33786173775012596,Bad
14,0.526,-0.28416041257787283,Bad
14,0.527,-0.32853716648688724,Bad
14,0.528,-0.27484636654331734,Bad
14,0.529,-0.408750068265719,Bad
14,0.53,-0.7665075077084926,Bad
14,0.531,-0.380731879575774,Bad
14,0.532,-0.20798964023739025,Bad
14,0.533,-0.6087662049414544,Bad
14,0.534,-0.8812017121113577,Bad
14,0.535,-0.47266520603298146,Bad
14,0.536,-0.6104880679403765,Bad
14,0.537,-0.6572910791388482,Bad
14,0.538,-0.6606994226984058,Bad
14,0.539,-0.6541751381952492,Bad
14,0.54,-0.7363626104080977,Bad
14,0.541,-0.9270598435744588,Bad
14,0.542,-0.6543763642834963,Bad
14,0.543,-0.7851451742421612,Bad
14,0.544,-0.2815079893403811,Bad
14,0.545,-0.7840773249433689,Bad
14,0.546,-1.1100477404379778,Bad
14,0.547,-0.48763219704476946,Bad
14,0.548,-1.04940507643235,Bad
14,0.549,-0.9528292003177997,Bad
14,0.55,-0.23949966639337428,Bad
14,0.551,-0.5981878548357278,Bad
14,0.552,-1.1576848192926033,Bad
14,0.553,-1.1258369050049022,Bad
14,0.554,-0.9158426446732317,Bad
14,0.555,-1.17479045407265,Bad
14,0.556,-1.115443761136737,Bad
14,0.557,-0.9348095677796862,Bad
14,0.558,-1.1171931927821133,Bad
14,0.559,-0.9012896897055973,Bad
14,0.56,-1.264538542559002,Bad
14,0.561,-0.9680073605124841,Bad
14,0.562,-1.4829734135577657,Bad
14,0.563,-1.015376260693098,Bad
14,0.564,-0.9938121794768933,Bad
14,0.565,-0.8449128525915751,Bad
14,0.566,-1.0773068033584847,Bad
14,0.567,-0.9944820817109794,Bad
14,0.568,-0.9286098604156001,Bad
14,0.569,-1.3816671040038364,Bad
14,0.57,-0.8244577836190463,Bad
14,0.571,-1.4954780326364634,Bad
14,0.572,-1.262835415970975,Bad
14,0.573,-0.308882168000588,Bad
14,0.574,-1.031513596074412,Bad
14,0.575,-1.083859999555881,Bad
14,0.576,-0.49339334482009906,Bad
14,0.577,-0.8787720418268024,Bad
14,0.578,-1.0225443322832926,Bad
14,0.579,-1.1549619586265183,Bad
14,0.58,-0.6042271558901522,Bad
14,0.581,-0.3480175969040326,Bad
14,0.582,-0.8150293133272494,Bad
14,0.583,-0.5703851132251228,Bad
14,0.584,-0.9722902465609016,Bad
14,0.585,-0.9064827350532612,Bad
14,0.586,-0.7198812300069893,Bad
14,0.587,-1.143344469921083,Bad
14,0.588,-0.6622159611262497,Bad
14,0.589,-0.7266414149774485,Bad
14,0.59,-0.7326113527585738,Bad
14,0.591,-0.503156515125353,Bad
14,0.592,-0.5936704207119414,Bad
14,0.593,-0.7306301011430326,Bad
14,0.594,-0.5299971463852113,Bad
14,0.595,-0.6919822385279562,Bad
14,0.596,-0.5415363850656871,Bad
14,0.597,-0.6860783922698597,Bad
14,0.598,-0.716100606589672,Bad
14,0.599,-0.49695528020395435,Bad
14,0.6,-0.5298379190978343,Bad
14,0.601,-0.5407574212142445,Bad
14,0.602,-0.307288985840855,Bad
14,0.603,-0.3537456096516168,Bad
14,0.604,-0.7557651721855643,Bad
14,0.605,-0.7631480017884369,Bad
14,0.606,-0.514918225694349,Bad
14,0.607,-0.26576349688687484,Bad
14,0.608,0.11536977464913806,Bad
14,0.609,-0.10234129467819106,Bad
14,0.61,-0.8850128931754179,Bad
14,0.611,-0.03301366980366405,Bad
14,0.612,-0.40022836910694837,Bad
14,0.613,-0.1922860390620908,Bad
14,0.614,-0.0012010578750766554,Bad
14,0.615,-0.7260609847925249,Bad
14,0.616,0.07125945199041947,Bad
14,0.617,-0.6001709032430059,Bad
14,0.618,0.07871125626967204,Bad
14,0.619,0.18853269366711806,Bad
14,0.62,-0.14746780539920998,Bad
14,0.621,-0.5651701990101468,Bad
14,0.622,-0.5430988030289612,Bad
14,0.623,-0.02411009420966867,Bad
14,0.624,-0.06622933414865492,Bad
14,0.625,-0.3411173403540439,Bad
14,0.626,-0.17617789432505318,Bad
14,0.627,-0.04114254327992904,Bad
14,0.628,0.041410011150208426,Bad
14,0.629,-0.2992076050972116,Bad
14,0.63,-0.15839178555632666,Bad
14,0.631,-0.3875115648780945,Bad
14,0.632,-0.09559934782788282,Bad
14,0.633,-0.08804987145755665,Bad
14,0.634,0.27806276635385097,Bad
14,0.635,-0.10509786053992487,Bad
14,0.636,-0.29355801152377614,Bad
14,0.637,-0.25973808388516617,Bad
14,0.638,-0.21882478062296842,Bad
14,0.639,0.13047443695155148,Bad
14,0.64,0.4688889798320853,Bad
14,0.641,-0.07173278778778266,Bad
14,0.642,0.3720649465870537,Bad
14,0.643,0.2349678929213557,Bad
14,0.644,-0.19948990280669032,Bad
14,0.645,-0.12963200825109986,Bad
14,0.646,-0.16996402006322595,Bad
14,0.647,0.006913187451447686,Bad
14,0.648,0.006837587307008251,Bad
14,0.649,-0.45917969490752186,Bad
14,0.65,0.1359739229165855,Bad
14,0.651,0.10104874061454679,Bad
14,0.652,-0.012326183267934276,Bad
14,0.653,-0.11796061471768177,Bad
14,0.654,-0.16942325622816035,Bad
14,0.655,-0.03169390180788181,Bad
14,0.656,-0.31069869680426343,Bad
14,0.657,0.03415422980375353,Bad
14,0.658,-0.5028840557580528,Bad
14,0.659,0.5338003925108766,Bad
14,0.66,-0.1548436902018334,Bad
14,0.661,0.31161878189245323,Bad
14,0.662,-0.28046612347450167,Bad
14,0.663,-0.6466800642101145,Bad
14,0.664,0.015343242918213148,Bad
14,0.665,-0.3299641683389132,Bad
14,0.666,0.17489465780483993,Bad
14,0.667,0.04498829006943742,Bad
14,0.668,-0.393291994865056,Bad
14,0.669,-0.3893810453902169,Bad
14,0.67,-0.31755025878731974,Bad
14,0.671,0.11504799208649719,Bad
14,0.672,-0.17374061314399894,Bad
14,0.673,0.17468346344430613,Bad
14,0.674,-0.1098892123299988,Bad
14,0.675,0.17853620873225942,Bad
14,0.676,-0.11333189861105546,Bad
14,0.677,0.16272434556543594,Bad
14,0.678,-0.27495261103981505,Bad
14,0.679,0.11270904179814842,Bad
14,0.68,0.008716013949374503,Bad
14,0.681,-0.3962885758253122,Bad
14,0.682,0.26892797171392957,Bad
14,0.683,-0.0747988315305958,Bad
14,0.684,0.1537042591337631,Bad
14,0.685,0.058330206541982614,Bad
14,0.686,0.2309657392912562,Bad
14,0.687,-0.03210297507480075,Bad
14,0.688,0.21994958933189757,Bad
14,0.689,0.35194505802892495,Bad
14,0.69,0.15116935404234075,Bad
14,0.691,0.4699720760128871,Bad
14,0.692,0.32943221522830557,Bad
14,0.693,0.18375378725860692,Bad
14,0.694,-0.4005620220860031,Bad
14,0.695,-0.480232139112045,Bad
14,0.696,0.12735996610934308,Bad
14,0.697,-0.2559060083428531,Bad
14,0.698,-0.29144063817209936,Bad
14,0.699,0.21733074236904687,Bad
14,0.7,-0.24136658994116905,Bad
14,0.701,-0.2688911655479932,Bad
14,0.702,0.13359717409727054,Bad
14,0.703,0.1406264501742997,Bad
14,0.704,-0.2489075057272574,Bad
14,0.705,0.32758949462591125,Bad
14,0.706,-0.2770758878017385,Bad
14,0.707,-0.8296633068296646,Bad
14,0.708,0.3640087789993023,Bad
14,0.709,0.15498464797489514,Bad
14,0.71,0.08914527120352367,Bad
14,0.711,0.5117833491335194,Bad
14,0.712,0.3506379654346852,Bad
14,0.713,-0.00035429573352961625,Bad
14,0.714,0.16977165207066724,Bad
14,0.715,0.14503515542519987,Bad
14,0.716,0.0329804115535558,Bad
14,0.717,0.06304157092982328,Bad
14,0.718,-0.1479729350272429,Bad
14,0.719,0.11097479685170816,Bad
14,0.72,-0.053637028333205994,Bad
14,0.721,-0.5534058036757509,Bad
14,0.722,-0.18778481350524737,Bad
14,0.723,-0.3721346149958808,Bad
14,0.724,-0.1500750290531334,Bad
14,0.725,0.3704770132595034,Bad
14,0.726,0.39329341856853806,Bad
14,0.727,-0.23571963574794313,Bad
14,0.728,-0.3807155420131616,Bad
14,0.729,0.20918912608126095,Bad
14,0.73,-0.0817421760604471,Bad
14,0.731,0.17299837210200353,Bad
14,0.732,-0.29775645838344167,Bad
14,0.733,-0.13963534091643473,Bad
14,0.734,-0.2638140164302275,Bad
14,0.735,-0.04883501398999703,Bad
14,0.736,-0.27807890805653757,Bad
14,0.737,0.29563744116775703,Bad
14,0.738,-0.08785450775860752,Bad
14,0.739,-0.24097362783851042,Bad
14,0.74,0.22030131297668026,Bad
14,0.741,-0.3652130592551998,Bad
14,0.742,-0.10863711969069281,Bad
14,0.743,-0.04414672540413765,Bad
14,0.744,0.5032324500542804,Bad
14,0.745,0.23023547067117306,Bad
14,0.746,-0.12647979021636802,Bad
14,0.747,0.18463975607548683,Bad
14,0.748,0.11304125891518403,Bad
14,0.749,0.11532974566178847,Bad
14,0.75,-0.2623089946988789,Bad
14,0.751,-0.1706928392369131,Bad
14,0.752,0.2516579209294925,Bad
14,0.753,-0.3326976320022051,Bad
14,0.754,0.271958440943751,Bad
14,0.755,0.35854661583604386,Bad
14,0.756,0.2194130548803393,Bad
14,0.757,0.46564126116762045,Bad
14,0.758,-0.11085704392077195,Bad
14,0.759,0.06366830055336804,Bad
14,0.76,-0.15619031409433345,Bad
14,0.761,0.03924576596610728,Bad
14,0.762,-0.22821180248777304,Bad
14,0.763,0.23403270094277787,Bad
14,0.764,-0.30081244728654777,Bad
14,0.765,-0.028040381053226298,Bad
14,0.766,-0.5058882822240782,Bad
14,0.767,0.019911943971535485,Bad
14,0.768,-0.4412589754419577,Bad
14,0.769,0.11399018099010612,Bad
14,0.77,0.28409596168213663,Bad
14,0.771,-0.02556574818860038,Bad
14,0.772,0.0874680721068263,Bad
14,0.773,0.2746593916279403,Bad
14,0.774,-0.106028226335117,Bad
14,0.775,0.2426387508708199,Bad
14,0.776,-0.22953434129233197,Bad
14,0.777,0.14334805564334718,Bad
14,0.778,0.3075177407920724,Bad
14,0.779,0.31987791808536187,Bad
14,0.78,-0.13780657202788862,Bad
14,0.781,-0.1638210036575899,Bad
14,0.782,-0.06379860178810162,Bad
14,0.783,0.1471098749880513,Bad
14,0.784,-0.07291978453374737,Bad
14,0.785,0.3015925984153418,Bad
14,0.786,0.29395503037888826,Bad
14,0.787,0.061700601462289756,Bad
14,0.788,-0.2961198326133334,Bad
14,0.789,0.02497103186692911,Bad
14,0.79,0.5437338656216735,Bad
14,0.791,0.21859383926563083,Bad
14,0.792,-0.15675255943064872,Bad
14,0.793,-0.21824026236851057,Bad
14,0.794,0.15170531330775894,Bad
14,0.795,0.2154147001209013,Bad
14,0.796,0.029937343672704828,Bad
14,0.797,0.09129374885962632,Bad
14,0.798,-0.011051802234033984,Bad
14,0.799,-0.060697277084902815,Bad
14,0.8,0.14172007084517854,Bad
14,0.801,0.08041551345074718,Bad
14,0.802,-0.09090572348405428,Bad
14,0.803,0.15328544500922606,Bad
14,0.804,-0.13160792390812456,Bad
14,0.805,-0.00980945655371514,Bad
14,0.806,-0.13038416233857883,Bad
14,0.807,0.07756093621661786,Bad
14,0.808,0.023284082983977262,Bad
14,0.809,-0.022421525897197803,Bad
14,0.81,-0.02358678329092763,Bad
14,0.811,0.4935140120044538,Bad
14,0.812,-0.6346758019091051,Bad
14,0.813,0.3562211096998844,Bad
14,0.814,0.3342312213472203,Bad
14,0.815,-0.14133216492044795,Bad
14,0.816,-0.2636387757679482,Bad
14,0.817,0.1302696960572533,Bad
14,0.818,0.6026914086333454,Bad
14,0.819,0.3110586621715004,Bad
14,0.82,-0.40419329743112686,Bad
14,0.821,0.36195949821875756,Bad
14,0.822,-0.4063572228037482,Bad
14,0.823,0.1636864932252902,Bad
14,0.824,-0.19435614174674215,Bad
14,0.825,-0.34734618068205786,Bad
14,0.826,0.018615201427838346,Bad
14,0.827,0.037296708116751225,Bad
14,0.828,-0.011756128615286448,Bad
14,0.829,0.05522300499447549,Bad
14,0.83,-0.18815447184376943,Bad
14,0.831,0.12802486208638336,Bad
14,0.832,0.2544839582711149,Bad
14,0.833,-0.05162055059169525,Bad
14,0.834,0.518747690276406,Bad
14,0.835,0.16217532631247852,Bad
14,0.836,0.11255609125795157,Bad
14,0.837,-0.18297012565562343,Bad
14,0.838,-0.5774235491443641,Bad
14,0.839,0.13779269835178834,Bad
14,0.84,0.47217573480820363,Bad
14,0.841,0.2962281171158338,Bad
14,0.842,0.046555852692946445,Bad
14,0.843,0.10437685775745054,Bad
14,0.844,0.06676453118960625,Bad
14,0.845,0.2522143251336027,Bad
14,0.846,0.36230021919081495,Bad
14,0.847,-0.25034514098917243,Bad
14,0.848,0.05823978814665159,Bad
14,0.849,0.31881976748918567,Bad
14,0.85,0.013780649978949264,Bad
14,0.851,0.15104091929072802,Bad
14,0.852,-0.3992915488689898,Bad
14,0.853,-0.47026508127366046,Bad
14,0.854,-0.34900498629456594,Bad
14,0.855,0.3906309463861534,Bad
14,0.856,0.5870941155069401,Bad
14,0.857,-0.10542647440904665,Bad
14,0.858,-0.05631872161100586,Bad
14,0.859,-0.13398006951412847,Bad
14,0.86,0.5883862296337669,Bad
14,0.861,0.21889793881303604,Bad
14,0.862,0.14615840473343375,Bad
14,0.863,-0.42904263618391447,Bad
14,0.864,-0.02420332009614461,Bad
14,0.865,0.2155596474345342,Bad
14,0.866,0.2730713253886714,Bad
14,0.867,-0.2418199882329961,Bad
14,0.868,-0.22787832888978632,Bad
14,0.869,-0.34765368876215264,Bad
14,0.87,0.4032575219727707,Bad
14,0.871,0.22245830176731587,Bad
14,0.872,0.2139370080093524,Bad
14,0.873,0.32690756513533764,Bad
14,0.874,0.07506553187763786,Bad
14,0.875,0.11361072734801969,Bad
14,0.876,-0.10835925688922769,Bad
14,0.877,-0.22820069498358656,Bad
14,0.878,-0.2181219215404311,Bad
14,0.879,-0.20891219147798898,Bad
14,0.88,0.1347183095847063,Bad
14,0.881,-0.24981097604094643,Bad
14,0.882,-0.1312878294650381,Bad
14,0.883,-0.093282016850052,Bad
14,0.884,-0.20030394602806623,Bad
14,0.885,-0.01205977866710858,Bad
14,0.886,-0.3258924113252324,Bad
14,0.887,-0.05632796066630391,Bad
14,0.888,0.07806597303927765,Bad
14,0.889,0.1205766313473443,Bad
14,0.89,-0.0621445170107644,Bad
14,0.891,0.1285763538311435,Bad
14,0.892,-0.33263243366130374,Bad
14,0.893,-0.21910305174447336,Bad
14,0.894,-0.004032614896113698,Bad
14,0.895,-0.13506163199682916,Bad
14,0.896,0.07983302697361629,Bad
14,0.897,-0.1916366057235011,Bad
14,0.898,-0.14678836379671056,Bad
14,0.899,-0.4636092880841606,Bad
14,0.9,-0.0508361541790502,Bad
14,0.901,-0.06259859980380512,Bad
14,0.902,0.23094793585241663,Bad
14,0.903,-0.09255421984839782,Bad
14,0.904,-0.29947954547448186,Bad
14,0.905,-0.3246757523013411,Bad
14,0.906,-0.1755972188540462,Bad
14,0.907,0.2723629394303861,Bad
14,0.908,-0.19871817518554466,Bad
14,0.909,0.10511738971373398,Bad
14,0.91,0.09411996202522199,Bad
14,0.911,0.09461539999645688,Bad
14,0.912,-0.24496013254535426,Bad
14,0.913,0.21489176160101364,Bad
14,0.914,0.16248004332364513,Bad
14,0.915,-0.24869819384765846,Bad
14,0.916,0.1734051997991566,Bad
14,0.917,-0.0781675868567044,Bad
14,0.918,0.10503917718218651,Bad
14,0.919,-0.13906658657783402,Bad
14,0.92,0.5206936081990101,Bad
14,0.921,-0.39613074260748354,Bad
14,0.922,-0.19907335369721119,Bad
14,0.923,0.07772537315100905,Bad
14,0.924,-0.252349713768068,Bad
14,0.925,0.028717749103824516,Bad
14,0.926,0.2888714227792409,Bad
14,0.927,0.01465668666485538,Bad
14,0.928,0.02861030336346122,Bad
14,0.929,0.06157250862570844,Bad
14,0.93,0.41873524496094716,Bad
14,0.931,-0.06295423477785175,Bad
14,0.932,-0.28560400224008026,Bad
14,0.933,-0.13479914099008933,Bad
14,0.934,0.2690366279449534,Bad
14,0.935,-0.02839313095138437,Bad
14,0.936,-0.27638281811715204,Bad
14,0.937,0.07671049170267052,Bad
14,0.938,0.09102222292839793,Bad
14,0.939,0.1789768398422288,Bad
14,0.94,0.5933129455490491,Bad
14,0.941,-0.0851429974425077,Bad
14,0.942,-0.04157837548548864,Bad
14,0.943,-0.28901897990498815,Bad
14,0.944,0.07037337954231651,Bad
14,0.945,0.14951433466232086,Bad
14,0.946,-0.12753843192129852,Bad
14,0.947,-0.3287915009964174,Bad
14,0.948,-0.02743866115021496,Bad
14,0.949,-0.28388973605115875,Bad
14,0.95,-0.2492299878307254,Bad
14,0.951,0.06591623159789178,Bad
14,0.952,0.14457470069426018,Bad
14,0.953,-0.05922609292486321,Bad
14,0.954,-0.15586647848349522,Bad
14,0.955,0.11092051403678815,Bad
14,0.956,0.19377588345412353,Bad
14,0.957,-0.2972993415643566,Bad
14,0.958,-0.21261821091403937,Bad
14,0.959,0.14884224548270816,Bad
14,0.96,0.1098617687368752,Bad
14,0.961,0.5552334758603309,Bad
14,0.962,-0.09438087768144081,Bad
14,0.963,-0.27464886765096763,Bad
14,0.964,0.3556903725702469,Bad
14,0.965,-0.09037370697246545,Bad
14,0.966,0.00931004090063881,Bad
14,0.967,0.2961689543880218,Bad
14,0.968,-0.38520340576196327,Bad
14,0.969,0.1345834035251161,Bad
14,0.97,0.2003506974961636,Bad
14,0.971,0.34949439959258927,Bad
14,0.972,0.08487982256973411,Bad
14,0.973,0.19052703584030034,Bad
14,0.974,-0.20795433614043385,Bad
14,0.975,-0.025513075766383054,Bad
14,0.976,-0.1462924155748421,Bad
14,0.977,-0.21089346020209956,Bad
14,0.978,0.5414888300112385,Bad
14,0.979,0.3615788326239011,Bad
14,0.98,0.00932000654652589,Bad
14,0.981,0.15633137781737175,Bad
14,0.982,-0.05383546255041453,Bad
14,0.983,0.36732182375654243,Bad
14,0.984,-0.09382698300100141,Bad
14,0.985,-0.22682476933724321,Bad
14,0.986,-0.11024131450290577,Bad
14,0.987,-0.07762534061379742,Bad
14,0.988,-0.0547599247841949,Bad
14,0.989,-0.5845571864690557,Bad
14,0.99,0.00242017824098525,Bad
14,0.991,-0.010855644759607012,Bad
14,0.992,-0.5630605587982251,Bad
14,0.993,-0.13776534093157045,Bad
14,0.994,0.1761875004395834,Bad
14,0.995,-0.12568546790521318,Bad
14,0.996,-0.08353108262931004,Bad
14,0.997,-0.14950791656676773,Bad
14,0.998,-0.13420834229557943,Bad
14,0.999,0.11229253358205146,Bad
15,0.0,0.2059846424460509,Bad
15,0.001,-0.18784624690400134,Bad
15,0.002,-0.038664895024212484,Bad
15,0.003,-0.10524086624496212,Bad
15,0.004,-0.057759006400748915,Bad
15,0.005,-0.15431313684928313,Bad
15,0.006,-0.12749697120739947,Bad
15,0.007,-0.2597574300660938,Bad
15,0.008,0.1757848030158892,Bad
15,0.009,-0.0770439206058052,Bad
15,0.01,0.2843092874021545,Bad
15,0.011,0.08960544697056547,Bad
15,0.012,-0.19854447614692866,Bad
15,0.013,0.4554161796275763,Bad
15,0.014,0.6968222153003413,Bad
15,0.015,0.05947954783046098,Bad
15,0.016,0.10455215146105641,Bad
15,0.017,-0.1984761571331521,Bad
15,0.018,0.13672344123007604,Bad
15,0.019,0.07379999018233624,Bad
15,0.02,-0.39260864336284623,Bad
15,0.021,-0.15271497710851267,Bad
15,0.022,0.1296935496426926,Bad
15,0.023,0.3616943287275906,Bad
15,0.024,-0.1368067336167729,Bad
15,0.025,-0.006790272689050834,Bad
15,0.026,0.04053140191129426,Bad
15,0.027,-0.3304228364730091,Bad
15,0.028,0.3901846143234235,Bad
15,0.029,0.4996892953095177,Bad
15,0.03,0.06668364530169803,Bad
15,0.031,0.0006024326877920972,Bad
15,0.032,0.024666250507647036,Bad
15,0.033,-0.39910263081924097,Bad
15,0.034,0.08480768616635426,Bad
15,0.035,0.1101566739469388,Bad
15,0.036,-0.36300189285624734,Bad
15,0.037,-0.01718712229192567,Bad
15,0.038,0.12993838767659172,Bad
15,0.039,0.10774801910438062,Bad
15,0.04,0.10129848066735714,Bad
15,0.041,0.40489795415957464,Bad
15,0.042,-0.3931521824219792,Bad
15,0.043,0.09076505502947589,Bad
15,0.044,0.3279846412141311,Bad
15,0.045,-0.047204490740629323,Bad
15,0.046,-0.1519050411393045,Bad
15,0.047,0.1708209413597746,Bad
15,0.048,-0.25077884486725294,Bad
15,0.049,0.22463968915768426,Bad
15,0.05,-0.10400762510141656,Bad
15,0.051,0.5635116032361963,Bad
15,0.052,-0.33395089086948143,Bad
15,0.053,0.2920228795085444,Bad
15,0.054,-0.4323958182942796,Bad
15,0.055,-0.30192095200050606,Bad
15,0.056,-0.1152636276441299,Bad
15,0.057,0.41849837869039136,Bad
15,0.058,0.11969680400429762,Bad
15,0.059,-0.40390994187763607,Bad
15,0.06,0.2320279197355341,Bad
15,0.061,0.22134698771879008,Bad
15,0.062,-0.30320519338647706,Bad
15,0.063,0.2085773920271252,Bad
15,0.064,-0.4142580856930049,Bad
15,0.065,0.00745264391878918,Bad
15,0.066,0.11214453786170454,Bad
15,0.067,-0.47690362265119923,Bad
15,0.068,0.07395784044451778,Bad
15,0.069,0.3383690219383985,Bad
15,0.07,0.05243093385820365,Bad
15,0.071,0.2549529703046605,Bad
15,0.072,0.3330149305210292,Bad
15,0.073,0.21411611533343025,Bad
15,0.074,-0.3617339711196425,Bad
15,0.075,0.2090930906583501,Bad
15,0.076,0.0011959115980780194,Bad
15,0.077,-0.3312845806019068,Bad
15,0.078,0.33593065753348106,Bad
15,0.079,-0.5451163705182901,Bad
15,0.08,-0.20697301855042521,Bad
15,0.081,0.19443986091630164,Bad
15,0.082,0.30492854487719784,Bad
15,0.083,-0.034359886915062136,Bad
15,0.084,-0.16374337928304722,Bad
15,0.085,0.14961928329719687,Bad
15,0.086,0.01886007769541553,Bad
15,0.087,-0.35717432668630383,Bad
15,0.088,0.09685340295537119,Bad
15,0.089,0.2735875731666356,Bad
15,0.09,-0.2514103373610319,Bad
15,0.091,-0.41030737770929143,Bad
15,0.092,0.17824211095312648,Bad
15,0.093,0.011393840100193437,Bad
15,0.094,-0.18976915868808925,Bad
15,0.095,-0.23791456613635967,Bad
15,0.096,0.19527909837014437,Bad
15,0.097,-0.11039611409212757,Bad
15,0.098,0.009651968587044677,Bad
15,0.099,-0.08724855019312194,Bad
15,0.1,-0.23010103108379515,Bad
15,0.101,0.16838070636470365,Bad
15,0.102,0.27892906227029085,Bad
15,0.103,-0.15079534883979068,Bad
15,0.104,-0.2894495856016931,Bad
15,0.105,0.12508543288686813,Bad
15,0.106,-0.2833029250063761,Bad
15,0.107,0.26511264536477036,Bad
15,0.108,0.2558487184600532,Bad
15,0.109,0.09558397078907276,Bad
15,0.11,0.2793476862712282,Bad
15,0.111,-0.03198032270079849,Bad
15,0.112,-0.11989300966482719,Bad
15,0.113,0.043572393337751605,Bad
15,0.114,-0.19724563246185084,Bad
15,0.115,-0.26695085474762653,Bad
15,0.116,0.31054350956735866,Bad
15,0.117,-0.3194698838620606,Bad
15,0.118,-0.07704613622706097,Bad
15,0.119,0.11096098043550655,Bad
15,0.12,-0.20094062325679365,Bad
15,0.121,0.1814847056275128,Bad
15,0.122,-0.1883032840903146,Bad
15,0.123,-0.3279620100918884,Bad
15,0.124,-0.037132614430402,Bad
15,0.125,0.06898421463766521,Bad
15,0.126,0.27216305301652344,Bad
15,0.127,0.06689764309373361,Bad
15,0.128,0.030894342467597244,Bad
15,0.129,-0.2480132431589421,Bad
15,0.13,0.05852842330070565,Bad
15,0.131,-0.18391286200606993,Bad
15,0.132,0.025137322380851743,Bad
15,0.133,0.10159360722528453,Bad
15,0.134,-0.4443665262921156,Bad
15,0.135,0.2652539652843916,Bad
15,0.136,0.04504236282482947,Bad
15,0.137,-0.17203841918197882,Bad
15,0.138,0.10352702618530774,Bad
15,0.139,-0.13108989008607988,Bad
15,0.14,-0.23188942183121197,Bad
15,0.141,-0.2091862170177739,Bad
15,0.142,-0.014560517373999632,Bad
15,0.143,-0.1980828946374888,Bad
15,0.144,-0.23190319339165016,Bad
15,0.145,-0.09739421069661292,Bad
15,0.146,-0.32936476723024305,Bad
15,0.147,-0.3180992931736564,Bad
15,0.148,-0.2045804791367153,Bad
15,0.149,-0.2958443223612569,Bad
15,0.15,0.14503072206377995,Bad
15,0.151,0.23929410606876586,Bad
15,0.152,-0.5199792865081603,Bad
15,0.153,0.038713386816153966,Bad
15,0.154,-0.6217113690886995,Bad
15,0.155,-0.32084096528231343,Bad
15,0.156,-0.17006475276529107,Bad
15,0.157,-0.08126705121687211,Bad
15,0.158,-0.049613546247028295,Bad
15,0.159,-0.2310079337349344,Bad
15,0.16,-0.6008224133284686,Bad
15,0.161,-0.25262836797501853,Bad
15,0.162,-0.24592641997861156,Bad
15,0.163,0.3881831226675059,Bad
15,0.164,-0.6050679387808111,Bad
15,0.165,-0.08684873363966256,Bad
15,0.166,0.10874541847213631,Bad
15,0.167,-0.5088935086197077,Bad
15,0.168,-0.5138844477803435,Bad
15,0.169,-0.6381400493442713,Bad
15,0.17,-0.4383415827993058,Bad
15,0.171,-0.4073448417811033,Bad
15,0.172,-0.8230579259503714,Bad
15,0.173,-0.5911486267068116,Bad
15,0.174,-1.019444536623186,Bad
15,0.175,-0.40380099458248353,Bad
15,0.176,-0.5589578395702639,Bad
15,0.177,-0.587956062976418,Bad
15,0.178,-0.5665163015375735,Bad
15,0.179,-0.11845755382632872,Bad
15,0.18,-0.6900924285415513,Bad
15,0.181,0.19291999122482528,Bad
15,0.182,-0.7785053388505832,Bad
15,0.183,-0.030019635956576418,Bad
15,0.184,-0.24443249987877713,Bad
15,0.185,-0.7238024922426578,Bad
15,0.186,-0.5029199912947513,Bad
15,0.187,-0.8384004795378568,Bad
15,0.188,-1.1095959766149668,Bad
15,0.189,-0.7570826711927563,Bad
15,0.19,-0.6426657654933595,Bad
15,0.191,-0.8157742271173688,Bad
15,0.192,-0.761060575630112,Bad
15,0.193,-0.579277773944477,Bad
15,0.194,-0.9743243457867379,Bad
15,0.195,-0.8733259244876943,Bad
15,0.196,-0.34957147271569516,Bad
15,0.197,-0.962700459555277,Bad
15,0.198,-0.6792621737825255,Bad
15,0.199,-1.123470515314149,Bad
15,0.2,-0.734017266361394,Bad
15,0.201,-0.7445965097607972,Bad
15,0.202,-0.8930140577814839,Bad
15,0.203,-0.5614762124757322,Bad
15,0.204,-0.8642345356924988,Bad
15,0.205,-1.1489010890674498,Bad
15,0.206,-0.41454520999217914,Bad
15,0.207,-1.3293429123363112,Bad
15,0.208,-1.0022448270275957,Bad
15,0.209,-0.8322781595531089,Bad
15,0.21,-0.5605628627909387,Bad
15,0.211,-1.3906740840092353,Bad
15,0.212,-1.0799609516299065,Bad
15,0.213,-0.9448960958151172,Bad
15,0.214,-1.0328217328599703,Bad
15,0.215,-1.4698368922247973,Bad
15,0.216,-1.6358584465965995,Bad
15,0.217,-1.535356696273072,Bad
15,0.218,-1.5504293112791911,Bad
15,0.219,-1.3391514936479432,Bad
15,0.22,-1.209279872774495,Bad
15,0.221,-1.2324132167765547,Bad
15,0.222,-1.9615388719383116,Bad
15,0.223,-1.377223554403321,Bad
15,0.224,-1.1879483084016094,Bad
15,0.225,-0.8790770959628902,Bad
15,0.226,-1.4047694961150172,Bad
15,0.227,-0.9343888416458583,Bad
15,0.228,-1.6282898209992802,Bad
15,0.229,-1.4886609493858964,Bad
15,0.23,-1.355324320238282,Bad
15,0.231,-1.0274342668571657,Bad
15,0.232,-1.231954998971465,Bad
15,0.233,-1.428994173924,Bad
15,0.234,-1.2147617372692256,Bad
15,0.235,-1.526891449875423,Bad
15,0.236,-1.7764257327688278,Bad
15,0.237,-1.3997926303062211,Bad
15,0.238,-1.356196047877702,Bad
15,0.239,-1.520727053087378,Bad
15,0.24,-1.6672222440728042,Bad
15,0.241,-1.7701111426543157,Bad
15,0.242,-1.9796764014388861,Bad
15,0.243,-1.9825347142501317,Bad
15,0.244,-1.3009547321543053,Bad
15,0.245,-0.957157237997311,Bad
15,0.246,-1.3753336997078116,Bad
15,0.247,-1.5523095726003735,Bad
15,0.248,-1.3545056085125666,Bad
15,0.249,-1.8708494599057928,Bad
15,0.25,-1.803153242583631,Bad
15,0.251,-1.993359881227205,Bad
15,0.252,-1.9462896415261932,Bad
15,0.253,-1.8568500170134703,Bad
15,0.254,-1.800479967642549,Bad
15,0.255,-1.91970877311688,Bad
15,0.256,-1.852036078922104,Bad
15,0.257,-1.809992111315068,Bad
15,0.258,-1.7733190169101485,Bad
15,0.259,-1.5079070709698774,Bad
15,0.26,-1.2123705326237846,Bad
15,0.261,-1.435742444757263,Bad
15,0.262,-1.6331369031439,Bad
15,0.263,-1.6893986875933054,Bad
15,0.264,-1.5603693892439632,Bad
15,0.265,-1.2671667604962695,Bad
15,0.266,-1.732703146329969,Bad
15,0.267,-1.44461250425266,Bad
15,0.268,-1.4712612664138995,Bad
15,0.269,-1.5519327994763927,Bad
15,0.27,-1.437825681145226,Bad
15,0.271,-1.5430952835994092,Bad
15,0.272,-1.269395892464971,Bad
15,0.273,-1.5425900758704232,Bad
15,0.274,-1.1742760021222698,Bad
15,0.275,-0.9678374934204228,Bad
15,0.276,-0.8471987976549649,Bad
15,0.277,-1.383436953577555,Bad
15,0.278,-1.0610566011115643,Bad
15,0.279,-1.4815710550965477,Bad
15,0.28,-1.0776098480785077,Bad
15,0.281,-1.1773845828818177,Bad
15,0.282,-1.0605109378293172,Bad
15,0.283,-1.1020872965827737,Bad
15,0.284,-1.0257093795670145,Bad
15,0.285,-1.0395267329667188,Bad
15,0.286,-0.9663138306848241,Bad
15,0.287,-0.9961032988779002,Bad
15,0.288,-0.7409408912466472,Bad
15,0.289,-0.8567913499646546,Bad
15,0.29,-1.0043406103084975,Bad
15,0.291,-0.6848388035542611,Bad
15,0.292,-0.7450120613097454,Bad
15,0.293,-0.7161764117932793,Bad
15,0.294,-0.8829534998858914,Bad
15,0.295,-0.3461357513266882,Bad
15,0.296,-1.2111343544949247,Bad
15,0.297,-0.4021986441895096,Bad
15,0.298,-0.4588690858280322,Bad
15,0.299,-0.5456380699124912,Bad
15,0.3,-0.008018047595041267,Bad
15,0.301,-0.38756182934243966,Bad
15,0.302,-0.7635336487105792,Bad
15,0.303,-0.23949968889889628,Bad
15,0.304,-0.2848405074986112,Bad
15,0.305,-0.07292238998151593,Bad
15,0.306,0.017262299984365494,Bad
15,0.307,-0.0036625246293368052,Bad
15,0.308,-0.21582604124673738,Bad
15,0.309,0.02529753469340318,Bad
15,0.31,0.0784513041181944,Bad
15,0.311,0.7504743185147371,Bad
15,0.312,0.13079166453360805,Bad
15,0.313,0.03391796989463575,Bad
15,0.314,0.2675376097938087,Bad
15,0.315,0.6118447885560631,Bad
15,0.316,0.6205188565721454,Bad
15,0.317,0.3586698332180167,Bad
15,0.318,0.44531249162666336,Bad
15,0.319,0.761754626243146,Bad
15,0.32,0.6788893603073403,Bad
15,0.321,0.6348178284033293,Bad
15,0.322,0.8238688059899087,Bad
15,0.323,0.9515440981323184,Bad
15,0.324,0.6871810155529576,Bad
15,0.325,0.6881216312389582,Bad
15,0.326,0.7884585121204277,Bad
15,0.327,0.9680604708911469,Bad
15,0.328,0.5756472682287253,Bad
15,0.329,0.7992675264488223,Bad
15,0.33,1.0079252701810393,Bad
15,0.331,1.3233556819978838,Bad
15,0.332,0.9259144549276981,Bad
15,0.333,0.7303911171278403,Bad
15,0.334,1.359173132989587,Bad
15,0.335,1.3527771309959178,Bad
15,0.336,1.6807578289848195,Bad
15,0.337,1.5681852660921771,Bad
15,0.338,1.1240689036892049,Bad
15,0.339,1.1551166020307546,Bad
15,0.34,1.0891835016180886,Bad
15,0.341,0.9595313457220196,Bad
15,0.342,1.3960809415463247,Bad
15,0.343,1.6468999708076963,Bad
15,0.344,1.6422445622214916,Bad
15,0.345,1.208599899068834,Bad
15,0.346,1.2748637488993526,Bad
15,0.347,1.6476639239892092,Bad
15,0.348,1.0109251100815126,Bad
15,0.349,1.1303117141806573,Bad
15,0.35,1.5073311453094533,Bad
15,0.351,1.735871613531795,Bad
15,0.352,1.3158687644625873,Bad
15,0.353,1.3517827505638182,Bad
15,0.354,1.209829015641423,Bad
15,0.355,1.5211815515890217,Bad
15,0.356,1.1500043272317857,Bad
15,0.357,1.5534916872662192,Bad
15,0.358,1.085481679078082,Bad
15,0.359,1.9396244829037137,Bad
15,0.36,1.4896299224245682,Bad
15,0.361,0.9727223568677994,Bad
15,0.362,1.0375855590239693,Bad
15,0.363,1.2737429972643328,Bad
15,0.364,1.776333727955042,Bad
15,0.365,1.2299800118647746,Bad
15,0.366,1.6453013962419845,Bad
15,0.367,1.3718465600765657,Bad
15,0.368,0.8242317220506876,Bad
15,0.369,1.1748992443581359,Bad
15,0.37,1.2965100777409126,Bad
15,0.371,0.8315906174332744,Bad
15,0.372,1.153004104594873,Bad
15,0.373,0.8030361520438383,Bad
15,0.374,1.5566956530027451,Bad
15,0.375,0.6814533523909552,Bad
15,0.376,0.6613315855307127,Bad
15,0.377,0.7211184698132596,Bad
15,0.378,0.6595863834042476,Bad
15,0.379,0.49065690437509274,Bad
15,0.38,0.666140947917321,Bad
15,0.381,0.014845409616671634,Bad
15,0.382,0.44720594847113715,Bad
15,0.383,-0.08460336528912249,Bad
15,0.384,0.18350729024901358,Bad
15,0.385,0.2396360416081155,Bad
15,0.386,-0.10451217663372608,Bad
15,0.387,-0.03325490415443963,Bad
15,0.388,-0.49738865769274054,Bad
15,0.389,-0.04658882682814118,Bad
15,0.39,-0.22746515346574692,Bad
15,0.391,-0.29631351580762766,Bad
15,0.392,-0.6091568707918367,Bad
15,0.393,-0.39852306425524836,Bad
15,0.394,-0.6292890801602825,Bad
15,0.395,-0.35512896500807517,Bad
15,0.396,-1.0705300712099821,Bad
15,0.397,-0.5965356407391532,Bad
15,0.398,-0.6154182134563779,Bad
15,0.399,-0.46136416978439243,Bad
15,0.4,-0.9306901557784879,Bad
15,0.401,-0.8719778072798465,Bad
15,0.402,-0.7748778088207546,Bad
15,0.403,-0.922421267979244,Bad
15,0.404,-0.8404286286603944,Bad
15,0.405,-1.306249009387365,Bad
15,0.406,-1.2530661068118074,Bad
15,0.407,-1.3317704326718265,Bad
15,0.408,-1.2084745786352658,Bad
15,0.409,-1.1968297195080495,Bad
15,0.41,-1.2038031865685226,Bad
15,0.411,-1.09917093708484,Bad
15,0.412,-1.220008289138704,Bad
15,0.413,-1.7047250982492161,Bad
15,0.414,-1.5210769816982865,Bad
15,0.415,-1.948944120568722,Bad
15,0.416,-1.762957127729428,Bad
15,0.417,-1.828518731248273,Bad
15,0.418,-2.2679974829053666,Bad
15,0.419,-2.0101462654301967,Bad
15,0.42,-1.941910976455446,Bad
15,0.421,-1.8678692553972163,Bad
15,0.422,-2.6033101226429323,Bad
15,0.423,-2.022791785363639,Bad
15,0.424,-2.7460094190476236,Bad
15,0.425,-1.9821982024023637,Bad
15,0.426,-1.8780595913803695,Bad
15,0.427,-2.514406084838662,Bad
15,0.428,-2.42704515240629,Bad
15,0.429,-2.183324749272942,Bad
15,0.43,-2.5528978888123577,Bad
15,0.431,-2.3589361866977168,Bad
15,0.432,-2.273807886777002,Bad
15,0.433,-2.2694731077533676,Bad
15,0.434,-2.6971378833122537,Bad
15,0.435,-2.5306317516661627,Bad
15,0.436,-2.7126649830178757,Bad
15,0.437,-2.991294158682101,Bad
15,0.438,-2.3820478463813424,Bad
15,0.439,-2.0468868049471522,Bad
15,0.44,-2.500012419397366,Bad
15,0.441,-2.180699856052458,Bad
15,0.442,-2.7695836738110677,Bad
15,0.443,-3.0272079045843805,Bad
15,0.444,-2.7088635224154016,Bad
15,0.445,-2.4633023552128996,Bad
15,0.446,-2.184026952111878,Bad
15,0.447,-2.56402210357647,Bad
15,0.448,-2.3438816240275457,Bad
15,0.449,-3.007816982215945,Bad
15,0.45,-2.588799343109262,Bad
15,0.451,-2.2801545229245836,Bad
15,0.452,-2.5477859928418125,Bad
15,0.453,-2.714468587571755,Bad
15,0.454,-1.9054904543316713,Bad
15,0.455,-2.0714312953136598,Bad
15,0.456,-2.503356185776017,Bad
15,0.457,-2.265274560918245,Bad
15,0.458,-2.380607443782222,Bad
15,0.459,-2.077994007775531,Bad
15,0.46,-1.4960758589769445,Bad
15,0.461,-2.3458879875106273,Bad
15,0.462,-1.6228966954071753,Bad
15,0.463,-1.5743094113383278,Bad
15,0.464,-2.156390591026167,Bad
15,0.465,-1.8331210203827308,Bad
15,0.466,-1.9897012281457445,Bad
15,0.467,-1.5761707440828903,Bad
15,0.468,-1.3631172101826312,Bad
15,0.469,-1.4747733680753192,Bad
15,0.47,-1.4062885686815776,Bad
15,0.471,-1.3835656608453937,Bad
15,0.472,-1.8593097297845815,Bad
15,0.473,-1.8411255171951062,Bad
15,0.474,-1.1255822815310115,Bad
15,0.475,-1.070400022341893,Bad
15,0.476,-1.4456641209712016,Bad
15,0.477,-0.9821521839989819,Bad
15,0.478,-0.7436581393758339,Bad
15,0.479,-0.9102736287835189,Bad
15,0.48,-0.5838794476737983,Bad
15,0.481,-1.277509384181632,Bad
15,0.482,-1.201996868034516,Bad
15,0.483,-0.39586256329212616,Bad
15,0.484,-0.8079869513412269,Bad
15,0.485,-0.6237515435433759,Bad
15,0.486,-0.578801811672445,Bad
15,0.487,-0.9658462147552662,Bad
15,0.488,-0.2822055609785401,Bad
15,0.489,-0.4771071709097724,Bad
15,0.49,-0.25448437632541526,Bad
15,0.491,-0.43083586016990294,Bad
15,0.492,-0.21480051650653548,Bad
15,0.493,-0.17659044079548386,Bad
15,0.494,0.09642582254793675,Bad
15,0.495,-0.23176321208010653,Bad
15,0.496,0.09752251991273497,Bad
15,0.497,-0.024427948512096814,Bad
15,0.498,0.08048253286385368,Bad
15,0.499,0.3904248184362179,Bad
15,0.5,-0.1787076359547813,Bad
15,0.501,-0.01572776639749497,Bad
15,0.502,-0.011475377009564813,Bad
15,0.503,0.3365897607810596,Bad
15,0.504,-0.28357056771546535,Bad
15,0.505,-0.4362864343201098,Bad
15,0.506,-0.3263626466255711,Bad
15,0.507,0.47275802173330306,Bad
15,0.508,0.18311783763532186,Bad
15,0.509,0.16446533886265763,Bad
15,0.51,-0.36139427357012677,Bad
15,0.511,-0.1622841946276742,Bad
15,0.512,-0.2910380632982234,Bad
15,0.513,-0.42275950262501166,Bad
15,0.514,-0.044407796455553886,Bad
15,0.515,-0.14213162706104443,Bad
15,0.516,0.1142833378016152,Bad
15,0.517,-0.33549900568336555,Bad
15,0.518,0.37187396936790673,Bad
15,0.519,0.43869915374814844,Bad
15,0.52,-0.7975919241040643,Bad
15,0.521,-0.4513185780283583,Bad
15,0.522,0.40812339074140946,Bad
15,0.523,-0.3657967729895639,Bad
15,0.524,0.06277194808971903,Bad
15,0.525,-0.43244109220703797,Bad
15,0.526,-0.46097630391825156,Bad
15,0.527,-0.43921875609553257,Bad
15,0.528,-0.5454641625436119,Bad
15,0.529,-0.5643389064816345,Bad
15,0.53,-0.6432344790396629,Bad
15,0.531,-0.9498960935837784,Bad
15,0.532,-0.1381105548038985,Bad
15,0.533,-0.6205644313092018,Bad
15,0.534,-0.5533421887530109,Bad
15,0.535,-0.32619299909405197,Bad
15,0.536,-0.4782170819738557,Bad
15,0.537,-0.9003148979107483,Bad
15,0.538,-0.33951829717221627,Bad
15,0.539,-0.6048638461017332,Bad
15,0.54,-0.3721536128053578,Bad
15,0.541,-0.7309102129279119,Bad
15,0.542,-0.9797468802856215,Bad
15,0.543,-0.9332742641036293,Bad
15,0.544,-0.4183814582444251,Bad
15,0.545,-0.4521445494016048,Bad
15,0.546,-0.8373599107120328,Bad
15,0.547,-1.0465764487279723,Bad
15,0.548,-0.3862117325524346,Bad
15,0.549,-0.4827443855516943,Bad
15,0.55,-0.811366573893058,Bad
15,0.551,-0.738078463443089,Bad
15,0.552,-1.1738573930073413,Bad
15,0.553,-1.1948193828389198,Bad
15,0.554,-0.7938491889900577,Bad
15,0.555,-1.2593762845424918,Bad
15,0.556,-1.276162605165081,Bad
15,0.557,-1.0061822605861697,Bad
15,0.558,-1.299431845501397,Bad
15,0.559,-1.0138085788077706,Bad
15,0.56,-1.0219548513950936,Bad
15,0.561,-1.6618001271933531,Bad
15,0.562,-1.108654592990763,Bad
15,0.563,-0.8440324658941921,Bad
15,0.564,-1.036718823965939,Bad
15,0.565,-1.2175307983323314,Bad
15,0.566,-1.1332879481705516,Bad
15,0.567,-1.3255830627594958,Bad
15,0.568,-1.3510920670884716,Bad
15,0.569,-0.5947468260955406,Bad
15,0.57,-1.1512777489051094,Bad
15,0.571,-0.8237979631459389,Bad
15,0.572,-1.2909638757317685,Bad
15,0.573,-1.2071391240311389,Bad
15,0.574,-0.8431962706463865,Bad
15,0.575,-0.6802576629494815,Bad
15,0.576,-0.5843072705345775,Bad
15,0.577,-0.7518215332276085,Bad
15,0.578,-0.38714149054052166,Bad
15,0.579,-0.7932923636967258,Bad
15,0.58,-0.8831683906322682,Bad
15,0.581,-0.7718651417204465,Bad
15,0.582,-1.0831006461181445,Bad
15,0.583,-1.111948692277293,Bad
15,0.584,-0.9222148770615893,Bad
15,0.585,-0.4809943891604586,Bad
15,0.586,-0.7913487043926379,Bad
15,0.587,-0.9779860618153549,Bad
15,0.588,-0.4974956180288247,Bad
15,0.589,-0.9361239062773548,Bad
15,0.59,-0.6123584407021201,Bad
15,0.591,-0.4935681158069053,Bad
15,0.592,-1.3617741120925868,Bad
15,0.593,-0.9494763569706276,Bad
15,0.594,-0.3919630204608484,Bad
15,0.595,-0.15594263856515622,Bad
15,0.596,-0.8542871939743124,Bad
15,0.597,-0.6526389744868858,Bad
15,0.598,-0.6909858763782297,Bad
15,0.599,-0.5724835090550179,Bad
15,0.6,-0.5958428372819473,Bad
15,0.601,-0.5164589689892254,Bad
15,0.602,0.024162994551920114,Bad
15,0.603,-0.46383580662451135,Bad
15,0.604,-0.4102855118008534,Bad
15,0.605,-0.15794674590808522,Bad
15,0.606,-0.2729218980749911,Bad
15,0.607,-0.7091441268834114,Bad
15,0.608,-0.4643851910421556,Bad
15,0.609,-0.3673478324705539,Bad
15,0.61,-0.4778954024064317,Bad
15,0.611,-0.5618287348640989,Bad
15,0.612,-0.2614388428523028,Bad
15,0.613,-0.2711845536257052,Bad
15,0.614,-0.6751405156553127,Bad
15,0.615,-0.4199917496655403,Bad
15,0.616,-0.33265681842131656,Bad
15,0.617,0.14814520510335893,Bad
15,0.618,-0.07353280609758808,Bad
15,0.619,-0.014091888070078357,Bad
15,0.62,-0.7331577110345135,Bad
15,0.621,-0.10465949931527387,Bad
15,0.622,-0.03617106788476332,Bad
15,0.623,0.009635598315105853,Bad
15,0.624,-0.5704618329152205,Bad
15,0.625,-0.1691675064561524,Bad
15,0.626,-0.48644380395880876,Bad
15,0.627,-0.2661666648835217,Bad
15,0.628,-0.08832672117580195,Bad
15,0.629,0.14528156544758608,Bad
15,0.63,-0.12239693961967943,Bad
15,0.631,-0.28475377665208734,Bad
15,0.632,0.022082868436753694,Bad
15,0.633,-0.13454729625227574,Bad
15,0.634,-0.37694031590061045,Bad
15,0.635,-0.43582982804527437,Bad
15,0.636,0.31713123568501883,Bad
15,0.637,0.017571234134814984,Bad
15,0.638,-0.27441435096319744,Bad
15,0.639,0.06386340065802094,Bad
15,0.64,-0.0653997481944555,Bad
15,0.641,-0.02538656622383147,Bad
15,0.642,-0.37458135070484433,Bad
15,0.643,-0.15390506845900387,Bad
15,0.644,0.3352781483796635,Bad
15,0.645,-0.35118362825869665,Bad
15,0.646,0.06582939269369027,Bad
15,0.647,0.04766142776361574,Bad
15,0.648,0.17042087340281856,Bad
15,0.649,-0.4443068159863607,Bad
15,0.65,-0.21262005599305067,Bad
15,0.651,0.22238402260558618,Bad
15,0.652,0.033407602800933106,Bad
15,0.653,-0.22361512077321957,Bad
15,0.654,0.06864218429825888,Bad
15,0.655,0.1582780846630839,Bad
15,0.656,0.29407786939218933,Bad
15,0.657,0.009046843679673483,Bad
15,0.658,-0.2073796037349371,Bad
15,0.659,-0.07142811061269505,Bad
15,0.66,-0.21502149705157403,Bad
15,0.661,-0.2558796857322532,Bad
15,0.662,0.13352342175486118,Bad
15,0.663,-0.20492691436287366,Bad
15,0.664,0.13985125089542041,Bad
15,0.665,0.12808993722999237,Bad
15,0.666,0.3886749863901862,Bad
15,0.667,0.36794075562746026,Bad
15,0.668,-0.3831088726235481,Bad
15,0.669,-0.04974677991073362,Bad
15,0.67,0.2989435934627257,Bad
15,0.671,0.24429447410964572,Bad
15,0.672,0.4037405458771028,Bad
15,0.673,-0.45812124787142744,Bad
15,0.674,0.2298483529089209,Bad
15,0.675,0.21981184552461985,Bad
15,0.676,0.10150133615555713,Bad
15,0.677,0.027929554797221184,Bad
15,0.678,0.15276041462762424,Bad
15,0.679,-0.035532966785417494,Bad
15,0.68,-0.3920267312091339,Bad
15,0.681,0.0548748572898224,Bad
15,0.682,-0.1690957167284318,Bad
15,0.683,0.2651747724887593,Bad
15,0.684,0.43525934853839926,Bad
15,0.685,-0.46166357733755514,Bad
15,0.686,0.07418254909484326,Bad
15,0.687,-0.3711346655250624,Bad
15,0.688,0.022238547334201973,Bad
15,0.689,-0.6628321489658301,Bad
15,0.69,-0.3905436764452219,Bad
15,0.691,0.09880868263015684,Bad
15,0.692,-0.6052450128990604,Bad
15,0.693,0.19111934255790416,Bad
15,0.694,0.2045349536325159,Bad
15,0.695,0.4600819495289421,Bad
15,0.696,-0.07631590706835605,Bad
15,0.697,0.3813677460028341,Bad
15,0.698,-0.04000011147962628,Bad
15,0.699,-0.43642285639857703,Bad
15,0.7,0.03548121164909469,Bad
15,0.701,-0.1569131689011096,Bad
15,0.702,0.010110393897337797,Bad
15,0.703,0.028130236302268304,Bad
15,0.704,-0.6455815245529338,Bad
15,0.705,-0.29260286103087807,Bad
15,0.706,-0.05908268768807285,Bad
15,0.707,0.07359874907191281,Bad
15,0.708,0.43050888175939206,Bad
15,0.709,0.12466878752427564,Bad
15,0.71,-0.11738324668207671,Bad
15,0.711,0.26935415279851355,Bad
15,0.712,0.2932448045466615,Bad
15,0.713,0.21995177131555263,Bad
15,0.714,0.4347987040852582,Bad
15,0.715,-0.0867339414596223,Bad
15,0.716,-0.07662786585740014,Bad
15,0.717,0.16304471322461603,Bad
15,0.718,0.21114064961223103,Bad
15,0.719,-0.2879308027926576,Bad
15,0.72,-0.20674026124771064,Bad
15,0.721,0.47481374024392586,Bad
15,0.722,0.09940409814218067,Bad
15,0.723,-0.31354032434416895,Bad
15,0.724,-0.08246579340924876,Bad
15,0.725,-0.34783700076039054,Bad
15,0.726,-0.21699120395273422,Bad
15,0.727,-0.11186928045428869,Bad
15,0.728,0.2649558181786879,Bad
15,0.729,-0.3664328486415113,Bad
15,0.73,-0.03692239412146397,Bad
15,0.731,-0.2380548620838134,Bad
15,0.732,0.12804913731082934,Bad
15,0.733,0.1534972866847397,Bad
15,0.734,-0.056988058885725904,Bad
15,0.735,0.4157899659475863,Bad
15,0.736,0.0992990122408751,Bad
15,0.737,0.06789467073509693,Bad
15,0.738,-0.12469172449041524,Bad
15,0.739,0.09145413714549722,Bad
15,0.74,0.26032963629747224,Bad
15,0.741,0.03030392251352857,Bad
15,0.742,0.3278936973236868,Bad
15,0.743,0.48736201022350983,Bad
15,0.744,-0.08146983395470629,Bad
15,0.745,0.11998936070374913,Bad
15,0.746,-0.21394692500480444,Bad
15,0.747,0.14237901009312703,Bad
15,0.748,0.10481075972286129,Bad
15,0.749,0.13034419139539372,Bad
15,0.75,-0.31022281850702654,Bad
15,0.751,-0.230117009350295,Bad
15,0.752,0.09034412765202651,Bad
15,0.753,0.06999511675851176,Bad
15,0.754,0.2909317028830027,Bad
15,0.755,0.2563800621474823,Bad
15,0.756,-0.034974943218934594,Bad
15,0.757,-0.39033576016361204,Bad
15,0.758,0.026791660106496015,Bad
15,0.759,0.11896090511014834,Bad
15,0.76,0.05113453231430557,Bad
15,0.761,-0.010278567327328134,Bad
15,0.762,-0.14236266124952235,Bad
15,0.763,-0.2605408108146607,Bad
15,0.764,0.2080826149516604,Bad
15,0.765,-0.25366243880138123,Bad
15,0.766,-0.01700987689310706,Bad
15,0.767,-0.37125449818623635,Bad
15,0.768,-0.2796358761403804,Bad
15,0.769,-0.4620854332547832,Bad
15,0.77,0.03869411080620636,Bad
15,0.771,-0.060453937243630795,Bad
15,0.772,-0.28698474573619054,Bad
15,0.773,-0.02619274132551945,Bad
15,0.774,-0.03437820725122835,Bad
15,0.775,0.3578911924049698,Bad
15,0.776,-0.12641411331058677,Bad
15,0.777,-0.30136987895093303,Bad
15,0.778,0.08910095168564777,Bad
15,0.779,0.09323219884130972,Bad
15,0.78,0.03735794411924319,Bad
15,0.781,0.36135657518623965,Bad
15,0.782,0.298628267531192,Bad
15,0.783,-0.0710852109251454,Bad
15,0.784,-0.4402171878441357,Bad
15,0.785,-0.27126738192612626,Bad
15,0.786,-0.1240035596526267,Bad
15,0.787,-0.177679196782064,Bad
15,0.788,-0.058758279641248766,Bad
15,0.789,-0.07899510520966778,Bad
15,0.79,-0.44681041183413794,Bad
15,0.791,0.06496514335155727,Bad
15,0.792,0.04842234251454522,Bad
15,0.793,-0.03191120425301539,Bad
15,0.794,0.21334456835925253,Bad
15,0.795,-0.11270808879589034,Bad
15,0.796,0.3802304284864815,Bad
15,0.797,0.21370455848361358,Bad
15,0.798,-0.04556778979995063,Bad
15,0.799,0.15563054166391718,Bad
15,0.8,-0.2312025581072686,Bad
15,0.801,0.08233817282358015,Bad
15,0.802,0.21123784960103434,Bad
15,0.803,0.10371787260943965,Bad
15,0.804,-0.07905844082263397,Bad
15,0.805,-0.26622911618574296,Bad
15,0.806,0.09252825382640507,Bad
15,0.807,0.49299699566896227,Bad
15,0.808,0.1362395670104973,Bad
15,0.809,-0.15859369203620247,Bad
15,0.81,-0.2786341895585874,Bad
15,0.811,0.16822090118417232,Bad
15,0.812,-0.3628621653175305,Bad
15,0.813,0.1321220297916137,Bad
15,0.814,0.029954783964708125,Bad
15,0.815,-0.10402315912034346,Bad
15,0.816,0.38791939545805765,Bad
15,0.817,0.04452345458012554,Bad
15,0.818,0.5062027090556188,Bad
15,0.819,0.15325607504302144,Bad
15,0.82,0.18986617939099892,Bad
15,0.821,0.06867885947593218,Bad
15,0.822,-0.06933776506888625,Bad
15,0.823,-0.10662505137489853,Bad
15,0.824,0.1281845019713542,Bad
15,0.825,-0.02869075523256598,Bad
15,0.826,0.04901593969870456,Bad
15,0.827,-0.46574087185650676,Bad
15,0.828,-0.024415807499378755,Bad
15,0.829,-0.05421259834157351,Bad
15,0.83,-0.04284064118758751,Bad
15,0.831,-0.21939975747588772,Bad
15,0.832,-0.4661593705127041,Bad
15,0.833,0.08572303740250546,Bad
15,0.834,-0.12429430444500357,Bad
15,0.835,-0.3214117127337524,Bad
15,0.836,-0.03865366912533582,Bad
15,0.837,0.03530839853659072,Bad
15,0.838,-0.24667245064173016,Bad
15,0.839,-0.17556837364187441,Bad
15,0.84,-0.020877505308263704,Bad
15,0.841,-0.3484896101111411,Bad
15,0.842,-0.3832695767181022,Bad
15,0.843,-0.060302201912069246,Bad
15,0.844,0.18233580094525634,Bad
15,0.845,0.351987740483079,Bad
15,0.846,-0.2602178323577197,Bad
15,0.847,0.3385726714819271,Bad
15,0.848,0.3693334266975822,Bad
15,0.849,-0.025551951359969977,Bad
15,0.85,0.3240556172173189,Bad
15,0.851,-0.07099154275215085,Bad
15,0.852,-0.04713978216380624,Bad
15,0.853,-0.18201854552639066,Bad
15,0.854,0.3798519692678572,Bad
15,0.855,0.14666252323794218,Bad
15,0.856,0.03659872205190066,Bad
15,0.857,-0.06696182799340004,Bad
15,0.858,-0.24717818553673224,Bad
15,0.859,-0.4809038830825655,Bad
15,0.86,0.15951286650442575,Bad
15,0.861,-0.09890451414641192,Bad
15,0.862,0.1112094716588626,Bad
15,0.863,-0.13687761450638303,Bad
15,0.864,0.46060067306325103,Bad
15,0.865,-0.13962818605629754,Bad
15,0.866,-0.3340258713529367,Bad
15,0.867,0.3304237587416257,Bad
15,0.868,-0.08814030716025315,Bad
15,0.869,-0.127393101268795,Bad
15,0.87,-0.13617884030699534,Bad
15,0.871,-0.22847225098258944,Bad
15,0.872,0.16288419679437988,Bad
15,0.873,-0.14291747699390286,Bad
15,0.874,0.5190422783342803,Bad
15,0.875,-0.11643900421374197,Bad
15,0.876,0.28159622703360165,Bad
15,0.877,0.055404192443978664,Bad
15,0.878,0.17697235946987683,Bad
15,0.879,0.34089006834121127,Bad
15,0.88,-0.11534900826870306,Bad
15,0.881,0.24706022621145451,Bad
15,0.882,-0.12742576639607123,Bad
15,0.883,0.04330636098663751,Bad
15,0.884,0.2043053620014947,Bad
15,0.885,0.1268809103711467,Bad
15,0.886,0.12129288591791235,Bad
15,0.887,-0.22176838627883583,Bad
15,0.888,-0.0031590929965644087,Bad
15,0.889,-0.17695763472612483,Bad
15,0.89,-0.24412239451564163,Bad
15,0.891,-0.4446608550088765,Bad
15,0.892,-0.0387792183572074,Bad
15,0.893,0.01689070702722407,Bad
15,0.894,-0.6058755534847009,Bad
15,0.895,-0.18398793537029923,Bad
15,0.896,-0.22591155198289564,Bad
15,0.897,-0.19318265971451054,Bad
15,0.898,-0.04202739224617394,Bad
15,0.899,0.0024752387490998623,Bad
15,0.9,-0.14489303562862416,Bad
15,0.901,-0.4436080976598104,Bad
15,0.902,0.04096167378054374,Bad
15,0.903,-0.32483424341049527,Bad
15,0.904,-0.058278174491167845,Bad
15,0.905,-0.17390606197493086,Bad
15,0.906,0.08629391473525475,Bad
15,0.907,-0.2884331631085125,Bad
15,0.908,-0.0667123796368378,Bad
15,0.909,-0.05275100199027453,Bad
15,0.91,-0.04633676151568292,Bad
15,0.911,0.3732978354938507,Bad
15,0.912,0.025390310730566447,Bad
15,0.913,0.34409379177652055,Bad
15,0.914,-0.31518752992677657,Bad
15,0.915,0.08395460627874754,Bad
15,0.916,-0.3238311054814058,Bad
15,0.917,-0.4302809111371074,Bad
15,0.918,0.04220403824404373,Bad
15,0.919,-0.10319774678623679,Bad
15,0.92,0.21847523385877757,Bad
15,0.921,-0.031708472067123614,Bad
15,0.922,0.369768067010779,Bad
15,0.923,-0.1839975101909686,Bad
15,0.924,0.2615196906201825,Bad
15,0.925,0.24181915087400258,Bad
15,0.926,-0.2030992493640233,Bad
15,0.927,0.18299680730782375,Bad
15,0.928,-0.07640473192640179,Bad
15,0.929,-0.06902535220168475,Bad
15,0.93,0.048027205134970226,Bad
15,0.931,-0.0451669213164776,Bad
15,0.932,-0.3024877621589023,Bad
15,0.933,-0.1290631691023464,Bad
15,0.934,-0.08727649583773998,Bad
15,0.935,0.1991318342624795,Bad
15,0.936,-0.32113110244332954,Bad
15,0.937,-0.12048092417455541,Bad
15,0.938,-0.7752831849845173,Bad
15,0.939,-0.2578674780793607,Bad
15,0.94,-0.26745835084055386,Bad
15,0.941,0.559449902118517,Bad
15,0.942,-0.007479326742448343,Bad
15,0.943,0.17713807974510837,Bad
15,0.944,0.24058578473539177,Bad
15,0.945,-0.07892133924378207,Bad
15,0.946,-0.29461092681527556,Bad
15,0.947,0.12323269246672848,Bad
15,0.948,0.15648136703585117,Bad
15,0.949,0.44447331931664635,Bad
15,0.95,0.07720617092388031,Bad
15,0.951,0.04838264329677838,Bad
15,0.952,0.007952329167603333,Bad
15,0.953,0.5871214699198107,Bad
15,0.954,0.04830316194949179,Bad
15,0.955,0.14430506222875814,Bad
15,0.956,-0.16993393697317827,Bad
15,0.957,-0.2610249281210203,Bad
15,0.958,0.4440287914452342,Bad
15,0.959,-0.051211289416926375,Bad
15,0.96,-0.21502364909202526,Bad
15,0.961,0.08602328494109063,Bad
15,0.962,0.07993170436358835,Bad
15,0.963,-0.10131874438538618,Bad
15,0.964,-0.196129535370383,Bad
15,0.965,0.04815319857326635,Bad
15,0.966,-0.4341526286743579,Bad
15,0.967,0.08284493267734436,Bad
15,0.968,-0.24710356585076182,Bad
15,0.969,0.34690181509430346,Bad
15,0.97,-0.054426164128870975,Bad
15,0.971,0.22555008844589403,Bad
15,0.972,0.13042515692786044,Bad
15,0.973,-0.5144506774014124,Bad
15,0.974,-0.12108624904066072,Bad
15,0.975,-0.4193913637306756,Bad
15,0.976,-0.02064409712975987,Bad
15,0.977,0.006487012153104723,Bad
15,0.978,0.015020280240871675,Bad
15,0.979,0.39886665671177113,Bad
15,0.98,-0.09429668276694222,Bad
15,0.981,-0.08225552240381355,Bad
15,0.982,0.2124121179010391,Bad
15,0.983,-0.24535284857848919,Bad
15,0.984,-0.5305350071021722,Bad
15,0.985,0.1501989853656372,Bad
15,0.986,0.024947858048665623,Bad
15,0.987,-0.13872841652174417,Bad
15,0.988,-0.036275011553015435,Bad
15,0.989,-0.20234302956205188,Bad
15,0.99,-0.7288788079327804,Bad
15,0.991,-0.23798856636524426,Bad
15,0.992,0.016884502031721847,Bad
15,0.993,-0.5269848776745648,Bad
15,0.994,-0.20607396493730326,Bad
15,0.995,-0.15257867169180905,Bad
15,0.996,-0.1024721466819325,Bad
15,0.997,-0.349044582151479,Bad
15,0.998,-0.1652207265999691,Bad
15,0.999,-0.2461557566566478,Bad
16,0.0,0.21432726133394786,Bad
16,0.001,0.31283497793144766,Bad
16,0.002,0.13478139857553872,Bad
16,0.003,-0.38649306823985147,Bad
16,0.004,-0.4920297084744932,Bad
16,0.005,-0.20592891981669526,Bad
16,0.006,0.1568339285716454,Bad
16,0.007,0.21530245718711513,Bad
16,0.008,0.10070383269701003,Bad
16,0.009,0.23886603793776304,Bad
16,0.01,-0.14563113095187755,Bad
16,0.011,-0.012432236299844251,Bad
16,0.012,-0.019670674289867456,Bad
16,0.013,-0.2287646770678843,Bad
16,0.014,-0.1972365622990425,Bad
16,0.015,-0.15723576475821816,Bad
16,0.016,-0.03220618401895247,Bad
16,0.017,-0.21836024350309974,Bad
16,0.018,-0.16044214535226342,Bad
16,0.019,-0.15121862564869445,Bad
16,0.02,-0.3217949992763881,Bad
16,0.021,-0.214303705457959,Bad
16,0.022,0.5367364433720487,Bad
16,0.023,0.08236272360347693,Bad
16,0.024,0.381265265990107,Bad
16,0.025,-0.1334184950207139,Bad
16,0.026,-0.04099114313944582,Bad
16,0.027,-0.2789434514569721,Bad
16,0.028,-0.15196075868044054,Bad
16,0.029,-0.2983239833071039,Bad
16,0.03,0.24624427827305598,Bad
16,0.031,0.12697185400606675,Bad
16,0.032,-0.09448358335472341,Bad
16,0.033,-0.3430252632168645,Bad
16,0.034,-0.00679259561745551,Bad
16,0.035,0.08655429094590066,Bad
16,0.036,-0.01678298992854115,Bad
16,0.037,0.040154673817291466,Bad
16,0.038,-0.062371872804231995,Bad
16,0.039,-0.001786701864082957,Bad
16,0.04,0.024522788922904503,Bad
16,0.041,0.35245068430470017,Bad
16,0.042,0.16815510122795274,Bad
16,0.043,0.20542685384492435,Bad
16,0.044,-0.2975220060800521,Bad
16,0.045,-0.1572971877379706,Bad
16,0.046,-0.21775161324043787,Bad
16,0.047,-0.19501994477424375,Bad
16,0.048,-0.2334755993810166,Bad
16,0.049,-0.17978704922781377,Bad
16,0.05,0.14562063088065744,Bad
16,0.051,-0.03006500409183864,Bad
16,0.052,-0.21102399901358587,Bad
16,0.053,-0.11959640607187412,Bad
16,0.054,-0.27711100594638777,Bad
16,0.055,-0.15032245509114958,Bad
16,0.056,-0.03278456797264087,Bad
16,0.057,0.10936533714213842,Bad
16,0.058,-0.39629491781677023,Bad
16,0.059,-0.14954266347826964,Bad
16,0.06,-0.11019207228892665,Bad
16,0.061,-0.196707681459869,Bad
16,0.062,0.22051412748298288,Bad
16,0.063,0.20799875925188424,Bad
16,0.064,0.6336575406922921,Bad
16,0.065,0.2208033168291543,Bad
16,0.066,0.10508971750379369,Bad
16,0.067,-0.008482752721952175,Bad
16,0.068,-0.0063775446203357886,Bad
16,0.069,0.08466377306453159,Bad
16,0.07,-0.040349677579407904,Bad
16,0.071,0.10145239668625397,Bad
16,0.072,-0.15072862008450513,Bad
16,0.073,-0.04810749857893721,Bad
16,0.074,0.17891609409458084,Bad
16,0.075,-0.30589910681507865,Bad
16,0.076,-0.10743463793093794,Bad
16,0.077,-0.46240965274639134,Bad
16,0.078,-0.34745319795038276,Bad
16,0.079,0.212819491099496,Bad
16,0.08,0.09780432662263827,Bad
16,0.081,-0.4035463668052074,Bad
16,0.082,0.21715223653988294,Bad
16,0.083,0.3219542777231184,Bad
16,0.084,0.32571618340246183,Bad
16,0.085,0.009311990372294871,Bad
16,0.086,-0.40081666041092034,Bad
16,0.087,0.2951729771268601,Bad
16,0.088,0.47675225594033593,Bad
16,0.089,0.12764332395944417,Bad
16,0.09,-0.08983092588219371,Bad
16,0.091,0.04854048080889315,Bad
16,0.092,0.18850107319614545,Bad
16,0.093,0.06197935744263097,Bad
16,0.094,-0.0712333636568247,Bad
16,0.095,0.3303538873714032,Bad
16,0.096,0.18239410290187794,Bad
16,0.097,0.5154757526176968,Bad
16,0.098,0.07908274486185439,Bad
16,0.099,-0.12428364604466433,Bad
16,0.1,0.07531803896314425,Bad
16,0.101,0.06765573802611591,Bad
16,0.102,0.334763138698845,Bad
16,0.103,-0.7665108784758584,Bad
16,0.104,0.10022518692327297,Bad
16,0.105,0.28540328018972394,Bad
16,0.106,0.3554549707797753,Bad
16,0.107,0.21642506253230853,Bad
16,0.108,-0.49079881768915856,Bad
16,0.109,-0.3630146502343907,Bad
16,0.11,0.3532612972101309,Bad
16,0.111,0.03666937685362936,Bad
16,0.112,-0.08902412726701661,Bad
16,0.113,0.04695353682907584,Bad
16,0.114,-0.011424031306796107,Bad
16,0.115,-0.4181408849785724,Bad
16,0.116,0.09030082418560206,Bad
16,0.117,0.05839050682913411,Bad
16,0.118,-0.4591574122655302,Bad
16,0.119,0.09307248784802986,Bad
16,0.12,0.28251409626869634,Bad
16,0.121,-0.44483135133867896,Bad
16,0.122,-0.07498553107014205,Bad
16,0.123,0.05255688416001493,Bad
16,0.124,0.27363400113738534,Bad
16,0.125,-0.21373560606397737,Bad
16,0.126,-0.05559070524211787,Bad
16,0.127,-0.09206053770408221,Bad
16,0.128,0.21168721081931507,Bad
16,0.129,0.20896002857281992,Bad
16,0.13,-0.08204523564798519,Bad
16,0.131,0.18619685061565028,Bad
16,0.132,0.10720011007470599,Bad
16,0.133,-0.41683879180902633,Bad
16,0.134,-0.45333980471480984,Bad
16,0.135,-0.3946001941590313,Bad
16,0.136,-0.35107503532878365,Bad
16,0.137,-0.15225009091356734,Bad
16,0.138,-0.11190297091910664,Bad
16,0.139,0.01708674553234478,Bad
16,0.14,-0.10638612615857594,Bad
16,0.141,-0.401531959082976,Bad
16,0.142,-0.27267384175205517,Bad
16,0.143,-0.6243051792637695,Bad
16,0.144,0.0770482046261797,Bad
16,0.145,-0.09399947981893784,Bad
16,0.146,-0.0205500541734564,Bad
16,0.147,-0.177026249380171,Bad
16,0.148,-0.6470990660304702,Bad
16,0.149,0.004715000620604426,Bad
16,0.15,-0.17774130520945222,Bad
16,0.151,-0.0391187117340257,Bad
16,0.152,-0.3085794936462627,Bad
16,0.153,-0.5204874032863485,Bad
16,0.154,-0.7444639238984176,Bad
16,0.155,-0.27067596560422524,Bad
16,0.156,-0.4045438468424089,Bad
16,0.157,-0.6371932298007041,Bad
16,0.158,-0.4653479313026967,Bad
16,0.159,-0.2998865988786846,Bad
16,0.16,0.03591834489731638,Bad
16,0.161,-0.017137043705654054,Bad
16,0.162,-0.330456147860646,Bad
16,0.163,-0.529985075323746,Bad
16,0.164,-0.36044468704190064,Bad
16,0.165,-0.06158387930306741,Bad
16,0.166,-0.40880535696078507,Bad
16,0.167,-0.09326708580113535,Bad
16,0.168,-0.21581098388411957,Bad
16,0.169,-0.1223007837206821,Bad
16,0.17,-0.5069434582154415,Bad
16,0.171,-0.40433588916391444,Bad
16,0.172,-0.31249412809071675,Bad
16,0.173,-0.3174555197133308,Bad
16,0.174,-0.13190972735274586,Bad
16,0.175,-0.5932435641614888,Bad
16,0.176,-0.5313041716871992,Bad
16,0.177,-1.0297988746472748,Bad
16,0.178,-0.5963016448808806,Bad
16,0.179,-0.15891198360799053,Bad
16,0.18,-0.43787809180569,Bad
16,0.181,-0.42927476351005317,Bad
16,0.182,-0.7099109331056985,Bad
16,0.183,-0.5673648353525563,Bad
16,0.184,-0.8467466965348667,Bad
16,0.185,-0.9313793053442652,Bad
16,0.186,-0.6602938629712688,Bad
16,0.187,-0.40925845078466916,Bad
16,0.188,-0.9192925967558332,Bad
16,0.189,-0.37578393479579103,Bad
16,0.19,-1.3004885052738349,Bad
16,0.191,-0.4107298589329122,Bad
16,0.192,-0.6581749229469926,Bad
16,0.193,-0.8568867613357856,Bad
16,0.194,-0.6533984708983303,Bad
16,0.195,-0.6047199699946422,Bad
16,0.196,-0.9379162933966659,Bad
16,0.197,-0.9233739808355936,Bad
16,0.198,-0.9709267437934118,Bad
16,0.199,-0.6648533150143645,Bad
16,0.2,-0.7516357237428832,Bad
16,0.201,-1.0147027610271508,Bad
16,0.202,-0.5958919943219415,Bad
16,0.203,-0.6753188637631427,Bad
16,0.204,-0.9404662039330818,Bad
16,0.205,-1.22622997724918,Bad
16,0.206,-0.884965020772993,Bad
16,0.207,-0.9814620691812226,Bad
16,0.208,-1.2196164769165614,Bad
16,0.209,-1.1383990050281954,Bad
16,0.21,-1.1690943328580718,Bad
16,0.211,-0.7224090333543711,Bad
16,0.212,-1.5590753147566987,Bad
16,0.213,-1.0043452390828362,Bad
16,0.214,-0.9343835666838547,Bad
16,0.215,-1.190991023555539,Bad
16,0.216,-1.4995134166637882,Bad
16,0.217,-0.9889399226340101,Bad
16,0.218,-1.3218196561636548,Bad
16,0.219,-1.6329478772307737,Bad
16,0.22,-1.3416263140567093,Bad
16,0.221,-1.458712370732747,Bad
16,0.222,-1.6124840638092737,Bad
16,0.223,-1.374063799382098,Bad
16,0.224,-1.4291664640474004,Bad
16,0.225,-1.5957790950827286,Bad
16,0.226,-0.6888902009902481,Bad
16,0.227,-1.3651453196667183,Bad
16,0.228,-0.9535089153488362,Bad
16,0.229,-1.3637591248969216,Bad
16,0.23,-1.3635302519058858,Bad
16,0.231,-1.2952891522176748,Bad
16,0.232,-1.5477245554401626,Bad
16,0.233,-1.3553767654353368,Bad
16,0.234,-1.676793035299712,Bad
16,0.235,-1.5845246379440845,Bad
16,0.236,-1.5165934368277014,Bad
16,0.237,-1.4581097093374775,Bad
16,0.238,-1.5605748508709825,Bad
16,0.239,-1.9866373796735606,Bad
16,0.24,-1.831041171501224,Bad
16,0.241,-1.450272673702507,Bad
16,0.242,-1.8096526360546719,Bad
16,0.243,-1.6863461394863923,Bad
16,0.244,-1.6819992757348425,Bad
16,0.245,-1.2838765677502186,Bad
16,0.246,-1.977580580391289,Bad
16,0.247,-2.0119087041355708,Bad
16,0.248,-2.012473749349327,Bad
16,0.249,-1.272912504223379,Bad
16,0.25,-1.6552397780821646,Bad
16,0.251,-1.5497030218859582,Bad
16,0.252,-1.608227683017507,Bad
16,0.253,-1.6320123808058644,Bad
16,0.254,-2.08705419689297,Bad
16,0.255,-1.756724055221266,Bad
16,0.256,-1.9256142735831705,Bad
16,0.257,-1.685216273960766,Bad
16,0.258,-1.8665281036807546,Bad
16,0.259,-1.6541479225052738,Bad
16,0.26,-1.6910169014200913,Bad
16,0.261,-1.708888652905948,Bad
16,0.262,-1.966322969977188,Bad
16,0.263,-1.5183724391295166,Bad
16,0.264,-1.5603690372426016,Bad
16,0.265,-1.4697213102730529,Bad
16,0.266,-1.5919175308621738,Bad
16,0.267,-1.8210697535356122,Bad
16,0.268,-1.6287477860199973,Bad
16,0.269,-1.720047652435877,Bad
16,0.27,-1.2493582189337218,Bad
16,0.271,-0.7589666310247078,Bad
16,0.272,-0.7551143316373067,Bad
16,0.273,-1.3943807242156465,Bad
16,0.274,-1.1320145998283118,Bad
16,0.275,-0.933247865171523,Bad
16,0.276,-1.1911162236656765,Bad
16,0.277,-1.0846434641090068,Bad
16,0.278,-0.8784489292424621,Bad
16,0.279,-1.4813176144286841,Bad
16,0.28,-1.077692132842911,Bad
16,0.281,-1.1237168439615446,Bad
16,0.282,-0.9442403589624575,Bad
16,0.283,-0.8402237505523733,Bad
16,0.284,-1.371497376514423,Bad
16,0.285,-1.149602774886563,Bad
16,0.286,-0.9508171749385229,Bad
16,0.287,-0.7066031616743602,Bad
16,0.288,-0.8093040581392126,Bad
16,0.289,-0.9862125111523742,Bad
16,0.29,-0.975182596663352,Bad
16,0.291,-0.6975081563263192,Bad
16,0.292,-0.9954902532121368,Bad
16,0.293,-0.5439040638718384,Bad
16,0.294,-0.33211864206166714,Bad
16,0.295,-0.5093195381034423,Bad
16,0.296,-1.0112516605470994,Bad
16,0.297,-0.04138758708689838,Bad
16,0.298,-0.8857454591439861,Bad
16,0.299,-0.36554304279189875,Bad
16,0.3,-0.1548788959083538,Bad
16,0.301,0.2337392548930491,Bad
16,0.302,-0.2417344037097126,Bad
16,0.303,-0.04446607901177682,Bad
16,0.304,-0.09935629439648365,Bad
16,0.305,0.2782573312415231,Bad
16,0.306,0.6370564386655181,Bad
16,0.307,-0.1298745587949401,Bad
16,0.308,-0.07442826725021434,Bad
16,0.309,-0.04481285415446526,Bad
16,0.31,0.19678967691394422,Bad
16,0.311,0.25895115963750337,Bad
16,0.312,0.43494019944579526,Bad
16,0.313,0.38310519326279374,Bad
16,0.314,0.5783883191253362,Bad
16,0.315,0.5513224137798416,Bad
16,0.316,0.16947309269837207,Bad
16,0.317,0.49438758499255986,Bad
16,0.318,0.7584535820329269,Bad
16,0.319,1.0427232614503084,Bad
16,0.32,0.89567705445838,Bad
16,0.321,0.8744028401425004,Bad
16,0.322,1.3278174597224375,Bad
16,0.323,0.9107641732673571,Bad
16,0.324,1.0793346507194226,Bad
16,0.325,1.000095301591211,Bad
16,0.326,1.119643706174056,Bad
16,0.327,1.2865441138560603,Bad
16,0.328,1.0903438189378987,Bad
16,0.329,1.110922750802734,Bad
16,0.33,0.645008253258318,Bad
16,0.331,1.4733957277062601,Bad
16,0.332,1.141223915251136,Bad
16,0.333,1.1212555504956898,Bad
16,0.334,1.0552513533527634,Bad
16,0.335,1.1695021710210867,Bad
16,0.336,1.317967755619004,Bad
16,0.337,1.1104046889273154,Bad
16,0.338,1.417113435460333,Bad
16,0.339,1.5245505050361103,Bad
16,0.34,1.2326135010598853,Bad
16,0.341,2.0763959633481743,Bad
16,0.342,1.6846155025022815,Bad
16,0.343,1.1676786933489116,Bad
16,0.344,1.4625041287795808,Bad
16,0.345,1.935888002993389,Bad
16,0.346,1.6806780185540442,Bad
16,0.347,1.7006101626866714,Bad
16,0.348,1.2987807824320066,Bad
16,0.349,1.637218477064458,Bad
16,0.35,1.798871266612889,Bad
16,0.351,1.7522471732717502,Bad
16,0.352,1.3177889491734054,Bad
16,0.353,1.5718500720001296,Bad
16,0.354,1.3982584595391452,Bad
16,0.355,1.4457880535335594,Bad
16,0.356,1.328562809714235,Bad
16,0.357,1.305467009559348,Bad
16,0.358,1.4080338768820941,Bad
16,0.359,1.447927952997733,Bad
16,0.36,1.3997309390435586,Bad
16,0.361,1.5351457931602004,Bad
16,0.362,1.1530285312383604,Bad
16,0.363,1.5495011434907855,Bad
16,0.364,1.5096705390971636,Bad
16,0.365,0.5126400347397266,Bad
16,0.366,1.1630827901698382,Bad
16,0.367,0.9090718740687833,Bad
16,0.368,1.0671067287787441,Bad
16,0.369,1.1205306166410525,Bad
16,0.37,1.3545781199438214,Bad
16,0.371,0.6827299546169673,Bad
16,0.372,1.1690240623856667,Bad
16,0.373,0.9749959603963818,Bad
16,0.374,1.0500130633777054,Bad
16,0.375,1.0449916954756149,Bad
16,0.376,0.7520373495143405,Bad
16,0.377,0.9044171162982446,Bad
16,0.378,0.6367808072843378,Bad
16,0.379,0.40035182467720676,Bad
16,0.38,0.7825360789569344,Bad
16,0.381,0.2232658479057492,Bad
16,0.382,0.6744122640418169,Bad
16,0.383,0.7043496876525597,Bad
16,0.384,0.49856478864166426,Bad
16,0.385,0.5114676393796114,Bad
16,0.386,-0.01974834649909743,Bad
16,0.387,0.17636226072973663,Bad
16,0.388,0.027540520313827546,Bad
16,0.389,0.28381352196344917,Bad
16,0.39,0.08124225519287478,Bad
16,0.391,-0.29066981656886604,Bad
16,0.392,0.11337580571647377,Bad
16,0.393,-0.4253433830936249,Bad
16,0.394,-0.8604425939122207,Bad
16,0.395,-0.5972069720475971,Bad
16,0.396,-0.8861544485487368,Bad
16,0.397,-0.7356927707233252,Bad
16,0.398,-1.028748459113714,Bad
16,0.399,-0.900505954638555,Bad
16,0.4,-0.8619379236221908,Bad
16,0.401,-1.3173179354443372,Bad
16,0.402,-1.1139823372547537,Bad
16,0.403,-1.2997165977448497,Bad
16,0.404,-1.1030793602526936,Bad
16,0.405,-1.3487031767265885,Bad
16,0.406,-0.9364334206581,Bad
16,0.407,-1.2483206112924996,Bad
16,0.408,-1.230720154304782,Bad
16,0.409,-1.693636926754851,Bad
16,0.41,-1.3862483804434578,Bad
16,0.411,-1.2991822451328954,Bad
16,0.412,-1.4572283356634255,Bad
16,0.413,-1.689163361552825,Bad
16,0.414,-1.87068945087152,Bad
16,0.415,-1.8417982525210994,Bad
16,0.416,-1.7379967020815335,Bad
16,0.417,-2.020797176039023,Bad
16,0.418,-1.7555357930192643,Bad
16,0.419,-1.888381518116912,Bad
16,0.42,-2.0471768674420328,Bad
16,0.421,-2.0336926533574458,Bad
16,0.422,-1.9409026151070643,Bad
16,0.423,-2.366704616388351,Bad
16,0.424,-2.6672892689012624,Bad
16,0.425,-2.540795822331415,Bad
16,0.426,-2.2890875938985378,Bad
16,0.427,-2.2864108238598515,Bad
16,0.428,-2.5033975321077473,Bad
16,0.429,-2.508298093486491,Bad
16,0.43,-2.496919634972654,Bad
16,0.431,-2.403691676425388,Bad
16,0.432,-2.6823236436220768,Bad
16,0.433,-2.7217193873084575,Bad
16,0.434,-2.491843512216672,Bad
16,0.435,-1.9611633708093263,Bad
16,0.436,-2.5951843599806073,Bad
16,0.437,-2.0437832558570665,Bad
16,0.438,-2.3739542117976216,Bad
16,0.439,-2.705924049077123,Bad
16,0.44,-2.9235013020119904,Bad
16,0.441,-2.5864822993976575,Bad
16,0.442,-2.6247849420303386,Bad
16,0.443,-3.034361414927407,Bad
16,0.444,-2.5643337865021403,Bad
16,0.445,-2.606411245701713,Bad
16,0.446,-2.720672609322067,Bad
16,0.447,-2.673228439833811,Bad
16,0.448,-2.434469607491374,Bad
16,0.449,-2.346333333124657,Bad
16,0.45,-2.6774425186082818,Bad
16,0.451,-2.2070747773245434,Bad
16,0.452,-2.8406329090899654,Bad
16,0.453,-2.1439705197820227,Bad
16,0.454,-2.563584796594908,Bad
16,0.455,-1.9861161800460052,Bad
16,0.456,-2.4380755413962305,Bad
16,0.457,-2.246080311803421,Bad
16,0.458,-1.9966544897436191,Bad
16,0.459,-2.0539863265118767,Bad
16,0.46,-1.8999333132434884,Bad
16,0.461,-2.4492980110376426,Bad
16,0.462,-2.0276169712468035,Bad
16,0.463,-1.9250066216248918,Bad
16,0.464,-1.7527583781780232,Bad
16,0.465,-1.7457669635460944,Bad
16,0.466,-2.2617165383042876,Bad
16,0.467,-1.5332754139730551,Bad
16,0.468,-1.713039848595701,Bad
16,0.469,-1.2985613144557084,Bad
16,0.47,-1.3730673602946524,Bad
16,0.471,-1.4542777357255663,Bad
16,0.472,-1.412705446160505,Bad
16,0.473,-1.4251021225130787,Bad
16,0.474,-1.227499309545455,Bad
16,0.475,-1.3956136121100835,Bad
16,0.476,-0.7641283129629282,Bad
16,0.477,-1.1180841390560312,Bad
16,0.478,-1.0695483397996666,Bad
16,0.479,-1.0405797538259642,Bad
16,0.48,-1.008247684873173,Bad
16,0.481,-0.9431753574046958,Bad
16,0.482,-1.046141939014715,Bad
16,0.483,-0.899042243929321,Bad
16,0.484,-0.2007382924635328,Bad
16,0.485,-0.38519044635796296,Bad
16,0.486,-0.4857117052531137,Bad
16,0.487,-1.0859622897816106,Bad
16,0.488,-0.6183151909805932,Bad
16,0.489,-0.23101745901647114,Bad
16,0.49,-0.3617476779952967,Bad
16,0.491,-0.03953189448204286,Bad
16,0.492,-0.30285295690904124,Bad
16,0.493,-0.3858310084659576,Bad
16,0.494,-0.522010874572794,Bad
16,0.495,-0.6669836473938575,Bad
16,0.496,-0.11803548171233474,Bad
16,0.497,-0.388058438072248,Bad
16,0.498,-0.35424509404601495,Bad
16,0.499,0.490930033392446,Bad
16,0.5,-0.37197807285857126,Bad
16,0.501,-0.27943250432055683,Bad
16,0.502,0.0025631647531464616,Bad
16,0.503,0.1183493421134974,Bad
16,0.504,-0.15507284548034772,Bad
16,0.505,-0.2314971728490642,Bad
16,0.506,0.022114199256949473,Bad
16,0.507,-0.12608302117582407,Bad
16,0.508,0.25702090945852674,Bad
16,0.509,-0.08414319852785408,Bad
16,0.51,0.3540671585860179,Bad
16,0.511,-0.3557584530986243,Bad
16,0.512,-0.56557820071913,Bad
16,0.513,-0.33376584173564916,Bad
16,0.514,-0.18436036008512263,Bad
16,0.515,0.02583171617901915,Bad
16,0.516,-0.33889538453712,Bad
16,0.517,-0.16959778833562003,Bad
16,0.518,-0.1349514719444927,Bad
16,0.519,0.1489679559335077,Bad
16,0.52,0.11273765216434933,Bad
16,0.521,-0.30830256811312234,Bad
16,0.522,0.2149796605239052,Bad
16,0.523,-0.08501761924654103,Bad
16,0.524,-0.4685925528443452,Bad
16,0.525,0.022987952356947283,Bad
16,0.526,-0.04689119605224906,Bad
16,0.527,-0.296209936021469,Bad
16,0.528,-0.39067829628648887,Bad
16,0.529,-0.2845254837495894,Bad
16,0.53,-0.4526784158059709,Bad
16,0.531,-0.37505592648439867,Bad
16,0.532,-0.7150065062678832,Bad
16,0.533,-0.616984861345674,Bad
16,0.534,-0.8500640598659411,Bad
16,0.535,-0.3116172917325394,Bad
16,0.536,-0.38052409684634425,Bad
16,0.537,-0.9129896824726365,Bad
16,0.538,-0.6318003584691603,Bad
16,0.539,-0.8373366694013326,Bad
16,0.54,-0.7150658185939632,Bad
16,0.541,-0.8862511170001235,Bad
16,0.542,-0.8127885491771908,Bad
16,0.543,-0.769064664535977,Bad
16,0.544,-0.6674233768721141,Bad
16,0.545,-0.7890176576151325,Bad
16,0.546,-0.8593270854022144,Bad
16,0.547,-1.2518660235021808,Bad
16,0.548,-0.9645583943522942,Bad
16,0.549,-0.5667459673615378,Bad
16,0.55,-0.5602268690612585,Bad
16,0.551,-0.5413725289846474,Bad
16,0.552,-1.3396100404095768,Bad
16,0.553,-1.1474605558891793,Bad
16,0.554,-0.3170112629892591,Bad
16,0.555,-0.8707584651721555,Bad
16,0.556,-1.2459931582068144,Bad
16,0.557,-0.9594300692118164,Bad
16,0.558,-1.1825497822829512,Bad
16,0.559,-0.7231182851675515,Bad
16,0.56,-0.8758133144718775,Bad
16,0.561,-0.8073586287175141,Bad
16,0.562,-1.257274217062144,Bad
16,0.563,-0.8019616652322183,Bad
16,0.564,-1.2390248291511197,Bad
16,0.565,-1.3274024721366233,Bad
16,0.566,-1.2629260898734032,Bad
16,0.567,-0.40316830067502396,Bad
16,0.568,-1.5539056419655655,Bad
16,0.569,-0.7242758287307626,Bad
16,0.57,-0.7887247854276522,Bad
16,0.571,-0.8266034485946488,Bad
16,0.572,-0.9372000690940069,Bad
16,0.573,-0.8056642713234581,Bad
16,0.574,-1.5629628933388018,Bad
16,0.575,-0.9113104403442392,Bad
16,0.576,-1.4934499370912782,Bad
16,0.577,-0.7585769306881349,Bad
16,0.578,-0.8931476302655313,Bad
16,0.579,-0.8942900688606661,Bad
16,0.58,-1.4503522925217942,Bad
16,0.581,-0.5428702504713014,Bad
16,0.582,-0.6648816343798707,Bad
16,0.583,-0.8977678592315916,Bad
16,0.584,-1.0903975952136857,Bad
16,0.585,-0.6060202847832732,Bad
16,0.586,-0.5204639413570438,Bad
16,0.587,-0.7051831505889186,Bad
16,0.588,-0.9895770024273971,Bad
16,0.589,-1.0571365628144562,Bad
16,0.59,-1.1143316428820007,Bad
16,0.591,-0.6975403648672731,Bad
16,0.592,-0.8350105229053748,Bad
16,0.593,-0.27073280880317635,Bad
16,0.594,-0.4657362054390784,Bad
16,0.595,-0.34099328469458057,Bad
16,0.596,-0.6129738064418323,Bad
16,0.597,-0.5605810356261473,Bad
16,0.598,-0.18749637998220592,Bad
16,0.599,-0.700562340119163,Bad
16,0.6,-0.7975160650428081,Bad
16,0.601,-0.23008165652924562,Bad
16,0.602,-0.5864244841711769,Bad
16,0.603,-0.6698445455304818,Bad
16,0.604,-0.5847362904342082,Bad
16,0.605,-0.2636389758869007,Bad
16,0.606,-0.45886194121076646,Bad
16,0.607,0.09991533005863257,Bad
16,0.608,-0.033551291003358186,Bad
16,0.609,-1.1846496858896152,Bad
16,0.61,-0.2562214391895181,Bad
16,0.611,-0.029177838961497504,Bad
16,0.612,-0.5311351617368163,Bad
16,0.613,-0.24692011779465312,Bad
16,0.614,-0.07484163643139569,Bad
16,0.615,-0.2243993577639351,Bad
16,0.616,-0.5057427064566724,Bad
16,0.617,-0.2800862372010877,Bad
16,0.618,0.5806095057754823,Bad
16,0.619,-0.4858005123006904,Bad
16,0.62,-0.47395508816522947,Bad
16,0.621,-0.028943941362334052,Bad
16,0.622,0.10127164741112804,Bad
16,0.623,0.12225026813570028,Bad
16,0.624,0.23408373752372275,Bad
16,0.625,0.07490366644931756,Bad
16,0.626,-0.43656837572538265,Bad
16,0.627,0.23620015841494849,Bad
16,0.628,-0.4594813504169971,Bad
16,0.629,-0.020560566675715236,Bad
16,0.63,-0.10286427228438745,Bad
16,0.631,-0.21977964802806724,Bad
16,0.632,0.14843111274652823,Bad
16,0.633,-0.5169424833899684,Bad
16,0.634,0.33164324116798477,Bad
16,0.635,-0.1821579854494743,Bad
16,0.636,0.16441092660275652,Bad
16,0.637,-0.17352723396457004,Bad
16,0.638,-0.43311918035514185,Bad
16,0.639,-0.11932950259927522,Bad
16,0.64,-0.1415729856821022,Bad
16,0.641,-0.23999358108007096,Bad
16,0.642,-0.38674094802296044,Bad
16,0.643,0.06373626378619789,Bad
16,0.644,-0.3951360472625289,Bad
16,0.645,0.21397902700460916,Bad
16,0.646,-0.2491579261252336,Bad
16,0.647,-0.2708269031816524,Bad
16,0.648,-0.23397912952059463,Bad
16,0.649,0.10231447040723339,Bad
16,0.65,0.039434741231715406,Bad
16,0.651,-0.3192329271380451,Bad
16,0.652,-0.18450728325364193,Bad
16,0.653,-0.1634995611565185,Bad
16,0.654,-0.16230002052639608,Bad
16,0.655,-0.02080879650232625,Bad
16,0.656,0.03674877272001696,Bad
16,0.657,0.04377097427817016,Bad
16,0.658,-0.3872151494084026,Bad
16,0.659,0.15464031175391346,Bad
16,0.66,0.26411014865753163,Bad
16,0.661,0.15337558539092985,Bad
16,0.662,-0.07909065402429208,Bad
16,0.663,0.13341282690563316,Bad
16,0.664,-0.04670635645615263,Bad
16,0.665,0.015398539753152194,Bad
16,0.666,-0.19499777522625836,Bad
16,0.667,0.510699962416027,Bad
16,0.668,0.10847945229928822,Bad
16,0.669,0.3129722226265849,Bad
16,0.67,0.005284989812832062,Bad
16,0.671,-0.2972181360990572,Bad
16,0.672,0.10460272750220882,Bad
16,0.673,0.33947049194795403,Bad
16,0.674,0.15990853078296807,Bad
16,0.675,-0.08667770185336388,Bad
16,0.676,0.02680399059505929,Bad
16,0.677,-0.005199901229782456,Bad
16,0.678,-0.21528088474516643,Bad
16,0.679,0.09489312774049383,Bad
16,0.68,-0.2280435005707864,Bad
16,0.681,0.06275709308294668,Bad
16,0.682,-0.052198901092684595,Bad
16,0.683,-0.09902865376678095,Bad
16,0.684,0.24241999150474738,Bad
16,0.685,0.1986011490691612,Bad
16,0.686,-0.26419048318375277,Bad
16,0.687,-0.18617055034348096,Bad
16,0.688,0.010692064517877704,Bad
16,0.689,-0.3684070225622138,Bad
16,0.69,-0.0817698449753606,Bad
16,0.691,0.05817244069688872,Bad
16,0.692,-0.10412045887495944,Bad
16,0.693,-0.018803570149583195,Bad
16,0.694,-0.05993294892354314,Bad
16,0.695,0.005178704098928121,Bad
16,0.696,-0.08177577660273445,Bad
16,0.697,0.16224482255267536,Bad
16,0.698,-0.07760042534814848,Bad
16,0.699,-0.049705584757046034,Bad
16,0.7,-0.170254065045793,Bad
16,0.701,0.2832551234622354,Bad
16,0.702,-0.10756760306688791,Bad
16,0.703,-0.08222145697858588,Bad
16,0.704,0.5969617077420271,Bad
16,0.705,0.10337559205649134,Bad
16,0.706,0.32228833483018854,Bad
16,0.707,0.1705838744451277,Bad
16,0.708,-0.16936229687930643,Bad
16,0.709,-0.37743886044959035,Bad
16,0.71,-0.45517798712639546,Bad
16,0.711,0.32526465947463085,Bad
16,0.712,0.14906009771064213,Bad
16,0.713,0.026276346465054497,Bad
16,0.714,-0.5231728014102943,Bad
16,0.715,0.2557664471377889,Bad
16,0.716,0.3867117547654296,Bad
16,0.717,-0.1952320348781952,Bad
16,0.718,0.10738079448166024,Bad
16,0.719,0.15870266828905427,Bad
16,0.72,-0.34423968864863114,Bad
16,0.721,0.2205048314587645,Bad
16,0.722,0.1370808146029759,Bad
16,0.723,0.11501748499389437,Bad
16,0.724,-0.3174495155423379,Bad
16,0.725,-0.5456995257816889,Bad
16,0.726,-0.003530655854910949,Bad
16,0.727,-0.10389192569967798,Bad
16,0.728,-0.03035133510058472,Bad
16,0.729,0.03414452395252295,Bad
16,0.73,-0.0604957311077456,Bad
16,0.731,-0.23557369867108935,Bad
16,0.732,-0.2594153364789452,Bad
16,0.733,0.02638697587935459,Bad
16,0.734,0.14917578990827834,Bad
16,0.735,-0.09631883891218575,Bad
16,0.736,0.1244121241430564,Bad
16,0.737,0.2829005194704833,Bad
16,0.738,0.04489705805383969,Bad
16,0.739,0.15990186597379089,Bad
16,0.74,-0.45975087229435163,Bad
16,0.741,0.16058584591375696,Bad
16,0.742,0.33747223741867727,Bad
16,0.743,-0.05137152298184275,Bad
16,0.744,0.37750941560031526,Bad
16,0.745,0.0538384231483647,Bad
16,0.746,0.06731417489351074,Bad
16,0.747,0.4673909484905852,Bad
16,0.748,-0.053445113388396095,Bad
16,0.749,0.40297675627373675,Bad
16,0.75,0.09386320965581235,Bad
16,0.751,0.4529596613078767,Bad
16,0.752,0.6366124433946069,Bad
16,0.753,-0.28892594818039063,Bad
16,0.754,-0.0598519735124829,Bad
16,0.755,0.3621391144896639,Bad
16,0.756,0.272125149555451,Bad
16,0.757,-0.3729655160523403,Bad
16,0.758,-0.4469347930105618,Bad
16,0.759,-0.24258239255506722,Bad
16,0.76,-0.23093170290265155,Bad
16,0.761,0.28578153274456664,Bad
16,0.762,-0.0752766992906703,Bad
16,0.763,0.082482528250879,Bad
16,0.764,0.021933354710558094,Bad
16,0.765,-0.6065765916668822,Bad
16,0.766,0.3058803955444713,Bad
16,0.767,-0.4756205349975336,Bad
16,0.768,0.10125972106575082,Bad
16,0.769,0.2046650850295094,Bad
16,0.77,0.01941584727001783,Bad
16,0.771,0.061854292790181724,Bad
16,0.772,0.16832049395868967,Bad
16,0.773,-0.2638366960838564,Bad
16,0.774,0.162413128705634,Bad
16,0.775,-0.39622772175667087,Bad
16,0.776,0.1291389163981993,Bad
16,0.777,0.08434506285400142,Bad
16,0.778,-0.08606209092390722,Bad
16,0.779,-0.2326270242372418,Bad
16,0.78,-0.2159041674508932,Bad
16,0.781,0.06223022965087694,Bad
16,0.782,-0.09354495669568358,Bad
16,0.783,0.33193602885600026,Bad
16,0.784,-0.046222315731597255,Bad
16,0.785,-0.23495611175309744,Bad
16,0.786,0.35626148440850164,Bad
16,0.787,0.09392303856894679,Bad
16,0.788,0.13784522845644254,Bad
16,0.789,0.055164472010906906,Bad
16,0.79,0.01167483844747952,Bad
16,0.791,0.1856368098554637,Bad
16,0.792,-0.16144773713926075,Bad
16,0.793,0.1803701558973175,Bad
16,0.794,-0.07241221211239139,Bad
16,0.795,-0.21001940704520458,Bad
16,0.796,-0.2706497707249372,Bad
16,0.797,-0.17269873741909775,Bad
16,0.798,-0.2050834670059048,Bad
16,0.799,0.2200301423597174,Bad
16,0.8,0.025020236592353952,Bad
16,0.801,-0.33992247280814697,Bad
16,0.802,0.02789465989622999,Bad
16,0.803,0.3719371873092068,Bad
16,0.804,0.1253524037971795,Bad
16,0.805,0.0921587027712527,Bad
16,0.806,-0.15109928878343748,Bad
16,0.807,0.10553440503840637,Bad
16,0.808,-0.22207137440312377,Bad
16,0.809,0.16332066077510787,Bad
16,0.81,0.16941076087686033,Bad
16,0.811,0.3246493228751639,Bad
16,0.812,0.3585286536765831,Bad
16,0.813,-0.11892120468177418,Bad
16,0.814,-0.213367679930446,Bad
16,0.815,0.34113919042213536,Bad
16,0.816,-0.09835490251236911,Bad
16,0.817,0.25149887538891863,Bad
16,0.818,-0.027954277794266832,Bad
16,0.819,0.17913564393916603,Bad
16,0.82,0.4600841864896242,Bad
16,0.821,0.2024909532708691,Bad
16,0.822,-0.05168601800652634,Bad
16,0.823,-0.23684837379445964,Bad
16,0.824,0.08149432775813475,Bad
16,0.825,-0.2546997705095691,Bad
16,0.826,-0.3619880669646774,Bad
16,0.827,0.051486381625862394,Bad
16,0.828,0.411123215106989,Bad
16,0.829,-0.4254015828277514,Bad
16,0.83,-0.008371793768982823,Bad
16,0.831,-0.1297177990716489,Bad
16,0.832,0.20646261480869613,Bad
16,0.833,0.11575349611866968,Bad
16,0.834,-0.1049016967595141,Bad
16,0.835,0.07363466117040496,Bad
16,0.836,0.1259894890802785,Bad
16,0.837,-0.4014087021422286,Bad
16,0.838,0.05678409281363816,Bad
16,0.839,-0.12404962103658079,Bad
16,0.84,-0.3831912787263611,Bad
16,0.841,0.2958651975459307,Bad
16,0.842,-0.028135133183721888,Bad
16,0.843,0.041561595460238694,Bad
16,0.844,-0.2424325498680525,Bad
16,0.845,0.22251322438635965,Bad
16,0.846,-0.14937107346592765,Bad
16,0.847,-0.2579795010270748,Bad
16,0.848,-0.22692249537634854,Bad
16,0.849,0.3452494928348301,Bad
16,0.85,0.1830993196453765,Bad
16,0.851,-0.15274637092812937,Bad
16,0.852,0.3030734304442007,Bad
16,0.853,-0.03613019606713852,Bad
16,0.854,-0.1596215405777959,Bad
16,0.855,0.0989131115275507,Bad
16,0.856,-0.0020657375432744213,Bad
16,0.857,-0.08000465798630574,Bad
16,0.858,-0.3253795317520808,Bad
16,0.859,-0.07213903116663246,Bad
16,0.86,0.04554121296386025,Bad
16,0.861,-0.16388985319678234,Bad
16,0.862,0.12922540858813972,Bad
16,0.863,0.26031507689132233,Bad
16,0.864,-0.2661625919623663,Bad
16,0.865,0.013146540012668866,Bad
16,0.866,-0.2823495747844277,Bad
16,0.867,-0.04583481699963582,Bad
16,0.868,-0.015851702654120815,Bad
16,0.869,0.39975470725098483,Bad
16,0.87,0.24314769451933585,Bad
16,0.871,0.19315422981963712,Bad
16,0.872,-0.31710684304537173,Bad
16,0.873,0.24474549108838295,Bad
16,0.874,0.0034726219438566265,Bad
16,0.875,-0.30502079605849475,Bad
16,0.876,0.14776806268731318,Bad
16,0.877,0.33469774909677563,Bad
16,0.878,-0.12335395880973878,Bad
16,0.879,0.27895286256506785,Bad
16,0.88,0.02956091214195491,Bad
16,0.881,0.389183499958277,Bad
16,0.882,0.15778652580653685,Bad
16,0.883,-0.20044047325327657,Bad
16,0.884,-0.22595736771109334,Bad
16,0.885,-0.4294503855447012,Bad
16,0.886,-0.10494022264743784,Bad
16,0.887,-0.33260783832804885,Bad
16,0.888,-0.14831650567784355,Bad
16,0.889,0.053072301598258285,Bad
16,0.89,0.4456915180542234,Bad
16,0.891,0.33640511536141954,Bad
16,0.892,-0.202155217312079,Bad
16,0.893,0.09956747026013946,Bad
16,0.894,-0.14542455313185393,Bad
16,0.895,-0.023864932392546948,Bad
16,0.896,-0.18647941291058479,Bad
16,0.897,-0.29159751081407115,Bad
16,0.898,-0.362592460578073,Bad
16,0.899,-0.15527595340352407,Bad
16,0.9,0.47312727743095795,Bad
16,0.901,0.2127571272243926,Bad
16,0.902,-0.4283708877611871,Bad
16,0.903,0.24661156812927393,Bad
16,0.904,-0.08558893283117903,Bad
16,0.905,0.14344816655994866,Bad
16,0.906,0.4043124961188436,Bad
16,0.907,-0.15345906141909973,Bad
16,0.908,-0.2013230554043618,Bad
16,0.909,-0.07547405171875803,Bad
16,0.91,0.2146054256220703,Bad
16,0.911,0.2565533982972306,Bad
16,0.912,0.5339505233164226,Bad
16,0.913,-0.0915286593937114,Bad
16,0.914,0.11103148691101035,Bad
16,0.915,0.28906534419859453,Bad
16,0.916,-0.10614981565685637,Bad
16,0.917,0.17729130559739958,Bad
16,0.918,0.3990966207259391,Bad
16,0.919,0.08468737315457728,Bad
16,0.92,-0.31233205853475493,Bad
16,0.921,-0.06737884937918553,Bad
16,0.922,0.19197760288260576,Bad
16,0.923,0.06492148454025981,Bad
16,0.924,0.14387690611892182,Bad
16,0.925,-0.16781319997039215,Bad
16,0.926,-0.2717520011606159,Bad
16,0.927,-0.14149478465565848,Bad
16,0.928,-0.05473762568841138,Bad
16,0.929,0.053491371752470984,Bad
16,0.93,0.07928449900934774,Bad
16,0.931,-0.3542177646359994,Bad
16,0.932,-0.06394054523297653,Bad
16,0.933,-0.2988307205748878,Bad
16,0.934,-0.28936931232390134,Bad
16,0.935,-0.20050909833530797,Bad
16,0.936,0.18496187908060796,Bad
16,0.937,0.4029116027385398,Bad
16,0.938,0.09369190716077579,Bad
16,0.939,-0.17808291652730845,Bad
16,0.94,0.4301217928508257,Bad
16,0.941,-0.29430610623008385,Bad
16,0.942,-0.08730275143406437,Bad
16,0.943,-0.1986407167797085,Bad
16,0.944,0.08678284558031026,Bad
16,0.945,0.2514317251200367,Bad
16,0.946,0.02568062648893356,Bad
16,0.947,-0.20574504896855655,Bad
16,0.948,0.05905853667402279,Bad
16,0.949,0.06280056099567556,Bad
16,0.95,0.11735939761281416,Bad
16,0.951,0.03195389076411704,Bad
16,0.952,-0.08662844233436086,Bad
16,0.953,-0.005399324193487822,Bad
16,0.954,0.4072341103299149,Bad
16,0.955,-0.27905229556410716,Bad
16,0.956,-0.18454565986025254,Bad
16,0.957,0.11298174812033035,Bad
16,0.958,0.1391948900705368,Bad
16,0.959,-0.0743768113276404,Bad
16,0.96,-0.47519233169824804,Bad
16,0.961,-0.14374704153427212,Bad
16,0.962,0.17153321967400728,Bad
16,0.963,-0.035148159379178305,Bad
16,0.964,-0.0071606440339917286,Bad
16,0.965,-0.10905951875169496,Bad
16,0.966,0.326759698876531,Bad
16,0.967,-0.04953265898585927,Bad
16,0.968,-0.1071462399999164,Bad
16,0.969,0.3809107437391888,Bad
16,0.97,-0.15172657836813655,Bad
16,0.971,0.03630323630693597,Bad
16,0.972,0.40550244704521365,Bad
16,0.973,-0.3159318538369986,Bad
16,0.974,-0.2738468428068853,Bad
16,0.975,0.02582093314352486,Bad
16,0.976,-0.25124856729727096,Bad
16,0.977,-0.25941256366482,Bad
16,0.978,0.009445486512820999,Bad
16,0.979,0.1969663027911639,Bad
16,0.98,-0.007495966195030717,Bad
16,0.981,0.19993226855679835,Bad
16,0.982,-0.4284315772385444,Bad
16,0.983,0.15882328260673312,Bad
16,0.984,0.5571747926486003,Bad
16,0.985,0.31283917092329105,Bad
16,0.986,-0.7804698114863081,Bad
16,0.987,-0.21261516293320903,Bad
16,0.988,-0.09576414643964988,Bad
16,0.989,-0.10176002441837437,Bad
16,0.99,0.176882386356348,Bad
16,0.991,0.1843774550497525,Bad
16,0.992,-0.381556251676301,Bad
16,0.993,0.08097693437840658,Bad
16,0.994,0.09357400196374503,Bad
16,0.995,0.1520342677294853,Bad
16,0.996,0.2850237795049454,Bad
16,0.997,-0.009892884913268502,Bad
16,0.998,0.09589065592720485,Bad
16,0.999,0.289994213197672,Bad
17,0.0,-0.10360167959896145,Bad
17,0.001,-0.09751406720132925,Bad
17,0.002,0.23373300029691643,Bad
17,0.003,-0.13201735742594256,Bad
17,0.004,0.028067717186283425,Bad
17,0.005,0.21504097287759766,Bad
17,0.006,-0.05286320208215775,Bad
17,0.007,0.1803741511037893,Bad
17,0.008,-0.14811591963147405,Bad
17,0.009,-0.3924605488884302,Bad
17,0.01,-0.1728511780664263,Bad
17,0.011,0.13702489959362246,Bad
17,0.012,0.23698531696019626,Bad
17,0.013,0.3728159584664909,Bad
17,0.014,0.07433583204394853,Bad
17,0.015,0.022679328224246755,Bad
17,0.016,-0.22580813929693788,Bad
17,0.017,0.32796988955181455,Bad
17,0.018,0.2555091282317161,Bad
17,0.019,-0.12230382211188581,Bad
17,0.02,0.1252841920251315,Bad
17,0.021,0.3681453497041261,Bad
17,0.022,0.007938461884973616,Bad
17,0.023,-0.07938530981320881,Bad
17,0.024,0.3471378564821808,Bad
17,0.025,-0.3847224866454165,Bad
17,0.026,0.12273098282762507,Bad
17,0.027,-0.32911545895424155,Bad
17,0.028,0.3585422077607947,Bad
17,0.029,-0.04747023562764782,Bad
17,0.03,-0.0894201490759395,Bad
17,0.031,0.2569364314118631,Bad
17,0.032,0.35411964047821914,Bad
17,0.033,-0.08338352145917037,Bad
17,0.034,0.1144408184820187,Bad
17,0.035,0.017562271313759977,Bad
17,0.036,0.05049152653008801,Bad
17,0.037,-0.2870706021091646,Bad
17,0.038,-0.08520543935133194,Bad
17,0.039,-0.25252033764030146,Bad
17,0.04,0.03521705041180651,Bad
17,0.041,0.09110146767218359,Bad
17,0.042,-0.07306352409905824,Bad
17,0.043,0.2901134411208444,Bad
17,0.044,0.15558232159427057,Bad
17,0.045,-0.2830353817312845,Bad
17,0.046,0.16875815682411646,Bad
17,0.047,0.01383581192361164,Bad
17,0.048,0.4443744444553463,Bad
17,0.049,0.3431874164932426,Bad
17,0.05,0.014935831787184795,Bad
17,0.051,0.07621979212920363,Bad
17,0.052,-0.14877858089491613,Bad
17,0.053,0.07654088764587036,Bad
17,0.054,0.043593829468470624,Bad
17,0.055,-0.06627293795748562,Bad
17,0.056,0.10136745030046357,Bad
17,0.057,-0.0008516774413598505,Bad
17,0.058,-0.15670414233573368,Bad
17,0.059,0.025719423022439594,Bad
17,0.06,-0.08130889665344629,Bad
17,0.061,0.5423879314878532,Bad
17,0.062,0.07601029612859968,Bad
17,0.063,0.45372049514264845,Bad
17,0.064,0.16782723574659336,Bad
17,0.065,-0.38952916538561283,Bad
17,0.066,-0.10487755450003791,Bad
17,0.067,0.040395353886978055,Bad
17,0.068,0.026156420509415156,Bad
17,0.069,-0.007785667260151421,Bad
17,0.07,0.09525147788496781,Bad
17,0.071,-0.51361578625962,Bad
17,0.072,-0.05017528387523201,Bad
17,0.073,-0.40638533829269186,Bad
17,0.074,0.24707101406916562,Bad
17,0.075,-0.12576149064891587,Bad
17,0.076,-0.13051433779833638,Bad
17,0.077,-0.37580975921472315,Bad
17,0.078,-0.07029517205755971,Bad
17,0.079,-0.05591839718171926,Bad
17,0.08,-0.37480398630241013,Bad
17,0.081,0.20514719078168442,Bad
17,0.082,-0.34931725628991683,Bad
17,0.083,-0.3806454695320569,Bad
17,0.084,-0.19829718971219168,Bad
17,0.085,-0.13020478059012439,Bad
17,0.086,0.22473344871373693,Bad
17,0.087,0.3525644071626709,Bad
17,0.088,0.5963769490072902,Bad
17,0.089,0.2586351509359538,Bad
17,0.09,-0.274288857619998,Bad
17,0.091,-0.08165090147588107,Bad
17,0.092,0.1625326404418767,Bad
17,0.093,0.1383941485561985,Bad
17,0.094,0.25488568913972154,Bad
17,0.095,-0.08924178036565494,Bad
17,0.096,-0.034125241407550744,Bad
17,0.097,0.011982616351527798,Bad
17,0.098,0.2270773311167992,Bad
17,0.099,-0.039572841618784944,Bad
17,0.1,0.40067334012696953,Bad
17,0.101,0.24055093301566605,Bad
17,0.102,-0.028869135088632494,Bad
17,0.103,0.2419566758474883,Bad
17,0.104,-0.017680398567450732,Bad
17,0.105,0.2518663127143078,Bad
17,0.106,-0.6496598186214285,Bad
17,0.107,-0.09460229020970151,Bad
17,0.108,-0.041088246664535255,Bad
17,0.109,0.43702792092909915,Bad
17,0.11,0.2748074959645852,Bad
17,0.111,-0.26412777747204863,Bad
17,0.112,-0.23066777230658891,Bad
17,0.113,-0.33304616796633557,Bad
17,0.114,-0.042917087928584445,Bad
17,0.115,-0.04006104346060993,Bad
17,0.116,0.14522329373204637,Bad
17,0.117,0.32225490422139214,Bad
17,0.118,-0.33132116159814984,Bad
17,0.119,0.1475658123099391,Bad
17,0.12,-0.06539758236963643,Bad
17,0.121,0.15265918515383411,Bad
17,0.122,0.4189212967192445,Bad
17,0.123,0.2839200453691137,Bad
17,0.124,-0.10991014621580038,Bad
17,0.125,-0.27343542664118536,Bad
17,0.126,-0.03685152576073533,Bad
17,0.127,-0.2226198814986181,Bad
17,0.128,0.05921177245133406,Bad
17,0.129,-0.3026473708900701,Bad
17,0.13,-0.37099650638216164,Bad
17,0.131,-0.3753930443286657,Bad
17,0.132,-0.22200272244583913,Bad
17,0.133,0.20483365897877248,Bad
17,0.134,0.09797591257129838,Bad
17,0.135,-0.3741862184939958,Bad
17,0.136,-0.18361029027225573,Bad
17,0.137,-0.1846852352230513,Bad
17,0.138,0.20365039987919423,Bad
17,0.139,-0.0882737837484142,Bad
17,0.14,-0.20921687881016532,Bad
17,0.141,-0.1113480739688679,Bad
17,0.142,0.017533757765469504,Bad
17,0.143,-0.2560143554002627,Bad
17,0.144,-0.24090382489032378,Bad
17,0.145,-0.4148661552401314,Bad
17,0.146,-0.005399881791737893,Bad
17,0.147,-0.32353350045820917,Bad
17,0.148,-0.04577337875233477,Bad
17,0.149,0.03617385897768011,Bad
17,0.15,-0.20993943407558108,Bad
17,0.151,0.17918225831509063,Bad
17,0.152,-0.17135183847928007,Bad
17,0.153,-0.05283098067749911,Bad
17,0.154,-0.48966556787523297,Bad
17,0.155,-0.10304059350015667,Bad
17,0.156,-0.33838221789192413,Bad
17,0.157,0.0638598802911221,Bad
17,0.158,-0.5645134351776575,Bad
17,0.159,-0.1726792298712041,Bad
17,0.16,-0.40669266012468197,Bad
17,0.161,0.12268653675140756,Bad
17,0.162,-0.15521228537157228,Bad
17,0.163,0.048155973811246644,Bad
17,0.164,-0.4084469185533217,Bad
17,0.165,0.02093626854051306,Bad
17,0.166,-0.18426400325996475,Bad
17,0.167,-0.34166708874695717,Bad
17,0.168,-0.30929898458190597,Bad
17,0.169,-0.23003158428053336,Bad
17,0.17,-0.7455255751423489,Bad
17,0.171,-0.19643171013294786,Bad
17,0.172,-0.4410134520455083,Bad
17,0.173,-0.2313218321455289,Bad
17,0.174,-0.4770950048081103,Bad
17,0.175,-0.5259638955454335,Bad
17,0.176,-0.13835006513011144,Bad
17,0.177,-0.6710421210171204,Bad
17,0.178,-0.6221440271429645,Bad
17,0.179,-0.6700007792113064,Bad
17,0.18,-0.5021773674384938,Bad
17,0.181,-1.0515129043738936,Bad
17,0.182,-0.6338212165035082,Bad
17,0.183,-0.5066398033522392,Bad
17,0.184,-0.7043111590120359,Bad
17,0.185,-0.6711449423418439,Bad
17,0.186,-0.7307477733286326,Bad
17,0.187,-0.6512504997609888,Bad
17,0.188,-0.5723988613308203,Bad
17,0.189,-0.7220439546827795,Bad
17,0.19,-0.7359957881438507,Bad
17,0.191,-0.7168986211601162,Bad
17,0.192,-0.662965679963322,Bad
17,0.193,-0.7450924509445723,Bad
17,0.194,-0.7540791389838238,Bad
17,0.195,-0.7507947687327439,Bad
17,0.196,-0.7129140700381851,Bad
17,0.197,-0.7538049176971136,Bad
17,0.198,-1.0015770992610766,Bad
17,0.199,-0.9174521141100588,Bad
17,0.2,-0.76198651624607,Bad
17,0.201,-0.8377037594525693,Bad
17,0.202,-0.5320765294873295,Bad
17,0.203,-1.1039315998906967,Bad
17,0.204,-0.8210731061004466,Bad
17,0.205,-0.9851667918808226,Bad
17,0.206,-0.8322827102408021,Bad
17,0.207,-0.7925086989957999,Bad
17,0.208,-1.0159313831413646,Bad
17,0.209,-1.2667470445238744,Bad
17,0.21,-0.6812860429403803,Bad
17,0.211,-1.4311375929054366,Bad
17,0.212,-1.0655229846545127,Bad
17,0.213,-1.3904425846735706,Bad
17,0.214,-1.2563967390909079,Bad
17,0.215,-0.5974486620264864,Bad
17,0.216,-1.2816774556700279,Bad
17,0.217,-1.5324216399618875,Bad
17,0.218,-0.8639896438767711,Bad
17,0.219,-0.9222632668032434,Bad
17,0.22,-1.4252655975470074,Bad
17,0.221,-1.0402228677755276,Bad
17,0.222,-1.4928433829937826,Bad
17,0.223,-1.375563005990418,Bad
17,0.224,-1.2728781136721419,Bad
17,0.225,-1.6211717697435306,Bad
17,0.226,-1.1437355286801276,Bad
17,0.227,-1.6255616068240095,Bad
17,0.228,-1.3659289934580696,Bad
17,0.229,-1.342214684416422,Bad
17,0.23,-1.2043483632035836,Bad
17,0.231,-1.0695757823772862,Bad
17,0.232,-1.5616183427571502,Bad
17,0.233,-1.8140946337426178,Bad
17,0.234,-1.086741138078298,Bad
17,0.235,-1.377294804770029,Bad
17,0.236,-1.6018608791122606,Bad
17,0.237,-1.3911442508457128,Bad
17,0.238,-1.1910114499158553,Bad
17,0.239,-1.360017606896769,Bad
17,0.24,-1.5832572937528655,Bad
17,0.241,-1.1744052943814833,Bad
17,0.242,-1.5656309292653905,Bad
17,0.243,-1.5323016257264626,Bad
17,0.244,-1.906447628252804,Bad
17,0.245,-1.6958119714726119,Bad
17,0.246,-1.7158359808963335,Bad
17,0.247,-1.5546293799453514,Bad
17,0.248,-1.7746888637413047,Bad
17,0.249,-1.7706377801334303,Bad
17,0.25,-1.7798178680620107,Bad
17,0.251,-1.7944785230383895,Bad
17,0.252,-1.2555416941945197,Bad
17,0.253,-2.014414536883547,Bad
17,0.254,-1.5256492147620506,Bad
17,0.255,-1.9393461633137314,Bad
17,0.256,-1.4996611158871471,Bad
17,0.257,-1.05981545054857,Bad
17,0.258,-1.7830632564781526,Bad
17,0.259,-1.7102931907345356,Bad
17,0.26,-1.6112935230232672,Bad
17,0.261,-1.7483440641852557,Bad
17,0.262,-1.4793496773055892,Bad
17,0.263,-1.6753369123745163,Bad
17,0.264,-1.8458525591491128,Bad
17,0.265,-1.6544721418862518,Bad
17,0.266,-2.2043352427575424,Bad
17,0.267,-1.7294762489923774,Bad
17,0.268,-1.33278626851931,Bad
17,0.269,-1.5837456952487217,Bad
17,0.27,-1.179552797216659,Bad
17,0.271,-1.038016572202332,Bad
17,0.272,-1.5465155974291052,Bad
17,0.273,-1.7940000192224401,Bad
17,0.274,-1.4380803638920385,Bad
17,0.275,-1.3777651439841234,Bad
17,0.276,-1.1193946396718077,Bad
17,0.277,-0.907391527211939,Bad
17,0.278,-1.2109981029989614,Bad
17,0.279,-1.0825720014038818,Bad
17,0.28,-1.2846188061925132,Bad
17,0.281,-1.3468643257775723,Bad
17,0.282,-1.537407738900278,Bad
17,0.283,-1.2858129309059807,Bad
17,0.284,-1.1204091618914325,Bad
17,0.285,-1.1714920125270705,Bad
17,0.286,-1.0136366452216166,Bad
17,0.287,-1.2326086808125838,Bad
17,0.288,-0.5011223815505639,Bad
17,0.289,-1.0033062391456904,Bad
17,0.29,-0.860722067088358,Bad
17,0.291,-0.3633139970233999,Bad
17,0.292,-0.8293334955714009,Bad
17,0.293,-0.5568551663098855,Bad
17,0.294,-0.9196205644988795,Bad
17,0.295,-0.35955796315406885,Bad
17,0.296,-0.5433600877343503,Bad
17,0.297,-0.3815568583348324,Bad
17,0.298,-0.5271362678496866,Bad
17,0.299,-0.29416468833290954,Bad
17,0.3,-0.6112639599331797,Bad
17,0.301,-0.4739050425143618,Bad
17,0.302,0.5410088116326937,Bad
17,0.303,0.05498263030825487,Bad
17,0.304,-0.30453362319989163,Bad
17,0.305,-0.02009414532116118,Bad
17,0.306,0.43934056162365087,Bad
17,0.307,0.024194740143226603,Bad
17,0.308,0.21102579866600837,Bad
17,0.309,0.0286382985708121,Bad
17,0.31,0.0441229551138452,Bad
17,0.311,0.2336886603807622,Bad
17,0.312,0.00041637605986211135,Bad
17,0.313,0.5110419373484346,Bad
17,0.314,0.051337555211560304,Bad
17,0.315,0.4923729084580166,Bad
17,0.316,0.17235210706147958,Bad
17,0.317,0.5416133140845664,Bad
17,0.318,1.1341600926742326,Bad
17,0.319,0.39782192068944383,Bad
17,0.32,0.4710856164421216,Bad
17,0.321,1.0547337395637315,Bad
17,0.322,0.7393995510635311,Bad
17,0.323,1.2047226580761334,Bad
17,0.324,0.8168705941294417,Bad
17,0.325,0.7824475202405612,Bad
17,0.326,1.0865842313728142,Bad
17,0.327,1.0256945144413512,Bad
17,0.328,1.2039266044129253,Bad
17,0.329,0.9977070404936601,Bad
17,0.33,0.8699918470703354,Bad
17,0.331,0.6662622251056305,Bad
17,0.332,0.8815881198092643,Bad
17,0.333,1.1007695161400284,Bad
17,0.334,0.9251433930962238,Bad
17,0.335,0.910394134838074,Bad
17,0.336,1.4621353048563885,Bad
17,0.337,1.4871288285805546,Bad
17,0.338,1.4351405122179854,Bad
17,0.339,1.2264373976488858,Bad
17,0.34,1.4632574756370749,Bad
17,0.341,1.2567494623571571,Bad
17,0.342,1.7428557696996376,Bad
17,0.343,1.5452339178286278,Bad
17,0.344,1.5213088946172804,Bad
17,0.345,1.219487160847912,Bad
17,0.346,1.9086322839571719,Bad
17,0.347,1.3295921532498889,Bad
17,0.348,1.854629895129843,Bad
17,0.349,1.7872538121295842,Bad
17,0.35,1.4820642115517768,Bad
17,0.351,1.3178277973244383,Bad
17,0.352,1.3215435105100217,Bad
17,0.353,1.0634823306207404,Bad
17,0.354,1.7705268167180648,Bad
17,0.355,1.085149647347567,Bad
17,0.356,1.5502166918939622,Bad
17,0.357,1.4287605905260026,Bad
17,0.358,1.4210163457415015,Bad
17,0.359,1.625522903541714,Bad
17,0.36,0.9845625248791352,Bad
17,0.361,1.4144019165889157,Bad
17,0.362,1.3015851025752332,Bad
17,0.363,1.3329262749757547,Bad
17,0.364,1.538029587642705,Bad
17,0.365,1.2778053022074618,Bad
17,0.366,0.9963479257962675,Bad
17,0.367,1.0043932605241188,Bad
17,0.368,1.3421322834009275,Bad
17,0.369,1.007230855442893,Bad
17,0.37,0.89647520257566,Bad
17,0.371,0.592387559500851,Bad
17,0.372,0.953867956243276,Bad
17,0.373,0.9372450133123315,Bad
17,0.374,0.762351665199431,Bad
17,0.375,0.58503431793085,Bad
17,0.376,0.9651686625376807,Bad
17,0.377,0.8450077789786216,Bad
17,0.378,0.8956761444080572,Bad
17,0.379,0.9229198624299686,Bad
17,0.38,0.8498858611439246,Bad
17,0.381,0.4643069852964552,Bad
17,0.382,0.204244568013055,Bad
17,0.383,0.6529315404569649,Bad
17,0.384,-0.14647129734453002,Bad
17,0.385,0.29455509167520183,Bad
17,0.386,0.48592895464712926,Bad
17,0.387,-0.04031384603428696,Bad
17,0.388,-0.03727658386135496,Bad
17,0.389,-0.11897545565695242,Bad
17,0.39,-0.2164075230658573,Bad
17,0.391,-0.2924400604712053,Bad
17,0.392,-0.26935380366331946,Bad
17,0.393,-0.29073978894332314,Bad
17,0.394,-0.8482178770625972,Bad
17,0.395,-0.4635511001932348,Bad
17,0.396,-0.20803765752174258,Bad
17,0.397,-0.374918536660993,Bad
17,0.398,-0.4962709539274446,Bad
17,0.399,-0.9043486431472685,Bad
17,0.4,-0.8399510479904424,Bad
17,0.401,-1.1422225911126396,Bad
17,0.402,-1.2077899054326449,Bad
17,0.403,-1.1080292982107223,Bad
17,0.404,-1.153594357959453,Bad
17,0.405,-1.1531397379125239,Bad
17,0.406,-1.0905990365276328,Bad
17,0.407,-1.2683249438635176,Bad
17,0.408,-1.0388726059735816,Bad
17,0.409,-0.7206555413433059,Bad
17,0.41,-1.3670645986235552,Bad
17,0.411,-1.410929347076419,Bad
17,0.412,-1.8526053533531883,Bad
17,0.413,-1.4007836468472943,Bad
17,0.414,-1.3532932036378094,Bad
17,0.415,-1.7370753061762814,Bad
17,0.416,-2.1319050592531816,Bad
17,0.417,-2.1835922286345704,Bad
17,0.418,-1.8150550483770878,Bad
17,0.419,-1.697291146143165,Bad
17,0.42,-2.0010981259955374,Bad
17,0.421,-2.4080464684754253,Bad
17,0.422,-2.1733897932841604,Bad
17,0.423,-2.1175953254853854,Bad
17,0.424,-1.8222288238743973,Bad
17,0.425,-2.29589608395694,Bad
17,0.426,-2.5819181913023197,Bad
17,0.427,-2.4397130904048807,Bad
17,0.428,-1.9944311002443467,Bad
17,0.429,-2.5814596379688983,Bad
17,0.43,-2.318065055273015,Bad
17,0.431,-2.215293904710101,Bad
17,0.432,-2.740602662604138,Bad
17,0.433,-2.2704445919617977,Bad
17,0.434,-2.6868383621430034,Bad
17,0.435,-2.4620074668680063,Bad
17,0.436,-2.548916913814416,Bad
17,0.437,-2.382416387665645,Bad
17,0.438,-2.7169322993141782,Bad
17,0.439,-3.0483785535822343,Bad
17,0.44,-3.0743609672214296,Bad
17,0.441,-2.1074238745763907,Bad
17,0.442,-2.88929484696981,Bad
17,0.443,-2.4189799770166096,Bad
17,0.444,-2.873724571407841,Bad
17,0.445,-2.719105893448573,Bad
17,0.446,-2.682676812497317,Bad
17,0.447,-2.0322261109252215,Bad
17,0.448,-2.3903044531913458,Bad
17,0.449,-2.7507219462736225,Bad
17,0.45,-2.358721196205497,Bad
17,0.451,-2.916815113510782,Bad
17,0.452,-2.522068466466336,Bad
17,0.453,-2.4386264720623445,Bad
17,0.454,-2.3110769071145727,Bad
17,0.455,-2.2856541911814565,Bad
17,0.456,-2.8169724453999123,Bad
17,0.457,-2.609053309993906,Bad
17,0.458,-2.185715112617708,Bad
17,0.459,-1.9472857087309916,Bad
17,0.46,-1.9998881895148388,Bad
17,0.461,-1.6222723620207955,Bad
17,0.462,-1.566790274118864,Bad
17,0.463,-1.7236259535990996,Bad
17,0.464,-2.0901164145539655,Bad
17,0.465,-1.16520528986499,Bad
17,0.466,-1.6314489419518723,Bad
17,0.467,-1.263134527290019,Bad
17,0.468,-1.6756102938288249,Bad
17,0.469,-1.5142807097066457,Bad
17,0.47,-1.3171673225627,Bad
17,0.471,-1.3079013899946628,Bad
17,0.472,-1.1678917450208506,Bad
17,0.473,-1.0736180605164507,Bad
17,0.474,-1.319100128524048,Bad
17,0.475,-1.066363318201142,Bad
17,0.476,-0.7435241698132455,Bad
17,0.477,-1.4348434642927068,Bad
17,0.478,-0.866272009418888,Bad
17,0.479,-1.0664077951376119,Bad
17,0.48,-1.6663042129536492,Bad
17,0.481,-0.7499620597808088,Bad
17,0.482,-0.7911723744538097,Bad
17,0.483,-0.49774797544540533,Bad
17,0.484,-0.8273728251588064,Bad
17,0.485,-0.826917291217633,Bad
17,0.486,-0.9385046573565892,Bad
17,0.487,-0.5683924430845131,Bad
17,0.488,-0.558539233998509,Bad
17,0.489,-1.1786282660389613,Bad
17,0.49,-0.4141154372679106,Bad
17,0.491,-0.2331420341057585,Bad
17,0.492,-0.11740450911695327,Bad
17,0.493,-0.269085455058244,Bad
17,0.494,-0.11548855803033979,Bad
17,0.495,0.14258250576964293,Bad
17,0.496,-0.108817299238092,Bad
17,0.497,-0.31062840597127617,Bad
17,0.498,0.300549917092476,Bad
17,0.499,-0.264105643950057,Bad
17,0.5,0.33828386134398153,Bad
17,0.501,-0.09855203960853082,Bad
17,0.502,-0.27506611574640016,Bad
17,0.503,-0.2395261724319912,Bad
17,0.504,-0.018944526468131235,Bad
17,0.505,-0.01955087412636921,Bad
17,0.506,0.17882448194905004,Bad
17,0.507,0.12632283147559975,Bad
17,0.508,-0.10416008168105567,Bad
17,0.509,-0.22475115489876815,Bad
17,0.51,-0.2459777534290038,Bad
17,0.511,0.17778956411647023,Bad
17,0.512,-0.08999089042342812,Bad
17,0.513,-0.08455211915340835,Bad
17,0.514,-0.3369267554051262,Bad
17,0.515,-0.03628990512148467,Bad
17,0.516,-0.3327253698198816,Bad
17,0.517,0.21496589107321634,Bad
17,0.518,0.044108485328050645,Bad
17,0.519,-0.28608303016880376,Bad
17,0.52,-0.49416461258374417,Bad
17,0.521,-0.16203746278701214,Bad
17,0.522,-0.10664948424570668,Bad
17,0.523,-0.2566032955142102,Bad
17,0.524,-0.33594629667954173,Bad
17,0.525,-0.22388993301211693,Bad
17,0.526,-0.5366699644967406,Bad
17,0.527,-0.045676393437895535,Bad
17,0.528,-9.183766393272563e-05,Bad
17,0.529,-0.5131820598323144,Bad
17,0.53,-0.5213494666199645,Bad
17,0.531,-0.6451493155980709,Bad
17,0.532,-0.4434626903188984,Bad
17,0.533,-0.6717170455196269,Bad
17,0.534,-0.4308239539715363,Bad
17,0.535,-0.7546790076376108,Bad
17,0.536,-0.7513211887578817,Bad
17,0.537,-0.7232833132423059,Bad
17,0.538,-0.9831270997106036,Bad
17,0.539,-0.8357905660522766,Bad
17,0.54,-0.627065249767969,Bad
17,0.541,-0.7262943199998664,Bad
17,0.542,-0.7069294665366345,Bad
17,0.543,-0.6039562042390778,Bad
17,0.544,-0.951732044535353,Bad
17,0.545,-0.864684322166444,Bad
17,0.546,-1.114398717209511,Bad
17,0.547,-0.738939584976158,Bad
17,0.548,-1.392183218235006,Bad
17,0.549,-0.7441096657024807,Bad
17,0.55,-1.207898901394599,Bad
17,0.551,-1.2723411942319278,Bad
17,0.552,-1.1425059408136253,Bad
17,0.553,-0.9820129431344852,Bad
17,0.554,-0.6334073111651044,Bad
17,0.555,-1.1357758000683078,Bad
17,0.556,-0.7645566452525867,Bad
17,0.557,-1.496425525477452,Bad
17,0.558,-1.2279804590021446,Bad
17,0.559,-0.837529703582798,Bad
17,0.56,-1.3314930942993781,Bad
17,0.561,-1.1448694905453742,Bad
17,0.562,-0.9254500832233183,Bad
17,0.563,-0.5993045681981375,Bad
17,0.564,-1.2381496114602977,Bad
17,0.565,-0.9145519559264278,Bad
17,0.566,-0.8253870798033092,Bad
17,0.567,-1.1903007255237932,Bad
17,0.568,-1.1402543588688232,Bad
17,0.569,-0.8538657908469958,Bad
17,0.57,-1.0137571988582943,Bad
17,0.571,-0.7753421041326954,Bad
17,0.572,-1.063698869758909,Bad
17,0.573,-1.150941240269926,Bad
17,0.574,-0.9432971176734422,Bad
17,0.575,-1.1156192135739165,Bad
17,0.576,-0.542582070111003,Bad
17,0.577,-1.0638297466200788,Bad
17,0.578,-0.6832442413833089,Bad
17,0.579,-0.9544859011582421,Bad
17,0.58,-0.4223601398331161,Bad
17,0.581,-0.5881382470242515,Bad
17,0.582,-0.5497941567506432,Bad
17,0.583,-0.7714205598402949,Bad
17,0.584,-0.9732417694697525,Bad
17,0.585,-0.9350572832112359,Bad
17,0.586,-0.6064382882791081,Bad
17,0.587,-0.8463362982682356,Bad
17,0.588,-0.7607177619268886,Bad
17,0.589,-0.481962082307934,Bad
17,0.59,-0.26455305185015066,Bad
17,0.591,-0.7676968256820541,Bad
17,0.592,-0.13835449790185855,Bad
17,0.593,0.0286114776059051,Bad
17,0.594,-0.5528473556198095,Bad
17,0.595,-0.5854225957655603,Bad
17,0.596,-0.42500808417056074,Bad
17,0.597,-0.2141154651272011,Bad
17,0.598,-0.9564441908068495,Bad
17,0.599,-0.5306546613792824,Bad
17,0.6,-0.4213365818607989,Bad
17,0.601,-0.39037330064724585,Bad
17,0.602,-0.8643413110148248,Bad
17,0.603,-0.2957100714116112,Bad
17,0.604,-0.37905382825967365,Bad
17,0.605,-0.1281542386192928,Bad
17,0.606,-0.35621684653672825,Bad
17,0.607,-0.04858583596063254,Bad
17,0.608,-0.2783201403524305,Bad
17,0.609,-0.44689235904346913,Bad
17,0.61,-0.440016803742727,Bad
17,0.611,-0.03702596858498769,Bad
17,0.612,-0.30277612031035445,Bad
17,0.613,-0.4856474109446567,Bad
17,0.614,-0.3506326265654192,Bad
17,0.615,-0.1488926830035283,Bad
17,0.616,-0.14932254182488391,Bad
17,0.617,-0.9334592663087096,Bad
17,0.618,-0.481151662146994,Bad
17,0.619,-0.2532811387328382,Bad
17,0.62,0.24988883143567478,Bad
17,0.621,0.11143449520139109,Bad
17,0.622,0.04872047136816743,Bad
17,0.623,-0.5977907836200744,Bad
17,0.624,-0.41898514555207855,Bad
17,0.625,-0.2027499402690886,Bad
17,0.626,-0.22417231729268122,Bad
17,0.627,-0.22826643486900106,Bad
17,0.628,-0.16409554025452358,Bad
17,0.629,-0.46795484713973307,Bad
17,0.63,-0.4564610955151377,Bad
17,0.631,0.00826080000056939,Bad
17,0.632,0.21239673201948173,Bad
17,0.633,0.36745451514029737,Bad
17,0.634,0.05166310469156839,Bad
17,0.635,-0.159792079534049,Bad
17,0.636,-0.5600553751618372,Bad
17,0.637,0.035298212087154585,Bad
17,0.638,0.11467850748628233,Bad
17,0.639,0.04402966445661605,Bad
17,0.64,0.13245702731880177,Bad
17,0.641,-0.26293906001663736,Bad
17,0.642,0.010406306604833819,Bad
17,0.643,-0.19066809177314462,Bad
17,0.644,-0.21629012629728722,Bad
17,0.645,0.18065586791798308,Bad
17,0.646,0.3141428448666708,Bad
17,0.647,-0.5075621919612786,Bad
17,0.648,0.048363122188562105,Bad
17,0.649,-0.05836964856063266,Bad
17,0.65,0.06166773406105512,Bad
17,0.651,-0.32310831727126993,Bad
17,0.652,-0.40112113234547403,Bad
17,0.653,-0.3747813087096666,Bad
17,0.654,0.3019783132215158,Bad
17,0.655,0.168272201275331,Bad
17,0.656,-0.0440159015345644,Bad
17,0.657,0.13408105602977832,Bad
17,0.658,0.5760655735326461,Bad
17,0.659,-0.35959164158038315,Bad
17,0.66,-0.20126134171368346,Bad
17,0.661,-0.023293379922810227,Bad
17,0.662,-0.025107726596451864,Bad
17,0.663,0.16785911388962743,Bad
17,0.664,-0.09241509141324644,Bad
17,0.665,0.08627348408875572,Bad
17,0.666,0.04848995302663013,Bad
17,0.667,-0.24573242434070997,Bad
17,0.668,-0.12387993848293816,Bad
17,0.669,-0.2991808055094229,Bad
17,0.67,-0.6653769140879116,Bad
17,0.671,-0.19960619167268762,Bad
17,0.672,0.050174106361117625,Bad
17,0.673,0.1707427447367813,Bad
17,0.674,-0.08365447184685589,Bad
17,0.675,0.0998244078602309,Bad
17,0.676,-0.4749525028446284,Bad
17,0.677,0.2196953841313875,Bad
17,0.678,-0.06659065747264435,Bad
17,0.679,0.2658197293669207,Bad
17,0.68,-0.3780508681121593,Bad
17,0.681,0.08052101382106736,Bad
17,0.682,0.03056609703181082,Bad
17,0.683,0.1145131021275785,Bad
17,0.684,-0.04451291550987557,Bad
17,0.685,-0.3958610887244999,Bad
17,0.686,-0.03735795631755206,Bad
17,0.687,-0.1677804654079304,Bad
17,0.688,0.17984144586784007,Bad
17,0.689,0.022505836056453354,Bad
17,0.69,0.018354085305334097,Bad
17,0.691,-0.13521898092720538,Bad
17,0.692,0.133751265922608,Bad
17,0.693,-0.1441035073976133,Bad
17,0.694,0.20227003025489676,Bad
17,0.695,-0.32370811221679796,Bad
17,0.696,0.0525104073115047,Bad
17,0.697,-0.07660785281202671,Bad
17,0.698,0.2965278591957667,Bad
17,0.699,-0.12231125686886814,Bad
17,0.7,0.23635985426518918,Bad
17,0.701,-0.23676156532511136,Bad
17,0.702,0.027886369661972263,Bad
17,0.703,0.5966012688604884,Bad
17,0.704,0.1860094898360642,Bad
17,0.705,-0.3819618319337217,Bad
17,0.706,-0.1696514624426422,Bad
17,0.707,-0.13910822578076298,Bad
17,0.708,0.06875503659792043,Bad
17,0.709,-0.171757278452221,Bad
17,0.71,-0.28057850066231954,Bad
17,0.711,-0.49571237704935517,Bad
17,0.712,-0.3750408437146074,Bad
17,0.713,0.11514602730612376,Bad
17,0.714,0.2965715743747814,Bad
17,0.715,-0.2802641372174945,Bad
17,0.716,-0.08019678517113503,Bad
17,0.717,0.19685030563796135,Bad
17,0.718,0.6120623151006137,Bad
17,0.719,0.26214402099922535,Bad
17,0.72,-0.06917012923201735,Bad
17,0.721,0.07838023822897706,Bad
17,0.722,-0.1118671143631616,Bad
17,0.723,-0.22480518481897302,Bad
17,0.724,0.03978829789325814,Bad
17,0.725,0.1792344613671575,Bad
17,0.726,-0.007443285215011965,Bad
17,0.727,0.3208186394923165,Bad
17,0.728,-0.21272561183902558,Bad
17,0.729,-0.1837168706162318,Bad
17,0.73,-0.04574171937722296,Bad
17,0.731,-0.19768513654046607,Bad
17,0.732,0.09258727384802125,Bad
17,0.733,-0.22107844064504686,Bad
17,0.734,-0.13258631259119696,Bad
17,0.735,-0.08621719784258038,Bad
17,0.736,0.08213075935548173,Bad
17,0.737,-0.07174117602561068,Bad
17,0.738,0.08594174145543744,Bad
17,0.739,0.23171714022177267,Bad
17,0.74,0.05038430362193888,Bad
17,0.741,-0.1635151690534174,Bad
17,0.742,0.3407867880424998,Bad
17,0.743,0.1548603272688769,Bad
17,0.744,-0.10927947911445846,Bad
17,0.745,-0.2380493493972186,Bad
17,0.746,0.20851335069592464,Bad
17,0.747,-0.25658533006381173,Bad
17,0.748,-0.501879287477142,Bad
17,0.749,0.09793069685983274,Bad
17,0.75,-0.4392603201900946,Bad
17,0.751,-0.26299884391168227,Bad
17,0.752,0.20434782516898897,Bad
17,0.753,-0.13202488135056967,Bad
17,0.754,-0.10442384716407428,Bad
17,0.755,-0.06398984614324517,Bad
17,0.756,0.3599632615691688,Bad
17,0.757,-0.119368158113609,Bad
17,0.758,0.3887730733356079,Bad
17,0.759,0.44344658365857914,Bad
17,0.76,0.07168100533478824,Bad
17,0.761,-0.1100836741062661,Bad
17,0.762,0.2808981739154787,Bad
17,0.763,-0.17225646931140753,Bad
17,0.764,0.26758255041374707,Bad
17,0.765,0.06249030935773122,Bad
17,0.766,0.27237187942714103,Bad
17,0.767,0.08453663412492829,Bad
17,0.768,-0.4660888951381753,Bad
17,0.769,0.27920009555556796,Bad
17,0.77,0.08891210900169261,Bad
17,0.771,0.4751794904419875,Bad
17,0.772,-0.09790258342255365,Bad
17,0.773,0.2610371188661226,Bad
17,0.774,0.17866347839857458,Bad
17,0.775,0.45516626754028755,Bad
17,0.776,0.04809152071687899,Bad
17,0.777,-0.011217017603449292,Bad
17,0.778,-0.32898175669333685,Bad
17,0.779,0.032435105740050936,Bad
17,0.78,0.0069520052657093025,Bad
17,0.781,-0.02451435398403076,Bad
17,0.782,0.18695898142675335,Bad
17,0.783,-0.4326725634092269,Bad
17,0.784,0.1611456943483261,Bad
17,0.785,-0.23799947057712773,Bad
17,0.786,-0.22070423834958067,Bad
17,0.787,0.49256360352604206,Bad
17,0.788,-0.1131587360688095,Bad
17,0.789,0.6293410495187459,Bad
17,0.79,-0.09691662233909254,Bad
17,0.791,-0.457761426022938,Bad
17,0.792,-0.2748039942329832,Bad
17,0.793,0.05572373380112352,Bad
17,0.794,0.022383449944624455,Bad
17,0.795,0.31577891821656073,Bad
17,0.796,0.06613308945146446,Bad
17,0.797,-0.43950214439410107,Bad
17,0.798,-0.15656598292439364,Bad
17,0.799,0.6940297768054737,Bad
17,0.8,-0.30075183448814863,Bad
17,0.801,-0.03372620213938066,Bad
17,0.802,-0.06563498571820088,Bad
17,0.803,-0.30862472177976635,Bad
17,0.804,0.3025896836671494,Bad
17,0.805,0.10917391645630188,Bad
17,0.806,0.15124593714214324,Bad
17,0.807,0.3773865191020532,Bad
17,0.808,-0.06697213545255007,Bad
17,0.809,-0.07393127024457875,Bad
17,0.81,0.31022488407068666,Bad
17,0.811,-0.02243738002273783,Bad
17,0.812,-0.06992083284962801,Bad
17,0.813,0.05722438609811897,Bad
17,0.814,0.34832670475344335,Bad
17,0.815,-0.39198495309916864,Bad
17,0.816,0.19951959622355286,Bad
17,0.817,0.4092438198990779,Bad
17,0.818,0.23566430199886226,Bad
17,0.819,-0.04128989570540757,Bad
17,0.82,-0.02242906099385243,Bad
17,0.821,-0.11468508002453531,Bad
17,0.822,0.14808059535233864,Bad
17,0.823,-0.39373237754061335,Bad
17,0.824,-0.08363762360206586,Bad
17,0.825,0.2914772051525156,Bad
17,0.826,0.01978422531882072,Bad
17,0.827,0.4341823740590581,Bad
17,0.828,0.023500297977633283,Bad
17,0.829,-0.08520082534454469,Bad
17,0.83,-0.23527834082065785,Bad
17,0.831,-0.14605731002893985,Bad
17,0.832,0.11407650544169147,Bad
17,0.833,-0.0352869385203855,Bad
17,0.834,-0.3694390271945764,Bad
17,0.835,-0.011810937905489855,Bad
17,0.836,0.09133781949853857,Bad
17,0.837,-0.23470805352356736,Bad
17,0.838,-0.2500636223804867,Bad
17,0.839,-0.06775159472164913,Bad
17,0.84,0.07357121219147664,Bad
17,0.841,0.05843247463168898,Bad
17,0.842,0.3488550027148454,Bad
17,0.843,0.2465686026618027,Bad
17,0.844,-0.11830481012089002,Bad
17,0.845,-0.2240479367230416,Bad
17,0.846,0.5541347455323947,Bad
17,0.847,0.39048927205514516,Bad
17,0.848,0.4849394415079923,Bad
17,0.849,-0.1960511561386313,Bad
17,0.85,0.2523642286268613,Bad
17,0.851,0.06509227223888539,Bad
17,0.852,0.35845116435004826,Bad
17,0.853,0.08521365221407826,Bad
17,0.854,-0.03783178385840516,Bad
17,0.855,-0.15894749897930366,Bad
17,0.856,0.013613552012862429,Bad
17,0.857,0.34931003315353537,Bad
17,0.858,-0.2944601309359241,Bad
17,0.859,-0.16006481049046184,Bad
17,0.86,0.1001140107750041,Bad
17,0.861,-0.06097575014905571,Bad
17,0.862,0.03761039472012692,Bad
17,0.863,0.10213863876756656,Bad
17,0.864,-0.18094969771158848,Bad
17,0.865,-0.5857001704503833,Bad
17,0.866,-0.22704322393637713,Bad
17,0.867,-0.2740451099834513,Bad
17,0.868,0.3911487395324229,Bad
17,0.869,-0.07241771224242859,Bad
17,0.87,0.07764751306957908,Bad
17,0.871,0.08124589644616875,Bad
17,0.872,0.027259860431984743,Bad
17,0.873,-0.05171009265664091,Bad
17,0.874,-0.06909167926703506,Bad
17,0.875,0.18723193627069407,Bad
17,0.876,-0.5961935267669775,Bad
17,0.877,-0.2483011606748316,Bad
17,0.878,-0.16749070484043782,Bad
17,0.879,-0.1153393251399746,Bad
17,0.88,0.22269948814904234,Bad
17,0.881,0.052056781292482646,Bad
17,0.882,-0.03557715051698367,Bad
17,0.883,0.14396820490330808,Bad
17,0.884,-0.140897458859176,Bad
17,0.885,-0.1711480198924732,Bad
17,0.886,-0.3139074653586461,Bad
17,0.887,0.1352526223630997,Bad
17,0.888,0.33859447126539216,Bad
17,0.889,-0.20120750907410265,Bad
17,0.89,0.007575591110845584,Bad
17,0.891,-0.3131099303378841,Bad
17,0.892,-0.09401659674688109,Bad
17,0.893,0.16151966657200142,Bad
17,0.894,0.19077748223493846,Bad
17,0.895,-0.11601826177566484,Bad
17,0.896,0.2473672146980367,Bad
17,0.897,0.18779041296157467,Bad
17,0.898,0.376167220494931,Bad
17,0.899,0.04335025045551461,Bad
17,0.9,0.2985840528131157,Bad
17,0.901,0.27909751097005314,Bad
17,0.902,-0.2822407070464039,Bad
17,0.903,-0.10714571154953502,Bad
17,0.904,-0.09558830144240563,Bad
17,0.905,0.2507984323270456,Bad
17,0.906,-0.49435410488744,Bad
17,0.907,0.1705615998304969,Bad
17,0.908,0.32047103676077504,Bad
17,0.909,-0.3052045051345718,Bad
17,0.91,0.3453597621947925,Bad
17,0.911,-0.20410666501197358,Bad
17,0.912,0.2570921272390786,Bad
17,0.913,-0.44483790383287625,Bad
17,0.914,-0.07537520963714502,Bad
17,0.915,-0.1864614549713649,Bad
17,0.916,0.020895365754665635,Bad
17,0.917,-0.35311827308616967,Bad
17,0.918,-0.2551458701237808,Bad
17,0.919,-0.23164967280579954,Bad
17,0.92,0.10431365402716335,Bad
17,0.921,0.08525928315285525,Bad
17,0.922,0.17042833115477765,Bad
17,0.923,0.2587742897413427,Bad
17,0.924,0.17317717245093806,Bad
17,0.925,-0.21156634978645317,Bad
17,0.926,0.20409737591826121,Bad
17,0.927,0.21003674441974685,Bad
17,0.928,-0.18424393958133736,Bad
17,0.929,0.16060982686000383,Bad
17,0.93,0.04691672539339849,Bad
17,0.931,0.28502056050908475,Bad
17,0.932,0.37290660701229894,Bad
17,0.933,0.06946478567856335,Bad
17,0.934,0.14828632331152933,Bad
17,0.935,0.4449731877526601,Bad
17,0.936,-0.0056125979308009576,Bad
17,0.937,0.2450995524199951,Bad
17,0.938,0.27247432731437204,Bad
17,0.939,-0.09851741044646863,Bad
17,0.94,0.00043833387900998205,Bad
17,0.941,-0.44191023662064083,Bad
17,0.942,-0.2780269026859243,Bad
17,0.943,0.05024609429016318,Bad
17,0.944,-0.36414780662870694,Bad
17,0.945,-0.22783598633598123,Bad
17,0.946,0.07721738614511044,Bad
17,0.947,0.19930810396629262,Bad
17,0.948,-0.20442302769483875,Bad
17,0.949,0.2557456859367112,Bad
17,0.95,0.03862905898389247,Bad
17,0.951,-0.24651523301214007,Bad
17,0.952,0.3621807529324156,Bad
17,0.953,-0.3879746975451918,Bad
17,0.954,0.011648739910392654,Bad
17,0.955,-0.12663881339569663,Bad
17,0.956,0.04994048711908222,Bad
17,0.957,-0.04553383693536319,Bad
17,0.958,-0.06087523190395446,Bad
17,0.959,-0.1575109957473115,Bad
17,0.96,-0.07797065052157298,Bad
17,0.961,-0.21214377068149676,Bad
17,0.962,0.40344796789178466,Bad
17,0.963,-0.09237726154539533,Bad
17,0.964,0.25561889591054565,Bad
17,0.965,-0.03180718328687896,Bad
17,0.966,0.22806484639967636,Bad
17,0.967,-0.1376817905559586,Bad
17,0.968,-0.15013184007528702,Bad
17,0.969,0.518378107090474,Bad
17,0.97,0.0462515337687532,Bad
17,0.971,0.4013678937452701,Bad
17,0.972,-0.38741967923838283,Bad
17,0.973,-0.02661800318722125,Bad
17,0.974,-0.1918441002491324,Bad
17,0.975,0.16455424707296906,Bad
17,0.976,-0.15095270089019405,Bad
17,0.977,-0.13315389620072282,Bad
17,0.978,0.10878463698151036,Bad
17,0.979,-0.0608405306380614,Bad
17,0.98,0.008694979743009375,Bad
17,0.981,0.1432950397147313,Bad
17,0.982,0.33003929717558034,Bad
17,0.983,-0.2414432612322773,Bad
17,0.984,-0.5624169312930427,Bad
17,0.985,-0.18544386730129078,Bad
17,0.986,0.4851596362961363,Bad
17,0.987,-0.301885785774056,Bad
17,0.988,-0.2743188359892127,Bad
17,0.989,-0.24517800422162356,Bad
17,0.99,-0.268466223940035,Bad
17,0.991,0.17460133608802492,Bad
17,0.992,-0.44700778886478415,Bad
17,0.993,0.13374766206982652,Bad
17,0.994,0.2576420616521773,Bad
17,0.995,0.17506060370921958,Bad
17,0.996,0.13361562974358013,Bad
17,0.997,-0.17509700380421092,Bad
17,0.998,0.4368953037191454,Bad
17,0.999,0.20901799198326504,Bad
18,0.0,-0.014926232505649265,Bad
18,0.001,-0.08998460876140885,Bad
18,0.002,-0.4720857938171605,Bad
18,0.003,-0.042336048625095275,Bad
18,0.004,0.24263248246871855,Bad
18,0.005,0.1808442086070931,Bad
18,0.006,0.16617015449578193,Bad
18,0.007,-0.17125371592503325,Bad
18,0.008,-0.1824010332161525,Bad
18,0.009,-0.38240711344391287,Bad
18,0.01,-0.04804172295405628,Bad
18,0.011,0.13243011229202406,Bad
18,0.012,0.0504036971474638,Bad
18,0.013,-0.317774945129742,Bad
18,0.014,-0.5306696787482549,Bad
18,0.015,-0.16382084052105664,Bad
18,0.016,0.34635880550563053,Bad
18,0.017,0.15784410438851834,Bad
18,0.018,0.11330785155803641,Bad
18,0.019,-0.20531463859414456,Bad
18,0.02,-0.7292802565221279,Bad
18,0.021,0.4110912145133617,Bad
18,0.022,-0.040029152065458824,Bad
18,0.023,-0.17973012806722666,Bad
18,0.024,-0.18190680054549116,Bad
18,0.025,0.2437506153092499,Bad
18,0.026,0.3330673941586217,Bad
18,0.027,0.37465445554394095,Bad
18,0.028,0.1594782949322518,Bad
18,0.029,0.25298757991656834,Bad
18,0.03,-0.10874244587029284,Bad
18,0.031,-0.06899705786218857,Bad
18,0.032,0.11543893369562064,Bad
18,0.033,0.13092486112823748,Bad
18,0.034,-0.12747018823057232,Bad
18,0.035,-0.43399726558198315,Bad
18,0.036,-0.02385797575772666,Bad
18,0.037,0.28203463432867004,Bad
18,0.038,-0.11783104542976369,Bad
18,0.039,0.14119408183368803,Bad
18,0.04,-0.05431640522923409,Bad
18,0.041,-0.015284018244330769,Bad
18,0.042,-0.20501558028467304,Bad
18,0.043,-0.08981298619699042,Bad
18,0.044,-0.077290371719611,Bad
18,0.045,-0.051986351268299834,Bad
18,0.046,-0.05403999262998605,Bad
18,0.047,0.02300559924040335,Bad
18,0.048,0.22549307928507822,Bad
18,0.049,0.09698816402371463,Bad
18,0.05,0.00770139802114692,Bad
18,0.051,-0.03227511979238312,Bad
18,0.052,0.0993722148484695,Bad
18,0.053,0.025739824933436115,Bad
18,0.054,-0.24935322145917618,Bad
18,0.055,-0.2799301732951296,Bad
18,0.056,-0.07033765674714089,Bad
18,0.057,-0.16168781311603467,Bad
18,0.058,0.3910068336324982,Bad
18,0.059,-0.33269795597587043,Bad
18,0.06,0.06447679812858403,Bad
18,0.061,-0.0481668055210369,Bad
18,0.062,-0.11861192949290979,Bad
18,0.063,0.15739929115549417,Bad
18,0.064,-0.004815678938284079,Bad
18,0.065,-0.16433386579163056,Bad
18,0.066,-0.3338851979447869,Bad
18,0.067,-0.11582775832188015,Bad
18,0.068,0.2331736220078086,Bad
18,0.069,0.09654714261210567,Bad
18,0.07,-0.17361859744215896,Bad
18,0.071,-0.14100327326284667,Bad
18,0.072,0.27265842854898414,Bad
18,0.073,-0.03226529436590679,Bad
18,0.074,-0.09776621761476353,Bad
18,0.075,0.06799897486774766,Bad
18,0.076,-0.1798127888477742,Bad
18,0.077,-0.17086708841314632,Bad
18,0.078,0.10350037140747183,Bad
18,0.079,-0.34255100833633967,Bad
18,0.08,-0.27496423449191587,Bad
18,0.081,0.18046346020099785,Bad
18,0.082,-0.0732539018233285,Bad
18,0.083,0.005153887236130225,Bad
18,0.084,-0.16637269936643154,Bad
18,0.085,0.22998760009512836,Bad
18,0.086,-0.35864266436532277,Bad
18,0.087,0.21694470273495764,Bad
18,0.088,0.01322590419733873,Bad
18,0.089,0.39416247284292677,Bad
18,0.09,0.054658510571622486,Bad
18,0.091,-0.2586778658082149,Bad
18,0.092,-0.2481172972260817,Bad
18,0.093,0.07386954128820648,Bad
18,0.094,0.3453730391735308,Bad
18,0.095,0.08431778458605771,Bad
18,0.096,-0.13364502502014183,Bad
18,0.097,-0.320400503358374,Bad
18,0.098,0.30410376472177414,Bad
18,0.099,0.260104836568151,Bad
18,0.1,-0.5708173030295406,Bad
18,0.101,-0.2852778760062742,Bad
18,0.102,0.40875912478697796,Bad
18,0.103,-0.10554065456683746,Bad
18,0.104,-0.2999932649436258,Bad
18,0.105,-0.3370186812089944,Bad
18,0.106,-0.07883594551161305,Bad
18,0.107,-0.0744051058808152,Bad
18,0.108,-0.3087239006914019,Bad
18,0.109,0.26657491716082793,Bad
18,0.11,0.1435371084443559,Bad
18,0.111,-0.19666929824157614,Bad
18,0.112,0.15248765044913778,Bad
18,0.113,-0.09825611467044405,Bad
18,0.114,0.10286002501673645,Bad
18,0.115,0.03102018730598958,Bad
18,0.116,0.4490951084388535,Bad
18,0.117,-0.07205579901613512,Bad
18,0.118,-0.13429484601705677,Bad
18,0.119,-0.14135646138878696,Bad
18,0.12,-0.17284569614316636,Bad
18,0.121,0.07188677638843835,Bad
18,0.122,-0.22030285588546192,Bad
18,0.123,-0.03991712468650716,Bad
18,0.124,-0.14759714227591736,Bad
18,0.125,2.848696359818159e-05,Bad
18,0.126,-0.4101548581867949,Bad
18,0.127,-0.3731005530664895,Bad
18,0.128,0.10306377695320852,Bad
18,0.129,-0.7486323590045227,Bad
18,0.13,-0.1489658609495077,Bad
18,0.131,0.22777707607465075,Bad
18,0.132,-0.6205909791429386,Bad
18,0.133,0.2563878135074326,Bad
18,0.134,0.02865725556425751,Bad
18,0.135,-0.5199428781488638,Bad
18,0.136,-0.06396008249343148,Bad
18,0.137,-0.19603916973957064,Bad
18,0.138,0.0020656902270046185,Bad
18,0.139,-0.3216321563249116,Bad
18,0.14,-0.41974628459378216,Bad
18,0.141,0.29363874342866336,Bad
18,0.142,0.0025012494975484023,Bad
18,0.143,-0.2959895289309865,Bad
18,0.144,-0.4066110662850525,Bad
18,0.145,0.2917627677065434,Bad
18,0.146,-0.16358562785162628,Bad
18,0.147,0.16041153261608335,Bad
18,0.148,-0.09503894047034532,Bad
18,0.149,0.10770969090915353,Bad
18,0.15,0.3677963261486751,Bad
18,0.151,-0.1514876807192653,Bad
18,0.152,-0.058456078404802825,Bad
18,0.153,0.10738331839212623,Bad
18,0.154,0.00699133930073606,Bad
18,0.155,-0.20179031391402077,Bad
18,0.156,-0.3077829542483338,Bad
18,0.157,-0.7500662957754365,Bad
18,0.158,-0.5252006178432074,Bad
18,0.159,-0.4622159732228113,Bad
18,0.16,-0.25905314757783265,Bad
18,0.161,0.17800512675252989,Bad
18,0.162,-0.1911752504314832,Bad
18,0.163,-0.41062064656258945,Bad
18,0.164,-0.41976236204334744,Bad
18,0.165,-0.1815244825167321,Bad
18,0.166,-0.0497386003277811,Bad
18,0.167,-0.321075397967565,Bad
18,0.168,-0.0869663117028246,Bad
18,0.169,-0.18134689723010927,Bad
18,0.17,-0.2166138123327762,Bad
18,0.171,-0.08726079851640817,Bad
18,0.172,-0.48213462922718686,Bad
18,0.173,-0.07617644168878579,Bad
18,0.174,-0.3462595579262699,Bad
18,0.175,-0.848792711908589,Bad
18,0.176,-0.25831038483383933,Bad
18,0.177,-0.5389110963916232,Bad
18,0.178,-0.19238841184559158,Bad
18,0.179,-0.4879240448421025,Bad
18,0.18,0.19238867716247776,Bad
18,0.181,-0.4143483948413492,Bad
18,0.182,-0.8362940835142496,Bad
18,0.183,-0.6973021512685673,Bad
18,0.184,-0.39667798509547536,Bad
18,0.185,-0.37717521960702316,Bad
18,0.186,-0.4116718741635068,Bad
18,0.187,-1.1383412358940743,Bad
18,0.188,-0.9428922016308177,Bad
18,0.189,-0.2888387907792313,Bad
18,0.19,-0.9710338046832211,Bad
18,0.191,-0.4060356127195235,Bad
18,0.192,-0.4527593463304182,Bad
18,0.193,-0.8812090547392739,Bad
18,0.194,-0.5795887943313678,Bad
18,0.195,-0.7292321617918994,Bad
18,0.196,-1.0522062405627521,Bad
18,0.197,-0.6757350114686371,Bad
18,0.198,-0.7367685794393014,Bad
18,0.199,-0.7847519548139011,Bad
18,0.2,-1.0089578554035412,Bad
18,0.201,-0.9513954035160875,Bad
18,0.202,-1.1082456005681534,Bad
18,0.203,-0.5260675720726932,Bad
18,0.204,-0.9152344565737858,Bad
18,0.205,-1.148545017090621,Bad
18,0.206,-1.0962688732282329,Bad
18,0.207,-0.9244764931537106,Bad
18,0.208,-1.159253215476752,Bad
18,0.209,-1.2971952169595546,Bad
18,0.21,-1.2034125225895926,Bad
18,0.211,-1.0214622332899685,Bad
18,0.212,-0.9797334969665725,Bad
18,0.213,-0.639011396728122,Bad
18,0.214,-1.0774709561828257,Bad
18,0.215,-1.0253895063826903,Bad
18,0.216,-1.1488384080884895,Bad
18,0.217,-1.438165876410069,Bad
18,0.218,-1.130044125752016,Bad
18,0.219,-1.3056709863611968,Bad
18,0.22,-1.4256613164968046,Bad
18,0.221,-1.4842159437934557,Bad
18,0.222,-1.3213534111920913,Bad
18,0.223,-1.327868220834476,Bad
18,0.224,-1.674003899664092,Bad
18,0.225,-1.6131506992271774,Bad
18,0.226,-1.4721954698489501,Bad
18,0.227,-1.5081741625553584,Bad
18,0.228,-1.3922075282492963,Bad
18,0.229,-1.8117605364801483,Bad
18,0.23,-1.4891388643010965,Bad
18,0.231,-1.7599981491963197,Bad
18,0.232,-1.6978978317192897,Bad
18,0.233,-1.819151015070362,Bad
18,0.234,-1.6416349194820707,Bad
18,0.235,-1.4481709098249782,Bad
18,0.236,-1.9030823799910208,Bad
18,0.237,-1.6837964197892554,Bad
18,0.238,-1.4695531545432783,Bad
18,0.239,-1.838036048637023,Bad
18,0.24,-1.9735593644170473,Bad
18,0.241,-1.5328467737160394,Bad
18,0.242,-1.6508398717809363,Bad
18,0.243,-1.7806098806956443,Bad
18,0.244,-1.5948096998553056,Bad
18,0.245,-1.8099819860623354,Bad
18,0.246,-1.7657243848938933,Bad
18,0.247,-1.653372293069959,Bad
18,0.248,-1.7396816948201677,Bad
18,0.249,-1.78725203724969,Bad
18,0.25,-1.6932847932189998,Bad
18,0.251,-1.9308730097261395,Bad
18,0.252,-1.840657783763307,Bad
18,0.253,-1.9655448315743707,Bad
18,0.254,-1.5266883682302903,Bad
18,0.255,-1.416197284765148,Bad
18,0.256,-1.6604282101186025,Bad
18,0.257,-2.007649516748463,Bad
18,0.258,-1.1022291684568626,Bad
18,0.259,-1.4576133565823646,Bad
18,0.26,-1.6460448286392617,Bad
18,0.261,-1.8508620434873482,Bad
18,0.262,-1.5878160860263844,Bad
18,0.263,-1.8741825678416069,Bad
18,0.264,-1.4511788838094404,Bad
18,0.265,-1.7957870070145812,Bad
18,0.266,-1.7287489842325756,Bad
18,0.267,-1.9785538052964013,Bad
18,0.268,-1.8173847834538406,Bad
18,0.269,-1.4672722267640845,Bad
18,0.27,-1.0981897047060596,Bad
18,0.271,-1.4789860030226611,Bad
18,0.272,-1.451792367451772,Bad
18,0.273,-1.620893853288226,Bad
18,0.274,-1.9063760061428658,Bad
18,0.275,-1.7378873304055387,Bad
18,0.276,-0.9817084770249351,Bad
18,0.277,-0.9467751367151672,Bad
18,0.278,-1.3955771805824524,Bad
18,0.279,-1.4765259418055907,Bad
18,0.28,-1.0842632656412454,Bad
18,0.281,-1.5264194073817043,Bad
18,0.282,-1.2084226993596237,Bad
18,0.283,-0.9703613254013597,Bad
18,0.284,-0.8485492252897532,Bad
18,0.285,-1.440580439237924,Bad
18,0.286,-0.6011378120430351,Bad
18,0.287,-0.9346171588739258,Bad
18,0.288,-0.8589160488621858,Bad
18,0.289,-1.0417356329844236,Bad
18,0.29,-0.6891924510190428,Bad
18,0.291,-0.6737303996737684,Bad
18,0.292,-0.361873236111911,Bad
18,0.293,-0.7513980309667919,Bad
18,0.294,-0.6824830390689609,Bad
18,0.295,-0.4305233947904795,Bad
18,0.296,-0.699975119229203,Bad
18,0.297,-0.8814643191026192,Bad
18,0.298,0.10505577959755691,Bad
18,0.299,0.2531513522694655,Bad
18,0.3,-0.477016570402619,Bad
18,0.301,-0.06098829535583583,Bad
18,0.302,-0.170998573718051,Bad
18,0.303,-0.36898908371925165,Bad
18,0.304,0.019046066598129047,Bad
18,0.305,-0.1791876949837144,Bad
18,0.306,-0.22697810669915647,Bad
18,0.307,0.5931534569739212,Bad
18,0.308,-0.05907922699377563,Bad
18,0.309,0.6032840972272725,Bad
18,0.31,0.49438819512008636,Bad
18,0.311,0.2700605574620958,Bad
18,0.312,0.12507805434433664,Bad
18,0.313,0.25245651156719107,Bad
18,0.314,0.23546028848356254,Bad
18,0.315,0.30160322912210746,Bad
18,0.316,0.4333888379914783,Bad
18,0.317,0.6477499269029885,Bad
18,0.318,0.8378726609835929,Bad
18,0.319,0.6567414934777198,Bad
18,0.32,0.8060795106619099,Bad
18,0.321,0.413920383728238,Bad
18,0.322,0.8097299048226417,Bad
18,0.323,1.197337777840964,Bad
18,0.324,0.8737177150325729,Bad
18,0.325,0.8280598323520865,Bad
18,0.326,0.9202425534144844,Bad
18,0.327,1.1682584658038992,Bad
18,0.328,0.8089689385842906,Bad
18,0.329,0.818619667961282,Bad
18,0.33,1.500577177062521,Bad
18,0.331,0.9497631095972439,Bad
18,0.332,0.9746224462850746,Bad
18,0.333,1.56359507022717,Bad
18,0.334,1.1168101870883247,Bad
18,0.335,0.9451949796875682,Bad
18,0.336,1.0385590953435764,Bad
18,0.337,1.5285730777758013,Bad
18,0.338,1.320150341560084,Bad
18,0.339,2.1410649836170954,Bad
18,0.34,1.294275048745721,Bad
18,0.341,1.0835460453821635,Bad
18,0.342,1.30290401966904,Bad
18,0.343,1.2353990792094747,Bad
18,0.344,1.649931380990801,Bad
18,0.345,1.7215865881431123,Bad
18,0.346,1.2548141083858422,Bad
18,0.347,1.5293139356795036,Bad
18,0.348,1.312293475475066,Bad
18,0.349,1.6470395973338094,Bad
18,0.35,1.3837873715801128,Bad
18,0.351,1.5937610121446295,Bad
18,0.352,1.3785781696272519,Bad
18,0.353,1.601893810901532,Bad
18,0.354,1.6852323554739295,Bad
18,0.355,1.3410137561495172,Bad
18,0.356,1.3243157618050172,Bad
18,0.357,1.2195732881612182,Bad
18,0.358,1.604835915620951,Bad
18,0.359,1.3932633543599657,Bad
18,0.36,1.2360398700706616,Bad
18,0.361,1.4062046056150113,Bad
18,0.362,1.2449426183174037,Bad
18,0.363,1.1507115030588912,Bad
18,0.364,1.3762441895194903,Bad
18,0.365,1.0358958708290085,Bad
18,0.366,1.3411753989266162,Bad
18,0.367,1.2136919571614513,Bad
18,0.368,1.0809890976461856,Bad
18,0.369,0.847454985536127,Bad
18,0.37,0.8367040867060556,Bad
18,0.371,1.4100234124686346,Bad
18,0.372,0.853449005609921,Bad
18,0.373,0.7483208551103132,Bad
18,0.374,0.8675381067246708,Bad
18,0.375,0.8292494389691811,Bad
18,0.376,0.6104501203974546,Bad
18,0.377,0.8924426808741888,Bad
18,0.378,0.4214898295998005,Bad
18,0.379,0.7236344763968648,Bad
18,0.38,0.6696344557281112,Bad
18,0.381,0.7628220544084183,Bad
18,0.382,0.4132616433822731,Bad
18,0.383,0.39511810647756457,Bad
18,0.384,0.08495088956376134,Bad
18,0.385,0.33952066565290606,Bad
18,0.386,0.1762624206368213,Bad
18,0.387,-0.01340129946900287,Bad
18,0.388,0.22609771101775747,Bad
18,0.389,-0.18525611328981895,Bad
18,0.39,-0.5095821112174793,Bad
18,0.391,-0.14087963875634046,Bad
18,0.392,-0.12291699665740954,Bad
18,0.393,-0.3495275529148552,Bad
18,0.394,-0.4946060353460949,Bad
18,0.395,-0.5412523787868772,Bad
18,0.396,-0.8275522158413312,Bad
18,0.397,-0.683393646928472,Bad
18,0.398,-0.6700609942974497,Bad
18,0.399,-0.6364465624099735,Bad
18,0.4,-0.817244892740654,Bad
18,0.401,-0.6102410338798673,Bad
18,0.402,-0.8493450837041987,Bad
18,0.403,-1.3423264365883207,Bad
18,0.404,-1.4410898311359532,Bad
18,0.405,-1.3443991877676214,Bad
18,0.406,-1.0897483074817975,Bad
18,0.407,-1.5284273056868343,Bad
18,0.408,-1.114265843541093,Bad
18,0.409,-0.9988185677035124,Bad
18,0.41,-1.1592514624028505,Bad
18,0.411,-1.4884942028067958,Bad
18,0.412,-1.6944872630552958,Bad
18,0.413,-1.7168336498440484,Bad
18,0.414,-1.9059746891245615,Bad
18,0.415,-1.8278719783679924,Bad
18,0.416,-1.795152693728138,Bad
18,0.417,-1.8929975903621907,Bad
18,0.418,-1.7866929915189667,Bad
18,0.419,-2.20257651646958,Bad
18,0.42,-1.9356853540569134,Bad
18,0.421,-2.583131302184508,Bad
18,0.422,-2.0602985725556744,Bad
18,0.423,-2.0253525889015407,Bad
18,0.424,-2.241251731980303,Bad
18,0.425,-2.3903365168796253,Bad
18,0.426,-2.2156926790838,Bad
18,0.427,-2.430633837814768,Bad
18,0.428,-2.3621947819661386,Bad
18,0.429,-2.254727385478914,Bad
18,0.43,-1.625694655618936,Bad
18,0.431,-2.7097656334788396,Bad
18,0.432,-2.492500430960164,Bad
18,0.433,-2.4564003500969034,Bad
18,0.434,-2.4327776138559387,Bad
18,0.435,-2.343942714628537,Bad
18,0.436,-2.3029017402674388,Bad
18,0.437,-2.8255009417393455,Bad
18,0.438,-2.414157486175948,Bad
18,0.439,-2.3888632212301784,Bad
18,0.44,-2.6736409830033074,Bad
18,0.441,-2.756056442547333,Bad
18,0.442,-2.0822240221865584,Bad
18,0.443,-2.648300855662613,Bad
18,0.444,-2.6702624917616724,Bad
18,0.445,-2.316411783433157,Bad
18,0.446,-2.2094157514670933,Bad
18,0.447,-2.4664971024839546,Bad
18,0.448,-2.779583430952033,Bad
18,0.449,-2.660501732805638,Bad
18,0.45,-2.559861863340086,Bad
18,0.451,-2.054973735315382,Bad
18,0.452,-2.2856850074898563,Bad
18,0.453,-2.365574483239281,Bad
18,0.454,-2.540403804560247,Bad
18,0.455,-1.6449282927395057,Bad
18,0.456,-1.966289876843519,Bad
18,0.457,-2.4357060014494856,Bad
18,0.458,-2.3395526736197367,Bad
18,0.459,-2.3584316339427844,Bad
18,0.46,-2.179802411841021,Bad
18,0.461,-1.805148434886879,Bad
18,0.462,-1.6007226106523849,Bad
18,0.463,-2.1986613665129155,Bad
18,0.464,-1.8018013415538157,Bad
18,0.465,-2.1787757186417815,Bad
18,0.466,-2.1996880408701793,Bad
18,0.467,-1.7198103789345065,Bad
18,0.468,-1.739554021661602,Bad
18,0.469,-1.7357720804235837,Bad
18,0.47,-1.4458881741213914,Bad
18,0.471,-1.2475459251315244,Bad
18,0.472,-1.4682693986314004,Bad
18,0.473,-1.333241120404245,Bad
18,0.474,-1.212394099628956,Bad
18,0.475,-0.8482819808560942,Bad
18,0.476,-0.7823841636753515,Bad
18,0.477,-0.9371837949847026,Bad
18,0.478,-0.8586007611970017,Bad
18,0.479,-0.46437790204035184,Bad
18,0.48,-0.8238711856919722,Bad
18,0.481,-0.9546693274264095,Bad
18,0.482,-0.5279267359942257,Bad
18,0.483,-0.7080910658309638,Bad
18,0.484,-0.7928979228756787,Bad
18,0.485,-0.6615771237370589,Bad
18,0.486,-0.7891892209923442,Bad
18,0.487,-0.19140289732317967,Bad
18,0.488,-0.6829993445677449,Bad
18,0.489,-0.4712321094812174,Bad
18,0.49,0.27369239410970725,Bad
18,0.491,-0.8599755047321337,Bad
18,0.492,-0.38661526374893557,Bad
18,0.493,-0.34660895343110987,Bad
18,0.494,-0.20402282651898201,Bad
18,0.495,0.030974504881884746,Bad
18,0.496,-0.051941125484333245,Bad
18,0.497,0.14167649069147142,Bad
18,0.498,-0.15274391968146264,Bad
18,0.499,0.1626733885250265,Bad
18,0.5,-0.06081328905323892,Bad
18,0.501,-0.4616934771028534,Bad
18,0.502,-0.007520598861828633,Bad
18,0.503,-0.14086096284198507,Bad
18,0.504,0.2252128142192986,Bad
18,0.505,-0.09711190230983671,Bad
18,0.506,-0.1952924907340644,Bad
18,0.507,-0.3729727264335504,Bad
18,0.508,-0.08649731082471092,Bad
18,0.509,-0.1610038390834193,Bad
18,0.51,-0.12108751086538354,Bad
18,0.511,0.30762113350490444,Bad
18,0.512,-0.34653337083525015,Bad
18,0.513,-0.018009032978138998,Bad
18,0.514,-0.6283465138717865,Bad
18,0.515,0.03637731543436705,Bad
18,0.516,0.4398212559453428,Bad
18,0.517,-0.03611743211037728,Bad
18,0.518,0.06795084260247297,Bad
18,0.519,0.007502099681244212,Bad
18,0.52,0.02061902780241423,Bad
18,0.521,-0.08281679256889801,Bad
18,0.522,-0.18574685564454418,Bad
18,0.523,-0.2510054986950822,Bad
18,0.524,-0.6120837099326517,Bad
18,0.525,-0.41777539505704453,Bad
18,0.526,-0.13700739242710427,Bad
18,0.527,-0.44324447806975753,Bad
18,0.528,-0.557191897991441,Bad
18,0.529,-0.6960652506907274,Bad
18,0.53,-0.6743018739974694,Bad
18,0.531,-0.41328126549306354,Bad
18,0.532,-0.4050208286119525,Bad
18,0.533,-0.28387854749088953,Bad
18,0.534,-0.5016411997018599,Bad
18,0.535,-0.6098306352184477,Bad
18,0.536,-0.43085565593271113,Bad
18,0.537,-0.38287637214402187,Bad
18,0.538,-0.8254816397077058,Bad
18,0.539,-0.8027713379343624,Bad
18,0.54,-0.9433060201008068,Bad
18,0.541,-1.1392996688658417,Bad
18,0.542,-0.293095639786898,Bad
18,0.543,-1.0133747752206075,Bad
18,0.544,-0.45648084771155345,Bad
18,0.545,-0.5274747295155761,Bad
18,0.546,-0.9242670074482183,Bad
18,0.547,-0.7859978154562078,Bad
18,0.548,-0.8828425598583265,Bad
18,0.549,-0.9964657362234486,Bad
18,0.55,-0.9982658266069129,Bad
18,0.551,-0.8579728742367595,Bad
18,0.552,-1.0208871389082301,Bad
18,0.553,-1.0685727477170373,Bad
18,0.554,-1.1746779662823568,Bad
18,0.555,-0.8774477580844147,Bad
18,0.556,-0.8227359551442066,Bad
18,0.557,-0.9642120443237114,Bad
18,0.558,-1.2750182420758194,Bad
18,0.559,-0.8916250142036977,Bad
18,0.56,-0.9705510791558731,Bad
18,0.561,-0.7550928677713149,Bad
18,0.562,-1.0714172098695682,Bad
18,0.563,-1.0282697067370188,Bad
18,0.564,-1.1753430195049046,Bad
18,0.565,-1.2943116966419939,Bad
18,0.566,-1.0411135531886606,Bad
18,0.567,-1.4184590000656714,Bad
18,0.568,-0.7550411672672808,Bad
18,0.569,-0.8529883192478339,Bad
18,0.57,-0.7561058639408524,Bad
18,0.571,-0.22307310652634638,Bad
18,0.572,-0.8682517954563925,Bad
18,0.573,-0.736301100393271,Bad
18,0.574,-1.196270443261825,Bad
18,0.575,-1.0478004679463742,Bad
18,0.576,-0.8091558128689241,Bad
18,0.577,-0.9551406328529224,Bad
18,0.578,-1.2912888054015084,Bad
18,0.579,-0.9784765750936626,Bad
18,0.58,-0.8397069778744068,Bad
18,0.581,-1.0406272593332235,Bad
18,0.582,-0.7121791712042745,Bad
18,0.583,-0.9863510018575092,Bad
18,0.584,-0.8832553013538726,Bad
18,0.585,-0.4688279669068158,Bad
18,0.586,-0.7045157825567886,Bad
18,0.587,-1.4416266097869908,Bad
18,0.588,-0.7648188286005083,Bad
18,0.589,-0.7121971919260103,Bad
18,0.59,-0.5997604000554361,Bad
18,0.591,-0.6956427715505697,Bad
18,0.592,-0.6646957433730876,Bad
18,0.593,-0.5758438992340157,Bad
18,0.594,-0.6835849155653702,Bad
18,0.595,-0.623782412815729,Bad
18,0.596,-0.0016259355514209872,Bad
18,0.597,-0.5819872738230799,Bad
18,0.598,-0.5389817194725729,Bad
18,0.599,-0.7377394493763914,Bad
18,0.6,-0.19536772205073188,Bad
18,0.601,-0.465296430115836,Bad
18,0.602,-0.43570961118465934,Bad
18,0.603,-0.449475959365223,Bad
18,0.604,0.010893440877518423,Bad
18,0.605,-0.5223795073996733,Bad
18,0.606,-0.33630397738363627,Bad
18,0.607,-0.2520985334468061,Bad
18,0.608,-0.2949829449181856,Bad
18,0.609,-0.2784455433056359,Bad
18,0.61,-0.10427918174778963,Bad
18,0.611,-0.2489445235967195,Bad
18,0.612,-0.23461812428039505,Bad
18,0.613,-0.6142369825418185,Bad
18,0.614,-0.0845638736612637,Bad
18,0.615,0.13984667816158747,Bad
18,0.616,-0.11739175838168987,Bad
18,0.617,0.2972108256994163,Bad
18,0.618,-0.3916902674015782,Bad
18,0.619,-0.31423902516912716,Bad
18,0.62,0.1438591297115012,Bad
18,0.621,-0.021731179134578005,Bad
18,0.622,-0.2745271230608831,Bad
18,0.623,-0.02628209474522858,Bad
18,0.624,-0.5464158574541571,Bad
18,0.625,-0.5024835990778265,Bad
18,0.626,-0.05525028797162239,Bad
18,0.627,0.10146726382044172,Bad
18,0.628,0.2687935340828593,Bad
18,0.629,0.008441058124006584,Bad
18,0.63,-0.7178752862627886,Bad
18,0.631,0.46030653466758764,Bad
18,0.632,-0.2992378720298732,Bad
18,0.633,-0.09865378233171473,Bad
18,0.634,-0.162777872156819,Bad
18,0.635,-0.6842256114933869,Bad
18,0.636,0.32093432362839425,Bad
18,0.637,-0.009255105680345939,Bad
18,0.638,-0.07241686503724246,Bad
18,0.639,-0.38801539902437054,Bad
18,0.64,-0.10409784750804799,Bad
18,0.641,0.36922341765627353,Bad
18,0.642,-0.261190472397842,Bad
18,0.643,-0.1041750632635303,Bad
18,0.644,0.33583798986834346,Bad
18,0.645,-0.4793946579316056,Bad
18,0.646,0.15892688398760435,Bad
18,0.647,-0.6870813408653677,Bad
18,0.648,-0.1095409989493695,Bad
18,0.649,0.07863537770364366,Bad
18,0.65,0.13520877227562847,Bad
18,0.651,-0.05037927383814125,Bad
18,0.652,0.2915002113299886,Bad
18,0.653,0.021583046694438508,Bad
18,0.654,0.3455000201476135,Bad
18,0.655,0.4577586106462731,Bad
18,0.656,0.23713310750421918,Bad
18,0.657,-0.029230972821939018,Bad
18,0.658,0.2749084360005883,Bad
18,0.659,0.09500864086068189,Bad
18,0.66,-0.16669991816883772,Bad
18,0.661,-0.02208034252787561,Bad
18,0.662,-0.029461443603803837,Bad
18,0.663,0.30767614878682564,Bad
18,0.664,-0.42529539389206883,Bad
18,0.665,0.3548009963514562,Bad
18,0.666,0.18490682602519115,Bad
18,0.667,-0.4737094316049309,Bad
18,0.668,0.10836155049847557,Bad
18,0.669,0.09222080336461992,Bad
18,0.67,0.20850231148096102,Bad
18,0.671,0.010759847890139108,Bad
18,0.672,-0.12900494729829393,Bad
18,0.673,0.026910519962496063,Bad
18,0.674,-0.04774612303999387,Bad
18,0.675,-0.01897095549451646,Bad
18,0.676,0.3199565042508143,Bad
18,0.677,-0.24115077899134593,Bad
18,0.678,0.038889537501925524,Bad
18,0.679,0.13880478982566777,Bad
18,0.68,-0.2281478368372277,Bad
18,0.681,0.13296571347745953,Bad
18,0.682,0.19321329415790287,Bad
18,0.683,0.25126719943151116,Bad
18,0.684,0.042405266259992,Bad
18,0.685,0.15163475403555704,Bad
18,0.686,0.07159710243003967,Bad
18,0.687,-0.49722685927757404,Bad
18,0.688,-0.0015661893529693844,Bad
18,0.689,0.08430319615056323,Bad
18,0.69,-0.0655782442464673,Bad
18,0.691,0.05396921310599853,Bad
18,0.692,0.0645672926148434,Bad
18,0.693,0.08114268369825835,Bad
18,0.694,-0.24334096902911262,Bad
18,0.695,0.034757956176687296,Bad
18,0.696,-0.11202660089944329,Bad
18,0.697,0.5722702138187441,Bad
18,0.698,-0.2686438992436929,Bad
18,0.699,-0.03137291617981887,Bad
18,0.7,-0.3636920432001212,Bad
18,0.701,0.09563786112941113,Bad
18,0.702,0.030324573844289143,Bad
18,0.703,-0.06786749852703527,Bad
18,0.704,0.007387934896899681,Bad
18,0.705,-0.19198390255589606,Bad
18,0.706,0.06878044641783337,Bad
18,0.707,-0.19294167356761757,Bad
18,0.708,-0.24875199638675918,Bad
18,0.709,0.1723077126496619,Bad
18,0.71,-0.3740580334834759,Bad
18,0.711,-0.09479256744769315,Bad
18,0.712,0.1679441194713661,Bad
18,0.713,-0.4513691685780226,Bad
18,0.714,0.2693885318196054,Bad
18,0.715,-0.09326578936837733,Bad
18,0.716,0.29864091564195744,Bad
18,0.717,0.43632726008657663,Bad
18,0.718,0.32646268044042387,Bad
18,0.719,-0.0712072096006265,Bad
18,0.72,-0.3026597428082136,Bad
18,0.721,0.03128160783260445,Bad
18,0.722,0.3835544391664538,Bad
18,0.723,-0.3226439510965075,Bad
18,0.724,0.3697853804159983,Bad
18,0.725,-0.18418080582948712,Bad
18,0.726,0.04041194493069967,Bad
18,0.727,-0.5381832864224808,Bad
18,0.728,-0.2343858992619287,Bad
18,0.729,0.01867719672174921,Bad
18,0.73,-0.6066724048739259,Bad
18,0.731,-0.025485168050734586,Bad
18,0.732,-0.3304415303842254,Bad
18,0.733,0.2567746874924789,Bad
18,0.734,0.21400636882009572,Bad
18,0.735,0.24925652033388848,Bad
18,0.736,0.2377983655729027,Bad
18,0.737,-0.10660158698239594,Bad
18,0.738,0.06737159681334443,Bad
18,0.739,-0.0816866879542713,Bad
18,0.74,-0.09663748698084601,Bad
18,0.741,-0.215875115493282,Bad
18,0.742,0.2156204499664861,Bad
18,0.743,-0.40070538336059996,Bad
18,0.744,-0.40547786995842217,Bad
18,0.745,0.21189956309793653,Bad
18,0.746,0.10735702385934223,Bad
18,0.747,0.3819138691333086,Bad
18,0.748,0.1541814311277432,Bad
18,0.749,-0.3590391306758887,Bad
18,0.75,0.07543145269116854,Bad
18,0.751,0.4530254924958957,Bad
18,0.752,0.020433748499807544,Bad
18,0.753,-0.12177444761514783,Bad
18,0.754,-0.2042947716535507,Bad
18,0.755,-0.03154990494155996,Bad
18,0.756,0.3058942686567372,Bad
18,0.757,0.14211404590098883,Bad
18,0.758,0.29780087398400246,Bad
18,0.759,0.05228433680825193,Bad
18,0.76,0.6439918453138161,Bad
18,0.761,-0.22958695907487214,Bad
18,0.762,-0.08170345313292306,Bad
18,0.763,-0.07614392266199056,Bad
18,0.764,-0.250517218052413,Bad
18,0.765,-0.17663170605916675,Bad
18,0.766,0.052890561985989196,Bad
18,0.767,0.24535673936635904,Bad
18,0.768,0.19547098015233483,Bad
18,0.769,0.2938017997405616,Bad
18,0.77,-0.08396629992256144,Bad
18,0.771,0.1413371290281898,Bad
18,0.772,0.2297477762577631,Bad
18,0.773,0.24786916361027211,Bad
18,0.774,0.12785310735628555,Bad
18,0.775,-0.06207572569535954,Bad
18,0.776,0.03977543387922286,Bad
18,0.777,0.12083652677638236,Bad
18,0.778,0.11489250523743905,Bad
18,0.779,0.2735498302693524,Bad
18,0.78,0.2997519417825288,Bad
18,0.781,0.029087144995665514,Bad
18,0.782,-0.4389555178484713,Bad
18,0.783,0.024680343657600773,Bad
18,0.784,-0.21534288673974167,Bad
18,0.785,0.37611885338316114,Bad
18,0.786,0.0848070087523476,Bad
18,0.787,0.0696682832541136,Bad
18,0.788,0.23818272682328445,Bad
18,0.789,0.010862461935087227,Bad
18,0.79,-0.04688498388011128,Bad
18,0.791,-0.5752885170382092,Bad
18,0.792,0.10696345297592523,Bad
18,0.793,0.265534425339112,Bad
18,0.794,-0.03601889729782361,Bad
18,0.795,0.011781825503010504,Bad
18,0.796,-0.01887923501802823,Bad
18,0.797,-0.26256276380338583,Bad
18,0.798,0.15361629551433956,Bad
18,0.799,0.017579071167941735,Bad
18,0.8,0.07414494332848334,Bad
18,0.801,0.2590066578074481,Bad
18,0.802,0.10495194766524991,Bad
18,0.803,-0.19744071645237776,Bad
18,0.804,0.3528860970986185,Bad
18,0.805,-0.018367978862179668,Bad
18,0.806,0.12800644282886856,Bad
18,0.807,0.08049929281833736,Bad
18,0.808,0.10846133122831057,Bad
18,0.809,-0.1437994988629569,Bad
18,0.81,0.22586337736708267,Bad
18,0.811,0.3039982250298751,Bad
18,0.812,-0.12050102993844596,Bad
18,0.813,0.27729578965825435,Bad
18,0.814,0.16493344053526704,Bad
18,0.815,0.06139249473489202,Bad
18,0.816,0.2614444338638986,Bad
18,0.817,0.06334147231703303,Bad
18,0.818,-0.3258736302719419,Bad
18,0.819,0.0253124414724582,Bad
18,0.82,0.11545046863726013,Bad
18,0.821,-0.03201932849908134,Bad
18,0.822,-0.35504129559404196,Bad
18,0.823,-0.2891954946279913,Bad
18,0.824,-0.002766678127930618,Bad
18,0.825,0.13789435202616146,Bad
18,0.826,-0.057471687654107706,Bad
18,0.827,-0.06380082617925344,Bad
18,0.828,0.2538584845405214,Bad
18,0.829,-0.20457868430170825,Bad
18,0.83,0.024928220239921313,Bad
18,0.831,-0.11112580929176089,Bad
18,0.832,0.019831455766005136,Bad
18,0.833,0.16789277651166473,Bad
18,0.834,-0.19004112949174595,Bad
18,0.835,-0.09898352922464325,Bad
18,0.836,0.06818025715402662,Bad
18,0.837,-0.25082591085720124,Bad
18,0.838,-0.12988763819117485,Bad
18,0.839,0.13632125399098863,Bad
18,0.84,0.010018735315162447,Bad
18,0.841,0.053895147106733696,Bad
18,0.842,-0.13916059851393747,Bad
18,0.843,0.28713236855993785,Bad
18,0.844,-0.15527590275724135,Bad
18,0.845,0.1134192994225822,Bad
18,0.846,-0.02345914135708866,Bad
18,0.847,-0.2404701450692867,Bad
18,0.848,0.3203211320487852,Bad
18,0.849,-0.1213251897526103,Bad
18,0.85,-0.3620236052817057,Bad
18,0.851,-0.014938951913062881,Bad
18,0.852,0.3066538364100436,Bad
18,0.853,-0.22778077661094184,Bad
18,0.854,0.45733574414871003,Bad
18,0.855,0.25228593799711657,Bad
18,0.856,-0.04276011494894967,Bad
18,0.857,0.0006842476916887572,Bad
18,0.858,-0.10333220289313581,Bad
18,0.859,0.2858426423288905,Bad
18,0.86,-0.1183666035618679,Bad
18,0.861,-0.05228922908531456,Bad
18,0.862,0.3952693285752493,Bad
18,0.863,0.09438931214980627,Bad
18,0.864,-0.023485359174124067,Bad
18,0.865,-0.329285610419442,Bad
18,0.866,0.3708114416656915,Bad
18,0.867,0.33253300005047615,Bad
18,0.868,-0.16100133842396383,Bad
18,0.869,-0.4300718952329605,Bad
18,0.87,-0.4509290812303855,Bad
18,0.871,-0.15493128500287323,Bad
18,0.872,-0.28896988086616365,Bad
18,0.873,-0.00015611729414531932,Bad
18,0.874,-0.1857072203496207,Bad
18,0.875,-0.1421129359326322,Bad
18,0.876,0.39838065938151057,Bad
18,0.877,0.2553501628286941,Bad
18,0.878,0.11595534917127583,Bad
18,0.879,0.21127035384911005,Bad
18,0.88,0.059446507418773664,Bad
18,0.881,0.1552830829507914,Bad
18,0.882,-0.11502316629141676,Bad
18,0.883,-0.40692639154720767,Bad
18,0.884,-0.09890852633578452,Bad
18,0.885,-0.01726222056349308,Bad
18,0.886,0.05645014626506172,Bad
18,0.887,0.10538764853383131,Bad
18,0.888,0.3405258726672837,Bad
18,0.889,-0.2647956169844963,Bad
18,0.89,-0.21745119513256392,Bad
18,0.891,-0.45464117728538356,Bad
18,0.892,-0.11473720099344507,Bad
18,0.893,0.06550583886717999,Bad
18,0.894,-0.19846209080793392,Bad
18,0.895,0.32680847982544464,Bad
18,0.896,0.04241152315884391,Bad
18,0.897,-0.14244432515451041,Bad
18,0.898,-0.0933169618720776,Bad
18,0.899,0.11435851623119048,Bad
18,0.9,-0.2191934145109901,Bad
18,0.901,-0.2650587366092425,Bad
18,0.902,0.021050899265325048,Bad
18,0.903,-0.08960454851782436,Bad
18,0.904,0.23098743699743238,Bad
18,0.905,-0.1683532634356691,Bad
18,0.906,-0.22177862816045346,Bad
18,0.907,-0.10853539625020858,Bad
18,0.908,0.14599925578934184,Bad
18,0.909,0.23161373860690382,Bad
18,0.91,-0.2899299570521664,Bad
18,0.911,0.3389307983334312,Bad
18,0.912,0.14967283565309047,Bad
18,0.913,-0.31589835334792776,Bad
18,0.914,-0.2533142627101862,Bad
18,0.915,-0.12003223591663945,Bad
18,0.916,0.035475783565886196,Bad
18,0.917,0.14907042801511833,Bad
18,0.918,-0.15623681512283233,Bad
18,0.919,-0.13968083963902983,Bad
18,0.92,-0.10327277981148354,Bad
18,0.921,-0.2774540823568389,Bad
18,0.922,-0.19808007007697975,Bad
18,0.923,-0.008182706550615993,Bad
18,0.924,-0.38337595062149704,Bad
18,0.925,-0.24686191808917546,Bad
18,0.926,0.5478516969769485,Bad
18,0.927,-0.2747221843148938,Bad
18,0.928,0.010399842207812801,Bad
18,0.929,-0.39477745349803917,Bad
18,0.93,0.03811698240055593,Bad
18,0.931,0.28474388066728945,Bad
18,0.932,-0.3148134257311347,Bad
18,0.933,0.11746358403375998,Bad
18,0.934,-0.3557194887540812,Bad
18,0.935,-0.05482901280170991,Bad
18,0.936,0.4120276284672267,Bad
18,0.937,-0.14552854312406854,Bad
18,0.938,0.012324321285308073,Bad
18,0.939,0.08529535522459931,Bad
18,0.94,-0.5443262663988993,Bad
18,0.941,0.002667353252349001,Bad
18,0.942,-0.07063432378647745,Bad
18,0.943,0.03440875425478397,Bad
18,0.944,-0.3802265326233157,Bad
18,0.945,0.2614892469251724,Bad
18,0.946,0.13681186414170945,Bad
18,0.947,-0.11836390582558212,Bad
18,0.948,0.017721039863622324,Bad
18,0.949,-0.3056977616576857,Bad
18,0.95,-0.06861074552248343,Bad
18,0.951,0.15787935537919395,Bad
18,0.952,0.3561418493685556,Bad
18,0.953,0.37334639480251025,Bad
18,0.954,-0.062026301527597305,Bad
18,0.955,-0.34381846843842234,Bad
18,0.956,0.14516589845970185,Bad
18,0.957,-0.6221774174260498,Bad
18,0.958,0.5106011109054193,Bad
18,0.959,0.11744886787251779,Bad
18,0.96,0.39658394311368417,Bad
18,0.961,0.013077537169909755,Bad
18,0.962,0.19804151989531213,Bad
18,0.963,0.05004428357498855,Bad
18,0.964,-0.12361006470203893,Bad
18,0.965,0.29973275666123594,Bad
18,0.966,0.39989593501012943,Bad
18,0.967,0.24640334917300097,Bad
18,0.968,0.28757149338015564,Bad
18,0.969,0.290083316532999,Bad
18,0.97,0.0847541673576617,Bad
18,0.971,-0.2024812702426774,Bad
18,0.972,0.13722641416331752,Bad
18,0.973,0.2108094258599654,Bad
18,0.974,0.568850856736716,Bad
18,0.975,-0.055098216835767114,Bad
18,0.976,-0.5016841148240512,Bad
18,0.977,0.42632544291049584,Bad
18,0.978,-0.11479259521326117,Bad
18,0.979,-0.25312482271698555,Bad
18,0.98,0.2511323560146685,Bad
18,0.981,0.027610643599448922,Bad
18,0.982,-0.43751741922864396,Bad
18,0.983,0.431095543828827,Bad
18,0.984,-0.1279773485566921,Bad
18,0.985,0.09837837106456464,Bad
18,0.986,-0.2964146637217002,Bad
18,0.987,-0.33192312492054954,Bad
18,0.988,0.202390807903272,Bad
18,0.989,0.2218347713701538,Bad
18,0.99,0.24998789155034182,Bad
18,0.991,-0.3478225277003891,Bad
18,0.992,-0.23799981784416846,Bad
18,0.993,-0.3371279733879307,Bad
18,0.994,0.11435025263369372,Bad
18,0.995,0.01882215488257776,Bad
18,0.996,0.1047056701832111,Bad
18,0.997,-0.20298757556833089,Bad
18,0.998,0.09583333287672499,Bad
18,0.999,0.07140407015562511,Bad
19,0.0,0.22156527625717315,Bad
19,0.001,0.5169453304927952,Bad
19,0.002,0.17991310663900403,Bad
19,0.003,0.1942117982148702,Bad
19,0.004,0.05886802452884481,Bad
19,0.005,0.02126631961987221,Bad
19,0.006,-0.48363360338155925,Bad
19,0.007,0.426971456787452,Bad
19,0.008,0.2728703657063531,Bad
19,0.009,0.20355685036043117,Bad
19,0.01,0.1397349098177533,Bad
19,0.011,0.06815327428281998,Bad
19,0.012,0.09590045532136046,Bad
19,0.013,0.05012891147883032,Bad
19,0.014,-0.12365706527754848,Bad
19,0.015,-0.07446279198355787,Bad
19,0.016,0.04465101241454501,Bad
19,0.017,-0.47376033090381864,Bad
19,0.018,0.009084273287720082,Bad
19,0.019,0.15761369082706675,Bad
19,0.02,-0.1570979057960069,Bad
19,0.021,0.11652962482924771,Bad
19,0.022,0.16709547504866293,Bad
19,0.023,-0.43497114211666243,Bad
19,0.024,0.0493715290466772,Bad
19,0.025,-0.3116868402051124,Bad
19,0.026,0.35379406661615714,Bad
19,0.027,0.1156378603406024,Bad
19,0.028,-0.4473275513186317,Bad
19,0.029,-0.034833789664789824,Bad
19,0.03,0.24189529789886174,Bad
19,0.031,0.07199951481689164,Bad
19,0.032,-0.3810148365897232,Bad
19,0.033,-0.15021987647249094,Bad
19,0.034,-0.026613285352802114,Bad
19,0.035,0.08204463928400758,Bad
19,0.036,-0.005912444759512407,Bad
19,0.037,-0.07205582922047843,Bad
19,0.038,0.03199317617575353,Bad
19,0.039,-0.013806776094405466,Bad
19,0.04,0.38695380832805776,Bad
19,0.041,0.19859935224919262,Bad
19,0.042,0.19016191395951995,Bad
19,0.043,-0.23406611723115658,Bad
19,0.044,-0.09405795166296921,Bad
19,0.045,-0.18370784283484037,Bad
19,0.046,0.20990628314752405,Bad
19,0.047,0.33515706225490877,Bad
19,0.048,-0.17451405518088714,Bad
19,0.049,0.09491345263707114,Bad
19,0.05,-0.08115021331092191,Bad
19,0.051,0.27149149014884283,Bad
19,0.052,-0.12229881270030343,Bad
19,0.053,0.2415628441919651,Bad
19,0.054,0.6167943923152495,Bad
19,0.055,0.6384168992108529,Bad
19,0.056,-0.06327694094410789,Bad
19,0.057,0.3019702721916198,Bad
19,0.058,-0.17112157761324942,Bad
19,0.059,-0.19161551082735997,Bad
19,0.06,0.06683053922095021,Bad
19,0.061,-0.3283329802123694,Bad
19,0.062,-0.142154586344686,Bad
19,0.063,0.05342914692797938,Bad
19,0.064,0.27430786403645097,Bad
19,0.065,0.07437304883045405,Bad
19,0.066,-0.06476321185617838,Bad
19,0.067,-0.5962935507544312,Bad
19,0.068,-0.41052488944556487,Bad
19,0.069,-0.39040930827810716,Bad
19,0.07,-0.17831944280998627,Bad
19,0.071,0.35263930975842794,Bad
19,0.072,-0.41255922543399837,Bad
19,0.073,0.37520928722676367,Bad
19,0.074,0.19503718113052443,Bad
19,0.075,-0.10332829869710511,Bad
19,0.076,0.1487559282625993,Bad
19,0.077,0.4554963915924927,Bad
19,0.078,-0.16280165351435988,Bad
19,0.079,0.5297381437797951,Bad
19,0.08,-0.3451691351591649,Bad
19,0.081,0.18698754568158255,Bad
19,0.082,0.2345278061196769,Bad
19,0.083,0.13701098564227815,Bad
19,0.084,-0.030712987067477396,Bad
19,0.085,-0.03588966248474876,Bad
19,0.086,0.3333609451811356,Bad
19,0.087,-0.27472114948189535,Bad
19,0.088,0.31453619427893975,Bad
19,0.089,0.3311280487749918,Bad
19,0.09,-0.017832761056152027,Bad
19,0.091,0.31505478743976567,Bad
19,0.092,0.06907912844350847,Bad
19,0.093,0.14587427326937838,Bad
19,0.094,-0.015124474450004718,Bad
19,0.095,0.05371932119982723,Bad
19,0.096,-0.19038195951904982,Bad
19,0.097,-0.1454648748796608,Bad
19,0.098,0.37780820698846135,Bad
19,0.099,-0.388035344741468,Bad
19,0.1,-0.31097240985873464,Bad
19,0.101,0.4069925492774005,Bad
19,0.102,-0.10544799326991748,Bad
19,0.103,-0.09806729059747843,Bad
19,0.104,0.6625548846082515,Bad
19,0.105,0.1708432163207641,Bad
19,0.106,-0.05877452394746799,Bad
19,0.107,-0.2345262773531081,Bad
19,0.108,-0.28844045041555344,Bad
19,0.109,0.05164910657964307,Bad
19,0.11,0.0014455785847988512,Bad
19,0.111,0.17560602930169278,Bad
19,0.112,-0.318681972618892,Bad
19,0.113,-0.09976684861261612,Bad
19,0.114,-0.4965895151909031,Bad
19,0.115,-0.5759224709068071,Bad
19,0.116,-0.007455823871162351,Bad
19,0.117,-0.11167416927102974,Bad
19,0.118,0.485242789952951,Bad
19,0.119,0.23707937564550297,Bad
19,0.12,-0.22060304392496538,Bad
19,0.121,-0.2562437252076345,Bad
19,0.122,-0.016123678713100685,Bad
19,0.123,0.2945882384481936,Bad
19,0.124,0.16345779856326131,Bad
19,0.125,-0.324450500845286,Bad
19,0.126,0.05552180155807053,Bad
19,0.127,-0.38173281174633433,Bad
19,0.128,-0.007697696920188235,Bad
19,0.129,0.16994605023876577,Bad
19,0.13,-0.25823496282309827,Bad
19,0.131,-0.40268893448789755,Bad
19,0.132,-0.051291742700830506,Bad
19,0.133,-0.23452068507704976,Bad
19,0.134,0.17194065628852523,Bad
19,0.135,0.0883901680401517,Bad
19,0.136,0.06059238642557728,Bad
19,0.137,-0.03530968596274066,Bad
19,0.138,-0.3273094768313142,Bad
19,0.139,-0.01270078695487424,Bad
19,0.14,-0.1806300079560314,Bad
19,0.141,0.08437494444916913,Bad
19,0.142,-0.4573797130762963,Bad
19,0.143,-0.09047264160330046,Bad
19,0.144,-0.030457965310532395,Bad
19,0.145,-0.16640696806924823,Bad
19,0.146,-0.5447143550956175,Bad
19,0.147,-0.4071314800223277,Bad
19,0.148,-0.22935499480576738,Bad
19,0.149,-0.5724374087018531,Bad
19,0.15,-0.4200250322656976,Bad
19,0.151,0.07717869917566492,Bad
19,0.152,0.3361415049291345,Bad
19,0.153,0.060970883348710314,Bad
19,0.154,0.023406614390433234,Bad
19,0.155,-0.3576651223748686,Bad
19,0.156,0.4073692340977752,Bad
19,0.157,-0.14859629306073835,Bad
19,0.158,0.015639110354683905,Bad
19,0.159,-0.17985865209969,Bad
19,0.16,-0.6172369680016903,Bad
19,0.161,-0.15572485525658444,Bad
19,0.162,-0.6200632936080612,Bad
19,0.163,-0.6689129906696554,Bad
19,0.164,-0.17648338265297725,Bad
19,0.165,-0.44456794003871336,Bad
19,0.166,0.13448000005300342,Bad
19,0.167,-0.16562833269459346,Bad
19,0.168,-0.37009570391637336,Bad
19,0.169,-0.24729544609443876,Bad
19,0.17,-0.4548262713140314,Bad
19,0.171,0.018599708504123458,Bad
19,0.172,-0.3102126013798815,Bad
19,0.173,-0.6282845434331119,Bad
19,0.174,-0.1628713832481884,Bad
19,0.175,-0.84305162029784,Bad
19,0.176,-0.5223825058557915,Bad
19,0.177,-0.5837282647006982,Bad
19,0.178,-0.34583980617308585,Bad
19,0.179,-0.5607883986548717,Bad
19,0.18,-0.6830490464305119,Bad
19,0.181,-0.35703242821687964,Bad
19,0.182,-0.42884099400004116,Bad
19,0.183,-0.21043523092567062,Bad
19,0.184,-0.633531176649554,Bad
19,0.185,-0.7058032348843656,Bad
19,0.186,-0.9476011515855656,Bad
19,0.187,-1.1665221062431774,Bad
19,0.188,-0.9849204807099752,Bad
19,0.189,-0.9697253598653478,Bad
19,0.19,-0.5052748853454677,Bad
19,0.191,-0.7433734873399525,Bad
19,0.192,-0.6860223650448481,Bad
19,0.193,-1.0598148173339066,Bad
19,0.194,-0.8638603304528822,Bad
19,0.195,-0.3204181546899845,Bad
19,0.196,-1.0425232511548248,Bad
19,0.197,-0.5544784676606076,Bad
19,0.198,-0.8011085046928936,Bad
19,0.199,-0.656037607246754,Bad
19,0.2,-0.9123007336580706,Bad
19,0.201,-0.801515500670916,Bad
19,0.202,-0.5872468709670229,Bad
19,0.203,-0.6945344786070451,Bad
19,0.204,-1.1172717961003198,Bad
19,0.205,-0.7928013331901196,Bad
19,0.206,-0.397053153781479,Bad
19,0.207,-1.5263954344574255,Bad
19,0.208,-0.9642125022465192,Bad
19,0.209,-1.3017329802933761,Bad
19,0.21,-1.330982593238824,Bad
19,0.211,-1.1327738318714493,Bad
19,0.212,-1.2542341637466314,Bad
19,0.213,-1.1218693459446165,Bad
19,0.214,-0.9956170017815791,Bad
19,0.215,-1.458308837869862,Bad
19,0.216,-1.4636907326995643,Bad
19,0.217,-1.1071488612688059,Bad
19,0.218,-1.1885092584174886,Bad
19,0.219,-1.5879147322668836,Bad
19,0.22,-1.5323414508412512,Bad
19,0.221,-1.51848079489574,Bad
19,0.222,-1.4796101187331807,Bad
19,0.223,-1.2711575397042418,Bad
19,0.224,-1.291708553660688,Bad
19,0.225,-1.2144632992652484,Bad
19,0.226,-1.9674648578057325,Bad
19,0.227,-1.5083337211128867,Bad
19,0.228,-1.2083170776373207,Bad
19,0.229,-1.428201012919424,Bad
19,0.23,-1.222972601734823,Bad
19,0.231,-1.6951309709486058,Bad
19,0.232,-1.318760028906964,Bad
19,0.233,-1.6206566066766444,Bad
19,0.234,-1.7329907061130858,Bad
19,0.235,-1.7926622137112582,Bad
19,0.236,-1.4218368370994214,Bad
19,0.237,-1.2351467880140603,Bad
19,0.238,-1.9083065134570218,Bad
19,0.239,-2.0027625555147477,Bad
19,0.24,-2.218615211055472,Bad
19,0.241,-1.4500928509361597,Bad
19,0.242,-1.9709909771298668,Bad
19,0.243,-1.4324304204347533,Bad
19,0.244,-1.550035973889761,Bad
19,0.245,-1.3159101727136486,Bad
19,0.246,-1.7796164797855227,Bad
19,0.247,-1.4262086239084102,Bad
19,0.248,-1.9074111287638806,Bad
19,0.249,-1.96530332651453,Bad
19,0.25,-1.9811656017849244,Bad
19,0.251,-1.6567856598219597,Bad
19,0.252,-1.7534018101533038,Bad
19,0.253,-1.964354860688968,Bad
19,0.254,-1.3029659596632908,Bad
19,0.255,-1.7614749865514276,Bad
19,0.256,-1.9003446979199743,Bad
19,0.257,-1.9401110279038853,Bad
19,0.258,-1.333949987267854,Bad
19,0.259,-1.7725002339941371,Bad
19,0.26,-1.5087969104232268,Bad
19,0.261,-1.8894589652633889,Bad
19,0.262,-1.682384284426231,Bad
19,0.263,-1.6240249824420556,Bad
19,0.264,-1.4705821473307474,Bad
19,0.265,-1.365445141564153,Bad
19,0.266,-1.795041679590382,Bad
19,0.267,-1.8227522264843508,Bad
19,0.268,-1.1757597620399878,Bad
19,0.269,-1.423289251006381,Bad
19,0.27,-1.2660666539912417,Bad
19,0.271,-1.6258577502368106,Bad
19,0.272,-1.571173296646553,Bad
19,0.273,-1.6675249757595665,Bad
19,0.274,-1.381338081457792,Bad
19,0.275,-1.5150298026997155,Bad
19,0.276,-1.1688014855196867,Bad
19,0.277,-1.4376226848467377,Bad
19,0.278,-1.318500726772357,Bad
19,0.279,-1.0972730115489877,Bad
19,0.28,-1.1148558714915466,Bad
19,0.281,-1.0592009151936095,Bad
19,0.282,-0.9190257007681111,Bad
19,0.283,-1.0648384770475245,Bad
19,0.284,-0.6900006474358422,Bad
19,0.285,-0.8774991939632333,Bad
19,0.286,-0.8218218630814422,Bad
19,0.287,-0.6410046873560054,Bad
19,0.288,-0.9762414512410006,Bad
19,0.289,-0.7266388287998612,Bad
19,0.29,-1.0371375600266477,Bad
19,0.291,-0.8266112269808062,Bad
19,0.292,-1.1065019368351579,Bad
19,0.293,-0.17311770842420915,Bad
19,0.294,-0.40456898139608327,Bad
19,0.295,-0.3754820887424669,Bad
19,0.296,-0.7065884716935242,Bad
19,0.297,-0.6679583632215804,Bad
19,0.298,-0.31952250732491205,Bad
19,0.299,0.09863452162745723,Bad
19,0.3,0.06746497859006867,Bad
19,0.301,-0.6636759277980894,Bad
19,0.302,-0.2951989681303832,Bad
19,0.303,0.4072100697923941,Bad
19,0.304,-0.22732731360358213,Bad
19,0.305,-0.11932087803183772,Bad
19,0.306,0.7749793229726737,Bad
19,0.307,0.13287606485284267,Bad
19,0.308,0.24237907917019413,Bad
19,0.309,0.18120630605234733,Bad
19,0.31,0.42848539409796943,Bad
19,0.311,0.7181167709236146,Bad
19,0.312,0.08558069614897895,Bad
19,0.313,0.7282905978150178,Bad
19,0.314,0.323931097436509,Bad
19,0.315,0.4331284425178006,Bad
19,0.316,0.9886122889870147,Bad
19,0.317,0.2448646878170584,Bad
19,0.318,0.44910688504909707,Bad
19,0.319,0.31675075315496604,Bad
19,0.32,1.332180185965211,Bad
19,0.321,1.0568839629636069,Bad
19,0.322,0.8949395589707015,Bad
19,0.323,0.9738196055101987,Bad
19,0.324,0.3805162645254093,Bad
19,0.325,0.8796966476008939,Bad
19,0.326,0.9199792442113934,Bad
19,0.327,0.940294563217769,Bad
19,0.328,1.2521531649665816,Bad
19,0.329,0.8629052474674032,Bad
19,0.33,1.3214209468934877,Bad
19,0.331,0.8911516650993039,Bad
19,0.332,1.5158039142304869,Bad
19,0.333,1.4953303063388952,Bad
19,0.334,1.0549134568262692,Bad
19,0.335,1.937317372852794,Bad
19,0.336,1.1665240643976036,Bad
19,0.337,1.4767422536170791,Bad
19,0.338,1.393824801446669,Bad
19,0.339,1.596060561260013,Bad
19,0.34,1.812068364042476,Bad
19,0.341,1.319798059753031,Bad
19,0.342,1.9752993086964457,Bad
19,0.343,1.659665408701842,Bad
19,0.344,1.012545192781089,Bad
19,0.345,1.2988061257108345,Bad
19,0.346,1.4363202257329277,Bad
19,0.347,1.6386703075919418,Bad
19,0.348,1.1922007196302318,Bad
19,0.349,1.4290147457692148,Bad
19,0.35,1.660609679994347,Bad
19,0.351,1.5210651254362753,Bad
19,0.352,1.8127188735852315,Bad
19,0.353,1.200054640680502,Bad
19,0.354,1.44503240866959,Bad
19,0.355,1.400788577119123,Bad
19,0.356,1.1732619565028775,Bad
19,0.357,1.554189383085613,Bad
19,0.358,1.95176476331341,Bad
19,0.359,1.205897611456643,Bad
19,0.36,0.7167903542907001,Bad
19,0.361,0.9649337983235564,Bad
19,0.362,1.1678220161632389,Bad
19,0.363,1.2678227781232774,Bad
19,0.364,1.0748048533297008,Bad
19,0.365,0.9801107500247208,Bad
19,0.366,0.8255857419008077,Bad
19,0.367,0.7983545760343883,Bad
19,0.368,0.9673228976551833,Bad
19,0.369,1.6599293925925585,Bad
19,0.37,0.9441333870362241,Bad
19,0.371,0.7567766995330141,Bad
19,0.372,0.9609997099274462,Bad
19,0.373,0.4737506022687863,Bad
19,0.374,0.45209462906176107,Bad
19,0.375,0.7764211864171009,Bad
19,0.376,1.0455932437340056,Bad
19,0.377,0.45169248475342305,Bad
19,0.378,0.813569069365188,Bad
19,0.379,0.3792352918924172,Bad
19,0.38,0.46804590817399516,Bad
19,0.381,0.5900377916207618,Bad
19,0.382,0.39655957824903615,Bad
19,0.383,0.3985728691354028,Bad
19,0.384,0.0007498112088504261,Bad
19,0.385,0.37495493357350984,Bad
19,0.386,-0.029434561197387576,Bad
19,0.387,-0.06593509197227726,Bad
19,0.388,0.33413228276044343,Bad
19,0.389,-0.2688770251959378,Bad
19,0.39,-0.03380453572292695,Bad
19,0.391,-0.1708555958900002,Bad
19,0.392,-0.5153605699237103,Bad
19,0.393,-0.2824946557323102,Bad
19,0.394,-0.4611386257591644,Bad
19,0.395,-0.8947131882259316,Bad
19,0.396,-0.5093334814981716,Bad
19,0.397,-0.762129219356421,Bad
19,0.398,-0.46896113372667825,Bad
19,0.399,-0.6835859870850082,Bad
19,0.4,-0.7567132856366555,Bad
19,0.401,-0.682518912260937,Bad
19,0.402,-0.6967819652326541,Bad
19,0.403,-1.3440151885680245,Bad
19,0.404,-0.8632480624014962,Bad
19,0.405,-1.5129472857880137,Bad
19,0.406,-1.0147471765442317,Bad
19,0.407,-1.2362212119344398,Bad
19,0.408,-1.6835250033194578,Bad
19,0.409,-1.3024068088610405,Bad
19,0.41,-1.4687007976174953,Bad
19,0.411,-1.2027094338820596,Bad
19,0.412,-1.7785177003188335,Bad
19,0.413,-1.400346850364238,Bad
19,0.414,-1.7654550751997373,Bad
19,0.415,-1.2457476407389003,Bad
19,0.416,-2.0860323736720794,Bad
19,0.417,-1.5298577204809596,Bad
19,0.418,-2.001889269400816,Bad
19,0.419,-1.9525696468152534,Bad
19,0.42,-1.9170442161330368,Bad
19,0.421,-1.8378729827020008,Bad
19,0.422,-1.942424524417665,Bad
19,0.423,-1.7704405931509224,Bad
19,0.424,-2.0636378664155473,Bad
19,0.425,-2.1386775803176152,Bad
19,0.426,-2.071272037201264,Bad
19,0.427,-2.228032896894293,Bad
19,0.428,-2.137757556119536,Bad
19,0.429,-2.240976615264625,Bad
19,0.43,-2.2983994725046095,Bad
19,0.431,-2.546943348110393,Bad
19,0.432,-2.2229598022029338,Bad
19,0.433,-2.4306404879736005,Bad
19,0.434,-2.5822939202679454,Bad
19,0.435,-2.8670096414379587,Bad
19,0.436,-2.6451114642425373,Bad
19,0.437,-2.7276575565185657,Bad
19,0.438,-2.646049325948506,Bad
19,0.439,-2.857799088324354,Bad
19,0.44,-2.4176905741776866,Bad
19,0.441,-2.37951316179024,Bad
19,0.442,-2.5913528828643395,Bad
19,0.443,-2.375951731779334,Bad
19,0.444,-2.1650226613463537,Bad
19,0.445,-2.479171172321978,Bad
19,0.446,-2.095526579327749,Bad
19,0.447,-2.0591003619564776,Bad
19,0.448,-2.467119431958882,Bad
19,0.449,-2.6314306980000577,Bad
19,0.45,-2.0917439563043487,Bad
19,0.451,-1.6894628475513969,Bad
19,0.452,-2.5914814583126837,Bad
19,0.453,-2.00720849841443,Bad
19,0.454,-2.446056741114876,Bad
19,0.455,-2.3700543272656907,Bad
19,0.456,-1.9701795071423083,Bad
19,0.457,-2.0334359246294977,Bad
19,0.458,-2.3487894823954933,Bad
19,0.459,-1.9015537513262766,Bad
19,0.46,-2.331781492714823,Bad
19,0.461,-1.7462190031366067,Bad
19,0.462,-2.167878151071049,Bad
19,0.463,-1.8090638090233806,Bad
19,0.464,-1.8138129885322591,Bad
19,0.465,-1.844177784000844,Bad
19,0.466,-2.134439394407562,Bad
19,0.467,-1.4936321800832906,Bad
19,0.468,-1.5497582904182683,Bad
19,0.469,-1.0835175838630247,Bad
19,0.47,-1.3615936479834443,Bad
19,0.471,-1.602723881616892,Bad
19,0.472,-1.4048462607744203,Bad
19,0.473,-1.2428553046931254,Bad
19,0.474,-1.031246501789337,Bad
19,0.475,-1.0296058577332263,Bad
19,0.476,-0.5975120568899204,Bad
19,0.477,-0.6688732430889788,Bad
19,0.478,-0.810870706906824,Bad
19,0.479,-1.006690341653787,Bad
19,0.48,-0.4518185734619778,Bad
19,0.481,-1.1619575966047422,Bad
19,0.482,-0.8847144664452474,Bad
19,0.483,-0.14074770087660549,Bad
19,0.484,-0.4220276454581289,Bad
19,0.485,-0.219396307033091,Bad
19,0.486,-0.5538413073978963,Bad
19,0.487,-0.9972784861427644,Bad
19,0.488,-0.3562168327972156,Bad
19,0.489,-0.8655727565026503,Bad
19,0.49,-0.6791883990749774,Bad
19,0.491,-0.5702819401607808,Bad
19,0.492,0.08737026164356954,Bad
19,0.493,-0.25584063891178727,Bad
19,0.494,0.01902140993975343,Bad
19,0.495,-0.09506204958582405,Bad
19,0.496,0.03530887333479968,Bad
19,0.497,0.04486220002023278,Bad
19,0.498,0.2551489590255883,Bad
19,0.499,-0.2402734788253075,Bad
19,0.5,0.2557792369261383,Bad
19,0.501,-0.4235182332314912,Bad
19,0.502,-0.036484330367737454,Bad
19,0.503,0.14363407202869416,Bad
19,0.504,-0.1344517224916204,Bad
19,0.505,0.2556827920673261,Bad
19,0.506,-0.19659970178523098,Bad
19,0.507,0.02618468785221436,Bad
19,0.508,0.16457768044266516,Bad
19,0.509,0.14504964552961655,Bad
19,0.51,-0.2108908765199282,Bad
19,0.511,0.2288877674549239,Bad
19,0.512,-0.2466431529654643,Bad
19,0.513,-0.3044251598655458,Bad
19,0.514,0.058612293489344686,Bad
19,0.515,-0.5325163975979722,Bad
19,0.516,0.23478590601307847,Bad
19,0.517,-0.16875299936877086,Bad
19,0.518,-0.4969234514348118,Bad
19,0.519,0.17259738738782326,Bad
19,0.52,-0.4098190549220807,Bad
19,0.521,-0.2755839422110505,Bad
19,0.522,-0.30690619384151463,Bad
19,0.523,-0.37391741942218193,Bad
19,0.524,-0.5739966631141321,Bad
19,0.525,-0.3501498028320953,Bad
19,0.526,0.10493670087566026,Bad
19,0.527,-0.29339492184880644,Bad
19,0.528,-0.9629699753406429,Bad
19,0.529,-0.2873631816889355,Bad
19,0.53,-0.6275677292856026,Bad
19,0.531,-0.5422649467059838,Bad
19,0.532,-0.0772743474032172,Bad
19,0.533,-0.6446670456878492,Bad
19,0.534,-0.26270398621878666,Bad
19,0.535,-0.7141576089096587,Bad
19,0.536,-0.7608523125375671,Bad
19,0.537,-0.3323256737484423,Bad
19,0.538,-0.8273863474291502,Bad
19,0.539,-0.5785750654456864,Bad
19,0.54,-0.6439077057823579,Bad
19,0.541,-1.1170500778234638,Bad
19,0.542,-1.2384281187778952,Bad
19,0.543,-0.5560926797157804,Bad
19,0.544,-0.8057772789223775,Bad
19,0.545,-0.7464994327570176,Bad
19,0.546,-0.7948965729125284,Bad
19,0.547,-1.113652362968776,Bad
19,0.548,-1.4765177314413762,Bad
19,0.549,-0.6872676996509366,Bad
19,0.55,-0.7061769144550482,Bad
19,0.551,-0.5791316511260575,Bad
19,0.552,-1.0431321482746412,Bad
19,0.553,-0.7353205734511005,Bad
19,0.554,-1.1907652480976803,Bad
19,0.555,-0.9394371848744366,Bad
19,0.556,-0.8846447305274886,Bad
19,0.557,-1.2143078547023778,Bad
19,0.558,-1.220789764276968,Bad
19,0.559,-1.1903964577061696,Bad
19,0.56,-1.2292525583886253,Bad
19,0.561,-1.20785267217785,Bad
19,0.562,-0.7537920057406524,Bad
19,0.563,-1.0598923575441794,Bad
19,0.564,-1.0684831428489139,Bad
19,0.565,-0.8483704369014977,Bad
19,0.566,-1.5138268753204018,Bad
19,0.567,-1.1639137877767842,Bad
19,0.568,-0.8775513964219647,Bad
19,0.569,-0.895982173444332,Bad
19,0.57,-0.9591796319767604,Bad
19,0.571,-0.8172223311488553,Bad
19,0.572,-1.1071196055992663,Bad
19,0.573,-1.1316183690517887,Bad
19,0.574,-1.0725153061423138,Bad
19,0.575,-0.8618326531913552,Bad
19,0.576,-0.5394438057730536,Bad
19,0.577,-1.0153750724356585,Bad
19,0.578,-0.8143988177126547,Bad
19,0.579,-0.9228135900703611,Bad
19,0.58,-0.7698184034501298,Bad
19,0.581,-0.8074033993384198,Bad
19,0.582,-0.36311173810155023,Bad
19,0.583,-0.47844813658256863,Bad
19,0.584,-1.0081749870449057,Bad
19,0.585,-0.7675246213634398,Bad
19,0.586,-0.7440034480955238,Bad
19,0.587,-1.100584504456667,Bad
19,0.588,-1.1771432280044583,Bad
19,0.589,-1.076127483370001,Bad
19,0.59,-0.687302751850352,Bad
19,0.591,-0.38955612208432255,Bad
19,0.592,-0.5567890834862143,Bad
19,0.593,-0.6278661626436609,Bad
19,0.594,-0.6165352930218725,Bad
19,0.595,-0.36614796797668286,Bad
19,0.596,-0.5827711106544347,Bad
19,0.597,-0.8928936466757833,Bad
19,0.598,-0.6024114582490557,Bad
19,0.599,-0.351892586693321,Bad
19,0.6,-0.3935795313966948,Bad
19,0.601,-0.35161455067170894,Bad
19,0.602,0.018327433750600308,Bad
19,0.603,-0.41087433651026456,Bad
19,0.604,-0.2840150132526773,Bad
19,0.605,-0.08713131555504522,Bad
19,0.606,-0.37844660114783374,Bad
19,0.607,-1.0760619675906222,Bad
19,0.608,-0.5545549790098198,Bad
19,0.609,-0.6289127229663367,Bad
19,0.61,-0.25145078637485085,Bad
19,0.611,-0.35747036399393006,Bad
19,0.612,-0.19232560672169258,Bad
19,0.613,-0.6308713443284957,Bad
19,0.614,0.08183118608844572,Bad
19,0.615,-0.11745328112678148,Bad
19,0.616,-0.0025903821522721415,Bad
19,0.617,-0.484128579928979,Bad
19,0.618,0.24854531569312896,Bad
19,0.619,-0.16574774439442963,Bad
19,0.62,-0.4676620840846518,Bad
19,0.621,-0.0017168690351906934,Bad
19,0.622,-0.40054280797631364,Bad
19,0.623,-0.6644940823063291,Bad
19,0.624,-0.6469628646243093,Bad
19,0.625,-0.158149749580968,Bad
19,0.626,-0.6814363544248407,Bad
19,0.627,-0.38729011069121155,Bad
19,0.628,-0.07931142233410472,Bad
19,0.629,0.00697998621747109,Bad
19,0.63,-0.4705838905160925,Bad
19,0.631,-0.29391499680513355,Bad
19,0.632,-0.054994340779038184,Bad
19,0.633,0.015776084205425173,Bad
19,0.634,-0.22750018606051575,Bad
19,0.635,0.17159400114170273,Bad
19,0.636,-0.19544029607883637,Bad
19,0.637,0.5323147979299028,Bad
19,0.638,-0.08773429993526935,Bad
19,0.639,-0.3190020332936692,Bad
19,0.64,0.23722378262603167,Bad
19,0.641,0.3060667237493855,Bad
19,0.642,-0.02974549935750851,Bad
19,0.643,-0.059530064223235556,Bad
19,0.644,-0.2387935008505257,Bad
19,0.645,0.34159679696343836,Bad
19,0.646,0.3587649234195349,Bad
19,0.647,-0.3666724980979281,Bad
19,0.648,-0.0035468846161908624,Bad
19,0.649,-0.08491207575461454,Bad
19,0.65,0.39225652596704175,Bad
19,0.651,0.23181224088204344,Bad
19,0.652,0.18842945616596543,Bad
19,0.653,0.10601067171480522,Bad
19,0.654,0.10861740047141463,Bad
19,0.655,-0.22719901711404342,Bad
19,0.656,-0.007377184507129693,Bad
19,0.657,0.07072264975072404,Bad
19,0.658,-0.5410343436866136,Bad
19,0.659,-0.26095851306277845,Bad
19,0.66,-0.27353839305083766,Bad
19,0.661,0.08527292164180783,Bad
19,0.662,0.4280089343885324,Bad
19,0.663,0.462159092606163,Bad
19,0.664,-0.14469775308463548,Bad
19,0.665,-0.2120548389278112,Bad
19,0.666,0.21989922224172292,Bad
19,0.667,-0.08970325519893704,Bad
19,0.668,-0.13930784240483032,Bad
19,0.669,0.04280866183245778,Bad
19,0.67,0.17367639012453825,Bad
19,0.671,0.24046005842905915,Bad
19,0.672,0.07421459123815058,Bad
19,0.673,0.007002318054743355,Bad
19,0.674,-0.170870994904577,Bad
19,0.675,-0.20867992261449447,Bad
19,0.676,0.00643055187217735,Bad
19,0.677,-0.11442060912516434,Bad
19,0.678,0.03752547761111234,Bad
19,0.679,0.06701113074771627,Bad
19,0.68,-0.20125380236130738,Bad
19,0.681,-0.028818556969465142,Bad
19,0.682,-0.030452361573074613,Bad
19,0.683,-0.17713082219062742,Bad
19,0.684,0.2704220516628057,Bad
19,0.685,0.22318789087852214,Bad
19,0.686,-0.40099689240838327,Bad
19,0.687,0.06446576559750233,Bad
19,0.688,0.31089583773785967,Bad
19,0.689,-0.1459567505114843,Bad
19,0.69,0.30235645220791396,Bad
19,0.691,0.2215592954237631,Bad
19,0.692,-0.29978226454426227,Bad
19,0.693,-0.346473972386876,Bad
19,0.694,0.26310324018813047,Bad
19,0.695,0.10551873413807919,Bad
19,0.696,-0.1397221021990673,Bad
19,0.697,-0.28703660615565063,Bad
19,0.698,0.058065964913577565,Bad
19,0.699,0.28155141089718166,Bad
19,0.7,-0.27450199091295946,Bad
19,0.701,-0.03596908759358826,Bad
19,0.702,0.08291903257448871,Bad
19,0.703,-0.3032812375330344,Bad
19,0.704,0.2495854099837425,Bad
19,0.705,0.023355571355871116,Bad
19,0.706,0.09148317255134669,Bad
19,0.707,-0.05270531263021241,Bad
19,0.708,-0.3404361549547379,Bad
19,0.709,0.10314784536703256,Bad
19,0.71,-0.08039066349589942,Bad
19,0.711,0.24855255409258487,Bad
19,0.712,0.16229179269540644,Bad
19,0.713,-0.16961195527797565,Bad
19,0.714,0.35722250762344204,Bad
19,0.715,-0.3498376039190584,Bad
19,0.716,-0.00013773300582085418,Bad
19,0.717,0.43632639238573334,Bad
19,0.718,0.10201777571417997,Bad
19,0.719,0.2833742797238069,Bad
19,0.72,0.14726174563899144,Bad
19,0.721,0.18826123163306177,Bad
19,0.722,-0.08614127187203265,Bad
19,0.723,-0.0689973322144903,Bad
19,0.724,0.18993273575108804,Bad
19,0.725,-0.027872221304216117,Bad
19,0.726,-0.014446689833591778,Bad
19,0.727,0.26267439428162787,Bad
19,0.728,0.4920687487399291,Bad
19,0.729,-0.16785767618569974,Bad
19,0.73,0.36227867804155217,Bad
19,0.731,0.32947837686345566,Bad
19,0.732,0.11798409344737622,Bad
19,0.733,0.20636840946683838,Bad
19,0.734,0.35400254413090676,Bad
19,0.735,0.20936269047453426,Bad
19,0.736,0.07102576961344384,Bad
19,0.737,0.11121048485915354,Bad
19,0.738,-0.03487155030821784,Bad
19,0.739,-0.07964537950986803,Bad
19,0.74,-0.217121392763465,Bad
19,0.741,0.06135130719981513,Bad
19,0.742,0.30737447709058013,Bad
19,0.743,-0.1417535090969115,Bad
19,0.744,0.4830712321979425,Bad
19,0.745,0.14469239416781624,Bad
19,0.746,0.8549357614707896,Bad
19,0.747,-0.1432668190438093,Bad
19,0.748,-0.07381350626055404,Bad
19,0.749,0.5238049505340452,Bad
19,0.75,0.002859383971931883,Bad
19,0.751,0.07845229142232824,Bad
19,0.752,0.4601506085767696,Bad
19,0.753,0.0909438576736339,Bad
19,0.754,-0.09415153190929937,Bad
19,0.755,-0.4160850679300695,Bad
19,0.756,0.3836241806379982,Bad
19,0.757,-0.2771816446551243,Bad
19,0.758,0.2402229851055861,Bad
19,0.759,-0.07060684726232067,Bad
19,0.76,0.005904567148432095,Bad
19,0.761,0.08475883615466492,Bad
19,0.762,-0.3820875350404172,Bad
19,0.763,0.17689985452549825,Bad
19,0.764,0.1358133755689379,Bad
19,0.765,-0.09784469902123463,Bad
19,0.766,-0.30456465404342936,Bad
19,0.767,-0.17207783986634592,Bad
19,0.768,0.014799322592608228,Bad
19,0.769,-0.09789513240168156,Bad
19,0.77,0.24517284775375167,Bad
19,0.771,-0.054600189314140145,Bad
19,0.772,-0.16462007532630457,Bad
19,0.773,-0.474480969724207,Bad
19,0.774,0.16740203094501602,Bad
19,0.775,-0.01522042218324162,Bad
19,0.776,0.25212150854429344,Bad
19,0.777,-0.05446617222313939,Bad
19,0.778,-0.10057319137348811,Bad
19,0.779,0.07232397834313058,Bad
19,0.78,0.11213167263429079,Bad
19,0.781,0.5981414602401776,Bad
19,0.782,-0.08801846096666471,Bad
19,0.783,-0.018299200243637053,Bad
19,0.784,0.2598587328910751,Bad
19,0.785,0.034323066662103094,Bad
19,0.786,0.22116971661313706,Bad
19,0.787,0.18625231900022768,Bad
19,0.788,0.13652594467707016,Bad
19,0.789,0.06332687138553053,Bad
19,0.79,0.04706084042672821,Bad
19,0.791,-0.40385272885050183,Bad
19,0.792,0.1381944892634648,Bad
19,0.793,0.20065466368566195,Bad
19,0.794,-0.22689082604651128,Bad
19,0.795,-0.08511225653740755,Bad
19,0.796,-0.023421841695183358,Bad
19,0.797,0.3613281391828553,Bad
19,0.798,0.18591753164663188,Bad
19,0.799,0.3390702544389135,Bad
19,0.8,0.030344913522862157,Bad
19,0.801,0.05316281021860019,Bad
19,0.802,-0.16245346617848674,Bad
19,0.803,0.04718917432852939,Bad
19,0.804,0.2850542518499586,Bad
19,0.805,0.1347711592945312,Bad
19,0.806,-0.20044232660624872,Bad
19,0.807,-0.0048720742146767995,Bad
19,0.808,0.05298057777662856,Bad
19,0.809,0.1978143513417822,Bad
19,0.81,0.4330879871679504,Bad
19,0.811,-0.0399607334140006,Bad
19,0.812,-0.1894698072128941,Bad
19,0.813,0.3049371114650111,Bad
19,0.814,0.19795587309027704,Bad
19,0.815,-0.05766946010422398,Bad
19,0.816,0.2540922987430021,Bad
19,0.817,-0.0214769308848662,Bad
19,0.818,0.13856664977354874,Bad
19,0.819,-0.4406554177150876,Bad
19,0.82,0.6937212039786773,Bad
19,0.821,0.10824094522000706,Bad
19,0.822,0.06729518542107091,Bad
19,0.823,0.21084191548788095,Bad
19,0.824,0.301854106956134,Bad
19,0.825,-0.18243971075991727,Bad
19,0.826,-0.26234882306699286,Bad
19,0.827,0.06950052377437774,Bad
19,0.828,-0.1888030909325299,Bad
19,0.829,-0.18305657104813758,Bad
19,0.83,0.2941100046328088,Bad
19,0.831,-0.29929685812066437,Bad
19,0.832,-0.037321680416240635,Bad
19,0.833,-0.2663671503377666,Bad
19,0.834,-0.14368144647854159,Bad
19,0.835,0.20578364444546215,Bad
19,0.836,-0.15850440600238186,Bad
19,0.837,0.35029111255785667,Bad
19,0.838,-0.06740890025281378,Bad
19,0.839,-0.19209699586806447,Bad
19,0.84,-0.03115245833202838,Bad
19,0.841,-0.08501178027680319,Bad
19,0.842,-0.459020722305255,Bad
19,0.843,-0.38754624094936285,Bad
19,0.844,0.06236754016468873,Bad
19,0.845,0.7746427228554503,Bad
19,0.846,0.30910866932869585,Bad
19,0.847,0.10545055203793664,Bad
19,0.848,0.31097480959558704,Bad
19,0.849,0.15958533986407222,Bad
19,0.85,-0.09742238849920717,Bad
19,0.851,-0.21242469084308455,Bad
19,0.852,0.2999312996533518,Bad
19,0.853,-0.0879382393501124,Bad
19,0.854,0.08128062247624865,Bad
19,0.855,0.1922729556521324,Bad
19,0.856,0.06725597154433505,Bad
19,0.857,0.10739602131581015,Bad
19,0.858,0.04502637881117972,Bad
19,0.859,-0.02682905142349834,Bad
19,0.86,0.6217331435042749,Bad
19,0.861,0.05496273066868908,Bad
19,0.862,-0.0277252662371105,Bad
19,0.863,0.24782948790943646,Bad
19,0.864,0.06904589131022947,Bad
19,0.865,-0.027089210762683454,Bad
19,0.866,-0.038006756680128144,Bad
19,0.867,0.00894500077936277,Bad
19,0.868,-0.5873692722922815,Bad
19,0.869,-0.03748915791514525,Bad
19,0.87,-0.28054332280255545,Bad
19,0.871,0.20175764537178983,Bad
19,0.872,0.17356173323803567,Bad
19,0.873,-0.009189391240591932,Bad
19,0.874,0.3390245667689364,Bad
19,0.875,-0.26530589441057706,Bad
19,0.876,-0.19526614463710368,Bad
19,0.877,-0.003855757707526856,Bad
19,0.878,0.00391019828286862,Bad
19,0.879,-0.0012807609217036996,Bad
19,0.88,-0.09956190653852837,Bad
19,0.881,0.3081767810241718,Bad
19,0.882,-0.08451653793576695,Bad
19,0.883,0.22025624985660666,Bad
19,0.884,0.15349914567647202,Bad
19,0.885,0.14821486606729625,Bad
19,0.886,0.05660935777636978,Bad
19,0.887,-0.2404625919300894,Bad
19,0.888,0.23232058940789138,Bad
19,0.889,-0.0830287637410049,Bad
19,0.89,-0.07803271440975076,Bad
19,0.891,0.1427473798975776,Bad
19,0.892,-0.0005965363976557989,Bad
19,0.893,0.4046614775909483,Bad
19,0.894,-0.0941521868376332,Bad
19,0.895,0.09045578141933032,Bad
19,0.896,0.16792599131973016,Bad
19,0.897,-0.33628149497516613,Bad
19,0.898,-0.0032298833092429743,Bad
19,0.899,-0.0032741411455998624,Bad
19,0.9,-0.020546594622814218,Bad
19,0.901,0.20817039758289962,Bad
19,0.902,0.09857146509037067,Bad
19,0.903,0.4014886533394795,Bad
19,0.904,-0.19315958056211022,Bad
19,0.905,0.10653400542508341,Bad
19,0.906,-0.04034602327871404,Bad
19,0.907,0.16734850060360945,Bad
19,0.908,-0.4642441262007434,Bad
19,0.909,-0.54557377807294,Bad
19,0.91,-0.38182811465229805,Bad
19,0.911,-0.0737376564254522,Bad
19,0.912,0.35361421869228127,Bad
19,0.913,-0.4763738634777376,Bad
19,0.914,-0.2183946734622803,Bad
19,0.915,0.14396617403093,Bad
19,0.916,0.04112488739419872,Bad
19,0.917,0.1642442232390451,Bad
19,0.918,-0.12747178789472527,Bad
19,0.919,0.12190772387546897,Bad
19,0.92,0.4114958282751127,Bad
19,0.921,-0.37407173018554046,Bad
19,0.922,0.7272241468153174,Bad
19,0.923,-0.11467434286635905,Bad
19,0.924,-0.042236625717305507,Bad
19,0.925,0.17888086718070337,Bad
19,0.926,0.13346573741874235,Bad
19,0.927,-0.03501914582467692,Bad
19,0.928,-0.24517513663009396,Bad
19,0.929,0.11782329594481483,Bad
19,0.93,0.07457145099505784,Bad
19,0.931,0.38261040615689995,Bad
19,0.932,-0.11893076837142161,Bad
19,0.933,0.3251523876410075,Bad
19,0.934,0.08987636951442513,Bad
19,0.935,-0.33745771023754556,Bad
19,0.936,0.27788323837079587,Bad
19,0.937,-0.34703447867796466,Bad
19,0.938,0.33420965727277213,Bad
19,0.939,0.0009777886927048584,Bad
19,0.94,-0.17520284901699687,Bad
19,0.941,0.2320865937786075,Bad
19,0.942,-0.13409025386890153,Bad
19,0.943,-0.030527452972229308,Bad
19,0.944,0.307665340521628,Bad
19,0.945,0.056700791782141984,Bad
19,0.946,0.00847177035283288,Bad
19,0.947,0.14844997319571143,Bad
19,0.948,0.3825136143672843,Bad
19,0.949,0.15235460659327596,Bad
19,0.95,-0.1785236892900557,Bad
19,0.951,0.12260823949514349,Bad
19,0.952,-0.13908487530871377,Bad
19,0.953,0.1373767555276448,Bad
19,0.954,-0.0679122888091983,Bad
19,0.955,0.18414754571905495,Bad
19,0.956,0.12639005161718014,Bad
19,0.957,-0.1443200960683201,Bad
19,0.958,-0.10939419052398479,Bad
19,0.959,0.21489046293638245,Bad
19,0.96,0.07219352207390674,Bad
19,0.961,0.27396271041611225,Bad
19,0.962,-0.029885735855453097,Bad
19,0.963,-0.30813212501640835,Bad
19,0.964,0.49553582415429676,Bad
19,0.965,-0.2814308597771799,Bad
19,0.966,-0.33253847921257224,Bad
19,0.967,0.2958004291390129,Bad
19,0.968,0.20747420976888095,Bad
19,0.969,0.22578719363740624,Bad
19,0.97,0.35414770754878333,Bad
19,0.971,0.02005410595503396,Bad
19,0.972,-0.011375206952717824,Bad
19,0.973,0.5634316025829645,Bad
19,0.974,0.4460909359796727,Bad
19,0.975,0.2930582019872631,Bad
19,0.976,0.26347489966982474,Bad
19,0.977,-0.1531042706880222,Bad
19,0.978,-0.20577110772838605,Bad
19,0.979,0.21426658515482405,Bad
19,0.98,-0.21368436970164814,Bad
19,0.981,-0.013451394618276696,Bad
19,0.982,-0.27952031845661496,Bad
19,0.983,-0.015618805656660637,Bad
19,0.984,-0.030113808138459562,Bad
19,0.985,-0.20879243214839296,Bad
19,0.986,0.0167203491070722,Bad
19,0.987,0.03405089732076303,Bad
19,0.988,0.17530610685713388,Bad
19,0.989,0.01880920403655279,Bad
19,0.99,-0.2417886708226874,Bad
19,0.991,0.41614462409148356,Bad
19,0.992,-0.16827318094463797,Bad
19,0.993,-0.04846785603917439,Bad
19,0.994,0.4252312478787004,Bad
19,0.995,0.09722469504415243,Bad
19,0.996,0.052259476214635836,Bad
19,0.997,0.4199769781716296,Bad
19,0.998,0.3985015582554029,Bad
19,0.999,0.04133681309250032,Bad
