x,y,z,cu_grade
0.0,0.0,0.0,0.0
0.0,0.0,10.0,0.0
0.0,0.0,20.0,0.03363166464259426
0.0,0.0,30.0,0.015359249592607331
0.0,0.0,40.0,0.10155886419693223
0.0,0.0,50.0,0.0
0.0,0.0,60.0,0.07974472421285239
0.0,0.0,70.0,0.0
0.0,0.0,80.0,0.023152062066626483
0.0,0.0,90.0,0.03253066774997532
0.0,0.0,100.0,0.06429086335143942
0.0,0.0,110.0,0.07387808607601994
0.0,0.0,120.0,0.0
0.0,0.0,130.0,0.0
0.0,0.0,140.0,0.13862221757648105
0.0,0.0,150.0,0.0
0.0,0.0,160.0,0.0
0.0,0.0,170.0,0.0
0.0,0.0,180.0,0.0
0.0,0.0,190.0,0.0
0.0,0.0,200.0,0.0
0.0,0.0,210.0,0.039092844490964784
0.0,0.0,220.0,0.0
0.0,0.0,230.0,0.0
0.0,0.0,240.0,0.0
0.0,0.0,250.0,0.0
0.0,0.0,260.0,0.0
0.0,0.0,270.0,0.104465067196803
0.0,0.0,280.0,0.0
0.0,0.0,290.0,0.014388643130052933
0.0,10.0,0.0,0.035575879780694535
0.0,10.0,10.0,0.0
0.0,10.0,20.0,0.04464766146555533
0.0,10.0,30.0,0.0
0.0,10.0,40.0,0.0
0.0,10.0,50.0,0.02838711866567732
0.0,10.0,60.0,0.0
0.0,10.0,70.0,0.017947947370351217
0.0,10.0,80.0,0.012809270353322279
0.0,10.0,90.0,0.0
0.0,10.0,100.0,0.044094456313714225
0.0,10.0,110.0,0.05678557573963525
0.0,10.0,120.0,0.07424974454565075
0.0,10.0,130.0,0.0
0.0,10.0,140.0,0.112821371079146
0.0,10.0,150.0,0.018585937272661137
0.0,10.0,160.0,0.033265189295884616
0.0,10.0,170.0,0.03385476757691712
0.0,10.0,180.0,0.0
0.0,10.0,190.0,0.034667178047544184
0.0,10.0,200.0,0.008138087333702547
0.0,10.0,210.0,0.07769521666384828
0.0,10.0,220.0,0.001213285586407523
0.0,10.0,230.0,0.0075548602509819054
0.0,10.0,240.0,0.09064761932725784
0.0,10.0,250.0,0.0
0.0,10.0,260.0,0.0
0.0,10.0,270.0,0.0
0.0,10.0,280.0,0.014299097536308751
0.0,10.0,290.0,0.0
0.0,20.0,0.0,0.0
0.0,20.0,10.0,0.0
0.0,20.0,20.0,0.0
0.0,20.0,30.0,0.06365544763209557
0.0,20.0,40.0,0.025329084244566227
0.0,20.0,50.0,0.04418822586118007
0.0,20.0,60.0,0.0
0.0,20.0,70.0,0.06715820146396527
0.0,20.0,80.0,0.007286580333600537
0.0,20.0,90.0,0.002325231688277774
0.0,20.0,100.0,0.0013354269143532483
0.0,20.0,110.0,0.007689772797810766
0.0,20.0,120.0,0.04918270342326358
0.0,20.0,130.0,0.03421942947823396
0.0,20.0,140.0,0.0
0.0,20.0,150.0,0.0
0.0,20.0,160.0,0.045125776756914086
0.0,20.0,170.0,0.029234724188685352
0.0,20.0,180.0,0.009561511867419738
0.0,20.0,190.0,0.0085107432384165
0.0,20.0,200.0,0.023983685493673867
0.0,20.0,210.0,0.019915967626740097
0.0,20.0,220.0,0.0
0.0,20.0,230.0,0.08979329346244591
0.0,20.0,240.0,0.0
0.0,20.0,250.0,0.0
0.0,20.0,260.0,0.0
0.0,20.0,270.0,0.023059147349595133
0.0,20.0,280.0,0.009806237316701282
0.0,20.0,290.0,0.0
0.0,30.0,0.0,0.0
0.0,30.0,10.0,0.011307487571141741
0.0,30.0,20.0,0.06110981893637918
0.0,30.0,30.0,0.0
0.0,30.0,40.0,0.0
0.0,30.0,50.0,0.0
0.0,30.0,60.0,0.005128823441066374
0.0,30.0,70.0,0.0
0.0,30.0,80.0,0.0
0.0,30.0,90.0,0.007521770803140044
0.0,30.0,100.0,0.08266015034760422
0.0,30.0,110.0,0.031235356452979535
0.0,30.0,120.0,0.13290365843173013
0.0,30.0,130.0,0.033610139304054494
0.0,30.0,140.0,0.12852951809692337
0.0,30.0,150.0,0.02413419306286075
0.0,30.0,160.0,0.06132423335185653
0.0,30.0,170.0,0.12884917696776552
0.0,30.0,180.0,0.10630464169268669
0.0,30.0,190.0,0.0
0.0,30.0,200.0,0.0
0.0,30.0,210.0,0.0016504909304402241
0.0,30.0,220.0,0.028089603940112964
0.0,30.0,230.0,0.0
0.0,30.0,240.0,0.0
0.0,30.0,250.0,0.009365446213596165
0.0,30.0,260.0,0.06625413566449957
0.0,30.0,270.0,0.0
0.0,30.0,280.0,0.0
0.0,30.0,290.0,0.0
0.0,40.0,0.0,0.0
0.0,40.0,10.0,0.027972500520783438
0.0,40.0,20.0,0.023487507875133307
0.0,40.0,30.0,0.0
0.0,40.0,40.0,0.0
0.0,40.0,50.0,0.0
0.0,40.0,60.0,0.003332775920960674
0.0,40.0,70.0,0.013121690572450394
0.0,40.0,80.0,0.03414326326427284
0.0,40.0,90.0,0.0356154566968646
0.0,40.0,100.0,0.03359714178806221
0.0,40.0,110.0,0.007485026702070501
0.0,40.0,120.0,0.0
0.0,40.0,130.0,0.08166751266927513
0.0,40.0,140.0,0.25226703078311147
0.0,40.0,150.0,0.028692849857521612
0.0,40.0,160.0,0.0
0.0,40.0,170.0,0.03597361740584788
0.0,40.0,180.0,0.03578575546801218
0.0,40.0,190.0,0.03773576995484451
0.0,40.0,200.0,0.0
0.0,40.0,210.0,0.04822883249614082
0.0,40.0,220.0,0.05939281268597502
0.0,40.0,230.0,0.011496541971834164
0.0,40.0,240.0,0.0
0.0,40.0,250.0,0.02088050861645166
0.0,40.0,260.0,0.0
0.0,40.0,270.0,0.0
0.0,40.0,280.0,0.0
0.0,40.0,290.0,0.0
0.0,50.0,0.0,0.028173457357357896
0.0,50.0,10.0,0.0
0.0,50.0,20.0,0.036702887259357504
0.0,50.0,30.0,0.0
0.0,50.0,40.0,0.0
0.0,50.0,50.0,0.04589476146475196
0.0,50.0,60.0,0.0
0.0,50.0,70.0,0.0
0.0,50.0,80.0,0.05320287189364464
0.0,50.0,90.0,0.020591297283860995
0.0,50.0,100.0,0.05645782770343175
0.0,50.0,110.0,0.005561480948989606
0.0,50.0,120.0,0.0518062041569555
0.0,50.0,130.0,0.059547403837758486
0.0,50.0,140.0,0.020789900572994284
0.0,50.0,150.0,0.11482396509450299
0.0,50.0,160.0,0.0
0.0,50.0,170.0,0.003655344278476219
0.0,50.0,180.0,0.0
0.0,50.0,190.0,0.05224770192048156
0.0,50.0,200.0,0.05425847102599493
0.0,50.0,210.0,0.02697730716822315
0.0,50.0,220.0,0.032068211446954396
0.0,50.0,230.0,0.025230612587626496
0.0,50.0,240.0,0.0
0.0,50.0,250.0,0.01318069249196932
0.0,50.0,260.0,0.030496679243259155
0.0,50.0,270.0,0.0
0.0,50.0,280.0,0.0
0.0,50.0,290.0,0.05679483333712412
0.0,60.0,0.0,0.06397529512334844
0.0,60.0,10.0,0.06131412160924733
0.0,60.0,20.0,0.0
0.0,60.0,30.0,0.0
0.0,60.0,40.0,0.0
0.0,60.0,50.0,0.037068986382156915
0.0,60.0,60.0,0.12152183909448819
0.0,60.0,70.0,0.12675017839339914
0.0,60.0,80.0,0.0
0.0,60.0,90.0,0.0
0.0,60.0,100.0,0.031518382851365004
0.0,60.0,110.0,0.039896418310264276
0.0,60.0,120.0,0.04787081286606509
0.0,60.0,130.0,0.13822445849116724
0.0,60.0,140.0,0.13691447422477074
0.0,60.0,150.0,0.0
0.0,60.0,160.0,0.03554955043367424
0.0,60.0,170.0,0.059254470907564555
0.0,60.0,180.0,0.10588967139788767
0.0,60.0,190.0,0.0
0.0,60.0,200.0,0.08723570526489811
0.0,60.0,210.0,0.07034542863157464
0.0,60.0,220.0,0.03947167229640957
0.0,60.0,230.0,0.03986880524191733
0.0,60.0,240.0,0.0
0.0,60.0,250.0,0.03665800532033086
0.0,60.0,260.0,0.029030923254129294
0.0,60.0,270.0,0.02824586973956045
0.0,60.0,280.0,0.045955828586722744
0.0,60.0,290.0,0.017111471046508914
0.0,70.0,0.0,0.08362757552794571
0.0,70.0,10.0,0.0
0.0,70.0,20.0,0.0
0.0,70.0,30.0,0.0
0.0,70.0,40.0,0.0
0.0,70.0,50.0,0.0
0.0,70.0,60.0,0.03872055513828729
0.0,70.0,70.0,0.08821971745242849
0.0,70.0,80.0,0.03417028389855177
0.0,70.0,90.0,0.01873353847569799
0.0,70.0,100.0,0.0
0.0,70.0,110.0,0.027226255165726097
0.0,70.0,120.0,0.09389957178256658
0.0,70.0,130.0,0.05108607144383132
0.0,70.0,140.0,0.11711746393073072
0.0,70.0,150.0,0.05309649620517114
0.0,70.0,160.0,0.08944120919221155
0.0,70.0,170.0,0.025134348726370784
0.0,70.0,180.0,0.026956426681297805
0.0,70.0,190.0,0.0
0.0,70.0,200.0,0.10586577648309947
0.0,70.0,210.0,0.0
0.0,70.0,220.0,0.02704389720114099
0.0,70.0,230.0,0.0
0.0,70.0,240.0,0.0
0.0,70.0,250.0,0.023016123284108597
0.0,70.0,260.0,0.0
0.0,70.0,270.0,0.0
0.0,70.0,280.0,0.0
0.0,70.0,290.0,0.059240436570869554
0.0,80.0,0.0,0.024709539690926634
0.0,80.0,10.0,0.0
0.0,80.0,20.0,0.015430293421354692
0.0,80.0,30.0,0.0
0.0,80.0,40.0,0.07438926149191367
0.0,80.0,50.0,0.02673488789754608
0.0,80.0,60.0,0.00011785637473249108
0.0,80.0,70.0,0.0044565051671249176
0.0,80.0,80.0,0.07713582439726668
0.0,80.0,90.0,0.0
0.0,80.0,100.0,0.06188825554422596
0.0,80.0,110.0,0.07514767628369345
0.0,80.0,120.0,0.0
0.0,80.0,130.0,0.09792294629705371
0.0,80.0,140.0,0.052998700735452015
0.0,80.0,150.0,0.08529512118518075
0.0,80.0,160.0,0.04030514873366257
0.0,80.0,170.0,0.022076009271071208
0.0,80.0,180.0,0.20912142593210742
0.0,80.0,190.0,0.13461394791999987
0.0,80.0,200.0,0.06918390827397727
0.0,80.0,210.0,0.0
0.0,80.0,220.0,0.0
0.0,80.0,230.0,0.05497432938542188
0.0,80.0,240.0,0.0
0.0,80.0,250.0,0.0
0.0,80.0,260.0,0.02193957449046898
0.0,80.0,270.0,0.01592061608365264
0.0,80.0,280.0,0.0054737205945758205
0.0,80.0,290.0,0.0
0.0,90.0,0.0,0.0
0.0,90.0,10.0,0.0
0.0,90.0,20.0,0.0
0.0,90.0,30.0,0.0
0.0,90.0,40.0,0.0
0.0,90.0,50.0,0.0
0.0,90.0,60.0,0.0
0.0,90.0,70.0,0.04484129783760242
0.0,90.0,80.0,0.040791271071977206
0.0,90.0,90.0,0.1327468505089454
0.0,90.0,100.0,0.02905761506179802
0.0,90.0,110.0,0.04194522825244064
0.0,90.0,120.0,0.05642594869074332
0.0,90.0,130.0,0.06441484538223013
0.0,90.0,140.0,0.09543763635344991
0.0,90.0,150.0,0.12161568110224591
0.0,90.0,160.0,0.09053441846870851
0.0,90.0,170.0,0.0
0.0,90.0,180.0,0.04712616574091441
0.0,90.0,190.0,0.06045562953803336
0.0,90.0,200.0,0.0
0.0,90.0,210.0,0.07043981934181585
0.0,90.0,220.0,0.042776976416249494
0.0,90.0,230.0,0.06280772970045444
0.0,90.0,240.0,0.024479658264378056
0.0,90.0,250.0,0.036307975567281145
0.0,90.0,260.0,0.0
0.0,90.0,270.0,0.0
0.0,90.0,280.0,0.0
0.0,90.0,290.0,0.0
0.0,100.0,0.0,0.07058876889199835
0.0,100.0,10.0,0.0
0.0,100.0,20.0,0.0
0.0,100.0,30.0,0.0
0.0,100.0,40.0,0.0
0.0,100.0,50.0,0.03521602192068731
0.0,100.0,60.0,0.032387939102033844
0.0,100.0,70.0,0.0
0.0,100.0,80.0,0.0726733180299871
0.0,100.0,90.0,0.047413965165228805
0.0,100.0,100.0,0.0
0.0,100.0,110.0,0.08882045171592733
0.0,100.0,120.0,0.10811739751235573
0.0,100.0,130.0,0.05156221690732652
0.0,100.0,140.0,0.13912938737328745
0.0,100.0,150.0,0.019562497520429267
0.0,100.0,160.0,0.0407716392854516
0.0,100.0,170.0,0.10923877965870525
0.0,100.0,180.0,0.04924017740162936
0.0,100.0,190.0,0.0
0.0,100.0,200.0,0.08472601448709413
0.0,100.0,210.0,0.0
0.0,100.0,220.0,0.0
0.0,100.0,230.0,0.011784954262150291
0.0,100.0,240.0,0.03576988072308873
0.0,100.0,250.0,0.06155207635322001
0.0,100.0,260.0,0.018343379798859336
0.0,100.0,270.0,0.007832740699317843
0.0,100.0,280.0,0.01836897966199962
0.0,100.0,290.0,0.0
0.0,110.0,0.0,0.04622604249406343
0.0,110.0,10.0,0.0
0.0,110.0,20.0,0.049340175637788475
0.0,110.0,30.0,0.0
0.0,110.0,40.0,0.0
0.0,110.0,50.0,0.0
0.0,110.0,60.0,0.0
0.0,110.0,70.0,0.04846702248371371
0.0,110.0,80.0,0.0
0.0,110.0,90.0,0.06913529898108317
0.0,110.0,100.0,0.07093156347471613
0.0,110.0,110.0,0.07918505285288621
0.0,110.0,120.0,0.0
0.0,110.0,130.0,0.048118758456051965
0.0,110.0,140.0,0.06348022665387311
0.0,110.0,150.0,0.06344508524852555
0.0,110.0,160.0,0.0554921966119283
0.0,110.0,170.0,0.0
0.0,110.0,180.0,0.07892859365233965
0.0,110.0,190.0,0.0034879948327816435
0.0,110.0,200.0,0.032850808878125734
0.0,110.0,210.0,0.14063825445703776
0.0,110.0,220.0,0.06705130550349211
0.0,110.0,230.0,0.0761704147555208
0.0,110.0,240.0,0.05905183845147113
0.0,110.0,250.0,0.025531474265951176
0.0,110.0,260.0,0.06313781723596779
0.0,110.0,270.0,0.04287234548327264
0.0,110.0,280.0,0.0
0.0,110.0,290.0,0.0
0.0,120.0,0.0,0.03979705944970316
0.0,120.0,10.0,0.0
0.0,120.0,20.0,0.0
0.0,120.0,30.0,0.015134316015361323
0.0,120.0,40.0,0.07666267450816885
0.0,120.0,50.0,0.021738832619292176
0.0,120.0,60.0,0.040787646990126644
0.0,120.0,70.0,0.0
0.0,120.0,80.0,0.044244378029328936
0.0,120.0,90.0,0.08126006034227676
0.0,120.0,100.0,0.13918682784310354
0.0,120.0,110.0,0.06747432767556126
0.0,120.0,120.0,0.07073753789250492
0.0,120.0,130.0,0.021922556247601255
0.0,120.0,140.0,0.1425384070943256
0.0,120.0,150.0,0.11853920011605258
0.0,120.0,160.0,0.13898286121798686
0.0,120.0,170.0,0.027876235681650985
0.0,120.0,180.0,0.09252183666831275
0.0,120.0,190.0,0.08777865570438176
0.0,120.0,200.0,0.047915047920861015
0.0,120.0,210.0,0.0
0.0,120.0,220.0,0.07816336887495744
0.0,120.0,230.0,0.0
0.0,120.0,240.0,0.0
0.0,120.0,250.0,0.05562427953772274
0.0,120.0,260.0,0.013649984225662243
0.0,120.0,270.0,0.0
0.0,120.0,280.0,0.0917944729395762
0.0,120.0,290.0,0.030894539753915522
0.0,130.0,0.0,0.07577934081456565
0.0,130.0,10.0,0.062206170380152664
0.0,130.0,20.0,0.008703108393488956
0.0,130.0,30.0,0.0
0.0,130.0,40.0,0.0
0.0,130.0,50.0,0.053320890611777354
0.0,130.0,60.0,0.01615667923465367
0.0,130.0,70.0,0.0
0.0,130.0,80.0,0.01949492498217159
0.0,130.0,90.0,0.13090804148620533
0.0,130.0,100.0,0.0
0.0,130.0,110.0,0.024319368325334913
0.0,130.0,120.0,0.013251670786838421
0.0,130.0,130.0,0.08261324561766041
0.0,130.0,140.0,0.1337496159395592
0.0,130.0,150.0,0.122379656889483
0.0,130.0,160.0,0.028423173847425473
0.0,130.0,170.0,0.09596407332291211
0.0,130.0,180.0,0.0694054229392978
0.0,130.0,190.0,0.1260785976375086
0.0,130.0,200.0,0.006058847140007949
0.0,130.0,210.0,0.0
0.0,130.0,220.0,0.0
0.0,130.0,230.0,0.06774071400398306
0.0,130.0,240.0,0.03215525975737891
0.0,130.0,250.0,0.022750153209724615
0.0,130.0,260.0,0.0
0.0,130.0,270.0,0.0
0.0,130.0,280.0,0.019422233654810488
0.0,130.0,290.0,0.015946150367025035
0.0,140.0,0.0,0.0
0.0,140.0,10.0,0.004039410322312009
0.0,140.0,20.0,0.0
0.0,140.0,30.0,0.0
0.0,140.0,40.0,0.04536321253562626
0.0,140.0,50.0,0.10037910314694634
0.0,140.0,60.0,0.02308818200709699
0.0,140.0,70.0,0.014731295436943077
0.0,140.0,80.0,0.0
0.0,140.0,90.0,0.04518510930628143
0.0,140.0,100.0,0.0
0.0,140.0,110.0,0.03325744049334323
0.0,140.0,120.0,0.07733555969885847
0.0,140.0,130.0,0.14614104711761944
0.0,140.0,140.0,0.1635333125134115
0.0,140.0,150.0,0.05845451629780205
0.0,140.0,160.0,0.15876975306214786
0.0,140.0,170.0,0.11898314649636385
0.0,140.0,180.0,0.068286197889497
0.0,140.0,190.0,0.14527342519745506
0.0,140.0,200.0,0.03551686655044774
0.0,140.0,210.0,0.027091469845458873
0.0,140.0,220.0,0.0
0.0,140.0,230.0,0.0
0.0,140.0,240.0,0.07695672793456682
0.0,140.0,250.0,0.0008494264305486774
0.0,140.0,260.0,0.022367343838954265
0.0,140.0,270.0,0.0
0.0,140.0,280.0,0.0510101841221789
0.0,140.0,290.0,0.0
0.0,150.0,0.0,0.0
0.0,150.0,10.0,0.02361213298582247
0.0,150.0,20.0,0.12526304023427917
0.0,150.0,30.0,0.0
0.0,150.0,40.0,0.027798304129074303
0.0,150.0,50.0,0.06897446446369351
0.0,150.0,60.0,0.0
0.0,150.0,70.0,0.08040932416853226
0.0,150.0,80.0,0.05417879861882096
0.0,150.0,90.0,0.00023238970145533777
0.0,150.0,100.0,0.0786685662589988
0.0,150.0,110.0,0.0165832338800367
0.0,150.0,120.0,0.043564278397509495
0.0,150.0,130.0,0.13791969719151176
0.0,150.0,140.0,0.005246282740378028
0.0,150.0,150.0,0.13238676733621121
0.0,150.0,160.0,0.09723749314930635
0.0,150.0,170.0,0.00974193300545094
0.0,150.0,180.0,0.08886516171965657
0.0,150.0,190.0,0.12280081054137698
0.0,150.0,200.0,0.14031652113325477
0.0,150.0,210.0,0.057708722526316175
0.0,150.0,220.0,0.027384722887535483
0.0,150.0,230.0,0.0
0.0,150.0,240.0,0.0
0.0,150.0,250.0,0.0
0.0,150.0,260.0,0.0409530974700609
0.0,150.0,270.0,0.09337794314646153
0.0,150.0,280.0,0.0
0.0,150.0,290.0,0.09332067566716223
0.0,160.0,0.0,0.041596926818170905
0.0,160.0,10.0,0.0
0.0,160.0,20.0,0.0
0.0,160.0,30.0,0.0
0.0,160.0,40.0,0.004753555564242626
0.0,160.0,50.0,0.02957486263033422
0.0,160.0,60.0,0.01404828969743844
0.0,160.0,70.0,0.02855237196925616
0.0,160.0,80.0,0.05719765414681624
0.0,160.0,90.0,0.09405516465390655
0.0,160.0,100.0,0.06477847672310477
0.0,160.0,110.0,0.13006679497612483
0.0,160.0,120.0,0.007429112102982832
0.0,160.0,130.0,0.07668479668193391
0.0,160.0,140.0,0.07969420416459064
0.0,160.0,150.0,0.2009486228171376
0.0,160.0,160.0,0.04084588792431934
0.0,160.0,170.0,0.04459322988047967
0.0,160.0,180.0,0.06824772493952068
0.0,160.0,190.0,0.07245761727110889
0.0,160.0,200.0,0.048790819153822586
0.0,160.0,210.0,0.0979252787054023
0.0,160.0,220.0,0.04974759053237084
0.0,160.0,230.0,0.0
0.0,160.0,240.0,0.0
0.0,160.0,250.0,0.031080757629412648
0.0,160.0,260.0,0.042535684718501894
0.0,160.0,270.0,0.030507799829269037
0.0,160.0,280.0,0.0
0.0,160.0,290.0,0.08709482462110428
0.0,170.0,0.0,0.00436699787212435
0.0,170.0,10.0,0.0
0.0,170.0,20.0,0.03318342181511124
0.0,170.0,30.0,0.00799405191096366
0.0,170.0,40.0,0.0
0.0,170.0,50.0,0.006147297191455691
0.0,170.0,60.0,0.005091863104477965
0.0,170.0,70.0,0.0
0.0,170.0,80.0,0.0148073806042955
0.0,170.0,90.0,0.04102098151098079
0.0,170.0,100.0,0.097168777810129
0.0,170.0,110.0,0.08020549947776649
0.0,170.0,120.0,0.1499340784403046
0.0,170.0,130.0,0.05786610643205325
0.0,170.0,140.0,0.14368707647054552
0.0,170.0,150.0,0.03429236474352823
0.0,170.0,160.0,0.13939536932610952
0.0,170.0,170.0,0.15095371925441575
0.0,170.0,180.0,0.0753431636275142
0.0,170.0,190.0,0.0782079039932263
0.0,170.0,200.0,0.01513947360281154
0.0,170.0,210.0,0.0
0.0,170.0,220.0,0.022295627689335677
0.0,170.0,230.0,0.005790811581914436
0.0,170.0,240.0,0.0
0.0,170.0,250.0,0.0
0.0,170.0,260.0,0.0
0.0,170.0,270.0,0.028559334029646482
0.0,170.0,280.0,0.009800782403704309
0.0,170.0,290.0,0.0
0.0,180.0,0.0,0.0
0.0,180.0,10.0,0.0
0.0,180.0,20.0,0.045256385697331716
0.0,180.0,30.0,0.036803502064985005
0.0,180.0,40.0,0.08802601423117802
0.0,180.0,50.0,0.058821631204799614
0.0,180.0,60.0,0.05931672129792005
0.0,180.0,70.0,0.03505938554571573
0.0,180.0,80.0,0.015306394063078894
0.0,180.0,90.0,0.04600084027580671
0.0,180.0,100.0,0.15693561148476773
0.0,180.0,110.0,0.06699577012797447
0.0,180.0,120.0,0.041331142648435786
0.0,180.0,130.0,0.0415537698370263
0.0,180.0,140.0,0.037448221388716264
0.0,180.0,150.0,0.07973169421323943
0.0,180.0,160.0,0.07431759848228955
0.0,180.0,170.0,0.1357413577249784
0.0,180.0,180.0,0.028741797110825612
0.0,180.0,190.0,0.08060149813756434
0.0,180.0,200.0,0.052449981649825964
0.0,180.0,210.0,0.056778913493042885
0.0,180.0,220.0,0.0
0.0,180.0,230.0,0.05108891432706692
0.0,180.0,240.0,0.00666420998988325
0.0,180.0,250.0,0.0
0.0,180.0,260.0,0.08429180267586091
0.0,180.0,270.0,0.0
0.0,180.0,280.0,0.0
0.0,180.0,290.0,0.0
0.0,190.0,0.0,0.031330794810557325
0.0,190.0,10.0,0.014006392541774404
0.0,190.0,20.0,0.030570461753400488
0.0,190.0,30.0,0.0
0.0,190.0,40.0,0.035442619096860056
0.0,190.0,50.0,0.0
0.0,190.0,60.0,0.08262513160960265
0.0,190.0,70.0,0.0133776198312457
0.0,190.0,80.0,0.0
0.0,190.0,90.0,0.02920876881098565
0.0,190.0,100.0,0.0
0.0,190.0,110.0,0.06309586843931342
0.0,190.0,120.0,0.07209914153663952
0.0,190.0,130.0,0.11085171886833764
0.0,190.0,140.0,0.01612654760755569
0.0,190.0,150.0,0.12283130747469417
0.0,190.0,160.0,0.010699072623778436
0.0,190.0,170.0,0.030371552498035345
0.0,190.0,180.0,0.1005602682314108
0.0,190.0,190.0,0.13649115234675066
0.0,190.0,200.0,0.06107369484743817
0.0,190.0,210.0,0.043258501584165665
0.0,190.0,220.0,0.06219221043238609
0.0,190.0,230.0,0.0739104598732344
0.0,190.0,240.0,0.0
0.0,190.0,250.0,0.0
0.0,190.0,260.0,0.000925095963325558
0.0,190.0,270.0,0.0
0.0,190.0,280.0,0.010585498532737967
0.0,190.0,290.0,0.06713968641207534
0.0,200.0,0.0,0.036569051379731536
0.0,200.0,10.0,0.0
0.0,200.0,20.0,0.0
0.0,200.0,30.0,0.0
0.0,200.0,40.0,0.05025061020730878
0.0,200.0,50.0,0.0
0.0,200.0,60.0,0.007164377932095602
0.0,200.0,70.0,0.026403674835120575
0.0,200.0,80.0,0.07402550901327949
0.0,200.0,90.0,0.011440823262383399
0.0,200.0,100.0,0.0438714714672161
0.0,200.0,110.0,0.15477078513784903
0.0,200.0,120.0,0.10720136490699042
0.0,200.0,130.0,0.07086051941757582
0.0,200.0,140.0,0.06896170261193588
0.0,200.0,150.0,0.08415670473848169
0.0,200.0,160.0,0.055065799240789456
0.0,200.0,170.0,0.080936113726332
0.0,200.0,180.0,0.013983490999368159
0.0,200.0,190.0,0.019563677449296022
0.0,200.0,200.0,0.0509073731559502
0.0,200.0,210.0,0.0
0.0,200.0,220.0,0.12284886237137556
0.0,200.0,230.0,0.08996612737020204
0.0,200.0,240.0,0.02510765029008931
0.0,200.0,250.0,0.05762765836413129
0.0,200.0,260.0,0.0
0.0,200.0,270.0,0.0
0.0,200.0,280.0,0.0755038693801096
0.0,200.0,290.0,0.0
0.0,210.0,0.0,0.0
0.0,210.0,10.0,0.08772611074789224
0.0,210.0,20.0,0.0
0.0,210.0,30.0,0.0
0.0,210.0,40.0,0.027821711358842725
0.0,210.0,50.0,0.03537814414078159
0.0,210.0,60.0,0.0
0.0,210.0,70.0,0.08159613763497671
0.0,210.0,80.0,0.08218287146779203
0.0,210.0,90.0,0.08624233836396213
0.0,210.0,100.0,0.07625476389476712
0.0,210.0,110.0,0.05931671033571804
0.0,210.0,120.0,0.006494582065125945
0.0,210.0,130.0,0.10098674496167209
0.0,210.0,140.0,0.08707655910995543
0.0,210.0,150.0,0.12014777744583088
0.0,210.0,160.0,0.028064155999831614
0.0,210.0,170.0,0.02248481551405409
0.0,210.0,180.0,0.09456388362683797
0.0,210.0,190.0,0.08692752178571232
0.0,210.0,200.0,0.03024999297647539
0.0,210.0,210.0,0.0
0.0,210.0,220.0,0.0
0.0,210.0,230.0,0.026917403597921254
0.0,210.0,240.0,0.07713060664888469
0.0,210.0,250.0,0.0
0.0,210.0,260.0,0.04861979398379139
0.0,210.0,270.0,0.033597045268166884
0.0,210.0,280.0,0.014232413061297666
0.0,210.0,290.0,0.09005803296049306
0.0,220.0,0.0,0.006145640328612258
0.0,220.0,10.0,0.02428564229962496
0.0,220.0,20.0,0.041083000953882245
0.0,220.0,30.0,0.03320358659714692
0.0,220.0,40.0,0.03733544168267172
0.0,220.0,50.0,0.06684942108987614
0.0,220.0,60.0,0.0
0.0,220.0,70.0,0.028587468818827035
0.0,220.0,80.0,0.042541482619589635
0.0,220.0,90.0,0.045681031025961286
0.0,220.0,100.0,0.05538218585392491
0.0,220.0,110.0,0.06091888589878792
0.0,220.0,120.0,0.0
0.0,220.0,130.0,0.044751836891551544
0.0,220.0,140.0,0.03716995149561457
0.0,220.0,150.0,0.02022137153354131
0.0,220.0,160.0,0.0
0.0,220.0,170.0,0.044257720671619184
0.0,220.0,180.0,0.12336544580306619
0.0,220.0,190.0,0.009763721660170914
0.0,220.0,200.0,0.0797876402302555
0.0,220.0,210.0,0.07687716651382828
0.0,220.0,220.0,0.0
0.0,220.0,230.0,0.0
0.0,220.0,240.0,0.014412730642925895
0.0,220.0,250.0,0.08219170233132565
0.0,220.0,260.0,0.035269778364697114
0.0,220.0,270.0,0.04638962763709419
0.0,220.0,280.0,0.0
0.0,220.0,290.0,0.0
0.0,230.0,0.0,0.0
0.0,230.0,10.0,0.0
0.0,230.0,20.0,0.0
0.0,230.0,30.0,0.0
0.0,230.0,40.0,0.03568514053418494
0.0,230.0,50.0,0.0
0.0,230.0,60.0,0.0
0.0,230.0,70.0,0.011401205622611675
0.0,230.0,80.0,0.045136436771109296
0.0,230.0,90.0,0.0
0.0,230.0,100.0,0.08257146167670412
0.0,230.0,110.0,0.054681646585930214
0.0,230.0,120.0,0.0542028346822264
0.0,230.0,130.0,0.0231014562681126
0.0,230.0,140.0,0.0
0.0,230.0,150.0,0.12882712860737194
0.0,230.0,160.0,0.03716032497933362
0.0,230.0,170.0,0.0006971784301057285
0.0,230.0,180.0,0.0
0.0,230.0,190.0,0.0
0.0,230.0,200.0,0.10590386482050326
0.0,230.0,210.0,0.011871955135065379
0.0,230.0,220.0,0.0021823915073459193
0.0,230.0,230.0,0.0404156214513173
0.0,230.0,240.0,0.11243886448631919
0.0,230.0,250.0,0.010697119786914715
0.0,230.0,260.0,0.0469844323376417
0.0,230.0,270.0,0.0
0.0,230.0,280.0,0.0
0.0,230.0,290.0,0.0
0.0,240.0,0.0,0.0
0.0,240.0,10.0,0.0044188191540012285
0.0,240.0,20.0,0.02174104615720139
0.0,240.0,30.0,0.042668156656383516
0.0,240.0,40.0,0.0
0.0,240.0,50.0,0.0
0.0,240.0,60.0,0.010189130296117678
0.0,240.0,70.0,0.008301859259417023
0.0,240.0,80.0,0.02716742952699727
0.0,240.0,90.0,0.08549046709541716
0.0,240.0,100.0,0.0
0.0,240.0,110.0,0.03263157444561606
0.0,240.0,120.0,0.07062456433233527
0.0,240.0,130.0,0.1188077560977859
0.0,240.0,140.0,0.0
0.0,240.0,150.0,0.1352059900919625
0.0,240.0,160.0,0.1036154324508205
0.0,240.0,170.0,0.07250498771032796
0.0,240.0,180.0,0.0
0.0,240.0,190.0,0.0740093112548755
0.0,240.0,200.0,0.0
0.0,240.0,210.0,0.00771598686650274
0.0,240.0,220.0,0.0
0.0,240.0,230.0,0.0
0.0,240.0,240.0,0.07305359932756958
0.0,240.0,250.0,0.0
0.0,240.0,260.0,0.059139504124583256
0.0,240.0,270.0,0.011940404411354383
0.0,240.0,280.0,0.09406859480533722
0.0,240.0,290.0,0.09422244593273511
0.0,250.0,0.0,0.0
0.0,250.0,10.0,0.0
0.0,250.0,20.0,0.0
0.0,250.0,30.0,0.029970220282199686
0.0,250.0,40.0,0.0005960594475825884
0.0,250.0,50.0,0.09096261389890524
0.0,250.0,60.0,0.050705837139786665
0.0,250.0,70.0,0.0
0.0,250.0,80.0,0.0685805916165892
0.0,250.0,90.0,0.05476598076283857
0.0,250.0,100.0,0.10099610251229753
0.0,250.0,110.0,0.09270329979821806
0.0,250.0,120.0,0.002210528357984215
0.0,250.0,130.0,0.1451268386650798
0.0,250.0,140.0,0.07097783866043389
0.0,250.0,150.0,0.021055119240219265
0.0,250.0,160.0,0.045881333276241686
0.0,250.0,170.0,0.04574525221918274
0.0,250.0,180.0,0.03391794192641935
0.0,250.0,190.0,0.047769262560632575
0.0,250.0,200.0,0.0
0.0,250.0,210.0,0.0
0.0,250.0,220.0,0.0
0.0,250.0,230.0,0.12020314589736747
0.0,250.0,240.0,0.0
0.0,250.0,250.0,0.06281714467571836
0.0,250.0,260.0,0.02015202071855575
0.0,250.0,270.0,0.027309292573068505
0.0,250.0,280.0,0.0
0.0,250.0,290.0,0.0
0.0,260.0,0.0,0.0
0.0,260.0,10.0,0.0
0.0,260.0,20.0,0.015632351163784208
0.0,260.0,30.0,0.0
0.0,260.0,40.0,0.0
0.0,260.0,50.0,0.0
0.0,260.0,60.0,0.050692417005813124
0.0,260.0,70.0,0.05831199156586613
0.0,260.0,80.0,0.0
0.0,260.0,90.0,0.0
0.0,260.0,100.0,0.09418610758459488
0.0,260.0,110.0,0.01665711421296394
0.0,260.0,120.0,0.0
0.0,260.0,130.0,0.003404394015390569
0.0,260.0,140.0,0.05864392170080174
0.0,260.0,150.0,0.07095826843469082
0.0,260.0,160.0,0.04280078795482388
0.0,260.0,170.0,0.04612823946874342
0.0,260.0,180.0,0.0
0.0,260.0,190.0,0.03154872992346548
0.0,260.0,200.0,0.07839638960612853
0.0,260.0,210.0,0.0
0.0,260.0,220.0,0.0
0.0,260.0,230.0,0.0
0.0,260.0,240.0,0.0
0.0,260.0,250.0,0.0
0.0,260.0,260.0,0.0
0.0,260.0,270.0,0.039381227262386
0.0,260.0,280.0,0.02324522042041776
0.0,260.0,290.0,0.11459568312548353
0.0,270.0,0.0,0.04164768331536939
0.0,270.0,10.0,0.017828394712037534
0.0,270.0,20.0,0.0
0.0,270.0,30.0,0.08698881551052323
0.0,270.0,40.0,0.0
0.0,270.0,50.0,0.048508215431859576
0.0,270.0,60.0,0.0
0.0,270.0,70.0,0.00837324015929051
0.0,270.0,80.0,0.0
0.0,270.0,90.0,0.007016351474524771
0.0,270.0,100.0,0.038785110651472804
0.0,270.0,110.0,0.005702427323820012
0.0,270.0,120.0,0.0
0.0,270.0,130.0,0.0
0.0,270.0,140.0,0.0
0.0,270.0,150.0,0.0006200608770226858
0.0,270.0,160.0,0.04697668314354713
0.0,270.0,170.0,0.0
0.0,270.0,180.0,0.0
0.0,270.0,190.0,0.0
0.0,270.0,200.0,0.0715640900180395
0.0,270.0,210.0,0.04787036953601921
0.0,270.0,220.0,0.0
0.0,270.0,230.0,0.0043890474739933715
0.0,270.0,240.0,0.0
0.0,270.0,250.0,0.02891214029093391
0.0,270.0,260.0,0.0
0.0,270.0,270.0,0.0711566109035334
0.0,270.0,280.0,0.0
0.0,270.0,290.0,0.0
0.0,280.0,0.0,0.019341563267864566
0.0,280.0,10.0,0.04547268123592666
0.0,280.0,20.0,0.0
0.0,280.0,30.0,0.0
0.0,280.0,40.0,0.0
0.0,280.0,50.0,0.0
0.0,280.0,60.0,0.046432969059085304
0.0,280.0,70.0,0.0
0.0,280.0,80.0,0.0
0.0,280.0,90.0,0.07587698878371309
0.0,280.0,100.0,0.0022826883943803528
0.0,280.0,110.0,0.018323243539040645
0.0,280.0,120.0,0.0
0.0,280.0,130.0,0.06918044295865725
0.0,280.0,140.0,0.12191325240628556
0.0,280.0,150.0,0.07307595887147608
0.0,280.0,160.0,0.002758348636164771
0.0,280.0,170.0,0.0
0.0,280.0,180.0,0.0655217519060049
0.0,280.0,190.0,0.0
0.0,280.0,200.0,0.0
0.0,280.0,210.0,0.0
0.0,280.0,220.0,0.0
0.0,280.0,230.0,0.004671587492667298
0.0,280.0,240.0,0.05883848994150477
0.0,280.0,250.0,0.06692815940156933
0.0,280.0,260.0,0.030007556867749793
0.0,280.0,270.0,0.0
0.0,280.0,280.0,0.0
0.0,280.0,290.0,0.0310432442538131
0.0,290.0,0.0,0.0
0.0,290.0,10.0,0.0
0.0,290.0,20.0,0.0359542665516537
0.0,290.0,30.0,0.07285118079939834
0.0,290.0,40.0,0.09965509660376255
0.0,290.0,50.0,0.0
0.0,290.0,60.0,0.052302530566479155
0.0,290.0,70.0,0.11240810906503575
0.0,290.0,80.0,0.0026883311688479144
0.0,290.0,90.0,0.0
0.0,290.0,100.0,0.006019874338236209
0.0,290.0,110.0,0.0
0.0,290.0,120.0,0.0
0.0,290.0,130.0,0.0
0.0,290.0,140.0,0.029829069035511573
0.0,290.0,150.0,0.057663048309553655
0.0,290.0,160.0,0.09260595840300928
0.0,290.0,170.0,0.02363715471835817
0.0,290.0,180.0,0.043188473936651206
0.0,290.0,190.0,0.07452660520424978
0.0,290.0,200.0,0.0
0.0,290.0,210.0,0.023658531063353493
0.0,290.0,220.0,0.0
0.0,290.0,230.0,0.006194728805304947
0.0,290.0,240.0,0.017520380679420577
0.0,290.0,250.0,0.11441224608813574
0.0,290.0,260.0,0.007773963989327217
0.0,290.0,270.0,0.0
0.0,290.0,280.0,0.06812572444820267
0.0,290.0,290.0,0.029391826591844365
10.0,0.0,0.0,0.0
10.0,0.0,10.0,0.09454485591700831
10.0,0.0,20.0,0.0
10.0,0.0,30.0,0.03917414658343008
10.0,0.0,40.0,0.024500217464328598
10.0,0.0,50.0,0.0
10.0,0.0,60.0,0.0
10.0,0.0,70.0,0.0
10.0,0.0,80.0,0.04816963845791893
10.0,0.0,90.0,0.056303402833816185
10.0,0.0,100.0,0.021308097463474826
10.0,0.0,110.0,0.07819750029997832
10.0,0.0,120.0,0.00982321044362668
10.0,0.0,130.0,0.01733524176166122
10.0,0.0,140.0,0.03265216341834612
10.0,0.0,150.0,0.0398321878229651
10.0,0.0,160.0,0.08368806850321162
10.0,0.0,170.0,0.05909679371592623
10.0,0.0,180.0,0.0
10.0,0.0,190.0,0.0
10.0,0.0,200.0,0.0
10.0,0.0,210.0,0.0037878030857352108
10.0,0.0,220.0,0.006753571904550025
10.0,0.0,230.0,0.0
10.0,0.0,240.0,0.011508984120418697
10.0,0.0,250.0,0.0
10.0,0.0,260.0,0.0
10.0,0.0,270.0,0.0
10.0,0.0,280.0,0.027644202133829787
10.0,0.0,290.0,0.08538401337723033
10.0,10.0,0.0,0.019460450193329162
10.0,10.0,10.0,0.082204952718602
10.0,10.0,20.0,0.012387830247535822
10.0,10.0,30.0,0.0
10.0,10.0,40.0,0.0
10.0,10.0,50.0,0.0
10.0,10.0,60.0,0.034185588004904024
10.0,10.0,70.0,0.11288964230989006
10.0,10.0,80.0,0.0
10.0,10.0,90.0,0.008159242326128604
10.0,10.0,100.0,0.026189360251149783
10.0,10.0,110.0,0.0
10.0,10.0,120.0,0.02879818596528591
10.0,10.0,130.0,0.07419033282749488
10.0,10.0,140.0,0.037564685940496036
10.0,10.0,150.0,0.0427588023836771
10.0,10.0,160.0,0.00361571655422787
10.0,10.0,170.0,0.07219130460272605
10.0,10.0,180.0,0.11354836210391045
10.0,10.0,190.0,0.0
10.0,10.0,200.0,0.05067658015090314
10.0,10.0,210.0,0.013805112222228605
10.0,10.0,220.0,0.06781121580836348
10.0,10.0,230.0,0.0
10.0,10.0,240.0,0.0
10.0,10.0,250.0,0.0
10.0,10.0,260.0,0.02794347942603658
10.0,10.0,270.0,0.008653419757044145
10.0,10.0,280.0,0.002931108197931651
10.0,10.0,290.0,0.049071156145200155
10.0,20.0,0.0,0.026375653988156868
10.0,20.0,10.0,0.09034100348091646
10.0,20.0,20.0,0.07484655194641171
10.0,20.0,30.0,0.0
10.0,20.0,40.0,0.0
10.0,20.0,50.0,0.006008919684334058
10.0,20.0,60.0,0.02876249323377364
10.0,20.0,70.0,0.03216098139052441
10.0,20.0,80.0,0.03166281346252462
10.0,20.0,90.0,0.019701724509600227
10.0,20.0,100.0,0.054527163378791425
10.0,20.0,110.0,0.03151624142706473
10.0,20.0,120.0,0.08005886225471419
10.0,20.0,130.0,0.1095013890847058
10.0,20.0,140.0,0.16996605755303296
10.0,20.0,150.0,0.0
10.0,20.0,160.0,0.10566352827648803
10.0,20.0,170.0,0.003212518176137602
10.0,20.0,180.0,0.07130351012918379
10.0,20.0,190.0,0.026832200230377058
10.0,20.0,200.0,0.07214858688385371
10.0,20.0,210.0,0.0
10.0,20.0,220.0,0.03434281695195657
10.0,20.0,230.0,0.0
10.0,20.0,240.0,0.07967242202986714
10.0,20.0,250.0,0.01797553964357312
10.0,20.0,260.0,0.07525015475806048
10.0,20.0,270.0,0.008855413385229662
10.0,20.0,280.0,0.0
10.0,20.0,290.0,0.00887861970628009
10.0,30.0,0.0,0.0
10.0,30.0,10.0,0.026015264137036292
10.0,30.0,20.0,0.0
10.0,30.0,30.0,0.02739127029703315
10.0,30.0,40.0,0.043111554404396575
10.0,30.0,50.0,0.09994650168606961
10.0,30.0,60.0,0.006533752359458353
10.0,30.0,70.0,0.0798129761111922
10.0,30.0,80.0,0.030215967547960455
10.0,30.0,90.0,0.07507665766506463
10.0,30.0,100.0,0.0
10.0,30.0,110.0,0.07904199478566395
10.0,30.0,120.0,0.11174867629010127
10.0,30.0,130.0,0.061181447386295496
10.0,30.0,140.0,0.037357037603448835
10.0,30.0,150.0,0.12473293237555338
10.0,30.0,160.0,0.0
10.0,30.0,170.0,0.03493444103248777
10.0,30.0,180.0,0.0
10.0,30.0,190.0,0.040525773037334234
10.0,30.0,200.0,0.018307037597052475
10.0,30.0,210.0,0.10313302778450247
10.0,30.0,220.0,0.0
10.0,30.0,230.0,0.0
10.0,30.0,240.0,0.0
10.0,30.0,250.0,0.0
10.0,30.0,260.0,0.0
10.0,30.0,270.0,0.0
10.0,30.0,280.0,0.0
10.0,30.0,290.0,0.00555168445473613
10.0,40.0,0.0,0.006878350654179543
10.0,40.0,10.0,0.0
10.0,40.0,20.0,0.0
10.0,40.0,30.0,0.0
10.0,40.0,40.0,0.0
10.0,40.0,50.0,0.0
10.0,40.0,60.0,0.0
10.0,40.0,70.0,0.06510504202150758
10.0,40.0,80.0,0.07022679768350759
10.0,40.0,90.0,0.13071668010609985
10.0,40.0,100.0,0.0
10.0,40.0,110.0,0.018500078411674135
10.0,40.0,120.0,0.03008011955905503
10.0,40.0,130.0,0.06689748726617228
10.0,40.0,140.0,0.05691883866323598
10.0,40.0,150.0,0.12861131036158702
10.0,40.0,160.0,0.00648059739906208
10.0,40.0,170.0,0.0
10.0,40.0,180.0,0.0
10.0,40.0,190.0,0.0
10.0,40.0,200.0,0.03717911196571473
10.0,40.0,210.0,0.0
10.0,40.0,220.0,0.008791475479615594
10.0,40.0,230.0,0.0
10.0,40.0,240.0,0.0
10.0,40.0,250.0,0.053357896564583576
10.0,40.0,260.0,0.0
10.0,40.0,270.0,0.052029211958449714
10.0,40.0,280.0,0.08581704118643584
10.0,40.0,290.0,0.028921581372375483
10.0,50.0,0.0,0.0002639923648190934
10.0,50.0,10.0,0.0
10.0,50.0,20.0,0.0
10.0,50.0,30.0,0.02987759673071236
10.0,50.0,40.0,0.051281200827574626
10.0,50.0,50.0,0.020212345484397647
10.0,50.0,60.0,0.05225041471725355
10.0,50.0,70.0,0.06410149977641638
10.0,50.0,80.0,0.0654961746498065
10.0,50.0,90.0,0.05103601225625862
10.0,50.0,100.0,0.03004643472061156
10.0,50.0,110.0,0.032032718102696964
10.0,50.0,120.0,0.016976542894347205
10.0,50.0,130.0,0.05890803901642407
10.0,50.0,140.0,0.07491024394786211
10.0,50.0,150.0,0.011984326655026023
10.0,50.0,160.0,0.07997812144854018
10.0,50.0,170.0,0.09584803362690367
10.0,50.0,180.0,0.09883329704815116
10.0,50.0,190.0,0.01755505448775428
10.0,50.0,200.0,0.046759093847312375
10.0,50.0,210.0,0.027811141992612965
10.0,50.0,220.0,0.026483738653439896
10.0,50.0,230.0,0.013314829100595955
10.0,50.0,240.0,0.0
10.0,50.0,250.0,0.0
10.0,50.0,260.0,0.18638871262847279
10.0,50.0,270.0,0.10340226309115186
10.0,50.0,280.0,0.05289742510660249
10.0,50.0,290.0,0.0
10.0,60.0,0.0,0.0
10.0,60.0,10.0,0.10793555120896868
10.0,60.0,20.0,0.05797518434187698
10.0,60.0,30.0,0.0
10.0,60.0,40.0,0.03409095701389307
10.0,60.0,50.0,0.0491647805117904
10.0,60.0,60.0,0.08973642992202628
10.0,60.0,70.0,0.03855942298165119
10.0,60.0,80.0,0.018972074339348756
10.0,60.0,90.0,0.0659688807827627
10.0,60.0,100.0,0.06195513252367191
10.0,60.0,110.0,0.012858439591996104
10.0,60.0,120.0,0.0
10.0,60.0,130.0,0.06333058505979924
10.0,60.0,140.0,0.061555487973904005
10.0,60.0,150.0,0.11300620334874413
10.0,60.0,160.0,0.034560464958346006
10.0,60.0,170.0,0.030920513292961367
10.0,60.0,180.0,0.05039836987118759
10.0,60.0,190.0,0.03285463095800466
10.0,60.0,200.0,0.06180735647390384
10.0,60.0,210.0,0.06802803963614767
10.0,60.0,220.0,0.0
10.0,60.0,230.0,0.03300633701889215
10.0,60.0,240.0,0.0
10.0,60.0,250.0,0.0
10.0,60.0,260.0,0.0036340366048834534
10.0,60.0,270.0,0.0
10.0,60.0,280.0,0.0
10.0,60.0,290.0,0.0
10.0,70.0,0.0,0.0
10.0,70.0,10.0,0.07003175478357837
10.0,70.0,20.0,0.0
10.0,70.0,30.0,0.049492302579715486
10.0,70.0,40.0,0.03574302465543236
10.0,70.0,50.0,0.0233529421660483
10.0,70.0,60.0,0.043039044876054075
10.0,70.0,70.0,0.0
10.0,70.0,80.0,0.07473492741177212
10.0,70.0,90.0,0.1440951499592799
10.0,70.0,100.0,0.027500879715343842
10.0,70.0,110.0,0.06128936744202115
10.0,70.0,120.0,0.09219119994086374
10.0,70.0,130.0,0.12782439406189144
10.0,70.0,140.0,0.13908011485352811
10.0,70.0,150.0,0.04422641176124642
10.0,70.0,160.0,0.05758229680549751
10.0,70.0,170.0,0.06070105970346655
10.0,70.0,180.0,0.19508236194453155
10.0,70.0,190.0,0.10826103056510317
10.0,70.0,200.0,0.11998826463927934
10.0,70.0,210.0,0.0
10.0,70.0,220.0,0.02616939356249883
10.0,70.0,230.0,0.08498112914645622
10.0,70.0,240.0,0.0
10.0,70.0,250.0,0.0
10.0,70.0,260.0,0.033790920945318034
10.0,70.0,270.0,0.0
10.0,70.0,280.0,0.0
10.0,70.0,290.0,0.08856382456532165
10.0,80.0,0.0,0.0
10.0,80.0,10.0,0.0
10.0,80.0,20.0,0.059082580689204266
10.0,80.0,30.0,0.0
10.0,80.0,40.0,0.05681314397916054
10.0,80.0,50.0,0.08076432748263582
10.0,80.0,60.0,0.0
10.0,80.0,70.0,0.004161410125958422
10.0,80.0,80.0,0.0
10.0,80.0,90.0,0.023946968646396033
10.0,80.0,100.0,0.13453304685455442
10.0,80.0,110.0,0.043384161706901035
10.0,80.0,120.0,0.058127156598601945
10.0,80.0,130.0,0.07524979829842644
10.0,80.0,140.0,0.15463976114947395
10.0,80.0,150.0,0.12716930611351734
10.0,80.0,160.0,0.12109682186311387
10.0,80.0,170.0,0.09373799903995056
10.0,80.0,180.0,0.01995842286139917
10.0,80.0,190.0,0.040335520120129406
10.0,80.0,200.0,0.06927089287920996
10.0,80.0,210.0,0.1412928519492073
10.0,80.0,220.0,0.04936113750507822
10.0,80.0,230.0,0.0
10.0,80.0,240.0,0.01924231876364623
10.0,80.0,250.0,0.007813652525892502
10.0,80.0,260.0,0.0
10.0,80.0,270.0,0.005056980863317419
10.0,80.0,280.0,0.09172174001351989
10.0,80.0,290.0,0.0
10.0,90.0,0.0,0.0
10.0,90.0,10.0,0.0
10.0,90.0,20.0,0.07823786236694141
10.0,90.0,30.0,0.0
10.0,90.0,40.0,0.008672271030224292
10.0,90.0,50.0,0.0
10.0,90.0,60.0,0.0779675143179233
10.0,90.0,70.0,0.055621157805386
10.0,90.0,80.0,0.0
10.0,90.0,90.0,0.031956504405265616
10.0,90.0,100.0,0.0
10.0,90.0,110.0,0.06303026677160517
10.0,90.0,120.0,0.08728973225622232
10.0,90.0,130.0,0.09823321786525789
10.0,90.0,140.0,0.21604585382371616
10.0,90.0,150.0,0.023392999401519107
10.0,90.0,160.0,0.06101658091621505
10.0,90.0,170.0,0.13298031385495068
10.0,90.0,180.0,0.09228738094880146
10.0,90.0,190.0,0.09229217628021541
10.0,90.0,200.0,0.0
10.0,90.0,210.0,0.01554830399984685
10.0,90.0,220.0,0.029853463628844765
10.0,90.0,230.0,0.06428790784411449
10.0,90.0,240.0,0.12151790030120788
10.0,90.0,250.0,0.0
10.0,90.0,260.0,0.0
10.0,90.0,270.0,0.0
10.0,90.0,280.0,0.07204870444368502
10.0,90.0,290.0,0.00976196694791291
10.0,100.0,0.0,0.0
10.0,100.0,10.0,0.0
10.0,100.0,20.0,0.0
10.0,100.0,30.0,0.0
10.0,100.0,40.0,0.0
10.0,100.0,50.0,0.0
10.0,100.0,60.0,0.0
10.0,100.0,70.0,0.05885078510360521
10.0,100.0,80.0,0.035552423882220664
10.0,100.0,90.0,0.06777937686051894
10.0,100.0,100.0,0.11028727455454376
10.0,100.0,110.0,0.06616498800239025
10.0,100.0,120.0,0.13194455442497915
10.0,100.0,130.0,0.13985661118665083
10.0,100.0,140.0,0.057990587154760145
10.0,100.0,150.0,0.05630065292094
10.0,100.0,160.0,0.19589432931503595
10.0,100.0,170.0,0.06300333348449873
10.0,100.0,180.0,0.11375875676637956
10.0,100.0,190.0,0.15055218096655662
10.0,100.0,200.0,0.007613415814131143
10.0,100.0,210.0,0.01932378808042207
10.0,100.0,220.0,0.0
10.0,100.0,230.0,0.003527907513760902
10.0,100.0,240.0,0.0
10.0,100.0,250.0,0.0
10.0,100.0,260.0,0.0
10.0,100.0,270.0,0.04620790714288365
10.0,100.0,280.0,0.002417556573805835
10.0,100.0,290.0,0.031043653819245332
10.0,110.0,0.0,0.05133819754339669
10.0,110.0,10.0,0.0734660202363018
10.0,110.0,20.0,0.06615506031078999
10.0,110.0,30.0,0.002003333226014829
10.0,110.0,40.0,0.13505728371064046
10.0,110.0,50.0,0.023723926073116863
10.0,110.0,60.0,0.03605425213141503
10.0,110.0,70.0,0.052745018352702615
10.0,110.0,80.0,0.14516729807770057
10.0,110.0,90.0,0.08136833846669717
10.0,110.0,100.0,0.019683749323543956
10.0,110.0,110.0,0.050780738734588514
10.0,110.0,120.0,0.15045120976243798
10.0,110.0,130.0,0.12129315100203841
10.0,110.0,140.0,0.12641589080553348
10.0,110.0,150.0,0.13967918605374105
10.0,110.0,160.0,0.1260761247128894
10.0,110.0,170.0,0.10993091208335794
10.0,110.0,180.0,0.11479334690087406
10.0,110.0,190.0,0.10708027730783384
10.0,110.0,200.0,0.038667721820350984
10.0,110.0,210.0,0.062494076664022104
10.0,110.0,220.0,0.0
10.0,110.0,230.0,0.0
10.0,110.0,240.0,0.02388966043694483
10.0,110.0,250.0,0.0
10.0,110.0,260.0,0.010310524047025727
10.0,110.0,270.0,0.021200981061776814
10.0,110.0,280.0,0.04288136305248728
10.0,110.0,290.0,0.0
10.0,120.0,0.0,0.04922699270040591
10.0,120.0,10.0,0.0
10.0,120.0,20.0,0.1011808765151354
10.0,120.0,30.0,0.0
10.0,120.0,40.0,0.0
10.0,120.0,50.0,0.0
10.0,120.0,60.0,0.07043924654109518
10.0,120.0,70.0,0.029471450247938347
10.0,120.0,80.0,0.0
10.0,120.0,90.0,0.05119708770791491
10.0,120.0,100.0,0.02312300834659886
10.0,120.0,110.0,0.09297832038481549
10.0,120.0,120.0,0.14600295017437098
10.0,120.0,130.0,0.20655950670484854
10.0,120.0,140.0,0.07601649775077997
10.0,120.0,150.0,0.08549176283246328
10.0,120.0,160.0,0.15047736818660193
10.0,120.0,170.0,0.16087890913541164
10.0,120.0,180.0,0.11081231975418625
10.0,120.0,190.0,0.13008573236032475
10.0,120.0,200.0,0.11038150812232583
10.0,120.0,210.0,0.06586360353581813
10.0,120.0,220.0,0.0
10.0,120.0,230.0,0.12084432127248504
10.0,120.0,240.0,0.0
10.0,120.0,250.0,0.045668815883405905
10.0,120.0,260.0,0.0
10.0,120.0,270.0,0.021263224356561618
10.0,120.0,280.0,0.0
10.0,120.0,290.0,0.0
10.0,130.0,0.0,0.04556692389546088
10.0,130.0,10.0,0.039156208342570054
10.0,130.0,20.0,0.0
10.0,130.0,30.0,0.0
10.0,130.0,40.0,0.0
10.0,130.0,50.0,0.09858872561654759
10.0,130.0,60.0,0.0
10.0,130.0,70.0,0.05421769608626362
10.0,130.0,80.0,0.08372481240860037
10.0,130.0,90.0,0.019757873942108962
10.0,130.0,100.0,0.1594742275408516
10.0,130.0,110.0,0.10675325972746966
10.0,130.0,120.0,0.10888689394205411
10.0,130.0,130.0,0.08448339289539736
10.0,130.0,140.0,0.1775522104797672
10.0,130.0,150.0,0.129284982134503
10.0,130.0,160.0,0.12123460394936271
10.0,130.0,170.0,0.1441057501723751
10.0,130.0,180.0,0.19537461925578947
10.0,130.0,190.0,0.0
10.0,130.0,200.0,0.18206547533663758
10.0,130.0,210.0,0.09317874724871288
10.0,130.0,220.0,0.0
10.0,130.0,230.0,0.06003294542267992
10.0,130.0,240.0,0.0
10.0,130.0,250.0,0.0
10.0,130.0,260.0,0.09965784448630559
10.0,130.0,270.0,0.05996088200571924
10.0,130.0,280.0,0.0041366088104191415
10.0,130.0,290.0,0.028208898402597403
10.0,140.0,0.0,0.05420762818651555
10.0,140.0,10.0,0.04064920155054025
10.0,140.0,20.0,0.0
10.0,140.0,30.0,0.0
10.0,140.0,40.0,0.0
10.0,140.0,50.0,0.019036781484923326
10.0,140.0,60.0,0.023865863682746784
10.0,140.0,70.0,0.08794678993610455
10.0,140.0,80.0,0.020746297765435497
10.0,140.0,90.0,0.10689562851129703
10.0,140.0,100.0,0.08831886545222355
10.0,140.0,110.0,0.20278453205548005
10.0,140.0,120.0,0.2095332086959384
10.0,140.0,130.0,0.2260674188116606
10.0,140.0,140.0,0.1413239257340855
10.0,140.0,150.0,0.16802714016796003
10.0,140.0,160.0,0.11648847041187034
10.0,140.0,170.0,0.10715807926962043
10.0,140.0,180.0,0.10068272340135015
10.0,140.0,190.0,0.02173780973389952
10.0,140.0,200.0,0.0701504601368738
10.0,140.0,210.0,0.0
10.0,140.0,220.0,0.08213961000817746
10.0,140.0,230.0,0.0
10.0,140.0,240.0,0.06172873159474877
10.0,140.0,250.0,0.0
10.0,140.0,260.0,0.0
10.0,140.0,270.0,0.0
10.0,140.0,280.0,0.0100771781712142
10.0,140.0,290.0,0.0
10.0,150.0,0.0,0.13981914268817783
10.0,150.0,10.0,0.0737600407423026
10.0,150.0,20.0,0.04354609676176823
10.0,150.0,30.0,0.0
10.0,150.0,40.0,0.0
10.0,150.0,50.0,0.02466486968536747
10.0,150.0,60.0,0.08248743443717912
10.0,150.0,70.0,0.0
10.0,150.0,80.0,0.0
10.0,150.0,90.0,0.0
10.0,150.0,100.0,0.02479609571135164
10.0,150.0,110.0,0.04942154216761823
10.0,150.0,120.0,0.09947471950888037
10.0,150.0,130.0,0.16867457310570166
10.0,150.0,140.0,0.23221644039442194
10.0,150.0,150.0,0.12061167233923431
10.0,150.0,160.0,0.16877551613633257
10.0,150.0,170.0,0.1698779099738831
10.0,150.0,180.0,0.07930180902583803
10.0,150.0,190.0,0.09781732402755726
10.0,150.0,200.0,0.01417660730013788
10.0,150.0,210.0,0.0
10.0,150.0,220.0,0.0
10.0,150.0,230.0,0.0
10.0,150.0,240.0,0.017903483179187205
10.0,150.0,250.0,0.0
10.0,150.0,260.0,0.09742932174942762
10.0,150.0,270.0,0.010835632654173751
10.0,150.0,280.0,0.03147839167797164
10.0,150.0,290.0,0.0
10.0,160.0,0.0,0.019382060339100855
10.0,160.0,10.0,0.04218499857304567
10.0,160.0,20.0,0.0919747101218969
10.0,160.0,30.0,0.006419623767427036
10.0,160.0,40.0,0.008908311751300082
10.0,160.0,50.0,0.032681723586550075
10.0,160.0,60.0,0.0
10.0,160.0,70.0,0.056520112548864715
10.0,160.0,80.0,0.06651592499027599
10.0,160.0,90.0,0.0
10.0,160.0,100.0,0.13075822751819335
10.0,160.0,110.0,0.11409615708178608
10.0,160.0,120.0,0.007303423081865046
10.0,160.0,130.0,0.15787339522276914
10.0,160.0,140.0,0.2124961153542351
10.0,160.0,150.0,0.14275321160980764
10.0,160.0,160.0,0.16027314507076929
10.0,160.0,170.0,0.1523272352557679
10.0,160.0,180.0,0.22548529772594872
10.0,160.0,190.0,0.031194460710686545
10.0,160.0,200.0,0.10556265898432651
10.0,160.0,210.0,0.015258954627384823
10.0,160.0,220.0,0.07444961103275406
10.0,160.0,230.0,0.0443991858797176
10.0,160.0,240.0,0.0323728591770743
10.0,160.0,250.0,0.0
10.0,160.0,260.0,0.0
10.0,160.0,270.0,0.0048966798182754285
10.0,160.0,280.0,0.0
10.0,160.0,290.0,0.0
10.0,170.0,0.0,0.0
10.0,170.0,10.0,0.0
10.0,170.0,20.0,0.02267854872882746
10.0,170.0,30.0,0.0
10.0,170.0,40.0,0.07665250779294817
10.0,170.0,50.0,0.0
10.0,170.0,60.0,0.0
10.0,170.0,70.0,0.10907353948549559
10.0,170.0,80.0,0.01224080353942051
10.0,170.0,90.0,0.012332824360182786
10.0,170.0,100.0,0.04714610489373675
10.0,170.0,110.0,0.1351108724687426
10.0,170.0,120.0,0.18329223925372728
10.0,170.0,130.0,0.15021060343240034
10.0,170.0,140.0,0.15773851579024095
10.0,170.0,150.0,0.10953238748740321
10.0,170.0,160.0,0.11388588033595348
10.0,170.0,170.0,0.20237318887382147
10.0,170.0,180.0,0.12468820948462539
10.0,170.0,190.0,0.09092594936690088
10.0,170.0,200.0,0.06125256825315483
10.0,170.0,210.0,0.016179172430973734
10.0,170.0,220.0,0.0
10.0,170.0,230.0,0.030159559838338415
10.0,170.0,240.0,0.05401768548221947
10.0,170.0,250.0,0.0
10.0,170.0,260.0,0.0
10.0,170.0,270.0,0.08484455049672408
10.0,170.0,280.0,0.018792249212033027
10.0,170.0,290.0,0.0
10.0,180.0,0.0,0.004916819540551885
10.0,180.0,10.0,0.005398055351586198
10.0,180.0,20.0,0.0
10.0,180.0,30.0,0.040544704121249504
10.0,180.0,40.0,0.018624354392552726
10.0,180.0,50.0,0.06385184956952324
10.0,180.0,60.0,0.008291449081439558
10.0,180.0,70.0,0.13146400013175638
10.0,180.0,80.0,0.0
10.0,180.0,90.0,0.06046411941187297
10.0,180.0,100.0,0.0377746226371644
10.0,180.0,110.0,0.0558936553493288
10.0,180.0,120.0,0.056421050859668045
10.0,180.0,130.0,0.1885927464520654
10.0,180.0,140.0,0.21302182397985958
10.0,180.0,150.0,0.22906790226047793
10.0,180.0,160.0,0.1521420559899483
10.0,180.0,170.0,0.09201475338293257
10.0,180.0,180.0,0.12022799450884689
10.0,180.0,190.0,0.1740732789971942
10.0,180.0,200.0,0.04255765029461076
10.0,180.0,210.0,0.028871619005191286
10.0,180.0,220.0,0.01750306998550646
10.0,180.0,230.0,0.022197902787740836
10.0,180.0,240.0,0.034362478066001866
10.0,180.0,250.0,0.07584562058593608
10.0,180.0,260.0,0.04061332609373791
10.0,180.0,270.0,0.08520511011944934
10.0,180.0,280.0,0.048507330652856284
10.0,180.0,290.0,0.0
10.0,190.0,0.0,0.0
10.0,190.0,10.0,0.0
10.0,190.0,20.0,0.0
10.0,190.0,30.0,0.008427983994038803
10.0,190.0,40.0,0.0
10.0,190.0,50.0,0.0
10.0,190.0,60.0,0.06605120162116883
10.0,190.0,70.0,0.06631996980733285
10.0,190.0,80.0,0.14540799749292427
10.0,190.0,90.0,0.03436149492844618
10.0,190.0,100.0,0.1145002274412753
10.0,190.0,110.0,0.1731902411157834
10.0,190.0,120.0,0.13342661602741518
10.0,190.0,130.0,0.12403675920873414
10.0,190.0,140.0,0.16653165950745638
10.0,190.0,150.0,0.1338052125720573
10.0,190.0,160.0,0.13111245430004817
10.0,190.0,170.0,0.11329838780164658
10.0,190.0,180.0,0.07874363162278412
10.0,190.0,190.0,0.07262761273682669
10.0,190.0,200.0,0.05841339878533224
10.0,190.0,210.0,0.0
10.0,190.0,220.0,0.0
10.0,190.0,230.0,0.0
10.0,190.0,240.0,0.0
10.0,190.0,250.0,0.04757860079974127
10.0,190.0,260.0,0.021042648774391694
10.0,190.0,270.0,0.0633579942642227
10.0,190.0,280.0,0.0
10.0,190.0,290.0,0.0
10.0,200.0,0.0,0.0
10.0,200.0,10.0,0.0
10.0,200.0,20.0,0.0
10.0,200.0,30.0,0.017718446522612636
10.0,200.0,40.0,0.0
10.0,200.0,50.0,0.018574029324411732
10.0,200.0,60.0,0.09340363128085898
10.0,200.0,70.0,0.0
10.0,200.0,80.0,0.0
10.0,200.0,90.0,0.0730640548429957
10.0,200.0,100.0,0.0
10.0,200.0,110.0,0.12771598657848882
10.0,200.0,120.0,0.2202621166956582
10.0,200.0,130.0,0.15179436063307913
10.0,200.0,140.0,0.19595636701871222
10.0,200.0,150.0,0.1530801678212314
10.0,200.0,160.0,0.15136946192054407
10.0,200.0,170.0,0.1072402988653488
10.0,200.0,180.0,0.025025551970058117
10.0,200.0,190.0,0.07375322509125559
10.0,200.0,200.0,0.0
10.0,200.0,210.0,0.0
10.0,200.0,220.0,0.014458671550449904
10.0,200.0,230.0,0.012846193929324989
10.0,200.0,240.0,0.0
10.0,200.0,250.0,0.012456936397214131
10.0,200.0,260.0,0.0
10.0,200.0,270.0,0.0
10.0,200.0,280.0,0.0
10.0,200.0,290.0,0.04091860904608988
10.0,210.0,0.0,0.04567089843699446
10.0,210.0,10.0,0.0
10.0,210.0,20.0,0.0
10.0,210.0,30.0,0.0
10.0,210.0,40.0,0.040566832300959435
10.0,210.0,50.0,0.0
10.0,210.0,60.0,0.0
10.0,210.0,70.0,0.0
10.0,210.0,80.0,0.0
10.0,210.0,90.0,0.07358256795466704
10.0,210.0,100.0,0.11939491640321562
10.0,210.0,110.0,0.09722662827178646
10.0,210.0,120.0,0.1181331912931038
10.0,210.0,130.0,0.1692577298824868
10.0,210.0,140.0,0.0926791274291373
10.0,210.0,150.0,0.13632358162463404
10.0,210.0,160.0,0.07702002894704303
10.0,210.0,170.0,0.05708632811587532
10.0,210.0,180.0,0.09161655357494757
10.0,210.0,190.0,0.08492484000877377
10.0,210.0,200.0,0.0
10.0,210.0,210.0,0.035046232183431635
10.0,210.0,220.0,0.10003870324576594
10.0,210.0,230.0,0.052100387847767354
10.0,210.0,240.0,0.0
10.0,210.0,250.0,0.005481225849697604
10.0,210.0,260.0,0.0
10.0,210.0,270.0,0.1831836335617975
10.0,210.0,280.0,0.0
10.0,210.0,290.0,0.030332634482996373
10.0,220.0,0.0,0.0
10.0,220.0,10.0,0.024917179669760408
10.0,220.0,20.0,0.0
10.0,220.0,30.0,0.0
10.0,220.0,40.0,0.06996627634818656
10.0,220.0,50.0,0.05991758623872437
10.0,220.0,60.0,0.05998531920527879
10.0,220.0,70.0,0.0
10.0,220.0,80.0,0.03767131034641808
10.0,220.0,90.0,0.0689621562677317
10.0,220.0,100.0,0.004464982758101262
10.0,220.0,110.0,0.023273052132816642
10.0,220.0,120.0,0.08009585739786712
10.0,220.0,130.0,0.11174650954424434
10.0,220.0,140.0,0.034574462786768526
10.0,220.0,150.0,0.1511765330648061
10.0,220.0,160.0,0.13886413281811577
10.0,220.0,170.0,0.08572752108029734
10.0,220.0,180.0,0.08579257188049963
10.0,220.0,190.0,0.11614813617428849
10.0,220.0,200.0,0.13633612374624762
10.0,220.0,210.0,0.05672851578241596
10.0,220.0,220.0,0.0
10.0,220.0,230.0,0.0
10.0,220.0,240.0,0.0
10.0,220.0,250.0,0.02477510447059197
10.0,220.0,260.0,0.005344595223591837
10.0,220.0,270.0,0.008371508232043256
10.0,220.0,280.0,0.0049800574847798824
10.0,220.0,290.0,0.0
10.0,230.0,0.0,0.08339169546693467
10.0,230.0,10.0,0.0018352443358479473
10.0,230.0,20.0,0.04621700357185786
10.0,230.0,30.0,0.0
10.0,230.0,40.0,0.0
10.0,230.0,50.0,0.0
10.0,230.0,60.0,0.0
10.0,230.0,70.0,0.017315578065165056
10.0,230.0,80.0,0.0
10.0,230.0,90.0,0.13251787381740351
10.0,230.0,100.0,0.011475235490564
10.0,230.0,110.0,0.0
10.0,230.0,120.0,0.05544995217508411
10.0,230.0,130.0,0.08196782756602616
10.0,230.0,140.0,0.09544619199309608
10.0,230.0,150.0,0.12881692709190534
10.0,230.0,160.0,0.11780448192858804
10.0,230.0,170.0,0.06026821066671171
10.0,230.0,180.0,0.002964412846885263
10.0,230.0,190.0,0.01248466408441954
10.0,230.0,200.0,0.07329931449836444
10.0,230.0,210.0,0.06390973013448356
10.0,230.0,220.0,0.00716457591970001
10.0,230.0,230.0,0.07719960237343512
10.0,230.0,240.0,0.0
10.0,230.0,250.0,0.025468305555193627
10.0,230.0,260.0,0.0
10.0,230.0,270.0,0.0
10.0,230.0,280.0,0.026249854862515735
10.0,230.0,290.0,0.0
10.0,240.0,0.0,0.0
10.0,240.0,10.0,0.034562808181039434
10.0,240.0,20.0,0.03652763501771604
10.0,240.0,30.0,0.0
10.0,240.0,40.0,0.05387642870414312
10.0,240.0,50.0,0.04685853006977049
10.0,240.0,60.0,0.07406744223562765
10.0,240.0,70.0,0.03403561390632447
10.0,240.0,80.0,0.06593522536951194
10.0,240.0,90.0,0.020776820160902012
10.0,240.0,100.0,0.05399843767188521
10.0,240.0,110.0,0.02917396008722586
10.0,240.0,120.0,0.0
10.0,240.0,130.0,0.08338655634539331
10.0,240.0,140.0,0.09356695178625646
10.0,240.0,150.0,0.05851329192140273
10.0,240.0,160.0,0.10700735776296474
10.0,240.0,170.0,0.05072529207684081
10.0,240.0,180.0,0.0025007954638480018
10.0,240.0,190.0,0.10703317198339485
10.0,240.0,200.0,0.07830842691959254
10.0,240.0,210.0,0.0
10.0,240.0,220.0,0.07066084553323694
10.0,240.0,230.0,0.033189065985568
10.0,240.0,240.0,0.002266611812645223
10.0,240.0,250.0,0.0
10.0,240.0,260.0,0.0
10.0,240.0,270.0,0.022123357963121898
10.0,240.0,280.0,0.005316146305553725
10.0,240.0,290.0,0.06363472778082102
10.0,250.0,0.0,0.0
10.0,250.0,10.0,0.0
10.0,250.0,20.0,0.06571602172149515
10.0,250.0,30.0,0.08357961323941876
10.0,250.0,40.0,0.0
10.0,250.0,50.0,0.03549824398140426
10.0,250.0,60.0,0.02341335313727826
10.0,250.0,70.0,0.018904108089128936
10.0,250.0,80.0,0.08271309079229568
10.0,250.0,90.0,0.06959834589802921
10.0,250.0,100.0,0.16385809983436198
10.0,250.0,110.0,0.053575295442889435
10.0,250.0,120.0,0.0
10.0,250.0,130.0,0.09163746536294887
10.0,250.0,140.0,0.14736611934206545
10.0,250.0,150.0,0.13631851628075042
10.0,250.0,160.0,0.054585553420057414
10.0,250.0,170.0,0.10189181621793132
10.0,250.0,180.0,0.04756796596291314
10.0,250.0,190.0,0.0462598177766282
10.0,250.0,200.0,0.03666568400347961
10.0,250.0,210.0,0.0
10.0,250.0,220.0,0.05764408016103537
10.0,250.0,230.0,0.0
10.0,250.0,240.0,0.0
10.0,250.0,250.0,0.0
10.0,250.0,260.0,0.08220379457372295
10.0,250.0,270.0,0.0
10.0,250.0,280.0,0.0
10.0,250.0,290.0,0.029350860664140433
10.0,260.0,0.0,0.06726656941661312
10.0,260.0,10.0,0.02794622522909952
10.0,260.0,20.0,0.058814003027673215
10.0,260.0,30.0,0.0
10.0,260.0,40.0,0.0
10.0,260.0,50.0,0.0
10.0,260.0,60.0,0.04888746873271757
10.0,260.0,70.0,0.0
10.0,260.0,80.0,0.08437073999426666
10.0,260.0,90.0,0.019789082811056836
10.0,260.0,100.0,0.0
10.0,260.0,110.0,0.04094108953424492
10.0,260.0,120.0,0.0
10.0,260.0,130.0,0.0
10.0,260.0,140.0,0.04965777471473396
10.0,260.0,150.0,0.01359932408482474
10.0,260.0,160.0,0.152048534679668
10.0,260.0,170.0,0.07598151534346431
10.0,260.0,180.0,0.0
10.0,260.0,190.0,0.019610772718051474
10.0,260.0,200.0,0.012091378363426874
10.0,260.0,210.0,0.027195619189723925
10.0,260.0,220.0,0.12776183596755433
10.0,260.0,230.0,0.0
10.0,260.0,240.0,0.0
10.0,260.0,250.0,0.020489913974000636
10.0,260.0,260.0,0.01669418637085647
10.0,260.0,270.0,0.0
10.0,260.0,280.0,0.060098648382622015
10.0,260.0,290.0,0.018501076409695543
10.0,270.0,0.0,0.0
10.0,270.0,10.0,0.0
10.0,270.0,20.0,0.042048203031200396
10.0,270.0,30.0,0.011606617123067837
10.0,270.0,40.0,0.0
10.0,270.0,50.0,0.03390786983720286
10.0,270.0,60.0,0.0
10.0,270.0,70.0,0.015823589474053115
10.0,270.0,80.0,0.041057022145509325
10.0,270.0,90.0,0.08926137993574373
10.0,270.0,100.0,0.0024883650452969808
10.0,270.0,110.0,0.04215463439422444
10.0,270.0,120.0,0.034210333534706434
10.0,270.0,130.0,0.049590423191034405
10.0,270.0,140.0,0.024962741348482552
10.0,270.0,150.0,0.056599438219143754
10.0,270.0,160.0,0.09429784594459684
10.0,270.0,170.0,0.0
10.0,270.0,180.0,0.08127797417746879
10.0,270.0,190.0,0.01663537963457163
10.0,270.0,200.0,0.017881003242034926
10.0,270.0,210.0,0.0
10.0,270.0,220.0,0.03681367252697933
10.0,270.0,230.0,0.04890624943614487
10.0,270.0,240.0,0.004928422799301359
10.0,270.0,250.0,0.03180693624528075
10.0,270.0,260.0,0.0
10.0,270.0,270.0,0.05471970799106658
10.0,270.0,280.0,0.0
10.0,270.0,290.0,0.009403766193828246
10.0,280.0,0.0,0.0
10.0,280.0,10.0,0.03772094694667015
10.0,280.0,20.0,0.021332496687549895
10.0,280.0,30.0,0.009301142954769784
10.0,280.0,40.0,0.0
10.0,280.0,50.0,0.0
10.0,280.0,60.0,0.029768942882875588
10.0,280.0,70.0,0.0
10.0,280.0,80.0,0.0
10.0,280.0,90.0,0.0
10.0,280.0,100.0,0.0
10.0,280.0,110.0,0.019241521085415124
10.0,280.0,120.0,0.0
10.0,280.0,130.0,0.04426236425794429
10.0,280.0,140.0,0.0
10.0,280.0,150.0,0.032730007622341774
10.0,280.0,160.0,0.0
10.0,280.0,170.0,0.13033191645191902
10.0,280.0,180.0,0.09110477186714791
10.0,280.0,190.0,0.0
10.0,280.0,200.0,0.01650673673051083
10.0,280.0,210.0,0.027377593598832163
10.0,280.0,220.0,0.03839123255149164
10.0,280.0,230.0,0.14045089729287458
10.0,280.0,240.0,0.030456538257321506
10.0,280.0,250.0,0.0
10.0,280.0,260.0,0.0
10.0,280.0,270.0,0.0
10.0,280.0,280.0,0.0
10.0,280.0,290.0,0.0
10.0,290.0,0.0,0.02428799241328661
10.0,290.0,10.0,0.0
10.0,290.0,20.0,0.0642265928440924
10.0,290.0,30.0,0.08157479438283238
10.0,290.0,40.0,0.025772934238679723
10.0,290.0,50.0,0.08101860217677265
10.0,290.0,60.0,0.0
10.0,290.0,70.0,0.028563541007755783
10.0,290.0,80.0,0.0
10.0,290.0,90.0,0.014276749451965411
10.0,290.0,100.0,0.09416936941154626
10.0,290.0,110.0,0.021267836937965343
10.0,290.0,120.0,0.0011795446804341511
10.0,290.0,130.0,0.08201174800207386
10.0,290.0,140.0,0.0
10.0,290.0,150.0,0.0
10.0,290.0,160.0,0.0202212060558232
10.0,290.0,170.0,0.0
10.0,290.0,180.0,0.0
10.0,290.0,190.0,0.0
10.0,290.0,200.0,0.05562597141210206
10.0,290.0,210.0,0.0
10.0,290.0,220.0,0.0
10.0,290.0,230.0,0.0
10.0,290.0,240.0,0.0
10.0,290.0,250.0,0.02976449998603353
10.0,290.0,260.0,0.0
10.0,290.0,270.0,0.03760715049863223
10.0,290.0,280.0,0.008571404746500956
10.0,290.0,290.0,0.0
20.0,0.0,0.0,0.006956366053842469
20.0,0.0,10.0,0.0
20.0,0.0,20.0,0.10575275268278643
20.0,0.0,30.0,0.0
20.0,0.0,40.0,0.025348753541005048
20.0,0.0,50.0,0.0
20.0,0.0,60.0,0.016592829341596785
20.0,0.0,70.0,0.035757469048101405
20.0,0.0,80.0,0.0
20.0,0.0,90.0,0.03165986411623972
20.0,0.0,100.0,0.038855643688941156
20.0,0.0,110.0,0.04781193904986665
20.0,0.0,120.0,0.009635545526056128
20.0,0.0,130.0,0.08760678497107414
20.0,0.0,140.0,0.04777583073921701
20.0,0.0,150.0,0.08694850754401973
20.0,0.0,160.0,0.0
20.0,0.0,170.0,0.0
20.0,0.0,180.0,0.02032337997722032
20.0,0.0,190.0,0.07880159072410611
20.0,0.0,200.0,0.026445397720406282
20.0,0.0,210.0,0.053558715275905715
20.0,0.0,220.0,0.0
20.0,0.0,230.0,0.05646936888601239
20.0,0.0,240.0,0.0
20.0,0.0,250.0,0.09115799277830326
20.0,0.0,260.0,0.0
20.0,0.0,270.0,0.0022489170680852735
20.0,0.0,280.0,0.0
20.0,0.0,290.0,0.03720216107814889
20.0,10.0,0.0,0.03196515723203347
20.0,10.0,10.0,0.0044803875165261575
20.0,10.0,20.0,0.052745775478429936
20.0,10.0,30.0,0.0
20.0,10.0,40.0,0.0
20.0,10.0,50.0,0.06574532434902551
20.0,10.0,60.0,0.0
20.0,10.0,70.0,0.008674034068177629
20.0,10.0,80.0,0.0
20.0,10.0,90.0,0.03266204043116683
20.0,10.0,100.0,0.08741562579834608
20.0,10.0,110.0,0.09703298173519075
20.0,10.0,120.0,0.05094498219578088
20.0,10.0,130.0,0.015366713463911101
20.0,10.0,140.0,0.022254623103387966
20.0,10.0,150.0,0.004127780783538149
20.0,10.0,160.0,0.04628842736021599
20.0,10.0,170.0,0.051195216149396844
20.0,10.0,180.0,0.02605193681696192
20.0,10.0,190.0,0.08261693955359735
20.0,10.0,200.0,0.0
20.0,10.0,210.0,0.007198796816610624
20.0,10.0,220.0,0.0
20.0,10.0,230.0,0.0
20.0,10.0,240.0,0.0
20.0,10.0,250.0,0.01101017831767858
20.0,10.0,260.0,0.11432343547264401
20.0,10.0,270.0,0.0
20.0,10.0,280.0,0.017439433012285777
20.0,10.0,290.0,0.0
20.0,20.0,0.0,0.0
20.0,20.0,10.0,0.017282765335252817
20.0,20.0,20.0,0.09450276679527919
20.0,20.0,30.0,0.021896619198276367
20.0,20.0,40.0,0.0
20.0,20.0,50.0,0.0653296460526802
20.0,20.0,60.0,0.0
20.0,20.0,70.0,0.03010715046201906
20.0,20.0,80.0,0.04874850999275851
20.0,20.0,90.0,0.04173095446075177
20.0,20.0,100.0,0.0
20.0,20.0,110.0,0.1588078917357775
20.0,20.0,120.0,0.03644830396356957
20.0,20.0,130.0,0.11350762494899974
20.0,20.0,140.0,0.07425958938729825
20.0,20.0,150.0,0.13189121416941624
20.0,20.0,160.0,0.1119944477173207
20.0,20.0,170.0,0.1416417652087947
20.0,20.0,180.0,0.10896743525205554
20.0,20.0,190.0,0.010313923365967814
20.0,20.0,200.0,0.0
20.0,20.0,210.0,0.02236958608689852
20.0,20.0,220.0,0.0
20.0,20.0,230.0,0.05307090325150926
20.0,20.0,240.0,0.0
20.0,20.0,250.0,0.0
20.0,20.0,260.0,0.007183539515558841
20.0,20.0,270.0,0.0
20.0,20.0,280.0,0.0
20.0,20.0,290.0,0.0
20.0,30.0,0.0,0.05919161184105143
20.0,30.0,10.0,0.02577772120166112
20.0,30.0,20.0,0.0
20.0,30.0,30.0,0.0
20.0,30.0,40.0,0.0
20.0,30.0,50.0,0.03612764740672383
20.0,30.0,60.0,0.0
20.0,30.0,70.0,0.011488940218640109
20.0,30.0,80.0,0.08818079078906801
20.0,30.0,90.0,0.01862540598438087
20.0,30.0,100.0,0.07229832831589086
20.0,30.0,110.0,0.03527626449599412
20.0,30.0,120.0,0.002835875240097069
20.0,30.0,130.0,0.05162806313170201
20.0,30.0,140.0,0.038959923762335175
20.0,30.0,150.0,0.009565564863433962
20.0,30.0,160.0,0.006258460495362925
20.0,30.0,170.0,0.09114370908038548
20.0,30.0,180.0,0.11781709432374166
20.0,30.0,190.0,0.06585824670472148
20.0,30.0,200.0,0.09894283396927547
20.0,30.0,210.0,0.020986054584346547
20.0,30.0,220.0,0.08072074479553136
20.0,30.0,230.0,0.01983525685112949
20.0,30.0,240.0,0.0029622922817682425
20.0,30.0,250.0,0.0
20.0,30.0,260.0,0.0
20.0,30.0,270.0,0.02467108211004399
20.0,30.0,280.0,0.0
20.0,30.0,290.0,0.06376563369291414
20.0,40.0,0.0,0.015495467158084869
20.0,40.0,10.0,0.006444880110041688
20.0,40.0,20.0,0.0
20.0,40.0,30.0,0.025620656999684382
20.0,40.0,40.0,0.04808674334546259
20.0,40.0,50.0,0.08794930494544824
20.0,40.0,60.0,0.010954014328803932
20.0,40.0,70.0,0.08086673450529783
20.0,40.0,80.0,0.0524722236430738
20.0,40.0,90.0,0.07095893695328472
20.0,40.0,100.0,0.0976428714769047
20.0,40.0,110.0,0.018668251406488652
20.0,40.0,120.0,0.08136972640224796
20.0,40.0,130.0,0.1085653715959845
20.0,40.0,140.0,0.1443353756722323
20.0,40.0,150.0,0.21539202430899018
20.0,40.0,160.0,0.08006854308418412
20.0,40.0,170.0,0.18055880157759827
20.0,40.0,180.0,0.11760735554381788
20.0,40.0,190.0,0.09724105492067249
20.0,40.0,200.0,0.03994674631260649
20.0,40.0,210.0,0.0
20.0,40.0,220.0,0.0
20.0,40.0,230.0,0.0
20.0,40.0,240.0,0.0
20.0,40.0,250.0,0.036471627858749835
20.0,40.0,260.0,0.0
20.0,40.0,270.0,0.016413762762453158
20.0,40.0,280.0,0.0
20.0,40.0,290.0,0.03443589354868327
20.0,50.0,0.0,0.0
20.0,50.0,10.0,0.015020914491939966
20.0,50.0,20.0,0.0
20.0,50.0,30.0,0.0261719476286516
20.0,50.0,40.0,0.07896580593245242
20.0,50.0,50.0,0.003848776198478433
20.0,50.0,60.0,0.0
20.0,50.0,70.0,0.0
20.0,50.0,80.0,0.0
20.0,50.0,90.0,0.023519707603394873
20.0,50.0,100.0,0.04737128976553675
20.0,50.0,110.0,0.0
20.0,50.0,120.0,0.08337923816477717
20.0,50.0,130.0,0.10926552735638358
20.0,50.0,140.0,0.07473008071903933
20.0,50.0,150.0,0.18135974028049218
20.0,50.0,160.0,0.07855926265189771
20.0,50.0,170.0,0.1275768753365352
20.0,50.0,180.0,0.027944793519814534
20.0,50.0,190.0,0.15358148267059735
20.0,50.0,200.0,0.07102347993961326
20.0,50.0,210.0,0.0485819203373226
20.0,50.0,220.0,0.045416317199644445
20.0,50.0,230.0,0.05594764729968819
20.0,50.0,240.0,0.05415637778804208
20.0,50.0,250.0,0.07200237955240127
20.0,50.0,260.0,0.06548569893579576
20.0,50.0,270.0,0.0
20.0,50.0,280.0,0.08449065165742337
20.0,50.0,290.0,0.034387653248733024
20.0,60.0,0.0,0.004503710512365883
20.0,60.0,10.0,0.0
20.0,60.0,20.0,0.0
20.0,60.0,30.0,0.0
20.0,60.0,40.0,0.025689207548882063
20.0,60.0,50.0,0.05159528226638762
20.0,60.0,60.0,0.10545801898863691
20.0,60.0,70.0,0.12496077955206848
20.0,60.0,80.0,0.11375243079432601
20.0,60.0,90.0,0.07815384829407479
20.0,60.0,100.0,0.09511677078797061
20.0,60.0,110.0,0.050696022669989745
20.0,60.0,120.0,0.16660568310073212
20.0,60.0,130.0,0.12878772626544138
20.0,60.0,140.0,0.12289928656544784
20.0,60.0,150.0,0.07738669843499346
20.0,60.0,160.0,0.12308786408543404
20.0,60.0,170.0,0.02403174972091071
20.0,60.0,180.0,0.22257164191748652
20.0,60.0,190.0,0.10931132800820405
20.0,60.0,200.0,0.10581802868477008
20.0,60.0,210.0,0.024487793456207857
20.0,60.0,220.0,0.0
20.0,60.0,230.0,0.015274725138728684
20.0,60.0,240.0,0.050761618888263325
20.0,60.0,250.0,0.004620467235308119
20.0,60.0,260.0,0.059372889622586994
20.0,60.0,270.0,0.0
20.0,60.0,280.0,0.030638375289915497
20.0,60.0,290.0,0.0
20.0,70.0,0.0,0.03519825234080462
20.0,70.0,10.0,0.012204384129205203
20.0,70.0,20.0,0.0
20.0,70.0,30.0,0.06093999440748702
20.0,70.0,40.0,0.0
20.0,70.0,50.0,0.10771396921485547
20.0,70.0,60.0,0.0
20.0,70.0,70.0,0.05045536208341111
20.0,70.0,80.0,0.0015560510760269167
20.0,70.0,90.0,0.10476189561402763
20.0,70.0,100.0,0.10108773832032376
20.0,70.0,110.0,0.12040421775836165
20.0,70.0,120.0,0.14144265935430236
20.0,70.0,130.0,0.10162139731765381
20.0,70.0,140.0,0.11591630578725179
20.0,70.0,150.0,0.07424894074101909
20.0,70.0,160.0,0.1714067757206265
20.0,70.0,170.0,0.10896528278638293
20.0,70.0,180.0,0.15480791315780826
20.0,70.0,190.0,0.09006473953368163
20.0,70.0,200.0,0.04128551953475415
20.0,70.0,210.0,0.08665011523512074
20.0,70.0,220.0,0.03446260619696406
20.0,70.0,230.0,0.0
20.0,70.0,240.0,0.06284545983282463
20.0,70.0,250.0,0.009556891787590102
20.0,70.0,260.0,0.0
20.0,70.0,270.0,0.021649821626118178
20.0,70.0,280.0,0.03359076366779735
20.0,70.0,290.0,0.0
20.0,80.0,0.0,0.0
20.0,80.0,10.0,0.026209633730568817
20.0,80.0,20.0,0.010826436933708636
20.0,80.0,30.0,0.0348994061407687
20.0,80.0,40.0,0.0
20.0,80.0,50.0,0.03588648827106307
20.0,80.0,60.0,0.0529952604271416
20.0,80.0,70.0,0.005240765816694824
20.0,80.0,80.0,0.09507437615970353
20.0,80.0,90.0,0.050695708229736576
20.0,80.0,100.0,0.08510725026663073
20.0,80.0,110.0,0.10502059438284503
20.0,80.0,120.0,0.09521737373687725
20.0,80.0,130.0,0.11822947103435144
20.0,80.0,140.0,0.13993373567617542
20.0,80.0,150.0,0.2507837501813953
20.0,80.0,160.0,0.13656094301251265
20.0,80.0,170.0,0.11405569619044356
20.0,80.0,180.0,0.19382984244135093
20.0,80.0,190.0,0.1439661635862548
20.0,80.0,200.0,0.1614434203762284
20.0,80.0,210.0,0.03474491427275548
20.0,80.0,220.0,0.04940741284792508
20.0,80.0,230.0,0.0
20.0,80.0,240.0,0.0
20.0,80.0,250.0,0.0
20.0,80.0,260.0,0.011962903685462788
20.0,80.0,270.0,0.02943190258310141
20.0,80.0,280.0,0.029407060977147306
20.0,80.0,290.0,0.08780626551173205
20.0,90.0,0.0,0.0
20.0,90.0,10.0,0.057119375984544994
20.0,90.0,20.0,0.0
20.0,90.0,30.0,0.0
20.0,90.0,40.0,0.0
20.0,90.0,50.0,0.0
20.0,90.0,60.0,0.005687475716588796
20.0,90.0,70.0,0.06456925404629517
20.0,90.0,80.0,0.0
20.0,90.0,90.0,0.0805614261455439
20.0,90.0,100.0,0.05190786716252381
20.0,90.0,110.0,0.13327199427842124
20.0,90.0,120.0,0.11497079205638401
20.0,90.0,130.0,0.1467567469994167
20.0,90.0,140.0,0.1618359335885446
20.0,90.0,150.0,0.16917294692728305
20.0,90.0,160.0,0.1057198955933989
20.0,90.0,170.0,0.13421680229532731
20.0,90.0,180.0,0.1890894677860212
20.0,90.0,190.0,0.08783635798558158
20.0,90.0,200.0,0.0
20.0,90.0,210.0,0.025314907619200615
20.0,90.0,220.0,0.0862697446297631
20.0,90.0,230.0,0.029333086500045537
20.0,90.0,240.0,0.004323885856248872
20.0,90.0,250.0,0.0
20.0,90.0,260.0,0.02869149906573542
20.0,90.0,270.0,0.0
20.0,90.0,280.0,0.0
20.0,90.0,290.0,0.05330534969807694
20.0,100.0,0.0,0.053623310417178924
20.0,100.0,10.0,0.06950563009349658
20.0,100.0,20.0,0.005219228600101185
20.0,100.0,30.0,0.015911220241914385
20.0,100.0,40.0,0.0
20.0,100.0,50.0,0.011817645048141187
20.0,100.0,60.0,0.0050170283768778065
20.0,100.0,70.0,0.01745340888212784
20.0,100.0,80.0,0.0223102758572988
20.0,100.0,90.0,0.045484491975632396
20.0,100.0,100.0,0.11199632937512893
20.0,100.0,110.0,0.08263049076969486
20.0,100.0,120.0,0.18109521272818752
20.0,100.0,130.0,0.2150411412784845
20.0,100.0,140.0,0.2076064112980933
20.0,100.0,150.0,0.27103326795062255
20.0,100.0,160.0,0.20476137191055804
20.0,100.0,170.0,0.12958505991006247
20.0,100.0,180.0,0.16832534030365293
20.0,100.0,190.0,0.08126663293775976
20.0,100.0,200.0,0.10909333454832004
20.0,100.0,210.0,0.025709203717883884
20.0,100.0,220.0,0.08333598539517834
20.0,100.0,230.0,0.04152330905326143
20.0,100.0,240.0,0.05440578988449711
20.0,100.0,250.0,0.09648480477788875
20.0,100.0,260.0,0.0
20.0,100.0,270.0,0.0
20.0,100.0,280.0,0.0
20.0,100.0,290.0,0.010662531896279737
20.0,110.0,0.0,0.0
20.0,110.0,10.0,0.09295225175465358
20.0,110.0,20.0,0.014588125906299826
20.0,110.0,30.0,0.0
20.0,110.0,40.0,0.03287968810058891
20.0,110.0,50.0,0.05352079545958463
20.0,110.0,60.0,0.07192424980025386
20.0,110.0,70.0,0.0
20.0,110.0,80.0,0.07588588642834153
20.0,110.0,90.0,0.11364555040545293
20.0,110.0,100.0,0.0690787458224386
20.0,110.0,110.0,0.19386562607196314
20.0,110.0,120.0,0.1669488146321389
20.0,110.0,130.0,0.11728951519472394
20.0,110.0,140.0,0.23333287634223146
20.0,110.0,150.0,0.27569745319208355
20.0,110.0,160.0,0.12949194598742853
20.0,110.0,170.0,0.11362594880709423
20.0,110.0,180.0,0.18385812228670181
20.0,110.0,190.0,0.11665550011830861
20.0,110.0,200.0,0.14160597726311758
20.0,110.0,210.0,0.13900355378868445
20.0,110.0,220.0,0.06470036620894873
20.0,110.0,230.0,0.08870684317543959
20.0,110.0,240.0,0.0
20.0,110.0,250.0,0.005010314979270214
20.0,110.0,260.0,0.0
20.0,110.0,270.0,0.0
20.0,110.0,280.0,0.012432309702391767
20.0,110.0,290.0,0.04986060245766619
20.0,120.0,0.0,0.0
20.0,120.0,10.0,0.10339173850500193
20.0,120.0,20.0,0.022543575095659137
20.0,120.0,30.0,0.0
20.0,120.0,40.0,0.055870501094615395
20.0,120.0,50.0,0.018201095517582273
20.0,120.0,60.0,0.07176062166071628
20.0,120.0,70.0,0.08247398655137775
20.0,120.0,80.0,0.0346393527906087
20.0,120.0,90.0,0.054917136140036266
20.0,120.0,100.0,0.09570889233406234
20.0,120.0,110.0,0.09251128518810339
20.0,120.0,120.0,0.26811013837569936
20.0,120.0,130.0,0.2666834089088066
20.0,120.0,140.0,0.17916983970915093
20.0,120.0,150.0,0.18806568240534333
20.0,120.0,160.0,0.2049841555907357
20.0,120.0,170.0,0.24373642871105244
20.0,120.0,180.0,0.19132662040325335
20.0,120.0,190.0,0.1310044617963761
20.0,120.0,200.0,0.12592882569267821
20.0,120.0,210.0,0.05175409327770097
20.0,120.0,220.0,0.051711399148470914
20.0,120.0,230.0,0.08584372566623086
20.0,120.0,240.0,0.0
20.0,120.0,250.0,0.0010897765250062518
20.0,120.0,260.0,0.0
20.0,120.0,270.0,0.0
20.0,120.0,280.0,0.0
20.0,120.0,290.0,0.0
20.0,130.0,0.0,0.012016913531328426
20.0,130.0,10.0,0.0
20.0,130.0,20.0,0.05688769751058214
20.0,130.0,30.0,0.0058999260124278224
20.0,130.0,40.0,0.0
20.0,130.0,50.0,0.008975959883698897
20.0,130.0,60.0,0.01719232854416312
20.0,130.0,70.0,0.011430706794826183
20.0,130.0,80.0,0.07183996993532113
20.0,130.0,90.0,0.10885640769400587
20.0,130.0,100.0,0.11342085557585048
20.0,130.0,110.0,0.14672346052090018
20.0,130.0,120.0,0.22401403475127324
20.0,130.0,130.0,0.1623229157206905
20.0,130.0,140.0,0.25020403095075056
20.0,130.0,150.0,0.15308186173262778
20.0,130.0,160.0,0.2266920757944535
20.0,130.0,170.0,0.26370587662046663
20.0,130.0,180.0,0.10819677100719799
20.0,130.0,190.0,0.16322911244553615
20.0,130.0,200.0,0.021376335880843728
20.0,130.0,210.0,0.05679606648640412
20.0,130.0,220.0,0.021999028220141558
20.0,130.0,230.0,0.0
20.0,130.0,240.0,0.0
20.0,130.0,250.0,0.0
20.0,130.0,260.0,0.095666567554512
20.0,130.0,270.0,0.0
20.0,130.0,280.0,0.016804838626698532
20.0,130.0,290.0,0.023158247701297895
20.0,140.0,0.0,0.023105539890304314
20.0,140.0,10.0,0.022008527126369214
20.0,140.0,20.0,0.05828708527539077
20.0,140.0,30.0,0.0
20.0,140.0,40.0,0.0
20.0,140.0,50.0,0.10142711776220054
20.0,140.0,60.0,0.0
20.0,140.0,70.0,0.0
20.0,140.0,80.0,0.09550069150245868
20.0,140.0,90.0,0.06130406002694807
20.0,140.0,100.0,0.10069524228392737
20.0,140.0,110.0,0.1353651521255535
20.0,140.0,120.0,0.1739601922452054
20.0,140.0,130.0,0.21705277812380688
20.0,140.0,140.0,0.21778855795856564
20.0,140.0,150.0,0.26872146807397174
20.0,140.0,160.0,0.2578230448155049
20.0,140.0,170.0,0.14405370108286705
20.0,140.0,180.0,0.23785979480162744
20.0,140.0,190.0,0.08194101574312375
20.0,140.0,200.0,0.09199965489687568
20.0,140.0,210.0,0.08699072147127779
20.0,140.0,220.0,0.03093296484593121
20.0,140.0,230.0,0.1037462187878938
20.0,140.0,240.0,0.016133254877709127
20.0,140.0,250.0,0.03040872690754014
20.0,140.0,260.0,0.0
20.0,140.0,270.0,0.0
20.0,140.0,280.0,0.0
20.0,140.0,290.0,0.011983150917723904
20.0,150.0,0.0,0.038218855294418284
20.0,150.0,10.0,0.0
20.0,150.0,20.0,0.0
20.0,150.0,30.0,0.0
20.0,150.0,40.0,0.09682365213122346
20.0,150.0,50.0,0.004579480327175811
20.0,150.0,60.0,0.008205535865343602
20.0,150.0,70.0,0.029574491508822333
20.0,150.0,80.0,0.0
20.0,150.0,90.0,0.1334199706988366
20.0,150.0,100.0,0.09558941789050655
20.0,150.0,110.0,0.16407013268168807
20.0,150.0,120.0,0.1344927198288014
20.0,150.0,130.0,0.19926386312683936
20.0,150.0,140.0,0.30887284076170635
20.0,150.0,150.0,0.18756546796078463
20.0,150.0,160.0,0.20645620312452587
20.0,150.0,170.0,0.2148191523049538
20.0,150.0,180.0,0.1271939728282693
20.0,150.0,190.0,0.14134424086352557
20.0,150.0,200.0,0.06132651714088504
20.0,150.0,210.0,0.11955279967672197
20.0,150.0,220.0,0.05753443045477613
20.0,150.0,230.0,0.12495921655624878
20.0,150.0,240.0,0.0
20.0,150.0,250.0,0.039171585391052595
20.0,150.0,260.0,0.0007680734682041258
20.0,150.0,270.0,0.0
20.0,150.0,280.0,0.002179916302606808
20.0,150.0,290.0,0.0
20.0,160.0,0.0,0.0
20.0,160.0,10.0,0.0
20.0,160.0,20.0,0.0
20.0,160.0,30.0,0.0
20.0,160.0,40.0,0.018757113671793224
20.0,160.0,50.0,0.0
20.0,160.0,60.0,0.0
20.0,160.0,70.0,0.0673484261022993
20.0,160.0,80.0,0.045792553528412626
20.0,160.0,90.0,0.03076311211054776
20.0,160.0,100.0,0.11476932595899124
20.0,160.0,110.0,0.1296746097394111
20.0,160.0,120.0,0.23803509134246753
20.0,160.0,130.0,0.2616033441584945
20.0,160.0,140.0,0.26204565233934934
20.0,160.0,150.0,0.20785887041045778
20.0,160.0,160.0,0.291181637415984
20.0,160.0,170.0,0.2524411567650254
20.0,160.0,180.0,0.11798270667908073
20.0,160.0,190.0,0.09376113616603744
20.0,160.0,200.0,0.0829104791365243
20.0,160.0,210.0,0.04184965752801588
20.0,160.0,220.0,0.0
20.0,160.0,230.0,0.0
20.0,160.0,240.0,0.0
20.0,160.0,250.0,0.04726411041032964
20.0,160.0,260.0,0.03602994311205432
20.0,160.0,270.0,0.05863406156428237
20.0,160.0,280.0,0.0
20.0,160.0,290.0,0.0
20.0,170.0,0.0,0.0
20.0,170.0,10.0,0.027578227237726297
20.0,170.0,20.0,0.019516826333265472
20.0,170.0,30.0,0.0
20.0,170.0,40.0,0.10003838768011263
20.0,170.0,50.0,0.014691250093261592
20.0,170.0,60.0,0.033093643846838175
20.0,170.0,70.0,0.10023174866841301
20.0,170.0,80.0,0.06589218268510513
20.0,170.0,90.0,0.07150212402720618
20.0,170.0,100.0,0.0239074152819182
20.0,170.0,110.0,0.12233274329493436
20.0,170.0,120.0,0.15087235251806974
20.0,170.0,130.0,0.14743929247871657
20.0,170.0,140.0,0.15161862139732307
20.0,170.0,150.0,0.21183120965492908
20.0,170.0,160.0,0.21912377323490473
20.0,170.0,170.0,0.17888551622213014
20.0,170.0,180.0,0.22348661416560714
20.0,170.0,190.0,0.1152027457521361
20.0,170.0,200.0,0.05276005202395736
20.0,170.0,210.0,0.0
20.0,170.0,220.0,0.05326811220671887
20.0,170.0,230.0,0.03330135340437806
20.0,170.0,240.0,0.0029605442835077406
20.0,170.0,250.0,0.03727467144995393
20.0,170.0,260.0,0.050772317147635054
20.0,170.0,270.0,0.0
20.0,170.0,280.0,0.052250820971773866
20.0,170.0,290.0,0.0
20.0,180.0,0.0,0.00989452817544692
20.0,180.0,10.0,0.033202682597206816
20.0,180.0,20.0,0.03488189603370693
20.0,180.0,30.0,0.0
20.0,180.0,40.0,0.06752230538648263
20.0,180.0,50.0,0.0
20.0,180.0,60.0,0.055289760257926104
20.0,180.0,70.0,0.0892576569552277
20.0,180.0,80.0,0.04974061466047525
20.0,180.0,90.0,0.1315179191771649
20.0,180.0,100.0,0.051133046575811136
20.0,180.0,110.0,0.18228883169477153
20.0,180.0,120.0,0.19685452852756863
20.0,180.0,130.0,0.24118174440772205
20.0,180.0,140.0,0.18527888290639916
20.0,180.0,150.0,0.21139885854507792
20.0,180.0,160.0,0.1315482031683175
20.0,180.0,170.0,0.13259652773339234
20.0,180.0,180.0,0.2692231889848417
20.0,180.0,190.0,0.1134692813341178
20.0,180.0,200.0,0.1264276040689799
20.0,180.0,210.0,0.0
20.0,180.0,220.0,0.0
20.0,180.0,230.0,0.024696624198437864
20.0,180.0,240.0,0.007567360905807636
20.0,180.0,250.0,0.0
20.0,180.0,260.0,0.0008003621924908967
20.0,180.0,270.0,0.07198931292619183
20.0,180.0,280.0,0.004588698091560375
20.0,180.0,290.0,0.0
20.0,190.0,0.0,0.0
20.0,190.0,10.0,0.0
20.0,190.0,20.0,0.052001761955297265
20.0,190.0,30.0,0.05937227845717065
20.0,190.0,40.0,0.04151338051921949
20.0,190.0,50.0,0.01170227305441404
20.0,190.0,60.0,0.027551627870108838
20.0,190.0,70.0,0.057019726811769034
20.0,190.0,80.0,0.13874212771543434
20.0,190.0,90.0,0.10142187896790743
20.0,190.0,100.0,0.025191612933913157
20.0,190.0,110.0,0.05146860793529129
20.0,190.0,120.0,0.11019633950714804
20.0,190.0,130.0,0.21179412432397776
20.0,190.0,140.0,0.23515659496429606
20.0,190.0,150.0,0.20192681463411757
20.0,190.0,160.0,0.1845642911659793
20.0,190.0,170.0,0.1280196471211228
20.0,190.0,180.0,0.1206108168695273
20.0,190.0,190.0,0.08188900517219198
20.0,190.0,200.0,0.016339740519593346
20.0,190.0,210.0,0.0
20.0,190.0,220.0,0.0
20.0,190.0,230.0,0.0
20.0,190.0,240.0,0.0
20.0,190.0,250.0,0.009851127528607725
20.0,190.0,260.0,0.03119527911289573
20.0,190.0,270.0,0.0
20.0,190.0,280.0,0.0
20.0,190.0,290.0,0.03799760508374807
20.0,200.0,0.0,0.0
20.0,200.0,10.0,0.0069249675146863775
20.0,200.0,20.0,0.012836060066310606
20.0,200.0,30.0,0.009357717162752991
20.0,200.0,40.0,0.0
20.0,200.0,50.0,0.0
20.0,200.0,60.0,0.13564435959177717
20.0,200.0,70.0,0.06858905330158577
20.0,200.0,80.0,0.12530173363005864
20.0,200.0,90.0,0.025244529509592273
20.0,200.0,100.0,0.013763422223288538
20.0,200.0,110.0,0.07153225185040213
20.0,200.0,120.0,0.20991498065335748
20.0,200.0,130.0,0.25991100415008
20.0,200.0,140.0,0.16506607498522735
20.0,200.0,150.0,0.2659629514315386
20.0,200.0,160.0,0.09417180113616261
20.0,200.0,170.0,0.05950729795185347
20.0,200.0,180.0,0.011548506914648662
20.0,200.0,190.0,0.08514351320625252
20.0,200.0,200.0,0.04341015772475662
20.0,200.0,210.0,0.10637688236515028
20.0,200.0,220.0,0.0
20.0,200.0,230.0,0.0
20.0,200.0,240.0,0.0
20.0,200.0,250.0,0.0
20.0,200.0,260.0,0.0
20.0,200.0,270.0,0.04187142320590452
20.0,200.0,280.0,0.011767532824677164
20.0,200.0,290.0,0.034379889597603706
20.0,210.0,0.0,0.0
20.0,210.0,10.0,0.0
20.0,210.0,20.0,0.0
20.0,210.0,30.0,0.07564094945140601
20.0,210.0,40.0,0.0317398152308049
20.0,210.0,50.0,0.05272472081000679
20.0,210.0,60.0,0.0
20.0,210.0,70.0,0.0864907384583164
20.0,210.0,80.0,0.008030264126931648
20.0,210.0,90.0,0.043553853201300646
20.0,210.0,100.0,0.07249696698207732
20.0,210.0,110.0,0.12238081523240446
20.0,210.0,120.0,0.15903583387025766
20.0,210.0,130.0,0.2598513243789843
20.0,210.0,140.0,0.09715789125900202
20.0,210.0,150.0,0.05878606197883493
20.0,210.0,160.0,0.10820498866349375
20.0,210.0,170.0,0.18866682300616533
20.0,210.0,180.0,0.091052955017088
20.0,210.0,190.0,0.10682675870285938
20.0,210.0,200.0,0.032633174105001564
20.0,210.0,210.0,0.05475154305319995
20.0,210.0,220.0,0.049327739818602966
20.0,210.0,230.0,0.053374621687935
20.0,210.0,240.0,0.02922059207538075
20.0,210.0,250.0,0.0
20.0,210.0,260.0,0.05448310373749311
20.0,210.0,270.0,0.0
20.0,210.0,280.0,0.0
20.0,210.0,290.0,0.0966047706021438
20.0,220.0,0.0,0.049481020846416784
20.0,220.0,10.0,0.0
20.0,220.0,20.0,0.0
20.0,220.0,30.0,0.0
20.0,220.0,40.0,0.01599144017886482
20.0,220.0,50.0,0.0
20.0,220.0,60.0,0.0
20.0,220.0,70.0,0.019503449972757346
20.0,220.0,80.0,0.05033976297943472
20.0,220.0,90.0,0.019815225070019198
20.0,220.0,100.0,0.16943308880376284
20.0,220.0,110.0,0.09301165952720486
20.0,220.0,120.0,0.14120324417008948
20.0,220.0,130.0,0.2824954264870664
20.0,220.0,140.0,0.20512679068816786
20.0,220.0,150.0,0.14594253193394238
20.0,220.0,160.0,0.12895556576418454
20.0,220.0,170.0,0.11612368782895308
20.0,220.0,180.0,0.13196562166173137
20.0,220.0,190.0,0.06886849971923456
20.0,220.0,200.0,0.03905375476416556
20.0,220.0,210.0,0.03816378101208807
20.0,220.0,220.0,0.11760407014551463
20.0,220.0,230.0,0.029804936709177512
20.0,220.0,240.0,0.001143459704044756
20.0,220.0,250.0,0.05924990362473316
20.0,220.0,260.0,0.10707958564005962
20.0,220.0,270.0,0.004142995129741336
20.0,220.0,280.0,0.0
20.0,220.0,290.0,0.047793508127129285
20.0,230.0,0.0,0.0
20.0,230.0,10.0,0.022078313884829438
20.0,230.0,20.0,0.0
20.0,230.0,30.0,0.020754544515349322
20.0,230.0,40.0,0.12359482158657828
20.0,230.0,50.0,0.05167688419260922
20.0,230.0,60.0,0.019450855960060007
20.0,230.0,70.0,0.014786301180490404
20.0,230.0,80.0,0.13736016577053864
20.0,230.0,90.0,0.030351404961023138
20.0,230.0,100.0,0.11347030729938433
20.0,230.0,110.0,0.08538088075505476
20.0,230.0,120.0,0.08299777835972648
20.0,230.0,130.0,0.08414137337548486
20.0,230.0,140.0,0.04577932354061466
20.0,230.0,150.0,0.14432124263223992
20.0,230.0,160.0,0.13223409686755158
20.0,230.0,170.0,0.05172421693031316
20.0,230.0,180.0,0.06937683500857805
20.0,230.0,190.0,0.08360093961994555
20.0,230.0,200.0,0.09659037474418757
20.0,230.0,210.0,0.06197090045551366
20.0,230.0,220.0,0.008890440796537603
20.0,230.0,230.0,0.0
20.0,230.0,240.0,0.04896738879673828
20.0,230.0,250.0,0.06502714922766721
20.0,230.0,260.0,0.01692558826450454
20.0,230.0,270.0,0.0
20.0,230.0,280.0,0.0
20.0,230.0,290.0,0.06903879220278061
20.0,240.0,0.0,0.03460095613832539
20.0,240.0,10.0,0.0029688043211380526
20.0,240.0,20.0,0.011139475885082814
20.0,240.0,30.0,0.0
20.0,240.0,40.0,0.0
20.0,240.0,50.0,0.0
20.0,240.0,60.0,0.028957724911636708
20.0,240.0,70.0,0.0
20.0,240.0,80.0,0.0
20.0,240.0,90.0,0.03553172297170213
20.0,240.0,100.0,0.17952603495448421
20.0,240.0,110.0,0.07897178019737595
20.0,240.0,120.0,0.07051442150072376
20.0,240.0,130.0,0.11712118328501071
20.0,240.0,140.0,0.1608605743386669
20.0,240.0,150.0,0.09233393718573094
20.0,240.0,160.0,0.16133735986629708
20.0,240.0,170.0,0.11789841336262127
20.0,240.0,180.0,0.10387695112466463
20.0,240.0,190.0,0.0
20.0,240.0,200.0,0.04736145445283545
20.0,240.0,210.0,0.04961387734880758
20.0,240.0,220.0,0.10699049063402485
20.0,240.0,230.0,0.0
20.0,240.0,240.0,0.09470759967058254
20.0,240.0,250.0,0.0
20.0,240.0,260.0,0.0
20.0,240.0,270.0,0.01915788121218414
20.0,240.0,280.0,0.0
20.0,240.0,290.0,0.0013155482792579984
20.0,250.0,0.0,0.02994824706345797
20.0,250.0,10.0,0.0
20.0,250.0,20.0,0.0
20.0,250.0,30.0,0.10071929150659731
20.0,250.0,40.0,0.09216350444941929
20.0,250.0,50.0,0.016250508836618025
20.0,250.0,60.0,0.07642601050108025
20.0,250.0,70.0,0.030633966614854426
20.0,250.0,80.0,0.0780584946879824
20.0,250.0,90.0,0.0
20.0,250.0,100.0,0.06684253670998574
20.0,250.0,110.0,0.1579351046465003
20.0,250.0,120.0,0.1321570148150365
20.0,250.0,130.0,0.10119405079729825
20.0,250.0,140.0,0.12317220117665488
20.0,250.0,150.0,0.1806649473622277
20.0,250.0,160.0,0.11150710091000668
20.0,250.0,170.0,0.07087805926117179
20.0,250.0,180.0,0.02550057468565417
20.0,250.0,190.0,0.12120410294395655
20.0,250.0,200.0,0.04382482652088007
20.0,250.0,210.0,0.06049057951707344
20.0,250.0,220.0,0.09245751133995109
20.0,250.0,230.0,0.018852252241574198
20.0,250.0,240.0,0.0
20.0,250.0,250.0,0.0
20.0,250.0,260.0,0.0
20.0,250.0,270.0,0.0
20.0,250.0,280.0,0.0
20.0,250.0,290.0,0.0
20.0,260.0,0.0,0.0
20.0,260.0,10.0,0.0
20.0,260.0,20.0,0.03468488128137554
20.0,260.0,30.0,0.0
20.0,260.0,40.0,0.0
20.0,260.0,50.0,0.0767637561109157
20.0,260.0,60.0,0.0
20.0,260.0,70.0,0.03146973781056203
20.0,260.0,80.0,0.023460472804694578
20.0,260.0,90.0,0.05065116146057046
20.0,260.0,100.0,0.008637126725597855
20.0,260.0,110.0,0.00027292177549724517
20.0,260.0,120.0,0.07207715823206975
20.0,260.0,130.0,0.0010910748624040623
20.0,260.0,140.0,0.10972761027335981
20.0,260.0,150.0,0.07616114255457263
20.0,260.0,160.0,0.0852184231719379
20.0,260.0,170.0,0.07516598054434857
20.0,260.0,180.0,0.05354911018657598
20.0,260.0,190.0,0.04946747764731809
20.0,260.0,200.0,0.000157038380355079
20.0,260.0,210.0,0.0
20.0,260.0,220.0,0.033377238289919973
20.0,260.0,230.0,0.0
20.0,260.0,240.0,0.0
20.0,260.0,250.0,0.0
20.0,260.0,260.0,0.0
20.0,260.0,270.0,0.0
20.0,260.0,280.0,0.02299991862550952
20.0,260.0,290.0,0.08798658303431298
20.0,270.0,0.0,0.0
20.0,270.0,10.0,0.0
20.0,270.0,20.0,0.0
20.0,270.0,30.0,0.0
20.0,270.0,40.0,0.0
20.0,270.0,50.0,0.0
20.0,270.0,60.0,0.059026142764039
20.0,270.0,70.0,0.0
20.0,270.0,80.0,0.0
20.0,270.0,90.0,0.08414613091131057
20.0,270.0,100.0,0.010251977589962824
20.0,270.0,110.0,0.037685882432229915
20.0,270.0,120.0,0.1535696556057646
20.0,270.0,130.0,0.06614035187585458
20.0,270.0,140.0,0.06965171033636845
20.0,270.0,150.0,0.10718564189491961
20.0,270.0,160.0,0.06241920583842231
20.0,270.0,170.0,0.08312736205107883
20.0,270.0,180.0,0.12001665395187469
20.0,270.0,190.0,0.02152281371272178
20.0,270.0,200.0,0.09252315075333802
20.0,270.0,210.0,0.0
20.0,270.0,220.0,0.0836785268238673
20.0,270.0,230.0,0.029117264191630767
20.0,270.0,240.0,0.0
20.0,270.0,250.0,0.0
20.0,270.0,260.0,0.0
20.0,270.0,270.0,0.0
20.0,270.0,280.0,0.0
20.0,270.0,290.0,0.0
20.0,280.0,0.0,0.022260808580148433
20.0,280.0,10.0,0.0
20.0,280.0,20.0,0.023320460932416257
20.0,280.0,30.0,0.0
20.0,280.0,40.0,0.07320696439724207
20.0,280.0,50.0,0.0
20.0,280.0,60.0,0.0017962657613252641
20.0,280.0,70.0,0.059812521866085724
20.0,280.0,80.0,0.05434926992257905
20.0,280.0,90.0,0.017200817216234968
20.0,280.0,100.0,0.05867842712657691
20.0,280.0,110.0,0.04039849440921455
20.0,280.0,120.0,0.025018368502591662
20.0,280.0,130.0,0.04227474307951293
20.0,280.0,140.0,0.07059584090205165
20.0,280.0,150.0,0.1509533271761634
20.0,280.0,160.0,0.07935476635337302
20.0,280.0,170.0,0.023779664496681147
20.0,280.0,180.0,0.030182052640041434
20.0,280.0,190.0,0.0
20.0,280.0,200.0,0.10256861065934277
20.0,280.0,210.0,0.062098177612010474
20.0,280.0,220.0,0.05861119764620002
20.0,280.0,230.0,0.0
20.0,280.0,240.0,0.0
20.0,280.0,250.0,0.010696622756694092
20.0,280.0,260.0,0.03729204302572708
20.0,280.0,270.0,0.0
20.0,280.0,280.0,0.016489713183483416
20.0,280.0,290.0,0.06377711432586888
20.0,290.0,0.0,0.04758566350107974
20.0,290.0,10.0,0.0
20.0,290.0,20.0,0.0
20.0,290.0,30.0,0.04732718766803928
20.0,290.0,40.0,0.0
20.0,290.0,50.0,0.0
20.0,290.0,60.0,0.04699171048610157
20.0,290.0,70.0,0.0
20.0,290.0,80.0,0.0
20.0,290.0,90.0,0.0
20.0,290.0,100.0,0.07025427777467644
20.0,290.0,110.0,0.08886024869067172
20.0,290.0,120.0,0.0
20.0,290.0,130.0,0.12410432562850417
20.0,290.0,140.0,0.020080695334010246
20.0,290.0,150.0,0.006455549777380248
20.0,290.0,160.0,0.0
20.0,290.0,170.0,0.0508343742374872
20.0,290.0,180.0,0.010543209908652412
20.0,290.0,190.0,0.1205149943759048
20.0,290.0,200.0,0.0
20.0,290.0,210.0,0.0
20.0,290.0,220.0,0.0
20.0,290.0,230.0,0.052894226801576925
20.0,290.0,240.0,0.023248714643987825
20.0,290.0,250.0,0.0
20.0,290.0,260.0,0.0
20.0,290.0,270.0,0.051901765597832605
20.0,290.0,280.0,0.0
20.0,290.0,290.0,0.0
30.0,0.0,0.0,0.010916429562643742
30.0,0.0,10.0,0.07030597796651025
30.0,0.0,20.0,0.0
30.0,0.0,30.0,0.00412241760965023
30.0,0.0,40.0,0.0
30.0,0.0,50.0,0.0
30.0,0.0,60.0,7.579410959074936e-05
30.0,0.0,70.0,0.0509656641630321
30.0,0.0,80.0,0.10577855062606308
30.0,0.0,90.0,0.0992203922803511
30.0,0.0,100.0,0.02958827887003114
30.0,0.0,110.0,0.07773851774607299
30.0,0.0,120.0,0.08333143842574581
30.0,0.0,130.0,0.12159186404957528
30.0,0.0,140.0,0.02179845914295951
30.0,0.0,150.0,0.029433628081640156
30.0,0.0,160.0,0.0003212364970328896
30.0,0.0,170.0,0.05575010752643353
30.0,0.0,180.0,0.049897616632606924
30.0,0.0,190.0,0.030582959303531335
30.0,0.0,200.0,0.06965865521798771
30.0,0.0,210.0,0.07351659948840761
30.0,0.0,220.0,0.03592504326692833
30.0,0.0,230.0,0.0
30.0,0.0,240.0,0.06631201311494866
30.0,0.0,250.0,0.009147885004294422
30.0,0.0,260.0,0.045442754953262575
30.0,0.0,270.0,0.0
30.0,0.0,280.0,0.0
30.0,0.0,290.0,0.0
30.0,10.0,0.0,0.0
30.0,10.0,10.0,0.0
30.0,10.0,20.0,0.002732607920518546
30.0,10.0,30.0,0.025159792074838355
30.0,10.0,40.0,0.04051869956393133
30.0,10.0,50.0,0.10109426851455931
30.0,10.0,60.0,0.0
30.0,10.0,70.0,0.0
30.0,10.0,80.0,0.08972954358354153
30.0,10.0,90.0,0.034020075701636385
30.0,10.0,100.0,0.0
30.0,10.0,110.0,0.04373743123194508
30.0,10.0,120.0,0.1015910461664249
30.0,10.0,130.0,0.05191266755333822
30.0,10.0,140.0,0.12720799494893725
30.0,10.0,150.0,0.07355861066430451
30.0,10.0,160.0,0.06924757377472451
30.0,10.0,170.0,0.0846133305553178
30.0,10.0,180.0,0.0
30.0,10.0,190.0,0.07021962265831488
30.0,10.0,200.0,0.009171615268619534
30.0,10.0,210.0,0.0
30.0,10.0,220.0,0.09063678349408441
30.0,10.0,230.0,0.0
30.0,10.0,240.0,0.016913321888074224
30.0,10.0,250.0,0.1022151712792895
30.0,10.0,260.0,0.06909972180500397
30.0,10.0,270.0,0.01609429638695492
30.0,10.0,280.0,0.0
30.0,10.0,290.0,0.02440932075113705
30.0,20.0,0.0,0.003466946264964239
30.0,20.0,10.0,0.013836416059179464
30.0,20.0,20.0,0.050694918301478396
30.0,20.0,30.0,0.017212769517266985
30.0,20.0,40.0,0.0
30.0,20.0,50.0,0.07577419992285021
30.0,20.0,60.0,0.0016648742554019515
30.0,20.0,70.0,0.0
30.0,20.0,80.0,0.034682014927463034
30.0,20.0,90.0,0.0
30.0,20.0,100.0,0.017365074402506932
30.0,20.0,110.0,0.0
30.0,20.0,120.0,0.11208121410664554
30.0,20.0,130.0,0.12151232930973146
30.0,20.0,140.0,0.07794637466429849
30.0,20.0,150.0,0.15937971494385594
30.0,20.0,160.0,0.08879878762394883
30.0,20.0,170.0,0.013250636217617406
30.0,20.0,180.0,0.0
30.0,20.0,190.0,0.01894497251110812
30.0,20.0,200.0,0.0
30.0,20.0,210.0,0.06768922560292731
30.0,20.0,220.0,0.06026684126178877
30.0,20.0,230.0,0.0
30.0,20.0,240.0,0.0
30.0,20.0,250.0,0.007165222508162557
30.0,20.0,260.0,0.11422651984855593
30.0,20.0,270.0,0.0
30.0,20.0,280.0,0.0
30.0,20.0,290.0,0.06695301308268851
30.0,30.0,0.0,0.0017379172802827446
30.0,30.0,10.0,0.0
30.0,30.0,20.0,0.0
30.0,30.0,30.0,0.03902044223550167
30.0,30.0,40.0,0.0016362787053125715
30.0,30.0,50.0,0.0
30.0,30.0,60.0,0.0
30.0,30.0,70.0,0.05357280709100081
30.0,30.0,80.0,0.034210444427875165
30.0,30.0,90.0,0.08932391182954272
30.0,30.0,100.0,0.05901188288872705
30.0,30.0,110.0,0.06968822633800954
30.0,30.0,120.0,0.07510928355586721
30.0,30.0,130.0,0.08839950236312619
30.0,30.0,140.0,0.12761619978969316
30.0,30.0,150.0,0.11177142144763094
30.0,30.0,160.0,0.14718840583399034
30.0,30.0,170.0,0.16970361000835224
30.0,30.0,180.0,0.10659308758859648
30.0,30.0,190.0,0.10926549160078529
30.0,30.0,200.0,0.01694663764947204
30.0,30.0,210.0,0.12298425076071098
30.0,30.0,220.0,0.09257705970315463
30.0,30.0,230.0,0.07351534207029947
30.0,30.0,240.0,0.06423050095739452
30.0,30.0,250.0,0.0
30.0,30.0,260.0,0.009893814346289189
30.0,30.0,270.0,0.0
30.0,30.0,280.0,0.0
30.0,30.0,290.0,0.08233022317035898
30.0,40.0,0.0,0.0
30.0,40.0,10.0,0.0
30.0,40.0,20.0,0.012792718614822713
30.0,40.0,30.0,0.11382147476526175
30.0,40.0,40.0,0.0
30.0,40.0,50.0,0.003768918361412449
30.0,40.0,60.0,0.0
30.0,40.0,70.0,0.0
30.0,40.0,80.0,0.1059068557406309
30.0,40.0,90.0,0.0639532752866363
30.0,40.0,100.0,0.0691617992711274
30.0,40.0,110.0,0.1050840582180197
30.0,40.0,120.0,0.0605050199727224
30.0,40.0,130.0,0.11008518051820625
30.0,40.0,140.0,0.04322445152959674
30.0,40.0,150.0,0.10619249881667514
30.0,40.0,160.0,0.16211357512720082
30.0,40.0,170.0,0.178703181192223
30.0,40.0,180.0,0.13304351689296806
30.0,40.0,190.0,0.010146656637711082
30.0,40.0,200.0,0.1117356174505493
30.0,40.0,210.0,0.0
30.0,40.0,220.0,0.01723477611767046
30.0,40.0,230.0,0.09609119207790673
30.0,40.0,240.0,0.04773381857057449
30.0,40.0,250.0,0.0
30.0,40.0,260.0,0.0
30.0,40.0,270.0,0.031010783601380282
30.0,40.0,280.0,0.0
30.0,40.0,290.0,0.027917444864429302
30.0,50.0,0.0,0.0
30.0,50.0,10.0,0.0
30.0,50.0,20.0,0.0
30.0,50.0,30.0,0.0
30.0,50.0,40.0,0.06269828830923938
30.0,50.0,50.0,0.03859061166346036
30.0,50.0,60.0,0.0
30.0,50.0,70.0,0.0
30.0,50.0,80.0,0.0
30.0,50.0,90.0,0.11041861553134044
30.0,50.0,100.0,0.13659698449856622
30.0,50.0,110.0,0.02407433715478352
30.0,50.0,120.0,0.10690158259236648
30.0,50.0,130.0,0.11133240421868248
30.0,50.0,140.0,0.19263237689274487
30.0,50.0,150.0,0.3022424082163016
30.0,50.0,160.0,0.14627916608169741
30.0,50.0,170.0,0.13013151021772118
30.0,50.0,180.0,0.12110568522800819
30.0,50.0,190.0,0.08183603571113704
30.0,50.0,200.0,0.015566164776763342
30.0,50.0,210.0,0.10728389474701204
30.0,50.0,220.0,0.009781206387821938
30.0,50.0,230.0,0.0
30.0,50.0,240.0,0.0
30.0,50.0,250.0,0.0
30.0,50.0,260.0,0.0
30.0,50.0,270.0,0.06809808030010629
30.0,50.0,280.0,0.0
30.0,50.0,290.0,0.0
30.0,60.0,0.0,0.000526142672415527
30.0,60.0,10.0,0.0
30.0,60.0,20.0,0.01430345788432168
30.0,60.0,30.0,0.0
30.0,60.0,40.0,0.028942264676161636
30.0,60.0,50.0,0.029485110253433637
30.0,60.0,60.0,0.08236024214536389
30.0,60.0,70.0,0.046519110120606236
30.0,60.0,80.0,0.0
30.0,60.0,90.0,0.04008694014925282
30.0,60.0,100.0,0.05809081761855425
30.0,60.0,110.0,0.10003383737234253
30.0,60.0,120.0,0.19838817159985644
30.0,60.0,130.0,0.1107592436989735
30.0,60.0,140.0,0.20791909098308994
30.0,60.0,150.0,0.21771416073278138
30.0,60.0,160.0,0.3125863896586441
30.0,60.0,170.0,0.16839111243748972
30.0,60.0,180.0,0.1688351750032903
30.0,60.0,190.0,0.030304085555133142
30.0,60.0,200.0,0.14511910959519417
30.0,60.0,210.0,0.07743519098164793
30.0,60.0,220.0,0.09188614407043723
30.0,60.0,230.0,0.0
30.0,60.0,240.0,0.0
30.0,60.0,250.0,0.0
30.0,60.0,260.0,0.0
30.0,60.0,270.0,0.0
30.0,60.0,280.0,0.0
30.0,60.0,290.0,0.0013926077130333619
30.0,70.0,0.0,0.0
30.0,70.0,10.0,0.14130494750950237
30.0,70.0,20.0,0.09070120019938385
30.0,70.0,30.0,0.11800615080796198
30.0,70.0,40.0,0.0
30.0,70.0,50.0,0.0
30.0,70.0,60.0,0.0
30.0,70.0,70.0,0.10288037309817634
30.0,70.0,80.0,0.02554885994026064
30.0,70.0,90.0,0.12892287181969858
30.0,70.0,100.0,0.09157023754652063
30.0,70.0,110.0,0.1321801054080311
30.0,70.0,120.0,0.22028381053790405
30.0,70.0,130.0,0.1726280215888671
30.0,70.0,140.0,0.20835349823773464
30.0,70.0,150.0,0.2084560527626671
30.0,70.0,160.0,0.1547753173371528
30.0,70.0,170.0,0.2097457424767891
30.0,70.0,180.0,0.19819733985419047
30.0,70.0,190.0,0.09223728436233203
30.0,70.0,200.0,0.18435348377832955
30.0,70.0,210.0,0.02870263768473091
30.0,70.0,220.0,0.0203188312021106
30.0,70.0,230.0,0.07818317366708336
30.0,70.0,240.0,0.011537645829191248
30.0,70.0,250.0,0.0
30.0,70.0,260.0,0.0
30.0,70.0,270.0,0.04316062197002578
30.0,70.0,280.0,0.024334609557913896
30.0,70.0,290.0,0.038528480915748536
30.0,80.0,0.0,0.026686999410955828
30.0,80.0,10.0,0.011334095962899325
30.0,80.0,20.0,0.05604313804738832
30.0,80.0,30.0,0.0
30.0,80.0,40.0,0.0
30.0,80.0,50.0,0.0066794200645162345
30.0,80.0,60.0,0.07694068338538157
30.0,80.0,70.0,0.11017768666435762
30.0,80.0,80.0,0.06169491031831972
30.0,80.0,90.0,0.11458069734655577
30.0,80.0,100.0,0.11095373463292049
30.0,80.0,110.0,0.2585646737182835
30.0,80.0,120.0,0.14403909374280124
30.0,80.0,130.0,0.2139835093130391
30.0,80.0,140.0,0.23398266539420098
30.0,80.0,150.0,0.12598691665967876
30.0,80.0,160.0,0.16706164016891487
30.0,80.0,170.0,0.24348320484238162
30.0,80.0,180.0,0.11340761147308889
30.0,80.0,190.0,0.2228665121432586
30.0,80.0,200.0,0.11458259043090895
30.0,80.0,210.0,0.04711952622573601
30.0,80.0,220.0,0.08628354319600001
30.0,80.0,230.0,0.04436695892057932
30.0,80.0,240.0,0.05810996777012149
30.0,80.0,250.0,0.019999897275477713
30.0,80.0,260.0,0.0
30.0,80.0,270.0,0.0
30.0,80.0,280.0,0.0668726377420043
30.0,80.0,290.0,0.028007264711949878
30.0,90.0,0.0,0.0
30.0,90.0,10.0,0.09793967873776381
30.0,90.0,20.0,0.0
30.0,90.0,30.0,0.0
30.0,90.0,40.0,0.0582396925699079
30.0,90.0,50.0,0.0
30.0,90.0,60.0,0.047423108984623485
30.0,90.0,70.0,0.08142016611858399
30.0,90.0,80.0,0.12041484280034587
30.0,90.0,90.0,0.1023135428363726
30.0,90.0,100.0,0.16415504745478796
30.0,90.0,110.0,0.21786397740481034
30.0,90.0,120.0,0.10695456746000541
30.0,90.0,130.0,0.19798020199149877
30.0,90.0,140.0,0.22799227357892435
30.0,90.0,150.0,0.23807229044952993
30.0,90.0,160.0,0.26798439160160514
30.0,90.0,170.0,0.22361968632650148
30.0,90.0,180.0,0.0837936904664952
30.0,90.0,190.0,0.13391785288184163
30.0,90.0,200.0,0.08671417111934497
30.0,90.0,210.0,0.0
30.0,90.0,220.0,0.0
30.0,90.0,230.0,0.0002810712937846467
30.0,90.0,240.0,0.0
30.0,90.0,250.0,0.0
30.0,90.0,260.0,0.0003453697975576639
30.0,90.0,270.0,0.0
30.0,90.0,280.0,0.0
30.0,90.0,290.0,0.0
30.0,100.0,0.0,0.03136542705407357
30.0,100.0,10.0,0.012385416131677169
30.0,100.0,20.0,0.0
30.0,100.0,30.0,0.03966689154262962
30.0,100.0,40.0,0.0
30.0,100.0,50.0,0.0
30.0,100.0,60.0,0.008391511519969502
30.0,100.0,70.0,0.04125263630123275
30.0,100.0,80.0,0.07530827010016362
30.0,100.0,90.0,0.12117142205903576
30.0,100.0,100.0,0.15760377024845001
30.0,100.0,110.0,0.17735286391392457
30.0,100.0,120.0,0.13970927241320266
30.0,100.0,130.0,0.17203402816677577
30.0,100.0,140.0,0.15587816271949761
30.0,100.0,150.0,0.2848883355551688
30.0,100.0,160.0,0.36249420360608864
30.0,100.0,170.0,0.20681648787397935
30.0,100.0,180.0,0.20684947811435664
30.0,100.0,190.0,0.18535168040290406
30.0,100.0,200.0,0.15073385038286968
30.0,100.0,210.0,0.03856786594604372
30.0,100.0,220.0,0.06587903133385417
30.0,100.0,230.0,0.05116421184796445
30.0,100.0,240.0,0.0
30.0,100.0,250.0,0.0
30.0,100.0,260.0,0.027853249641520007
30.0,100.0,270.0,0.0
30.0,100.0,280.0,0.0
30.0,100.0,290.0,0.018760113898950624
30.0,110.0,0.0,0.043496703151607884
30.0,110.0,10.0,0.0
30.0,110.0,20.0,0.0037754312471202384
30.0,110.0,30.0,0.0
30.0,110.0,40.0,0.0
30.0,110.0,50.0,0.024500395184906945
30.0,110.0,60.0,0.0
30.0,110.0,70.0,0.06404393097088024
30.0,110.0,80.0,0.12639883380625666
30.0,110.0,90.0,0.13894057053648917
30.0,110.0,100.0,0.14884398824955203
30.0,110.0,110.0,0.21060336059260193
30.0,110.0,120.0,0.2004134389003142
30.0,110.0,130.0,0.3103738729044318
30.0,110.0,140.0,0.29402314341072094
30.0,110.0,150.0,0.2419337507662365
30.0,110.0,160.0,0.3420667558435651
30.0,110.0,170.0,0.22534160604523776
30.0,110.0,180.0,0.15854653930570717
30.0,110.0,190.0,0.056863749002415406
30.0,110.0,200.0,0.08553994530798358
30.0,110.0,210.0,0.06566565543975902
30.0,110.0,220.0,0.098007980153576
30.0,110.0,230.0,0.0
30.0,110.0,240.0,0.13299418303816712
30.0,110.0,250.0,0.0
30.0,110.0,260.0,0.06394902676934845
30.0,110.0,270.0,0.03185732158034445
30.0,110.0,280.0,0.008710973434093059
30.0,110.0,290.0,0.0053518776312528205
30.0,120.0,0.0,0.010569469013019958
30.0,120.0,10.0,0.0
30.0,120.0,20.0,0.0
30.0,120.0,30.0,0.0
30.0,120.0,40.0,0.10526486673613483
30.0,120.0,50.0,0.0
30.0,120.0,60.0,0.0
30.0,120.0,70.0,0.036525486277165134
30.0,120.0,80.0,0.09524594237897424
30.0,120.0,90.0,0.05295121829066596
30.0,120.0,100.0,0.19322245415429717
30.0,120.0,110.0,0.19871856443083388
30.0,120.0,120.0,0.2577021607580829
30.0,120.0,130.0,0.3089666843728696
30.0,120.0,140.0,0.30299390445091207
30.0,120.0,150.0,0.3058981423213203
30.0,120.0,160.0,0.28173559777170126
30.0,120.0,170.0,0.25259559376811214
30.0,120.0,180.0,0.270780868368193
30.0,120.0,190.0,0.1399156872499801
30.0,120.0,200.0,0.07232123070437421
30.0,120.0,210.0,0.10774494165273606
30.0,120.0,220.0,0.057143867061445294
30.0,120.0,230.0,0.0
30.0,120.0,240.0,0.0
30.0,120.0,250.0,0.0
30.0,120.0,260.0,0.032751584049368905
30.0,120.0,270.0,0.05788561440814515
30.0,120.0,280.0,0.0
30.0,120.0,290.0,0.0030067592859575557
30.0,130.0,0.0,0.09243320509155355
30.0,130.0,10.0,0.0
30.0,130.0,20.0,0.0
30.0,130.0,30.0,0.021392169793133277
30.0,130.0,40.0,0.0
30.0,130.0,50.0,0.024418616616948625
30.0,130.0,60.0,0.020206201749764934
30.0,130.0,70.0,0.14315724521027093
30.0,130.0,80.0,0.16917141933045704
30.0,130.0,90.0,0.1903639523798073
30.0,130.0,100.0,0.186655328986195
30.0,130.0,110.0,0.19791826324839093
30.0,130.0,120.0,0.25947713234066283
30.0,130.0,130.0,0.1832205393860713
30.0,130.0,140.0,0.30260416259579204
30.0,130.0,150.0,0.26026495681539186
30.0,130.0,160.0,0.2744739557179658
30.0,130.0,170.0,0.2764425262253923
30.0,130.0,180.0,0.21076645451825726
30.0,130.0,190.0,0.19952067304327803
30.0,130.0,200.0,0.1102496261449082
30.0,130.0,210.0,0.19188627423430332
30.0,130.0,220.0,0.02461416957799141
30.0,130.0,230.0,0.08211066038127665
30.0,130.0,240.0,0.07101408275506953
30.0,130.0,250.0,0.03319315581614244
30.0,130.0,260.0,0.0436021598101821
30.0,130.0,270.0,0.0
30.0,130.0,280.0,0.011907607858736083
30.0,130.0,290.0,0.024159983328949874
30.0,140.0,0.0,0.0
30.0,140.0,10.0,0.021248232316099916
30.0,140.0,20.0,0.08288110177098473
30.0,140.0,30.0,0.014146109330904946
30.0,140.0,40.0,0.034107084245876065
30.0,140.0,50.0,0.007770293861753968
30.0,140.0,60.0,0.03727577910166887
30.0,140.0,70.0,0.0
30.0,140.0,80.0,0.0
30.0,140.0,90.0,0.10711959439505445
30.0,140.0,100.0,0.12429589465563265
30.0,140.0,110.0,0.17093333758866242
30.0,140.0,120.0,0.3555831976389348
30.0,140.0,130.0,0.33750496145701303
30.0,140.0,140.0,0.35465752840251075
30.0,140.0,150.0,0.2660689242975451
30.0,140.0,160.0,0.2560102717111527
30.0,140.0,170.0,0.3007435402389693
30.0,140.0,180.0,0.23516431337800286
30.0,140.0,190.0,0.18341151447504522
30.0,140.0,200.0,0.08207373866065369
30.0,140.0,210.0,0.16147696202107287
30.0,140.0,220.0,0.1302885061896649
30.0,140.0,230.0,0.0675284547735251
30.0,140.0,240.0,0.0
30.0,140.0,250.0,0.0
30.0,140.0,260.0,0.0
30.0,140.0,270.0,0.0
30.0,140.0,280.0,0.0
30.0,140.0,290.0,0.0
30.0,150.0,0.0,0.04035457459697888
30.0,150.0,10.0,0.038971582441923884
30.0,150.0,20.0,0.038418289073840865
30.0,150.0,30.0,0.0
30.0,150.0,40.0,0.0
30.0,150.0,50.0,0.0013439950693902372
30.0,150.0,60.0,0.016292365326753797
30.0,150.0,70.0,0.1347165056173609
30.0,150.0,80.0,0.08108675781622174
30.0,150.0,90.0,0.13645066302530096
30.0,150.0,100.0,0.27192462316575267
30.0,150.0,110.0,0.24333533897484041
30.0,150.0,120.0,0.2651858591608484
30.0,150.0,130.0,0.24139541346465787
30.0,150.0,140.0,0.26907733668328593
30.0,150.0,150.0,0.31786815652109984
30.0,150.0,160.0,0.3697362702577189
30.0,150.0,170.0,0.3048482333535464
30.0,150.0,180.0,0.18077869866465812
30.0,150.0,190.0,0.17008071611192174
30.0,150.0,200.0,0.14579118602293847
30.0,150.0,210.0,0.14683506132318427
30.0,150.0,220.0,0.019088784884389087
30.0,150.0,230.0,0.0
30.0,150.0,240.0,0.054733617342639984
30.0,150.0,250.0,0.08331646879625587
30.0,150.0,260.0,0.0
30.0,150.0,270.0,0.052321043052303014
30.0,150.0,280.0,0.004711655897289646
30.0,150.0,290.0,0.028778847730187285
30.0,160.0,0.0,0.0
30.0,160.0,10.0,0.0
30.0,160.0,20.0,0.045855540285048416
30.0,160.0,30.0,0.0
30.0,160.0,40.0,0.01427725648646772
30.0,160.0,50.0,0.0
30.0,160.0,60.0,0.037418468329893546
30.0,160.0,70.0,0.0
30.0,160.0,80.0,0.12195527941435792
30.0,160.0,90.0,0.0627852605356841
30.0,160.0,100.0,0.22704969563361488
30.0,160.0,110.0,0.13106012322805272
30.0,160.0,120.0,0.27306022196979135
30.0,160.0,130.0,0.3637318046514238
30.0,160.0,140.0,0.3174526794240117
30.0,160.0,150.0,0.38872809210689274
30.0,160.0,160.0,0.28808892018265303
30.0,160.0,170.0,0.1617904090811615
30.0,160.0,180.0,0.15041639484256625
30.0,160.0,190.0,0.12011180178941536
30.0,160.0,200.0,0.18466195887574977
30.0,160.0,210.0,0.0342399997152192
30.0,160.0,220.0,0.09287240209024328
30.0,160.0,230.0,0.05127679076042395
30.0,160.0,240.0,0.04572498515404896
30.0,160.0,250.0,0.11170534110139277
30.0,160.0,260.0,0.001310809410909667
30.0,160.0,270.0,0.0
30.0,160.0,280.0,0.0
30.0,160.0,290.0,0.12445061934335133
30.0,170.0,0.0,0.0
30.0,170.0,10.0,0.0
30.0,170.0,20.0,0.06419567498623419
30.0,170.0,30.0,0.020975160541847657
30.0,170.0,40.0,0.059578707572661316
30.0,170.0,50.0,0.0
30.0,170.0,60.0,0.0044977515369919036
30.0,170.0,70.0,0.030899322636951068
30.0,170.0,80.0,0.12297052255621069
30.0,170.0,90.0,0.07476758081310081
30.0,170.0,100.0,0.23490990744896234
30.0,170.0,110.0,0.20788856067584252
30.0,170.0,120.0,0.1897005287581739
30.0,170.0,130.0,0.33845208842420765
30.0,170.0,140.0,0.406177730582233
30.0,170.0,150.0,0.2658472267269613
30.0,170.0,160.0,0.2040879571347327
30.0,170.0,170.0,0.167628635321136
30.0,170.0,180.0,0.16765627697551602
30.0,170.0,190.0,0.1742305319503782
30.0,170.0,200.0,0.21888308658526923
30.0,170.0,210.0,0.06284508058057965
30.0,170.0,220.0,0.050648726627170695
30.0,170.0,230.0,0.07550491994401312
30.0,170.0,240.0,0.07402646945489817
30.0,170.0,250.0,0.0
30.0,170.0,260.0,0.03784917486187853
30.0,170.0,270.0,0.014660598179141428
30.0,170.0,280.0,0.0006219023934076135
30.0,170.0,290.0,0.0
30.0,180.0,0.0,0.0
30.0,180.0,10.0,0.03171165037967212
30.0,180.0,20.0,0.0
30.0,180.0,30.0,0.034108676133280114
30.0,180.0,40.0,0.0
30.0,180.0,50.0,0.0
30.0,180.0,60.0,0.08339605036619732
30.0,180.0,70.0,0.06016172728280499
30.0,180.0,80.0,0.14144926425272678
30.0,180.0,90.0,0.08988792716035814
30.0,180.0,100.0,0.10925576827103592
30.0,180.0,110.0,0.2470135353840888
30.0,180.0,120.0,0.18845595502046536
30.0,180.0,130.0,0.3155535039083412
30.0,180.0,140.0,0.29483225707543287
30.0,180.0,150.0,0.22052746938810913
30.0,180.0,160.0,0.277672857889827
30.0,180.0,170.0,0.188108535499952
30.0,180.0,180.0,0.12562518627793345
30.0,180.0,190.0,0.1137252687603923
30.0,180.0,200.0,0.1516934351459664
30.0,180.0,210.0,0.1550952917552498
30.0,180.0,220.0,0.0
30.0,180.0,230.0,0.0
30.0,180.0,240.0,0.0
30.0,180.0,250.0,0.0
30.0,180.0,260.0,0.03155774320076594
30.0,180.0,270.0,0.04403252320809022
30.0,180.0,280.0,0.0
30.0,180.0,290.0,0.016340357076804368
30.0,190.0,0.0,0.08916461402172865
30.0,190.0,10.0,0.0
30.0,190.0,20.0,0.0
30.0,190.0,30.0,0.11203964209924709
30.0,190.0,40.0,0.020605664093131075
30.0,190.0,50.0,0.0
30.0,190.0,60.0,0.0
30.0,190.0,70.0,0.08243382852143191
30.0,190.0,80.0,0.11749364800776098
30.0,190.0,90.0,0.20373150450177435
30.0,190.0,100.0,0.1824074592708133
30.0,190.0,110.0,0.18429296933532996
30.0,190.0,120.0,0.22687192009841253
30.0,190.0,130.0,0.27456406548684037
30.0,190.0,140.0,0.3316724337656525
30.0,190.0,150.0,0.26739808234933427
30.0,190.0,160.0,0.15497270822814363
30.0,190.0,170.0,0.20893086899371957
30.0,190.0,180.0,0.18449051339748695
30.0,190.0,190.0,0.16888354034433922
30.0,190.0,200.0,0.1352836381391926
30.0,190.0,210.0,0.10130060124989182
30.0,190.0,220.0,0.09610608535380014
30.0,190.0,230.0,0.033891270956719316
30.0,190.0,240.0,0.0
30.0,190.0,250.0,0.03237789585630098
30.0,190.0,260.0,0.027863828037938132
30.0,190.0,270.0,0.03909685438324843
30.0,190.0,280.0,0.0699321941782409
30.0,190.0,290.0,0.00044325500718693045
30.0,200.0,0.0,0.08706318630522479
30.0,200.0,10.0,0.01745816478159579
30.0,200.0,20.0,0.0
30.0,200.0,30.0,0.0
30.0,200.0,40.0,0.0
30.0,200.0,50.0,0.05809178581839147
30.0,200.0,60.0,0.0952334724683358
30.0,200.0,70.0,0.017858151620122033
30.0,200.0,80.0,0.07131484723055391
30.0,200.0,90.0,0.04155070818227266
30.0,200.0,100.0,0.13541945937849675
30.0,200.0,110.0,0.1672588570578222
30.0,200.0,120.0,0.16344673879266655
30.0,200.0,130.0,0.22505908914990858
30.0,200.0,140.0,0.2682565648115825
30.0,200.0,150.0,0.2356666430868551
30.0,200.0,160.0,0.3196865225792732
30.0,200.0,170.0,0.1582373391879765
30.0,200.0,180.0,0.10635926297397505
30.0,200.0,190.0,0.1647441915751579
30.0,200.0,200.0,0.0242077967371135
30.0,200.0,210.0,0.04119222924286077
30.0,200.0,220.0,0.12096116584797428
30.0,200.0,230.0,0.03390823293457177
30.0,200.0,240.0,0.0
30.0,200.0,250.0,0.004386977025265774
30.0,200.0,260.0,0.09753134485322856
30.0,200.0,270.0,0.05182969790193971
30.0,200.0,280.0,0.05364851337530958
30.0,200.0,290.0,0.0
30.0,210.0,0.0,0.0
30.0,210.0,10.0,0.004766496058711167
30.0,210.0,20.0,0.0
30.0,210.0,30.0,0.021402659617544745
30.0,210.0,40.0,0.0
30.0,210.0,50.0,0.08318124114105163
30.0,210.0,60.0,0.0
30.0,210.0,70.0,0.0
30.0,210.0,80.0,0.041217964956910616
30.0,210.0,90.0,0.11591755591021541
30.0,210.0,100.0,0.13794002420222087
30.0,210.0,110.0,0.061581632626276334
30.0,210.0,120.0,0.21101221975559295
30.0,210.0,130.0,0.268296954466197
30.0,210.0,140.0,0.2143935518605028
30.0,210.0,150.0,0.23994080215842845
30.0,210.0,160.0,0.21571305463288737
30.0,210.0,170.0,0.20951328931211624
30.0,210.0,180.0,0.1325100287886151
30.0,210.0,190.0,0.10652187030297955
30.0,210.0,200.0,0.12500604178448516
30.0,210.0,210.0,0.07219759847142819
30.0,210.0,220.0,0.04670131432247402
30.0,210.0,230.0,0.08733643244835318
30.0,210.0,240.0,0.08293335512065682
30.0,210.0,250.0,0.017448822443536315
30.0,210.0,260.0,0.0
30.0,210.0,270.0,0.024043261759859075
30.0,210.0,280.0,0.0
30.0,210.0,290.0,0.013390698322892691
30.0,220.0,0.0,0.031278727269493295
30.0,220.0,10.0,0.0
30.0,220.0,20.0,0.03370258538200036
30.0,220.0,30.0,0.031885102567567776
30.0,220.0,40.0,0.0
30.0,220.0,50.0,0.13378107805892336
30.0,220.0,60.0,0.0
30.0,220.0,70.0,0.020295681524757275
30.0,220.0,80.0,0.09310145434692159
30.0,220.0,90.0,0.04805705020662032
30.0,220.0,100.0,0.0683426383973406
30.0,220.0,110.0,0.13772063146396288
30.0,220.0,120.0,0.20749992414015633
30.0,220.0,130.0,0.1730204025915599
30.0,220.0,140.0,0.1569151672419536
30.0,220.0,150.0,0.28645886471169785
30.0,220.0,160.0,0.204476159545656
30.0,220.0,170.0,0.16631188608718203
30.0,220.0,180.0,0.09345190639862819
30.0,220.0,190.0,0.042282085851222576
30.0,220.0,200.0,0.0857715026756603
30.0,220.0,210.0,0.046786828115640264
30.0,220.0,220.0,0.0020513947020858805
30.0,220.0,230.0,0.07013896183887793
30.0,220.0,240.0,0.0361358986342965
30.0,220.0,250.0,0.0
30.0,220.0,260.0,0.0
30.0,220.0,270.0,0.03167271522787564
30.0,220.0,280.0,0.0
30.0,220.0,290.0,0.0
30.0,230.0,0.0,0.033090417500694885
30.0,230.0,10.0,0.00207769169001423
30.0,230.0,20.0,0.0
30.0,230.0,30.0,0.0
30.0,230.0,40.0,0.0
30.0,230.0,50.0,0.055266118481321486
30.0,230.0,60.0,0.0
30.0,230.0,70.0,0.03174943067082177
30.0,230.0,80.0,0.038412876050021076
30.0,230.0,90.0,0.0
30.0,230.0,100.0,0.0
30.0,230.0,110.0,0.14862864347159307
30.0,230.0,120.0,0.13604254473321226
30.0,230.0,130.0,0.14088228144705806
30.0,230.0,140.0,0.09896437012045933
30.0,230.0,150.0,0.16092752618954625
30.0,230.0,160.0,0.15159890039592538
30.0,230.0,170.0,0.07193979137819038
30.0,230.0,180.0,0.20978727955643933
30.0,230.0,190.0,0.0846569158847118
30.0,230.0,200.0,0.14343720485475758
30.0,230.0,210.0,0.06426226316185178
30.0,230.0,220.0,0.0030983399062204237
30.0,230.0,230.0,0.06795648231996129
30.0,230.0,240.0,0.042591983277590326
30.0,230.0,250.0,0.06464069477241721
30.0,230.0,260.0,0.0
30.0,230.0,270.0,0.0
30.0,230.0,280.0,0.0
30.0,230.0,290.0,0.0
30.0,240.0,0.0,0.03399067228893398
30.0,240.0,10.0,0.024059240262184464
30.0,240.0,20.0,0.0
30.0,240.0,30.0,0.0
30.0,240.0,40.0,0.1253438853000153
30.0,240.0,50.0,0.04866091994188541
30.0,240.0,60.0,0.015858376145426907
30.0,240.0,70.0,0.014876429168912237
30.0,240.0,80.0,0.14672070147684993
30.0,240.0,90.0,0.1250532819451667
30.0,240.0,100.0,0.032020219547819515
30.0,240.0,110.0,0.04807278412419047
30.0,240.0,120.0,0.06323015427642843
30.0,240.0,130.0,0.22443234123920355
30.0,240.0,140.0,0.17666458201679366
30.0,240.0,150.0,0.12125298323219535
30.0,240.0,160.0,0.2024643471835174
30.0,240.0,170.0,0.172515092973274
30.0,240.0,180.0,0.1322981616409529
30.0,240.0,190.0,0.14132799135278573
30.0,240.0,200.0,0.05741919871480663
30.0,240.0,210.0,0.07309889568268917
30.0,240.0,220.0,0.006757020195146762
30.0,240.0,230.0,0.0
30.0,240.0,240.0,0.004679768044843317
30.0,240.0,250.0,0.0460285706119073
30.0,240.0,260.0,0.0
30.0,240.0,270.0,0.009438502079674267
30.0,240.0,280.0,0.009007248309878611
30.0,240.0,290.0,0.1097106226662401
30.0,250.0,0.0,0.012602425879291217
30.0,250.0,10.0,0.0
30.0,250.0,20.0,0.10820060296366754
30.0,250.0,30.0,0.038075989954864456
30.0,250.0,40.0,0.0
30.0,250.0,50.0,0.04820743380896908
30.0,250.0,60.0,0.00506689529368312
30.0,250.0,70.0,0.09550732339789174
30.0,250.0,80.0,0.06986046869655319
30.0,250.0,90.0,0.11923546331440993
30.0,250.0,100.0,0.0827765822297052
30.0,250.0,110.0,0.03128598628386401
30.0,250.0,120.0,0.1884110289393941
30.0,250.0,130.0,0.16817700561103532
30.0,250.0,140.0,0.12825627048935628
30.0,250.0,150.0,0.05595290353945269
30.0,250.0,160.0,0.13137764931787385
30.0,250.0,170.0,0.06787863287231252
30.0,250.0,180.0,0.1312100225716321
30.0,250.0,190.0,0.021013284102912498
30.0,250.0,200.0,0.017132234967665638
30.0,250.0,210.0,0.11325407662390952
30.0,250.0,220.0,0.0362009380092338
30.0,250.0,230.0,0.019809174017533727
30.0,250.0,240.0,0.017963689992921285
30.0,250.0,250.0,0.0
30.0,250.0,260.0,0.0
30.0,250.0,270.0,0.06146690574873978
30.0,250.0,280.0,0.0
30.0,250.0,290.0,0.018268095124635526
30.0,260.0,0.0,0.061534783707476934
30.0,260.0,10.0,0.08011218312000486
30.0,260.0,20.0,0.0
30.0,260.0,30.0,0.0041165259737165165
30.0,260.0,40.0,0.019282771940204738
30.0,260.0,50.0,0.07148768402870698
30.0,260.0,60.0,0.00426864906060792
30.0,260.0,70.0,0.052335457345289466
30.0,260.0,80.0,0.07901998552062199
30.0,260.0,90.0,0.0435572128532499
30.0,260.0,100.0,0.03834074958247285
30.0,260.0,110.0,0.0876021737882288
30.0,260.0,120.0,0.11223124539784964
30.0,260.0,130.0,0.19857813076060254
30.0,260.0,140.0,0.16808693349784526
30.0,260.0,150.0,0.04885827929390711
30.0,260.0,160.0,0.16872655564934713
30.0,260.0,170.0,0.04051129898421362
30.0,260.0,180.0,0.07454273896537765
30.0,260.0,190.0,0.11621694560502338
30.0,260.0,200.0,0.0998775111982621
30.0,260.0,210.0,0.08747485888245213
30.0,260.0,220.0,0.07400880159161285
30.0,260.0,230.0,0.09629399796446572
30.0,260.0,240.0,0.0
30.0,260.0,250.0,0.015539463203179832
30.0,260.0,260.0,0.0
30.0,260.0,270.0,0.004694038713777482
30.0,260.0,280.0,0.031411117202343006
30.0,260.0,290.0,0.12674857405882217
30.0,270.0,0.0,0.01713081135520717
30.0,270.0,10.0,0.0
30.0,270.0,20.0,0.015924505921067287
30.0,270.0,30.0,0.0
30.0,270.0,40.0,0.0
30.0,270.0,50.0,0.0
30.0,270.0,60.0,0.0
30.0,270.0,70.0,0.0
30.0,270.0,80.0,0.09385729333850298
30.0,270.0,90.0,0.05356024883425535
30.0,270.0,100.0,0.0
30.0,270.0,110.0,0.033574803991308265
30.0,270.0,120.0,0.12738906973755953
30.0,270.0,130.0,0.11975808383850486
30.0,270.0,140.0,0.10140885091379014
30.0,270.0,150.0,0.06237419386263281
30.0,270.0,160.0,0.07843267214609163
30.0,270.0,170.0,0.16071577035551954
30.0,270.0,180.0,0.1037057165997134
30.0,270.0,190.0,0.0386174060301608
30.0,270.0,200.0,0.0
30.0,270.0,210.0,0.09216328718600228
30.0,270.0,220.0,0.037460779240334474
30.0,270.0,230.0,0.0
30.0,270.0,240.0,0.04938551338686812
30.0,270.0,250.0,0.0029071309306487342
30.0,270.0,260.0,0.0
30.0,270.0,270.0,0.0
30.0,270.0,280.0,0.010946924380578352
30.0,270.0,290.0,0.055240407461841806
30.0,280.0,0.0,0.0
30.0,280.0,10.0,0.05203800516088381
30.0,280.0,20.0,0.022905580167403856
30.0,280.0,30.0,0.04971343577712972
30.0,280.0,40.0,0.0
30.0,280.0,50.0,0.027342158677969658
30.0,280.0,60.0,0.0
30.0,280.0,70.0,0.04700468690904451
30.0,280.0,80.0,0.0
30.0,280.0,90.0,0.1120490500159631
30.0,280.0,100.0,0.10744751413024474
30.0,280.0,110.0,0.037449560572845764
30.0,280.0,120.0,0.03498816946405965
30.0,280.0,130.0,0.0250525373376514
30.0,280.0,140.0,0.13320551888955345
30.0,280.0,150.0,0.08130259278263739
30.0,280.0,160.0,0.11753764040741677
30.0,280.0,170.0,0.04909623838320076
30.0,280.0,180.0,0.13002310007251533
30.0,280.0,190.0,0.04482439241086043
30.0,280.0,200.0,0.052298381495575905
30.0,280.0,210.0,0.010037006615651893
30.0,280.0,220.0,0.0
30.0,280.0,230.0,0.06489221288860073
30.0,280.0,240.0,0.0032372783949051044
30.0,280.0,250.0,0.011112306395731431
30.0,280.0,260.0,0.0
30.0,280.0,270.0,0.008188565971667571
30.0,280.0,280.0,0.04811103537297408
30.0,280.0,290.0,0.0
30.0,290.0,0.0,0.043805208927615094
30.0,290.0,10.0,0.0
30.0,290.0,20.0,0.008080378261492776
30.0,290.0,30.0,0.08318829543169902
30.0,290.0,40.0,0.0
30.0,290.0,50.0,0.02925327726473403
30.0,290.0,60.0,0.0
30.0,290.0,70.0,0.005687222130890103
30.0,290.0,80.0,0.03848004612618641
30.0,290.0,90.0,0.0
30.0,290.0,100.0,0.0
30.0,290.0,110.0,0.002481857387422376
30.0,290.0,120.0,0.1918947833007894
30.0,290.0,130.0,0.12433854293721974
30.0,290.0,140.0,0.1733486872140675
30.0,290.0,150.0,0.09464253309313866
30.0,290.0,160.0,0.0
30.0,290.0,170.0,0.027064262243192805
30.0,290.0,180.0,0.030335211077282185
30.0,290.0,190.0,0.09153149885828843
30.0,290.0,200.0,0.047218258943259594
30.0,290.0,210.0,0.07100173235317116
30.0,290.0,220.0,0.0
30.0,290.0,230.0,0.010871478525146182
30.0,290.0,240.0,0.034766269609569724
30.0,290.0,250.0,0.0
30.0,290.0,260.0,0.0
30.0,290.0,270.0,0.023509688053905613
30.0,290.0,280.0,0.030775803825773895
30.0,290.0,290.0,0.0
40.0,0.0,0.0,0.0
40.0,0.0,10.0,0.032269059586826805
40.0,0.0,20.0,0.0
40.0,0.0,30.0,0.007519181178402121
40.0,0.0,40.0,0.0
40.0,0.0,50.0,0.0
40.0,0.0,60.0,0.03982174477086142
40.0,0.0,70.0,0.0016049144735061013
40.0,0.0,80.0,0.00036215884107655
40.0,0.0,90.0,0.0173566905407166
40.0,0.0,100.0,0.04265465333615551
40.0,0.0,110.0,0.053185149405096534
40.0,0.0,120.0,0.0
40.0,0.0,130.0,0.1084387384719718
40.0,0.0,140.0,0.04626413286859919
40.0,0.0,150.0,0.052267690008954454
40.0,0.0,160.0,0.04130323581705359
40.0,0.0,170.0,0.07979146492493588
40.0,0.0,180.0,0.06602807907761273
40.0,0.0,190.0,0.0
40.0,0.0,200.0,0.0
40.0,0.0,210.0,0.05039703035256088
40.0,0.0,220.0,0.04734852174095065
40.0,0.0,230.0,0.0
40.0,0.0,240.0,0.05031853567456043
40.0,0.0,250.0,0.0
40.0,0.0,260.0,0.0
40.0,0.0,270.0,0.0
40.0,0.0,280.0,0.06059402907572809
40.0,0.0,290.0,0.03022051370287838
40.0,10.0,0.0,0.0
40.0,10.0,10.0,0.043115148289517215
40.0,10.0,20.0,0.029680900610270067
40.0,10.0,30.0,0.0
40.0,10.0,40.0,0.05321700467047376
40.0,10.0,50.0,0.020636455258329165
40.0,10.0,60.0,0.0
40.0,10.0,70.0,0.0
40.0,10.0,80.0,0.017217915377836762
40.0,10.0,90.0,0.0
40.0,10.0,100.0,0.06522446148715565
40.0,10.0,110.0,0.07186452678085359
40.0,10.0,120.0,0.17088060931601484
40.0,10.0,130.0,0.11252700876562999
40.0,10.0,140.0,0.004520308918467553
40.0,10.0,150.0,0.005949619764104949
40.0,10.0,160.0,0.04538658914583915
40.0,10.0,170.0,0.1307714598572252
40.0,10.0,180.0,0.10446254884400202
40.0,10.0,190.0,0.040175675863491016
40.0,10.0,200.0,0.06595684254993045
40.0,10.0,210.0,0.047415083407150935
40.0,10.0,220.0,0.0
40.0,10.0,230.0,0.0
40.0,10.0,240.0,0.0
40.0,10.0,250.0,0.046382082528686926
40.0,10.0,260.0,0.06385657485636345
40.0,10.0,270.0,0.0
40.0,10.0,280.0,0.0
40.0,10.0,290.0,0.0
40.0,20.0,0.0,0.0056496293111414336
40.0,20.0,10.0,0.011386595876358202
40.0,20.0,20.0,0.0
40.0,20.0,30.0,0.01780053769864724
40.0,20.0,40.0,0.0
40.0,20.0,50.0,0.02648783095799119
40.0,20.0,60.0,0.0
40.0,20.0,70.0,0.013375674181996651
40.0,20.0,80.0,0.0
40.0,20.0,90.0,0.035751492262229914
40.0,20.0,100.0,0.11193924077346842
40.0,20.0,110.0,0.18881778439699914
40.0,20.0,120.0,0.11099901430197445
40.0,20.0,130.0,0.0739382168429045
40.0,20.0,140.0,0.12316295394880339
40.0,20.0,150.0,0.11732534184513085
40.0,20.0,160.0,0.10501619132268163
40.0,20.0,170.0,0.0800517486945809
40.0,20.0,180.0,0.1541985878724245
40.0,20.0,190.0,0.0
40.0,20.0,200.0,0.04369558476615072
40.0,20.0,210.0,0.04611012742239591
40.0,20.0,220.0,0.015013119252123956
40.0,20.0,230.0,0.03617783701740684
40.0,20.0,240.0,0.0
40.0,20.0,250.0,0.0
40.0,20.0,260.0,0.02536294407613815
40.0,20.0,270.0,0.0
40.0,20.0,280.0,0.08922029064708371
40.0,20.0,290.0,0.0
40.0,30.0,0.0,0.002369078545785248
40.0,30.0,10.0,0.0
40.0,30.0,20.0,0.027890433060479856
40.0,30.0,30.0,0.0
40.0,30.0,40.0,0.0
40.0,30.0,50.0,0.0242656298959999
40.0,30.0,60.0,0.05952589901951143
40.0,30.0,70.0,0.0
40.0,30.0,80.0,0.03154484378201783
40.0,30.0,90.0,0.05977096145909185
40.0,30.0,100.0,0.01442039526674009
40.0,30.0,110.0,0.07096325810833534
40.0,30.0,120.0,0.24388376324493027
40.0,30.0,130.0,0.11672520800132924
40.0,30.0,140.0,0.14935511885859304
40.0,30.0,150.0,0.16699423281807854
40.0,30.0,160.0,0.14082083244457644
40.0,30.0,170.0,0.0696804409251671
40.0,30.0,180.0,0.12141673712778316
40.0,30.0,190.0,0.0
40.0,30.0,200.0,0.06280296466621574
40.0,30.0,210.0,0.024347246635412424
40.0,30.0,220.0,0.007314638970116347
40.0,30.0,230.0,0.03498794664671481
40.0,30.0,240.0,0.0
40.0,30.0,250.0,0.04114242165633976
40.0,30.0,260.0,0.0
40.0,30.0,270.0,0.033365655827174295
40.0,30.0,280.0,0.04490651673959102
40.0,30.0,290.0,0.0
40.0,40.0,0.0,0.0
40.0,40.0,10.0,0.004910755433060498
40.0,40.0,20.0,0.0
40.0,40.0,30.0,0.05374014097047419
40.0,40.0,40.0,0.0
40.0,40.0,50.0,0.06395357458856966
40.0,40.0,60.0,0.06660309294651945
40.0,40.0,70.0,0.0
40.0,40.0,80.0,0.04964425298425318
40.0,40.0,90.0,0.04430501166506444
40.0,40.0,100.0,0.17749680624281455
40.0,40.0,110.0,0.13595740562777822
40.0,40.0,120.0,0.21182677784785547
40.0,40.0,130.0,0.24924969770991012
40.0,40.0,140.0,0.20107284626493427
40.0,40.0,150.0,0.15682323077736218
40.0,40.0,160.0,0.1833566303830126
40.0,40.0,170.0,0.21197774256031054
40.0,40.0,180.0,0.10109112699753864
40.0,40.0,190.0,0.12816230164764333
40.0,40.0,200.0,0.12260834504207423
40.0,40.0,210.0,0.025772938160720064
40.0,40.0,220.0,0.06120290010418468
40.0,40.0,230.0,0.014023252425438577
40.0,40.0,240.0,0.0
40.0,40.0,250.0,0.0
40.0,40.0,260.0,0.0
40.0,40.0,270.0,0.06386593562865153
40.0,40.0,280.0,0.036339158484285115
40.0,40.0,290.0,0.026147283445176892
40.0,50.0,0.0,0.0
40.0,50.0,10.0,0.0
40.0,50.0,20.0,0.02239205932012606
40.0,50.0,30.0,0.0
40.0,50.0,40.0,0.0
40.0,50.0,50.0,0.01579984044933801
40.0,50.0,60.0,0.0
40.0,50.0,70.0,0.019524303573667034
40.0,50.0,80.0,0.09395611992586327
40.0,50.0,90.0,0.08122065123692869
40.0,50.0,100.0,0.06191153979821711
40.0,50.0,110.0,0.2074967951101674
40.0,50.0,120.0,0.17373202977185231
40.0,50.0,130.0,0.15975592042500833
40.0,50.0,140.0,0.11404016976600947
40.0,50.0,150.0,0.28963132244241757
40.0,50.0,160.0,0.2164385987448677
40.0,50.0,170.0,0.1526148805808339
40.0,50.0,180.0,0.1678139049505169
40.0,50.0,190.0,0.07533082688424265
40.0,50.0,200.0,0.029306611397057675
40.0,50.0,210.0,0.0
40.0,50.0,220.0,0.0
40.0,50.0,230.0,0.13729847406127407
40.0,50.0,240.0,0.04069746225704257
40.0,50.0,250.0,0.06877946976934804
40.0,50.0,260.0,0.011122518447435401
40.0,50.0,270.0,0.03726587373985656
40.0,50.0,280.0,0.0
40.0,50.0,290.0,0.04018637512743866
40.0,60.0,0.0,0.11127244068267117
40.0,60.0,10.0,0.09754707024405332
40.0,60.0,20.0,0.043647047455551494
40.0,60.0,30.0,0.04141197282711124
40.0,60.0,40.0,0.0009379906292374673
40.0,60.0,50.0,0.07470546100435124
40.0,60.0,60.0,0.03698040150479756
40.0,60.0,70.0,0.08254445791796816
40.0,60.0,80.0,0.0
40.0,60.0,90.0,0.11446516845561126
40.0,60.0,100.0,0.1011469518895231
40.0,60.0,110.0,0.24217001642947433
40.0,60.0,120.0,0.27084484518426677
40.0,60.0,130.0,0.22578106848860702
40.0,60.0,140.0,0.22019948295101877
40.0,60.0,150.0,0.25989096256301525
40.0,60.0,160.0,0.16856357497632984
40.0,60.0,170.0,0.2109334551405041
40.0,60.0,180.0,0.2122003126054081
40.0,60.0,190.0,0.040775739090067264
40.0,60.0,200.0,0.03273812639726749
40.0,60.0,210.0,0.07595792785397994
40.0,60.0,220.0,0.06836585523813334
40.0,60.0,230.0,0.0
40.0,60.0,240.0,0.02841675339794776
40.0,60.0,250.0,0.04680790689338654
40.0,60.0,260.0,0.03693452823092827
40.0,60.0,270.0,0.03685373036659037
40.0,60.0,280.0,0.0
40.0,60.0,290.0,0.0
40.0,70.0,0.0,0.02970743596794169
40.0,70.0,10.0,0.00865279921420973
40.0,70.0,20.0,0.09380234024274443
40.0,70.0,30.0,0.03066354894806215
40.0,70.0,40.0,0.005468866402040135
40.0,70.0,50.0,0.011429113641281314
40.0,70.0,60.0,0.0
40.0,70.0,70.0,0.11937563254498326
40.0,70.0,80.0,0.08098398765315307
40.0,70.0,90.0,0.08469073883522356
40.0,70.0,100.0,0.20595252862274901
40.0,70.0,110.0,0.2467025803851177
40.0,70.0,120.0,0.20896447409996452
40.0,70.0,130.0,0.29637498652440375
40.0,70.0,140.0,0.239874996930344
40.0,70.0,150.0,0.16522762562656443
40.0,70.0,160.0,0.24057958656545508
40.0,70.0,170.0,0.15777153342149186
40.0,70.0,180.0,0.12747486985380535
40.0,70.0,190.0,0.12282390942094767
40.0,70.0,200.0,0.10132554688307871
40.0,70.0,210.0,0.0
40.0,70.0,220.0,0.09251803704539246
40.0,70.0,230.0,0.029748532002756387
40.0,70.0,240.0,0.023699589956123528
40.0,70.0,250.0,0.0
40.0,70.0,260.0,0.053952061333957274
40.0,70.0,270.0,0.0
40.0,70.0,280.0,0.0034272851792004053
40.0,70.0,290.0,0.0
40.0,80.0,0.0,0.0
40.0,80.0,10.0,0.0
40.0,80.0,20.0,0.030536363522241306
40.0,80.0,30.0,0.0
40.0,80.0,40.0,0.02487986040465041
40.0,80.0,50.0,0.009672603881069003
40.0,80.0,60.0,0.0
40.0,80.0,70.0,0.12352897281969658
40.0,80.0,80.0,0.02974555088198086
40.0,80.0,90.0,0.13930043504106226
40.0,80.0,100.0,0.19470500380392913
40.0,80.0,110.0,0.19930052714878277
40.0,80.0,120.0,0.2331206458745074
40.0,80.0,130.0,0.23516222063355496
40.0,80.0,140.0,0.28531798836823247
40.0,80.0,150.0,0.3749867260035945
40.0,80.0,160.0,0.2590495012107248
40.0,80.0,170.0,0.22729137266418453
40.0,80.0,180.0,0.16295180911342974
40.0,80.0,190.0,0.12055412597558782
40.0,80.0,200.0,0.08625469587242057
40.0,80.0,210.0,0.07833522147493846
40.0,80.0,220.0,0.07661616596510198
40.0,80.0,230.0,0.09411730515177263
40.0,80.0,240.0,0.0
40.0,80.0,250.0,0.0
40.0,80.0,260.0,0.004690578218771778
40.0,80.0,270.0,0.0
40.0,80.0,280.0,0.056852302406836246
40.0,80.0,290.0,0.012455516194786567
40.0,90.0,0.0,0.0
40.0,90.0,10.0,0.07269184321502369
40.0,90.0,20.0,0.00689036403615031
40.0,90.0,30.0,0.13283730490701948
40.0,90.0,40.0,0.04381345466478628
40.0,90.0,50.0,0.01741865916458712
40.0,90.0,60.0,0.0
40.0,90.0,70.0,0.030339816032673442
40.0,90.0,80.0,0.07242910048326191
40.0,90.0,90.0,0.10141711575778764
40.0,90.0,100.0,0.14701967531725987
40.0,90.0,110.0,0.2505742732474014
40.0,90.0,120.0,0.2229580376768295
40.0,90.0,130.0,0.34834435426295934
40.0,90.0,140.0,0.3498140675155225
40.0,90.0,150.0,0.3619475200530249
40.0,90.0,160.0,0.37560128450396413
40.0,90.0,170.0,0.2433275795763155
40.0,90.0,180.0,0.2211237524751262
40.0,90.0,190.0,0.1982808512768255
40.0,90.0,200.0,0.1520088163497133
40.0,90.0,210.0,0.0858998597411062
40.0,90.0,220.0,0.12224233589793301
40.0,90.0,230.0,0.05321468459838895
40.0,90.0,240.0,0.0
40.0,90.0,250.0,0.059097096866812186
40.0,90.0,260.0,0.013591037766099
40.0,90.0,270.0,0.0
40.0,90.0,280.0,0.0
40.0,90.0,290.0,0.056988304949181355
40.0,100.0,0.0,0.1303995058279775
40.0,100.0,10.0,0.08405262974581783
40.0,100.0,20.0,0.011831744212084116
40.0,100.0,30.0,0.06086923794204504
40.0,100.0,40.0,0.015009068279022982
40.0,100.0,50.0,0.0
40.0,100.0,60.0,0.02418189187430554
40.0,100.0,70.0,0.1374768341529608
40.0,100.0,80.0,0.11560287385384863
40.0,100.0,90.0,0.18686080466981955
40.0,100.0,100.0,0.1800461014642169
40.0,100.0,110.0,0.061303956092774003
40.0,100.0,120.0,0.33920306676357775
40.0,100.0,130.0,0.43873644140932166
40.0,100.0,140.0,0.39197822294056023
40.0,100.0,150.0,0.3784181199988446
40.0,100.0,160.0,0.33967618381592046
40.0,100.0,170.0,0.3489433346346054
40.0,100.0,180.0,0.22055795206306628
40.0,100.0,190.0,0.267623009449151
40.0,100.0,200.0,0.16329443044946315
40.0,100.0,210.0,0.1603709442067886
40.0,100.0,220.0,0.0
40.0,100.0,230.0,0.013325230842507044
40.0,100.0,240.0,0.037146750505051854
40.0,100.0,250.0,0.04212774139066409
40.0,100.0,260.0,0.032099249981856585
40.0,100.0,270.0,0.0
40.0,100.0,280.0,0.014187531807813115
40.0,100.0,290.0,0.037144642737528856
40.0,110.0,0.0,0.0
40.0,110.0,10.0,0.0
40.0,110.0,20.0,0.04689933741067039
40.0,110.0,30.0,0.0
40.0,110.0,40.0,0.0
40.0,110.0,50.0,0.004527879871588935
40.0,110.0,60.0,0.06052936761404022
40.0,110.0,70.0,0.03601900848720991
40.0,110.0,80.0,0.19613619959105372
40.0,110.0,90.0,0.20074037615775736
40.0,110.0,100.0,0.17257679332451833
40.0,110.0,110.0,0.3417007701710322
40.0,110.0,120.0,0.37133384676806186
40.0,110.0,130.0,0.38403039137246586
40.0,110.0,140.0,0.39804196923127333
40.0,110.0,150.0,0.4014236946701951
40.0,110.0,160.0,0.3211417224320017
40.0,110.0,170.0,0.3022208449612001
40.0,110.0,180.0,0.3012295303124977
40.0,110.0,190.0,0.20180049041743614
40.0,110.0,200.0,0.1940300451437859
40.0,110.0,210.0,0.07438353656493688
40.0,110.0,220.0,0.056531736337727845
40.0,110.0,230.0,0.06836259531610353
40.0,110.0,240.0,0.02717977074941763
40.0,110.0,250.0,0.0
40.0,110.0,260.0,0.08845667055296794
40.0,110.0,270.0,0.08571343109487589
40.0,110.0,280.0,0.017526736345400074
40.0,110.0,290.0,0.0
40.0,120.0,0.0,0.0
40.0,120.0,10.0,0.054289055560760406
40.0,120.0,20.0,0.0
40.0,120.0,30.0,0.0
40.0,120.0,40.0,0.09223299972958325
40.0,120.0,50.0,0.0
40.0,120.0,60.0,0.041183606274813246
40.0,120.0,70.0,0.0964205457396777
40.0,120.0,80.0,0.10342827822480734
40.0,120.0,90.0,0.12602319538980442
40.0,120.0,100.0,0.2123583511172927
40.0,120.0,110.0,0.24365265149898654
40.0,120.0,120.0,0.37822664688283314
40.0,120.0,130.0,0.34034158517544
40.0,120.0,140.0,0.4173228913533031
40.0,120.0,150.0,0.33605664444911787
40.0,120.0,160.0,0.335365872400208
40.0,120.0,170.0,0.3752119847842709
40.0,120.0,180.0,0.3787000441069381
40.0,120.0,190.0,0.28809166232588135
40.0,120.0,200.0,0.14408613143614357
40.0,120.0,210.0,0.08614093800729601
40.0,120.0,220.0,0.0109509503761865
40.0,120.0,230.0,0.016610869545772296
40.0,120.0,240.0,0.02363730701312848
40.0,120.0,250.0,0.004800249933785489
40.0,120.0,260.0,0.0
40.0,120.0,270.0,0.0
40.0,120.0,280.0,0.04478262053897656
40.0,120.0,290.0,0.0
40.0,130.0,0.0,0.0018142743829204003
40.0,130.0,10.0,7.831249305775465e-05
40.0,130.0,20.0,0.0
40.0,130.0,30.0,0.0074797217746063556
40.0,130.0,40.0,0.07245880186093559
40.0,130.0,50.0,0.08960497524664725
40.0,130.0,60.0,0.07302063064477407
40.0,130.0,70.0,0.034367255760398674
40.0,130.0,80.0,0.04099909806085994
40.0,130.0,90.0,0.19103771041454976
40.0,130.0,100.0,0.2079425189295589
40.0,130.0,110.0,0.25698125167447655
40.0,130.0,120.0,0.34635292325041295
40.0,130.0,130.0,0.33085924911698283
40.0,130.0,140.0,0.38153646505920347
40.0,130.0,150.0,0.43501291176853035
40.0,130.0,160.0,0.37423325168737
40.0,130.0,170.0,0.29641406804209913
40.0,130.0,180.0,0.296793582676901
40.0,130.0,190.0,0.22002074901461086
40.0,130.0,200.0,0.14741392552455487
40.0,130.0,210.0,0.22563510331419678
40.0,130.0,220.0,0.07651377269091572
40.0,130.0,230.0,0.10574921369622234
40.0,130.0,240.0,0.0
40.0,130.0,250.0,0.02861490459273453
40.0,130.0,260.0,0.0
40.0,130.0,270.0,0.1676636923349961
40.0,130.0,280.0,0.0
40.0,130.0,290.0,0.07286403319015504
40.0,140.0,0.0,0.03470187643473811
40.0,140.0,10.0,0.0
40.0,140.0,20.0,0.0
40.0,140.0,30.0,0.0
40.0,140.0,40.0,0.0
40.0,140.0,50.0,0.03863094296091376
40.0,140.0,60.0,0.03766467862926884
40.0,140.0,70.0,0.06555833172731128
40.0,140.0,80.0,0.09407018018014218
40.0,140.0,90.0,0.12078590408899978
40.0,140.0,100.0,0.30152030629517157
40.0,140.0,110.0,0.2905441072999611
40.0,140.0,120.0,0.344735732688601
40.0,140.0,130.0,0.45946625796308027
40.0,140.0,140.0,0.34078985384836774
40.0,140.0,150.0,0.38373435809175716
40.0,140.0,160.0,0.35200563481549385
40.0,140.0,170.0,0.3816703455693673
40.0,140.0,180.0,0.39776452266109485
40.0,140.0,190.0,0.25323068416784567
40.0,140.0,200.0,0.1687568517046093
40.0,140.0,210.0,0.14237898955126138
40.0,140.0,220.0,0.120460932030298
40.0,140.0,230.0,0.020436506247686843
40.0,140.0,240.0,0.0
40.0,140.0,250.0,0.0
40.0,140.0,260.0,0.04573847091665664
40.0,140.0,270.0,0.019517386882322806
40.0,140.0,280.0,0.0
40.0,140.0,290.0,0.07296291794634915
40.0,150.0,0.0,0.0
40.0,150.0,10.0,0.09636076183585358
40.0,150.0,20.0,0.04987178873289037
40.0,150.0,30.0,0.03490573956399352
40.0,150.0,40.0,0.0
40.0,150.0,50.0,0.02918210206217938
40.0,150.0,60.0,0.13425599655416515
40.0,150.0,70.0,0.05699601411520733
40.0,150.0,80.0,0.06877021342214493
40.0,150.0,90.0,0.13354402580173347
40.0,150.0,100.0,0.2895156732703651
40.0,150.0,110.0,0.25926433573305974
40.0,150.0,120.0,0.341411221572807
40.0,150.0,130.0,0.42886808253209824
40.0,150.0,140.0,0.5267883323129645
40.0,150.0,150.0,0.37171812898419215
40.0,150.0,160.0,0.37596512805574395
40.0,150.0,170.0,0.30911877018303635
40.0,150.0,180.0,0.27788192694582237
40.0,150.0,190.0,0.28252701146297693
40.0,150.0,200.0,0.21661992101959388
40.0,150.0,210.0,0.11246502929607384
40.0,150.0,220.0,0.08171792174297413
40.0,150.0,230.0,0.06611808777012701
40.0,150.0,240.0,0.1091661206172277
40.0,150.0,250.0,0.11976205218099326
40.0,150.0,260.0,0.029405838903603196
40.0,150.0,270.0,0.022683378224492238
40.0,150.0,280.0,0.058884845863621436
40.0,150.0,290.0,0.04493496422193701
40.0,160.0,0.0,0.021995112099746496
40.0,160.0,10.0,0.05204870307146607
40.0,160.0,20.0,0.0
40.0,160.0,30.0,0.0
40.0,160.0,40.0,0.03188368786933888
40.0,160.0,50.0,0.03417689195103177
40.0,160.0,60.0,0.0
40.0,160.0,70.0,0.09665579302237179
40.0,160.0,80.0,0.09280034491311816
40.0,160.0,90.0,0.13008907365503058
40.0,160.0,100.0,0.12556448537444545
40.0,160.0,110.0,0.3272692261588552
40.0,160.0,120.0,0.30706489841530693
40.0,160.0,130.0,0.39593735873245856
40.0,160.0,140.0,0.4054587207219999
40.0,160.0,150.0,0.3061244224554227
40.0,160.0,160.0,0.2925493174913312
40.0,160.0,170.0,0.3111598250977865
40.0,160.0,180.0,0.27718402333684394
40.0,160.0,190.0,0.23766118264549568
40.0,160.0,200.0,0.09183413535194763
40.0,160.0,210.0,0.16592829686670776
40.0,160.0,220.0,0.07352466711993784
40.0,160.0,230.0,0.07889626527224435
40.0,160.0,240.0,0.04595299048608719
40.0,160.0,250.0,0.0
40.0,160.0,260.0,0.0
40.0,160.0,270.0,0.03127372729036123
40.0,160.0,280.0,0.0
40.0,160.0,290.0,0.0
40.0,170.0,0.0,0.0
40.0,170.0,10.0,0.0
40.0,170.0,20.0,0.05856228189246365
40.0,170.0,30.0,0.0
40.0,170.0,40.0,0.0
40.0,170.0,50.0,0.032937425224365637
40.0,170.0,60.0,0.08728210359068148
40.0,170.0,70.0,0.10554680988664501
40.0,170.0,80.0,0.1040784129251448
40.0,170.0,90.0,0.20968670879154833
40.0,170.0,100.0,0.2551306275157768
40.0,170.0,110.0,0.21408677067615983
40.0,170.0,120.0,0.388035935070411
40.0,170.0,130.0,0.35467396300541754
40.0,170.0,140.0,0.46066124045413664
40.0,170.0,150.0,0.4635140571645826
40.0,170.0,160.0,0.2825490087346335
40.0,170.0,170.0,0.2877166610557356
40.0,170.0,180.0,0.2694849835068279
40.0,170.0,190.0,0.2369449228865273
40.0,170.0,200.0,0.15827266396186487
40.0,170.0,210.0,0.14902677666739195
40.0,170.0,220.0,0.09054983421426127
40.0,170.0,230.0,0.018058382535590382
40.0,170.0,240.0,0.0
40.0,170.0,250.0,0.0
40.0,170.0,260.0,0.034111978231510236
40.0,170.0,270.0,0.031892062557794525
40.0,170.0,280.0,0.0
40.0,170.0,290.0,0.0
40.0,180.0,0.0,0.06211733525542651
40.0,180.0,10.0,0.09358704971819197
40.0,180.0,20.0,0.07115166578575775
40.0,180.0,30.0,0.10213435551143711
40.0,180.0,40.0,0.0
40.0,180.0,50.0,0.060944580818855607
40.0,180.0,60.0,0.11170593430104664
40.0,180.0,70.0,0.08131492136465897
40.0,180.0,80.0,0.017768699763571733
40.0,180.0,90.0,0.18026647423638578
40.0,180.0,100.0,0.17071403029337587
40.0,180.0,110.0,0.33511258823664675
40.0,180.0,120.0,0.34552262900706837
40.0,180.0,130.0,0.3546163320259823
40.0,180.0,140.0,0.3892283362601263
40.0,180.0,150.0,0.34037181859864907
40.0,180.0,160.0,0.3603010723288741
40.0,180.0,170.0,0.26748965867254737
40.0,180.0,180.0,0.2576030649307127
40.0,180.0,190.0,0.25717280781578084
40.0,180.0,200.0,0.20812064138555314
40.0,180.0,210.0,0.13001989729883498
40.0,180.0,220.0,0.047193651184127196
40.0,180.0,230.0,0.019062689144023398
40.0,180.0,240.0,0.0
40.0,180.0,250.0,0.0425290449172234
40.0,180.0,260.0,0.09939498915783537
40.0,180.0,270.0,0.0
40.0,180.0,280.0,0.0
40.0,180.0,290.0,0.0
40.0,190.0,0.0,0.07772451229258683
40.0,190.0,10.0,0.0
40.0,190.0,20.0,0.03795802844566066
40.0,190.0,30.0,0.04862271877428796
40.0,190.0,40.0,0.0
40.0,190.0,50.0,0.010906168619038278
40.0,190.0,60.0,0.045674123137140414
40.0,190.0,70.0,0.12772499956194058
40.0,190.0,80.0,0.1211968134347205
40.0,190.0,90.0,0.1279658003729205
40.0,190.0,100.0,0.13998115607667805
40.0,190.0,110.0,0.23850013341204024
40.0,190.0,120.0,0.3418878368657362
40.0,190.0,130.0,0.34078376600305477
40.0,190.0,140.0,0.3329132042941216
40.0,190.0,150.0,0.3705641721985623
40.0,190.0,160.0,0.3185951390150623
40.0,190.0,170.0,0.3011373347891598
40.0,190.0,180.0,0.2768892181282931
40.0,190.0,190.0,0.20207061024053352
40.0,190.0,200.0,0.1139965224322837
40.0,190.0,210.0,0.09956569913061104
40.0,190.0,220.0,0.09343999308471067
40.0,190.0,230.0,0.1656408180007476
40.0,190.0,240.0,0.01677812477801005
40.0,190.0,250.0,0.050946243879038566
40.0,190.0,260.0,0.0
40.0,190.0,270.0,0.006659991215791257
40.0,190.0,280.0,0.018482308101565193
40.0,190.0,290.0,0.06349556271326298
40.0,200.0,0.0,0.015233067740722004
40.0,200.0,10.0,0.0
40.0,200.0,20.0,0.0
40.0,200.0,30.0,0.004682276026690996
40.0,200.0,40.0,0.037227008993573944
40.0,200.0,50.0,0.0
40.0,200.0,60.0,0.001252731778524592
40.0,200.0,70.0,0.0
40.0,200.0,80.0,0.16604884675412201
40.0,200.0,90.0,0.09953978646889455
40.0,200.0,100.0,0.242842002546019
40.0,200.0,110.0,0.24828950037095762
40.0,200.0,120.0,0.26449328410831696
40.0,200.0,130.0,0.2378957812959788
40.0,200.0,140.0,0.2877287387137777
40.0,200.0,150.0,0.3637638026999085
40.0,200.0,160.0,0.31240278725346027
40.0,200.0,170.0,0.2596792288203897
40.0,200.0,180.0,0.22191976097826843
40.0,200.0,190.0,0.3244480569393019
40.0,200.0,200.0,0.16487079456060194
40.0,200.0,210.0,0.11544211056951326
40.0,200.0,220.0,0.07907100215705114
40.0,200.0,230.0,0.14074359825674065
40.0,200.0,240.0,0.12659342658698208
40.0,200.0,250.0,0.09857789450248672
40.0,200.0,260.0,0.0
40.0,200.0,270.0,0.016762881122908666
40.0,200.0,280.0,0.0
40.0,200.0,290.0,0.054312782539599515
40.0,210.0,0.0,0.005484628393843923
40.0,210.0,10.0,0.0
40.0,210.0,20.0,0.00944636419832663
40.0,210.0,30.0,0.025101650232184525
40.0,210.0,40.0,0.0
40.0,210.0,50.0,0.042668662777162136
40.0,210.0,60.0,0.06632200264409105
40.0,210.0,70.0,0.0
40.0,210.0,80.0,0.12137745317631331
40.0,210.0,90.0,0.13204842179070866
40.0,210.0,100.0,0.2670330103890555
40.0,210.0,110.0,0.23905840215311544
40.0,210.0,120.0,0.25537669888557724
40.0,210.0,130.0,0.28830505619586816
40.0,210.0,140.0,0.34287957735007685
40.0,210.0,150.0,0.25583401461308275
40.0,210.0,160.0,0.37229250758904847
40.0,210.0,170.0,0.20723227791242027
40.0,210.0,180.0,0.24431836471941953
40.0,210.0,190.0,0.14596133328521388
40.0,210.0,200.0,0.06160244962042209
40.0,210.0,210.0,0.11479509240482277
40.0,210.0,220.0,0.0
40.0,210.0,230.0,0.039628030776807543
40.0,210.0,240.0,0.01320756199746024
40.0,210.0,250.0,0.03631536920608204
40.0,210.0,260.0,0.005648107290561216
40.0,210.0,270.0,0.0
40.0,210.0,280.0,0.0
40.0,210.0,290.0,0.06302124740268028
40.0,220.0,0.0,0.060693501757743934
40.0,220.0,10.0,0.0
40.0,220.0,20.0,0.0
40.0,220.0,30.0,0.0
40.0,220.0,40.0,0.10085616671000802
40.0,220.0,50.0,0.0
40.0,220.0,60.0,0.006966735625184524
40.0,220.0,70.0,0.01794929524517655
40.0,220.0,80.0,0.02959401050426582
40.0,220.0,90.0,0.10388909487491
40.0,220.0,100.0,0.19260603450806008
40.0,220.0,110.0,0.20472310575645913
40.0,220.0,120.0,0.2788577947718452
40.0,220.0,130.0,0.2054622001396441
40.0,220.0,140.0,0.3050549395111461
40.0,220.0,150.0,0.2545107613640334
40.0,220.0,160.0,0.35268183839544986
40.0,220.0,170.0,0.26786154094416137
40.0,220.0,180.0,0.12633468960392863
40.0,220.0,190.0,0.11660175263352135
40.0,220.0,200.0,0.1105916685776149
40.0,220.0,210.0,0.11823334195096838
40.0,220.0,220.0,0.04104440499979254
40.0,220.0,230.0,0.021776610502757827
40.0,220.0,240.0,0.011108118001285458
40.0,220.0,250.0,0.007243718325446166
40.0,220.0,260.0,0.09508221928280318
40.0,220.0,270.0,0.0
40.0,220.0,280.0,0.0006122507838217019
40.0,220.0,290.0,0.0
40.0,230.0,0.0,0.06650657297823666
40.0,230.0,10.0,0.011070903978773423
40.0,230.0,20.0,0.02647672755514243
40.0,230.0,30.0,0.0
40.0,230.0,40.0,0.0
40.0,230.0,50.0,0.0
40.0,230.0,60.0,0.0
40.0,230.0,70.0,0.0
40.0,230.0,80.0,0.013148568197191658
40.0,230.0,90.0,0.045837981257564775
40.0,230.0,100.0,0.24431782868250318
40.0,230.0,110.0,0.09972723376467187
40.0,230.0,120.0,0.18611172117140795
40.0,230.0,130.0,0.22797698391480706
40.0,230.0,140.0,0.31317722198472076
40.0,230.0,150.0,0.23483182548551249
40.0,230.0,160.0,0.18718743585589392
40.0,230.0,170.0,0.24684822595012276
40.0,230.0,180.0,0.2204321415955831
40.0,230.0,190.0,0.12167918322587644
40.0,230.0,200.0,0.07831865928957052
40.0,230.0,210.0,0.11756297325393784
40.0,230.0,220.0,0.10648540382995558
40.0,230.0,230.0,0.09548297561172757
40.0,230.0,240.0,0.025243967804567054
40.0,230.0,250.0,0.0
40.0,230.0,260.0,0.0
40.0,230.0,270.0,0.09291619217350978
40.0,230.0,280.0,0.016026910135079543
40.0,230.0,290.0,0.0
40.0,240.0,0.0,0.0
40.0,240.0,10.0,0.0
40.0,240.0,20.0,0.01669968837879152
40.0,240.0,30.0,0.05026300301541929
40.0,240.0,40.0,0.020964745216467726
40.0,240.0,50.0,0.05991183734224228
40.0,240.0,60.0,0.07868334798126
40.0,240.0,70.0,0.09000919472547225
40.0,240.0,80.0,0.005565978517417816
40.0,240.0,90.0,0.10354054365131388
40.0,240.0,100.0,0.11849114074854007
40.0,240.0,110.0,0.134301066404087
40.0,240.0,120.0,0.11064189406325836
40.0,240.0,130.0,0.13907539732447766
40.0,240.0,140.0,0.1253464795097357
40.0,240.0,150.0,0.26236625906967764
40.0,240.0,160.0,0.09939465651541833
40.0,240.0,170.0,0.17351645601290663
40.0,240.0,180.0,0.17277867593674678
40.0,240.0,190.0,0.04009017029413932
40.0,240.0,200.0,0.07296383172138529
40.0,240.0,210.0,0.08841910419287474
40.0,240.0,220.0,0.0
40.0,240.0,230.0,0.0847934014541942
40.0,240.0,240.0,0.10452857559200313
40.0,240.0,250.0,0.0032388821364533974
40.0,240.0,260.0,0.029999318989254523
40.0,240.0,270.0,0.0
40.0,240.0,280.0,0.007892363376807978
40.0,240.0,290.0,0.0
40.0,250.0,0.0,0.0
40.0,250.0,10.0,0.0
40.0,250.0,20.0,0.0
40.0,250.0,30.0,0.13729207634076107
40.0,250.0,40.0,0.04356505727472993
40.0,250.0,50.0,0.02408504514426324
40.0,250.0,60.0,0.038518652809135925
40.0,250.0,70.0,0.11087618671041086
40.0,250.0,80.0,0.09081324083472692
40.0,250.0,90.0,0.06651172530560195
40.0,250.0,100.0,0.09997090615556584
40.0,250.0,110.0,0.10092449027398752
40.0,250.0,120.0,0.0965096511504693
40.0,250.0,130.0,0.18195550184388556
40.0,250.0,140.0,0.23507293159594464
40.0,250.0,150.0,0.2606514330814171
40.0,250.0,160.0,0.11027172825115046
40.0,250.0,170.0,0.10223815214150328
40.0,250.0,180.0,0.118198132720518
40.0,250.0,190.0,0.09728653409774413
40.0,250.0,200.0,0.05166236344735224
40.0,250.0,210.0,0.01876847185083154
40.0,250.0,220.0,0.04074366970492186
40.0,250.0,230.0,0.07921285945585638
40.0,250.0,240.0,0.030043708261257816
40.0,250.0,250.0,0.015616548726252635
40.0,250.0,260.0,0.03484137638543824
40.0,250.0,270.0,0.0
40.0,250.0,280.0,0.0
40.0,250.0,290.0,0.0
40.0,260.0,0.0,0.05434383318491197
40.0,260.0,10.0,0.000850719351702296
40.0,260.0,20.0,0.04580053970795412
40.0,260.0,30.0,0.10122983076350885
40.0,260.0,40.0,0.0
40.0,260.0,50.0,0.09997367359219658
40.0,260.0,60.0,0.007577478922317771
40.0,260.0,70.0,0.025225338029782888
40.0,260.0,80.0,0.05437386684507435
40.0,260.0,90.0,0.04651006823865337
40.0,260.0,100.0,0.04281594571328362
40.0,260.0,110.0,0.14108331498305668
40.0,260.0,120.0,0.04167557008947209
40.0,260.0,130.0,0.11295654790574365
40.0,260.0,140.0,0.17333703887489466
40.0,260.0,150.0,0.20323879920029828
40.0,260.0,160.0,0.14332366136699531
40.0,260.0,170.0,0.07671550422163761
40.0,260.0,180.0,0.1310863846101391
40.0,260.0,190.0,0.09796828486986008
40.0,260.0,200.0,0.04529576441320879
40.0,260.0,210.0,0.07924281988385562
40.0,260.0,220.0,0.08503533908015526
40.0,260.0,230.0,0.02733836525740837
40.0,260.0,240.0,0.0
40.0,260.0,250.0,0.0
40.0,260.0,260.0,0.018483011700929086
40.0,260.0,270.0,0.030687926880272318
40.0,260.0,280.0,0.0
40.0,260.0,290.0,0.0
40.0,270.0,0.0,0.014497817267799341
40.0,270.0,10.0,0.0
40.0,270.0,20.0,0.0
40.0,270.0,30.0,0.0
40.0,270.0,40.0,0.0010726125421618195
40.0,270.0,50.0,0.07711764615569648
40.0,270.0,60.0,0.05475635428665042
40.0,270.0,70.0,0.0504276808593946
40.0,270.0,80.0,0.0
40.0,270.0,90.0,0.05169831265514292
40.0,270.0,100.0,0.008574690107299526
40.0,270.0,110.0,0.0560720383996325
40.0,270.0,120.0,0.0
40.0,270.0,130.0,0.0931466813125301
40.0,270.0,140.0,0.15401796631520376
40.0,270.0,150.0,0.06807927135030917
40.0,270.0,160.0,0.1479889410747382
40.0,270.0,170.0,0.1015473758572997
40.0,270.0,180.0,0.11736256144983405
40.0,270.0,190.0,0.019178279591505143
40.0,270.0,200.0,0.03907703148354254
40.0,270.0,210.0,0.06614869929128718
40.0,270.0,220.0,0.05503850277056546
40.0,270.0,230.0,0.025057376182306114
40.0,270.0,240.0,0.05709338762182127
40.0,270.0,250.0,0.020936009648055302
40.0,270.0,260.0,0.0037921394416809825
40.0,270.0,270.0,0.0
40.0,270.0,280.0,0.05342221499450368
40.0,270.0,290.0,0.0
40.0,280.0,0.0,0.05287201244011137
40.0,280.0,10.0,0.0
40.0,280.0,20.0,0.050062120886160445
40.0,280.0,30.0,0.0
40.0,280.0,40.0,0.060847212629254216
40.0,280.0,50.0,0.0
40.0,280.0,60.0,0.08140746276344146
40.0,280.0,70.0,0.0
40.0,280.0,80.0,0.001007351775083102
40.0,280.0,90.0,0.04442172729931316
40.0,280.0,100.0,0.1546147223552564
40.0,280.0,110.0,0.17317466616731778
40.0,280.0,120.0,0.10654695066134307
40.0,280.0,130.0,0.04314524859999967
40.0,280.0,140.0,0.2569302147387571
40.0,280.0,150.0,0.182853583241393
40.0,280.0,160.0,0.12047017483696774
40.0,280.0,170.0,0.07267010524314704
40.0,280.0,180.0,0.05144550336321113
40.0,280.0,190.0,0.17450909794848002
40.0,280.0,200.0,0.026345038695917464
40.0,280.0,210.0,0.00968355133663417
40.0,280.0,220.0,0.045251199042760586
40.0,280.0,230.0,0.0
40.0,280.0,240.0,0.0
40.0,280.0,250.0,0.0
40.0,280.0,260.0,0.08507379001924373
40.0,280.0,270.0,0.0025749744328724786
40.0,280.0,280.0,0.0
40.0,280.0,290.0,0.0023925505737000426
40.0,290.0,0.0,0.03969555647354363
40.0,290.0,10.0,0.0
40.0,290.0,20.0,0.02448627595188956
40.0,290.0,30.0,0.027866852564856808
40.0,290.0,40.0,0.01417977594354362
40.0,290.0,50.0,0.0
40.0,290.0,60.0,0.0
40.0,290.0,70.0,0.0
40.0,290.0,80.0,0.021694373163395547
40.0,290.0,90.0,0.0
40.0,290.0,100.0,0.05343791941717091
40.0,290.0,110.0,0.0
40.0,290.0,120.0,0.021703134926935153
40.0,290.0,130.0,0.03147878038051273
40.0,290.0,140.0,0.07226659771864712
40.0,290.0,150.0,0.06479680331412646
40.0,290.0,160.0,0.014626375556778703
40.0,290.0,170.0,0.08780790407478628
40.0,290.0,180.0,0.0
40.0,290.0,190.0,0.14944875587741543
40.0,290.0,200.0,0.1040856207639934
40.0,290.0,210.0,0.013759017396820191
40.0,290.0,220.0,0.0
40.0,290.0,230.0,0.0019722643797304073
40.0,290.0,240.0,0.04436989602932444
40.0,290.0,250.0,0.0
40.0,290.0,260.0,0.03138523889386689
40.0,290.0,270.0,0.0
40.0,290.0,280.0,0.01100884384783104
40.0,290.0,290.0,0.062044058822809264
50.0,0.0,0.0,0.0
50.0,0.0,10.0,0.051057914579642066
50.0,0.0,20.0,0.0
50.0,0.0,30.0,0.0
50.0,0.0,40.0,0.0
50.0,0.0,50.0,0.06862900847645906
50.0,0.0,60.0,0.05634737161672357
50.0,0.0,70.0,0.0
50.0,0.0,80.0,0.06443613367682242
50.0,0.0,90.0,0.011004999463658606
50.0,0.0,100.0,0.07025425768159263
50.0,0.0,110.0,0.1563783073584759
50.0,0.0,120.0,0.0348366541323488
50.0,0.0,130.0,0.07318761295296655
50.0,0.0,140.0,0.09592952512085998
50.0,0.0,150.0,0.16195431291191956
50.0,0.0,160.0,0.13246958568778813
50.0,0.0,170.0,0.17688330082504775
50.0,0.0,180.0,0.05985552194735453
50.0,0.0,190.0,0.02064561495474984
50.0,0.0,200.0,0.036746021934875056
50.0,0.0,210.0,0.0
50.0,0.0,220.0,0.018640503089741804
50.0,0.0,230.0,0.0851151002223061
50.0,0.0,240.0,0.050867512354696956
50.0,0.0,250.0,0.0643581397239905
50.0,0.0,260.0,0.013295746993559374
50.0,0.0,270.0,0.0
50.0,0.0,280.0,0.03379012539328041
50.0,0.0,290.0,0.08079579384259826
50.0,10.0,0.0,0.0
50.0,10.0,10.0,0.0
50.0,10.0,20.0,0.01884556757970048
50.0,10.0,30.0,0.0
50.0,10.0,40.0,0.01719384148020921
50.0,10.0,50.0,0.0
50.0,10.0,60.0,0.0
50.0,10.0,70.0,0.05493266980186706
50.0,10.0,80.0,0.0
50.0,10.0,90.0,0.04377874827475047
50.0,10.0,100.0,0.0
50.0,10.0,110.0,0.014231346187001795
50.0,10.0,120.0,0.14148596103504044
50.0,10.0,130.0,0.20510279218600078
50.0,10.0,140.0,0.21307995412083106
50.0,10.0,150.0,0.1922636032481012
50.0,10.0,160.0,0.09139509437306195
50.0,10.0,170.0,0.0844480820146861
50.0,10.0,180.0,0.11338588527985347
50.0,10.0,190.0,0.1388710490179323
50.0,10.0,200.0,0.024628465045990415
50.0,10.0,210.0,0.11287991070515804
50.0,10.0,220.0,0.0
50.0,10.0,230.0,0.0038853882194192692
50.0,10.0,240.0,0.0
50.0,10.0,250.0,0.0
50.0,10.0,260.0,0.05906098765766462
50.0,10.0,270.0,0.07682597827079406
50.0,10.0,280.0,0.0793171066027916
50.0,10.0,290.0,0.03604555104298698
50.0,20.0,0.0,0.0
50.0,20.0,10.0,0.0
50.0,20.0,20.0,0.0
50.0,20.0,30.0,0.0
50.0,20.0,40.0,0.0
50.0,20.0,50.0,0.04339487753223191
50.0,20.0,60.0,0.13385699684875754
50.0,20.0,70.0,0.026730003612578275
50.0,20.0,80.0,0.06759075817733318
50.0,20.0,90.0,0.07218883366411087
50.0,20.0,100.0,0.051504850872644635
50.0,20.0,110.0,0.2178808042912504
50.0,20.0,120.0,0.12597191879668074
50.0,20.0,130.0,0.1907545886343652
50.0,20.0,140.0,0.16676669711610692
50.0,20.0,150.0,0.1748664746807884
50.0,20.0,160.0,0.19338196689146905
50.0,20.0,170.0,0.15350935871943056
50.0,20.0,180.0,0.181631035265444
50.0,20.0,190.0,0.06886652066078033
50.0,20.0,200.0,0.12532379791890946
50.0,20.0,210.0,0.023958040897149577
50.0,20.0,220.0,0.016334681920639395
50.0,20.0,230.0,0.0
50.0,20.0,240.0,0.04533758413057059
50.0,20.0,250.0,0.0464593956023324
50.0,20.0,260.0,0.009559882592803777
50.0,20.0,270.0,0.0
50.0,20.0,280.0,0.0
50.0,20.0,290.0,0.006941559568723152
50.0,30.0,0.0,0.06803720739453532
50.0,30.0,10.0,0.0
50.0,30.0,20.0,0.0
50.0,30.0,30.0,0.0
50.0,30.0,40.0,0.02345387314846191
50.0,30.0,50.0,0.0
50.0,30.0,60.0,0.0015196374074052978
50.0,30.0,70.0,0.0405490871951374
50.0,30.0,80.0,0.1092087472683822
50.0,30.0,90.0,0.11780991782356742
50.0,30.0,100.0,0.15260266885645052
50.0,30.0,110.0,0.12025824128163783
50.0,30.0,120.0,0.12351519754374515
50.0,30.0,130.0,0.21721085318647101
50.0,30.0,140.0,0.14980647782433354
50.0,30.0,150.0,0.14924626439675676
50.0,30.0,160.0,0.18974944031940644
50.0,30.0,170.0,0.20519404025005966
50.0,30.0,180.0,0.20171769677116297
50.0,30.0,190.0,0.17603489777350784
50.0,30.0,200.0,0.140016026427502
50.0,30.0,210.0,0.07672873914787882
50.0,30.0,220.0,0.0939620024924023
50.0,30.0,230.0,0.0962191358750758
50.0,30.0,240.0,0.014985370076759139
50.0,30.0,250.0,0.045035148084584385
50.0,30.0,260.0,0.0
50.0,30.0,270.0,0.0003730432888659535
50.0,30.0,280.0,0.07655382576705483
50.0,30.0,290.0,0.03801688824993007
50.0,40.0,0.0,0.0
50.0,40.0,10.0,0.06302530908837116
50.0,40.0,20.0,0.0
50.0,40.0,30.0,0.10162294628802522
50.0,40.0,40.0,0.0
50.0,40.0,50.0,0.0
50.0,40.0,60.0,0.02408740728941352
50.0,40.0,70.0,0.05901862033809438
50.0,40.0,80.0,0.08642922713693542
50.0,40.0,90.0,0.08729210968063185
50.0,40.0,100.0,0.2045170117919896
50.0,40.0,110.0,0.10433558071541428
50.0,40.0,120.0,0.10388634634524818
50.0,40.0,130.0,0.22771992234508592
50.0,40.0,140.0,0.20154755528900425
50.0,40.0,150.0,0.162000623871211
50.0,40.0,160.0,0.3026753948467889
50.0,40.0,170.0,0.23537683703592543
50.0,40.0,180.0,0.10972598366760447
50.0,40.0,190.0,0.17712291257786314
50.0,40.0,200.0,0.13174104118262747
50.0,40.0,210.0,0.0
50.0,40.0,220.0,0.09175422538539502
50.0,40.0,230.0,0.04517930931792171
50.0,40.0,240.0,0.06420250440099969
50.0,40.0,250.0,0.0005493741647174099
50.0,40.0,260.0,0.008796755619787273
50.0,40.0,270.0,0.0
50.0,40.0,280.0,0.04278766227665538
50.0,40.0,290.0,0.1043463696787344
50.0,50.0,0.0,0.06554457012632824
50.0,50.0,10.0,0.027191608083416658
50.0,50.0,20.0,0.02072355775972376
50.0,50.0,30.0,0.0018990475292255766
50.0,50.0,40.0,0.04458502430900768
50.0,50.0,50.0,0.0
50.0,50.0,60.0,0.04956333141872021
50.0,50.0,70.0,0.026336882305975338
50.0,50.0,80.0,0.14125811203499095
50.0,50.0,90.0,0.08592684627086551
50.0,50.0,100.0,0.2587865989266306
50.0,50.0,110.0,0.2017080825903944
50.0,50.0,120.0,0.23250004426729012
50.0,50.0,130.0,0.2888787520622247
50.0,50.0,140.0,0.34296793486123067
50.0,50.0,150.0,0.26620487367470913
50.0,50.0,160.0,0.2995367676274268
50.0,50.0,170.0,0.13622174112632907
50.0,50.0,180.0,0.2515078108667127
50.0,50.0,190.0,0.1633785254405019
50.0,50.0,200.0,0.14220211145728648
50.0,50.0,210.0,0.06599539282909732
50.0,50.0,220.0,0.06554128836148215
50.0,50.0,230.0,0.030598747878819024
50.0,50.0,240.0,0.008932198429350866
50.0,50.0,250.0,0.0
50.0,50.0,260.0,0.017403470766655705
50.0,50.0,270.0,0.0
50.0,50.0,280.0,0.0
50.0,50.0,290.0,0.11140338532868149
50.0,60.0,0.0,0.10034772945083152
50.0,60.0,10.0,0.1057158097116215
50.0,60.0,20.0,0.0065379689367653
50.0,60.0,30.0,0.06369172156157336
50.0,60.0,40.0,0.0
50.0,60.0,50.0,0.0
50.0,60.0,60.0,0.04199103887867195
50.0,60.0,70.0,0.0
50.0,60.0,80.0,0.035320624791608767
50.0,60.0,90.0,0.16564864978364935
50.0,60.0,100.0,0.1640144805239181
50.0,60.0,110.0,0.20933532961179063
50.0,60.0,120.0,0.21337167588371897
50.0,60.0,130.0,0.33614760470504146
50.0,60.0,140.0,0.32679144819025896
50.0,60.0,150.0,0.36264250194553566
50.0,60.0,160.0,0.294561192819979
50.0,60.0,170.0,0.30806557640097726
50.0,60.0,180.0,0.14646684183544176
50.0,60.0,190.0,0.2256538724342066
50.0,60.0,200.0,0.14454003533876097
50.0,60.0,210.0,0.06731056673774527
50.0,60.0,220.0,0.1054314366636609
50.0,60.0,230.0,0.0
50.0,60.0,240.0,0.07073696338183932
50.0,60.0,250.0,0.03362710261026563
50.0,60.0,260.0,0.07910904221091854
50.0,60.0,270.0,0.07973083015086183
50.0,60.0,280.0,0.0317452951436433
50.0,60.0,290.0,0.02241569441508574
50.0,70.0,0.0,0.0
50.0,70.0,10.0,0.014529324474287938
50.0,70.0,20.0,0.026074385398421995
50.0,70.0,30.0,0.051084903638922666
50.0,70.0,40.0,0.05280978844098319
50.0,70.0,50.0,0.1460059229636087
50.0,70.0,60.0,0.07839851638422149
50.0,70.0,70.0,0.07412757504697484
50.0,70.0,80.0,0.11818643876216642
50.0,70.0,90.0,0.14545533521777382
50.0,70.0,100.0,0.27947997534302205
50.0,70.0,110.0,0.27977527916097195
50.0,70.0,120.0,0.3614474065309864
50.0,70.0,130.0,0.2800103859503106
50.0,70.0,140.0,0.3279655012113475
50.0,70.0,150.0,0.33748627423247424
50.0,70.0,160.0,0.3260821863826071
50.0,70.0,170.0,0.40781589822967745
50.0,70.0,180.0,0.1806453948909817
50.0,70.0,190.0,0.1512018187650046
50.0,70.0,200.0,0.057000982453386986
50.0,70.0,210.0,0.17589453089557222
50.0,70.0,220.0,0.10448768997429725
50.0,70.0,230.0,0.022559211981736816
50.0,70.0,240.0,0.0
50.0,70.0,250.0,0.0
50.0,70.0,260.0,0.0
50.0,70.0,270.0,0.02992949842938158
50.0,70.0,280.0,0.0
50.0,70.0,290.0,0.004895018315411016
50.0,80.0,0.0,0.0
50.0,80.0,10.0,0.0
50.0,80.0,20.0,0.0
50.0,80.0,30.0,0.0
50.0,80.0,40.0,0.0077519752867461975
50.0,80.0,50.0,0.033786326492380975
50.0,80.0,60.0,0.0
50.0,80.0,70.0,0.09758768636057996
50.0,80.0,80.0,0.03221651144262881
50.0,80.0,90.0,0.030837345758831236
50.0,80.0,100.0,0.23527343273497453
50.0,80.0,110.0,0.22365791382611894
50.0,80.0,120.0,0.3340999584563573
50.0,80.0,130.0,0.30728114001932094
50.0,80.0,140.0,0.3652810153971379
50.0,80.0,150.0,0.49184654556442015
50.0,80.0,160.0,0.3580499842407293
50.0,80.0,170.0,0.3569775689968254
50.0,80.0,180.0,0.3151446279232488
50.0,80.0,190.0,0.21718856963745825
50.0,80.0,200.0,0.23564663017027654
50.0,80.0,210.0,0.14769155935872202
50.0,80.0,220.0,0.06417001153205333
50.0,80.0,230.0,0.03626808854237383
50.0,80.0,240.0,0.02094149488235342
50.0,80.0,250.0,0.04409944530875785
50.0,80.0,260.0,0.0038963700569575673
50.0,80.0,270.0,0.04854058766355683
50.0,80.0,280.0,0.0
50.0,80.0,290.0,0.0
50.0,90.0,0.0,0.013397393561312585
50.0,90.0,10.0,0.10485546181407507
50.0,90.0,20.0,0.007772915960684253
50.0,90.0,30.0,0.0
50.0,90.0,40.0,0.0
50.0,90.0,50.0,0.0008239904402832648
50.0,90.0,60.0,0.06010825239911416
50.0,90.0,70.0,0.1271754534371801
50.0,90.0,80.0,0.13799513788460993
50.0,90.0,90.0,0.12834985282825453
50.0,90.0,100.0,0.2936921173321077
50.0,90.0,110.0,0.34577939010881936
50.0,90.0,120.0,0.421007697861525
50.0,90.0,130.0,0.4346101182551035
50.0,90.0,140.0,0.5164870864210196
50.0,90.0,150.0,0.39614006268778224
50.0,90.0,160.0,0.4674035234016549
50.0,90.0,170.0,0.31238126169329167
50.0,90.0,180.0,0.31461446757272105
50.0,90.0,190.0,0.20898678006779553
50.0,90.0,200.0,0.10646517932239605
50.0,90.0,210.0,0.07509799523050731
50.0,90.0,220.0,0.12759480851675736
50.0,90.0,230.0,0.08975790739449999
50.0,90.0,240.0,0.05470273489468895
50.0,90.0,250.0,0.0
50.0,90.0,260.0,0.0
50.0,90.0,270.0,0.03229636547940148
50.0,90.0,280.0,0.006733666800119182
50.0,90.0,290.0,0.0
50.0,100.0,0.0,0.0
50.0,100.0,10.0,0.02048112647909585
50.0,100.0,20.0,0.0
50.0,100.0,30.0,0.0
50.0,100.0,40.0,0.0
50.0,100.0,50.0,0.024776922795285827
50.0,100.0,60.0,0.018045750342699056
50.0,100.0,70.0,0.20609862602786277
50.0,100.0,80.0,0.1437243620308082
50.0,100.0,90.0,0.11969368482155913
50.0,100.0,100.0,0.23571088867275652
50.0,100.0,110.0,0.3441438659307462
50.0,100.0,120.0,0.38613761462705154
50.0,100.0,130.0,0.49725085438283345
50.0,100.0,140.0,0.40952531352565635
50.0,100.0,150.0,0.39249817673178733
50.0,100.0,160.0,0.5022443011479355
50.0,100.0,170.0,0.2995857091587136
50.0,100.0,180.0,0.23878775639714028
50.0,100.0,190.0,0.23324361234422183
50.0,100.0,200.0,0.085630029253662
50.0,100.0,210.0,0.1491908599511828
50.0,100.0,220.0,0.08585038922788006
50.0,100.0,230.0,0.0497123717438906
50.0,100.0,240.0,0.0
50.0,100.0,250.0,0.01579667424180483
50.0,100.0,260.0,0.0
50.0,100.0,270.0,0.054649841353300505
50.0,100.0,280.0,0.0
50.0,100.0,290.0,0.0
50.0,110.0,0.0,0.01113199835359045
50.0,110.0,10.0,0.06962242569118442
50.0,110.0,20.0,0.04303284063058064
50.0,110.0,30.0,0.027343478980379123
50.0,110.0,40.0,0.026881381286962082
50.0,110.0,50.0,0.0
50.0,110.0,60.0,0.027801676933735028
50.0,110.0,70.0,0.06201667657864035
50.0,110.0,80.0,0.2319319676654813
50.0,110.0,90.0,0.1714164689009809
50.0,110.0,100.0,0.2577215178110039
50.0,110.0,110.0,0.2968676914706352
50.0,110.0,120.0,0.4113160024315526
50.0,110.0,130.0,0.4798198054322389
50.0,110.0,140.0,0.414244286047144
50.0,110.0,150.0,0.5492058481469982
50.0,110.0,160.0,0.4908812208125132
50.0,110.0,170.0,0.5083778760132505
50.0,110.0,180.0,0.4335130807157362
50.0,110.0,190.0,0.22239575078699056
50.0,110.0,200.0,0.25591572373869614
50.0,110.0,210.0,0.09815697180144986
50.0,110.0,220.0,0.05984848585576267
50.0,110.0,230.0,0.013459810056165498
50.0,110.0,240.0,0.045294889496028806
50.0,110.0,250.0,0.042526280542479616
50.0,110.0,260.0,0.0
50.0,110.0,270.0,0.0
50.0,110.0,280.0,0.0
50.0,110.0,290.0,0.0
50.0,120.0,0.0,0.0
50.0,120.0,10.0,0.028109654383669247
50.0,120.0,20.0,0.014164596368519973
50.0,120.0,30.0,0.0
50.0,120.0,40.0,0.053776867384334334
50.0,120.0,50.0,0.003754954576812259
50.0,120.0,60.0,0.12312531984470045
50.0,120.0,70.0,0.05870853826839857
50.0,120.0,80.0,0.14888978294038546
50.0,120.0,90.0,0.2189917516846581
50.0,120.0,100.0,0.375521939921447
50.0,120.0,110.0,0.4102864762960433
50.0,120.0,120.0,0.5048532920011778
50.0,120.0,130.0,0.4773435084575141
50.0,120.0,140.0,0.48637680642946196
50.0,120.0,150.0,0.517571605281925
50.0,120.0,160.0,0.410454144319005
50.0,120.0,170.0,0.43422073501519254
50.0,120.0,180.0,0.4175553428688262
50.0,120.0,190.0,0.23313156705317997
50.0,120.0,200.0,0.1503928504525724
50.0,120.0,210.0,0.14659675462185884
50.0,120.0,220.0,0.07388213802067588
50.0,120.0,230.0,0.03614978460409195
50.0,120.0,240.0,0.042361995972373154
50.0,120.0,250.0,0.07426165567776119
50.0,120.0,260.0,0.058766238982140034
50.0,120.0,270.0,0.024812834911323998
50.0,120.0,280.0,0.0
50.0,120.0,290.0,0.008529010454681914
50.0,130.0,0.0,0.0
50.0,130.0,10.0,0.0
50.0,130.0,20.0,0.0
50.0,130.0,30.0,0.009725337235110364
50.0,130.0,40.0,0.020805756419269714
50.0,130.0,50.0,0.00016721951452953326
50.0,130.0,60.0,0.07190643927341217
50.0,130.0,70.0,0.17886024091833058
50.0,130.0,80.0,0.1313753672743606
50.0,130.0,90.0,0.2562357354606384
50.0,130.0,100.0,0.35706162636839617
50.0,130.0,110.0,0.48009465755580333
50.0,130.0,120.0,0.46455695331251895
50.0,130.0,130.0,0.5415104328388816
50.0,130.0,140.0,0.5565562891505094
50.0,130.0,150.0,0.5578985615629082
50.0,130.0,160.0,0.5483827374081466
50.0,130.0,170.0,0.4193364907366791
50.0,130.0,180.0,0.4513421791201667
50.0,130.0,190.0,0.23647621144676817
50.0,130.0,200.0,0.2148008743573189
50.0,130.0,210.0,0.07863822072721689
50.0,130.0,220.0,0.0594342627305137
50.0,130.0,230.0,0.0005038037788288111
50.0,130.0,240.0,0.02568511810044743
50.0,130.0,250.0,0.041699577046054495
50.0,130.0,260.0,0.057451254309414265
50.0,130.0,270.0,0.0
50.0,130.0,280.0,0.08870922547956132
50.0,130.0,290.0,0.0
50.0,140.0,0.0,0.003856948955222159
50.0,140.0,10.0,0.0
50.0,140.0,20.0,0.0220487294049636
50.0,140.0,30.0,0.03479086641362413
50.0,140.0,40.0,0.0
50.0,140.0,50.0,0.09509717719963277
50.0,140.0,60.0,0.12478129507466097
50.0,140.0,70.0,0.15694912601170422
50.0,140.0,80.0,0.06236228581670841
50.0,140.0,90.0,0.23524222437877337
50.0,140.0,100.0,0.3471342414297221
50.0,140.0,110.0,0.38561877123218036
50.0,140.0,120.0,0.43806317559293284
50.0,140.0,130.0,0.5270636897406651
50.0,140.0,140.0,0.5360566820850771
50.0,140.0,150.0,0.5842092356185842
50.0,140.0,160.0,0.6464787862259594
50.0,140.0,170.0,0.4049139081175936
50.0,140.0,180.0,0.39002857445841477
50.0,140.0,190.0,0.286964541236581
50.0,140.0,200.0,0.3250732428159625
50.0,140.0,210.0,0.19780547443872853
50.0,140.0,220.0,0.19138823335216876
50.0,140.0,230.0,0.1118676373146121
50.0,140.0,240.0,0.0
50.0,140.0,250.0,0.047886558895461576
50.0,140.0,260.0,0.0
50.0,140.0,270.0,0.0
50.0,140.0,280.0,0.0
50.0,140.0,290.0,0.0
50.0,150.0,0.0,0.0
50.0,150.0,10.0,0.0
50.0,150.0,20.0,0.04351744630761597
50.0,150.0,30.0,0.0
50.0,150.0,40.0,0.0
50.0,150.0,50.0,0.022682567493960908
50.0,150.0,60.0,0.0932331785847147
50.0,150.0,70.0,0.13452857888125935
50.0,150.0,80.0,0.16907311706128725
50.0,150.0,90.0,0.18233553875215927
50.0,150.0,100.0,0.2842258552647527
50.0,150.0,110.0,0.36739897402879684
50.0,150.0,120.0,0.4867685933179594
50.0,150.0,130.0,0.592766433728936
50.0,150.0,140.0,0.5262151574251746
50.0,150.0,150.0,0.6025430054862628
50.0,150.0,160.0,0.4936864392925145
50.0,150.0,170.0,0.5319012192560035
50.0,150.0,180.0,0.3827879358331332
50.0,150.0,190.0,0.20422625848324683
50.0,150.0,200.0,0.24395057757573724
50.0,150.0,210.0,0.08171748562270466
50.0,150.0,220.0,0.17472568328589566
50.0,150.0,230.0,0.07516694117453679
50.0,150.0,240.0,0.07434323185950488
50.0,150.0,250.0,0.08169428740477895
50.0,150.0,260.0,0.0
50.0,150.0,270.0,0.0
50.0,150.0,280.0,0.057871268310939875
50.0,150.0,290.0,0.0
50.0,160.0,0.0,0.0
50.0,160.0,10.0,0.051625549849408876
50.0,160.0,20.0,0.0
50.0,160.0,30.0,0.010873772972654312
50.0,160.0,40.0,0.09313287615701074
50.0,160.0,50.0,0.007844047417620674
50.0,160.0,60.0,0.13911237465941598
50.0,160.0,70.0,0.10706975275052596
50.0,160.0,80.0,0.20903678067253073
50.0,160.0,90.0,0.18137583055491951
50.0,160.0,100.0,0.28595838092023584
50.0,160.0,110.0,0.3523748412498948
50.0,160.0,120.0,0.40706883238856
50.0,160.0,130.0,0.4983712576038507
50.0,160.0,140.0,0.5009809450918197
50.0,160.0,150.0,0.5401593480320515
50.0,160.0,160.0,0.528974464716072
50.0,160.0,170.0,0.4140265171637822
50.0,160.0,180.0,0.3733266892857521
50.0,160.0,190.0,0.34129118375533285
50.0,160.0,200.0,0.18821400242548136
50.0,160.0,210.0,0.1307574811883968
50.0,160.0,220.0,0.007354373570081937
50.0,160.0,230.0,0.05454860926836949
50.0,160.0,240.0,0.09528875261238486
50.0,160.0,250.0,0.00910849806393808
50.0,160.0,260.0,0.001702546780581335
50.0,160.0,270.0,0.0
50.0,160.0,280.0,0.0
50.0,160.0,290.0,0.0
50.0,170.0,0.0,0.0
50.0,170.0,10.0,0.0
50.0,170.0,20.0,0.0
50.0,170.0,30.0,0.017143349082584268
50.0,170.0,40.0,0.03170998683208342
50.0,170.0,50.0,0.0
50.0,170.0,60.0,0.091518549609695
50.0,170.0,70.0,0.1402345093046215
50.0,170.0,80.0,0.2605986762000072
50.0,170.0,90.0,0.19847173470950524
50.0,170.0,100.0,0.30357975377403934
50.0,170.0,110.0,0.29219680191886555
50.0,170.0,120.0,0.3969501850148418
50.0,170.0,130.0,0.5962121800772829
50.0,170.0,140.0,0.6330931697564923
50.0,170.0,150.0,0.6316871067366966
50.0,170.0,160.0,0.5676618835239744
50.0,170.0,170.0,0.482556116200383
50.0,170.0,180.0,0.4204540392430805
50.0,170.0,190.0,0.2293887885136416
50.0,170.0,200.0,0.19701831892753516
50.0,170.0,210.0,0.08290738066387808
50.0,170.0,220.0,0.09141187981778338
50.0,170.0,230.0,0.054008644580064526
50.0,170.0,240.0,0.008099883131404442
50.0,170.0,250.0,0.000591692196342121
50.0,170.0,260.0,0.0
50.0,170.0,270.0,0.0
50.0,170.0,280.0,0.040527276068698076
50.0,170.0,290.0,0.0
50.0,180.0,0.0,0.0
50.0,180.0,10.0,0.09933708752647682
50.0,180.0,20.0,0.04636458976770835
50.0,180.0,30.0,0.027495840143678688
50.0,180.0,40.0,0.08703186811459591
50.0,180.0,50.0,0.04675782473479204
50.0,180.0,60.0,0.061391554008362874
50.0,180.0,70.0,0.04414355437169101
50.0,180.0,80.0,0.2149573134989425
50.0,180.0,90.0,0.18138407119789818
50.0,180.0,100.0,0.33015028064412694
50.0,180.0,110.0,0.3316937942364965
50.0,180.0,120.0,0.44238318141957633
50.0,180.0,130.0,0.4908550369539228
50.0,180.0,140.0,0.5111458552112103
50.0,180.0,150.0,0.5166424357107071
50.0,180.0,160.0,0.5001023921198973
50.0,180.0,170.0,0.4597621754546631
50.0,180.0,180.0,0.3517599482963125
50.0,180.0,190.0,0.24798505168252324
50.0,180.0,200.0,0.17859047955957238
50.0,180.0,210.0,0.12813406201655392
50.0,180.0,220.0,0.054446768495850194
50.0,180.0,230.0,0.0437630395025476
50.0,180.0,240.0,0.0
50.0,180.0,250.0,0.0
50.0,180.0,260.0,0.0
50.0,180.0,270.0,0.0
50.0,180.0,280.0,0.08810589530732894
50.0,180.0,290.0,0.0
50.0,190.0,0.0,0.0
50.0,190.0,10.0,0.0
50.0,190.0,20.0,0.0
50.0,190.0,30.0,0.02237244501764022
50.0,190.0,40.0,0.010270427047791061
50.0,190.0,50.0,0.10742777835534444
50.0,190.0,60.0,0.0743797349151109
50.0,190.0,70.0,0.10075114713594752
50.0,190.0,80.0,0.1621826624577334
50.0,190.0,90.0,0.25056009891861925
50.0,190.0,100.0,0.34373559736639275
50.0,190.0,110.0,0.3548050309554255
50.0,190.0,120.0,0.44793458170349404
50.0,190.0,130.0,0.38289680759086503
50.0,190.0,140.0,0.5002287632271286
50.0,190.0,150.0,0.43646332683632144
50.0,190.0,160.0,0.41833479400336027
50.0,190.0,170.0,0.4054440312690742
50.0,190.0,180.0,0.34100081422812073
50.0,190.0,190.0,0.33915195215539173
50.0,190.0,200.0,0.17363283461920848
50.0,190.0,210.0,0.1233965892829545
50.0,190.0,220.0,0.051880143199426486
50.0,190.0,230.0,0.08078720926361124
50.0,190.0,240.0,0.025662868865661236
50.0,190.0,250.0,0.0
50.0,190.0,260.0,0.04436770710846826
50.0,190.0,270.0,0.0
50.0,190.0,280.0,0.0
50.0,190.0,290.0,0.012269679114213278
50.0,200.0,0.0,0.0
50.0,200.0,10.0,0.0874836157299669
50.0,200.0,20.0,0.09075379267432099
50.0,200.0,30.0,0.013966470768982456
50.0,200.0,40.0,0.0
50.0,200.0,50.0,0.07870919309343198
50.0,200.0,60.0,0.12024784351217765
50.0,200.0,70.0,0.1540756938624872
50.0,200.0,80.0,0.09770524811144132
50.0,200.0,90.0,0.12534760390484587
50.0,200.0,100.0,0.28999060221028156
50.0,200.0,110.0,0.3421518192862096
50.0,200.0,120.0,0.3551581460537039
50.0,200.0,130.0,0.521772748680903
50.0,200.0,140.0,0.38571618764024596
50.0,200.0,150.0,0.4855975346719581
50.0,200.0,160.0,0.5072620557299703
50.0,200.0,170.0,0.31728625722100934
50.0,200.0,180.0,0.28893700081126716
50.0,200.0,190.0,0.2055840060755051
50.0,200.0,200.0,0.23552738279554086
50.0,200.0,210.0,0.12114959543515696
50.0,200.0,220.0,0.12710734905099025
50.0,200.0,230.0,0.10598385023045634
50.0,200.0,240.0,0.0
50.0,200.0,250.0,0.0
50.0,200.0,260.0,0.0651552344861432
50.0,200.0,270.0,0.0
50.0,200.0,280.0,0.0
50.0,200.0,290.0,0.02743674545748262
50.0,210.0,0.0,0.024292901590101744
50.0,210.0,10.0,0.0
50.0,210.0,20.0,0.004391705190198741
50.0,210.0,30.0,0.05108913961377934
50.0,210.0,40.0,0.05144954740817621
50.0,210.0,50.0,0.05214776650165803
50.0,210.0,60.0,0.08174498628354501
50.0,210.0,70.0,0.03989674332931227
50.0,210.0,80.0,0.10156144400442074
50.0,210.0,90.0,0.168751403453057
50.0,210.0,100.0,0.22333450131662894
50.0,210.0,110.0,0.2944251405002653
50.0,210.0,120.0,0.2565977218065892
50.0,210.0,130.0,0.3468923708201844
50.0,210.0,140.0,0.4004067057933336
50.0,210.0,150.0,0.33785164344420454
50.0,210.0,160.0,0.40066819062546555
50.0,210.0,170.0,0.38279806702314534
50.0,210.0,180.0,0.33641263974057095
50.0,210.0,190.0,0.22913141511375362
50.0,210.0,200.0,0.1766686595389993
50.0,210.0,210.0,0.11138405490674189
50.0,210.0,220.0,0.02263394934654566
50.0,210.0,230.0,0.03871639654951841
50.0,210.0,240.0,0.047803696053686145
50.0,210.0,250.0,0.0777225569206459
50.0,210.0,260.0,0.031800331798131826
50.0,210.0,270.0,0.0
50.0,210.0,280.0,0.015654208962879224
50.0,210.0,290.0,0.032789283123203235
50.0,220.0,0.0,0.0
50.0,220.0,10.0,0.0
50.0,220.0,20.0,0.035785961810072216
50.0,220.0,30.0,0.0
50.0,220.0,40.0,0.0
50.0,220.0,50.0,0.0
50.0,220.0,60.0,0.11786233885383482
50.0,220.0,70.0,0.060575908936573816
50.0,220.0,80.0,0.15670503040768724
50.0,220.0,90.0,0.2135783501335666
50.0,220.0,100.0,0.19388922650545595
50.0,220.0,110.0,0.3225085123365947
50.0,220.0,120.0,0.26006240944915304
50.0,220.0,130.0,0.2663769544286022
50.0,220.0,140.0,0.32477202915478587
50.0,220.0,150.0,0.40942807664228864
50.0,220.0,160.0,0.42810401143244237
50.0,220.0,170.0,0.37303960535283026
50.0,220.0,180.0,0.19039012245334502
50.0,220.0,190.0,0.22862077434673245
50.0,220.0,200.0,0.09373396873610011
50.0,220.0,210.0,0.12233071218258729
50.0,220.0,220.0,0.11729634594354663
50.0,220.0,230.0,0.12142825889427164
50.0,220.0,240.0,0.0
50.0,220.0,250.0,0.01652512044112107
50.0,220.0,260.0,0.03258973864687223
50.0,220.0,270.0,0.02633273799588759
50.0,220.0,280.0,0.06696810951861876
50.0,220.0,290.0,0.0
50.0,230.0,0.0,0.08415730179253991
50.0,230.0,10.0,0.0
50.0,230.0,20.0,0.0
50.0,230.0,30.0,0.029993169465411952
50.0,230.0,40.0,0.10903578768744558
50.0,230.0,50.0,0.01791264364223772
50.0,230.0,60.0,0.05992756535561972
50.0,230.0,70.0,0.07419897599814
50.0,230.0,80.0,0.058345358859835134
50.0,230.0,90.0,0.18543208605522812
50.0,230.0,100.0,0.16872961014949764
50.0,230.0,110.0,0.27221513441320466
50.0,230.0,120.0,0.29299086454058726
50.0,230.0,130.0,0.34273435871976177
50.0,230.0,140.0,0.3528595245355818
50.0,230.0,150.0,0.36550172049321095
50.0,230.0,160.0,0.21225344244331934
50.0,230.0,170.0,0.29279677859109765
50.0,230.0,180.0,0.2260425632715979
50.0,230.0,190.0,0.19992132570791699
50.0,230.0,200.0,0.10133472321235155
50.0,230.0,210.0,0.12125195077626011
50.0,230.0,220.0,0.06371167491196283
50.0,230.0,230.0,0.0
50.0,230.0,240.0,0.04189113892974865
50.0,230.0,250.0,0.03836880377802822
50.0,230.0,260.0,0.061954881310646866
50.0,230.0,270.0,0.01948776060929621
50.0,230.0,280.0,0.0
50.0,230.0,290.0,0.02305013094457337
50.0,240.0,0.0,0.04136497455433929
50.0,240.0,10.0,0.14196900752250466
50.0,240.0,20.0,0.0
50.0,240.0,30.0,0.0
50.0,240.0,40.0,0.0
50.0,240.0,50.0,0.0
50.0,240.0,60.0,0.11590498267595763
50.0,240.0,70.0,0.0145886167176636
50.0,240.0,80.0,0.07962384565412703
50.0,240.0,90.0,0.23034165492376824
50.0,240.0,100.0,0.08613941035519163
50.0,240.0,110.0,0.19423308423761246
50.0,240.0,120.0,0.1438706777550528
50.0,240.0,130.0,0.2857805057516848
50.0,240.0,140.0,0.34102352091608473
50.0,240.0,150.0,0.22850772607353045
50.0,240.0,160.0,0.16582423797478657
50.0,240.0,170.0,0.2859591520464875
50.0,240.0,180.0,0.27315528486684415
50.0,240.0,190.0,0.16405681908580325
50.0,240.0,200.0,0.17701942629037026
50.0,240.0,210.0,0.05677128104284536
50.0,240.0,220.0,0.0
50.0,240.0,230.0,0.0740912902983175
50.0,240.0,240.0,0.0
50.0,240.0,250.0,0.06339766465978355
50.0,240.0,260.0,0.0
50.0,240.0,270.0,0.03150425790326012
50.0,240.0,280.0,0.024893967426278453
50.0,240.0,290.0,0.0
50.0,250.0,0.0,0.09075187971627402
50.0,250.0,10.0,0.009554461142233243
50.0,250.0,20.0,0.0
50.0,250.0,30.0,0.013426778785783171
50.0,250.0,40.0,0.023583642576397567
50.0,250.0,50.0,0.07736324966373304
50.0,250.0,60.0,0.03735681101560773
50.0,250.0,70.0,0.05333024639681227
50.0,250.0,80.0,0.08311306177136898
50.0,250.0,90.0,0.0941708200873662
50.0,250.0,100.0,0.16247324552768938
50.0,250.0,110.0,0.2110201828297095
50.0,250.0,120.0,0.22600066302131777
50.0,250.0,130.0,0.2347876930318422
50.0,250.0,140.0,0.190262398409757
50.0,250.0,150.0,0.2976015378362175
50.0,250.0,160.0,0.24782659183430883
50.0,250.0,170.0,0.12786689955992225
50.0,250.0,180.0,0.1986832217724047
50.0,250.0,190.0,0.12887374748741245
50.0,250.0,200.0,0.09713788126263535
50.0,250.0,210.0,0.0340422066468621
50.0,250.0,220.0,0.08661061271580245
50.0,250.0,230.0,0.05344501920617897
50.0,250.0,240.0,0.0
50.0,250.0,250.0,0.0
50.0,250.0,260.0,0.02225169702049875
50.0,250.0,270.0,0.058201599655591206
50.0,250.0,280.0,0.012576223706756684
50.0,250.0,290.0,0.0
50.0,260.0,0.0,0.033112137092688926
50.0,260.0,10.0,0.009284354819125044
50.0,260.0,20.0,0.0
50.0,260.0,30.0,0.0
50.0,260.0,40.0,0.027948523605317025
50.0,260.0,50.0,0.027386637981450433
50.0,260.0,60.0,0.0
50.0,260.0,70.0,0.010836415602675432
50.0,260.0,80.0,0.07491261090264607
50.0,260.0,90.0,0.016621908829328076
50.0,260.0,100.0,0.03813188490083534
50.0,260.0,110.0,0.124800310431397
50.0,260.0,120.0,0.24538733182738148
50.0,260.0,130.0,0.2485817701795209
50.0,260.0,140.0,0.17968704959364393
50.0,260.0,150.0,0.19746867282157504
50.0,260.0,160.0,0.17438324721150242
50.0,260.0,170.0,0.07296456699663154
50.0,260.0,180.0,0.2500831535417725
50.0,260.0,190.0,0.12800055826771917
50.0,260.0,200.0,0.03237423669563182
50.0,260.0,210.0,0.12248906058996314
50.0,260.0,220.0,0.02771442564989056
50.0,260.0,230.0,0.07823050422723477
50.0,260.0,240.0,0.06490063545809634
50.0,260.0,250.0,0.0
50.0,260.0,260.0,0.0
50.0,260.0,270.0,0.0
50.0,260.0,280.0,0.07150202310938518
50.0,260.0,290.0,0.0364059590828431
50.0,270.0,0.0,0.016756319313608648
50.0,270.0,10.0,0.0
50.0,270.0,20.0,0.0
50.0,270.0,30.0,0.06433763609905105
50.0,270.0,40.0,0.0
50.0,270.0,50.0,0.0
50.0,270.0,60.0,0.15954491556085953
50.0,270.0,70.0,0.0
50.0,270.0,80.0,0.0
50.0,270.0,90.0,0.008516109637581301
50.0,270.0,100.0,0.08566534210262589
50.0,270.0,110.0,0.21739024844157462
50.0,270.0,120.0,0.11821030381855191
50.0,270.0,130.0,0.1082192583727894
50.0,270.0,140.0,0.22737283394201122
50.0,270.0,150.0,0.24351821089720527
50.0,270.0,160.0,0.1494408918319194
50.0,270.0,170.0,0.18127871608214616
50.0,270.0,180.0,0.05053227709443815
50.0,270.0,190.0,0.040557870980573514
50.0,270.0,200.0,0.02658298437761704
50.0,270.0,210.0,0.010592158156228201
50.0,270.0,220.0,0.06306194890609061
50.0,270.0,230.0,0.0
50.0,270.0,240.0,0.02873373311508559
50.0,270.0,250.0,0.012831900653678646
50.0,270.0,260.0,0.002360922564262214
50.0,270.0,270.0,0.0
50.0,270.0,280.0,0.0
50.0,270.0,290.0,0.0
50.0,280.0,0.0,0.0
50.0,280.0,10.0,0.03456083222811725
50.0,280.0,20.0,0.1004984311536592
50.0,280.0,30.0,0.005751347811579661
50.0,280.0,40.0,0.0
50.0,280.0,50.0,0.03142260916272861
50.0,280.0,60.0,0.021753429216521562
50.0,280.0,70.0,0.0
50.0,280.0,80.0,0.0012221779544829697
50.0,280.0,90.0,0.076828142677446
50.0,280.0,100.0,0.1489026529198305
50.0,280.0,110.0,0.1606529939159314
50.0,280.0,120.0,0.04155992553654343
50.0,280.0,130.0,0.1745111200443651
50.0,280.0,140.0,0.14719994514956156
50.0,280.0,150.0,0.14289790852870093
50.0,280.0,160.0,0.11825419276507351
50.0,280.0,170.0,0.09217584369451039
50.0,280.0,180.0,0.17104545389265835
50.0,280.0,190.0,0.09075539069176115
50.0,280.0,200.0,0.08827605443733619
50.0,280.0,210.0,0.06326856730996536
50.0,280.0,220.0,0.044716227874537516
50.0,280.0,230.0,0.01463374048305606
50.0,280.0,240.0,0.059342242904160576
50.0,280.0,250.0,0.09648430153050572
50.0,280.0,260.0,0.0
50.0,280.0,270.0,0.049748477780163704
50.0,280.0,280.0,0.04330251355351514
50.0,280.0,290.0,0.0146955281779245
50.0,290.0,0.0,0.04182455485590405
50.0,290.0,10.0,0.0
50.0,290.0,20.0,0.0
50.0,290.0,30.0,0.0
50.0,290.0,40.0,0.07456130145892226
50.0,290.0,50.0,0.04839660305406881
50.0,290.0,60.0,0.0
50.0,290.0,70.0,0.05623390257458066
50.0,290.0,80.0,0.0
50.0,290.0,90.0,0.06596250597596628
50.0,290.0,100.0,0.07986516481706027
50.0,290.0,110.0,0.06326424232606082
50.0,290.0,120.0,0.028198874946189806
50.0,290.0,130.0,0.05612159513436857
50.0,290.0,140.0,0.1352221730935171
50.0,290.0,150.0,0.17474265062289554
50.0,290.0,160.0,0.10292443398466299
50.0,290.0,170.0,0.12198104755973704
50.0,290.0,180.0,0.13039172295520812
50.0,290.0,190.0,0.06046511029400941
50.0,290.0,200.0,0.07061809884685091
50.0,290.0,210.0,0.0
50.0,290.0,220.0,0.0
50.0,290.0,230.0,0.012395852048876962
50.0,290.0,240.0,0.11328707685311873
50.0,290.0,250.0,0.0
50.0,290.0,260.0,0.0
50.0,290.0,270.0,0.0
50.0,290.0,280.0,0.0
50.0,290.0,290.0,0.003630689805916586
60.0,0.0,0.0,0.0
60.0,0.0,10.0,0.027310879077407754
60.0,0.0,20.0,0.0
60.0,0.0,30.0,0.0
60.0,0.0,40.0,0.0
60.0,0.0,50.0,0.0
60.0,0.0,60.0,0.0
60.0,0.0,70.0,0.0
60.0,0.0,80.0,0.05400574243297443
60.0,0.0,90.0,0.0
60.0,0.0,100.0,0.0
60.0,0.0,110.0,0.03722813760053359
60.0,0.0,120.0,0.07784629540824714
60.0,0.0,130.0,0.0684998295791056
60.0,0.0,140.0,0.16489663608069455
60.0,0.0,150.0,0.20744971913501897
60.0,0.0,160.0,0.09944672730795236
60.0,0.0,170.0,0.15257008924993504
60.0,0.0,180.0,0.0698665244116443
60.0,0.0,190.0,0.05816329971512043
60.0,0.0,200.0,0.05256878181724267
60.0,0.0,210.0,0.017347470279387107
60.0,0.0,220.0,0.0
60.0,0.0,230.0,0.11797416538726802
60.0,0.0,240.0,0.0
60.0,0.0,250.0,0.0
60.0,0.0,260.0,0.007091560423115843
60.0,0.0,270.0,0.0
60.0,0.0,280.0,0.0
60.0,0.0,290.0,0.06857671933626303
60.0,10.0,0.0,0.0
60.0,10.0,10.0,0.0
60.0,10.0,20.0,0.0
60.0,10.0,30.0,0.0
60.0,10.0,40.0,0.1486505826805907
60.0,10.0,50.0,0.0
60.0,10.0,60.0,0.026072145080867037
60.0,10.0,70.0,0.057194657794522784
60.0,10.0,80.0,0.003310165657650216
60.0,10.0,90.0,0.07741114311447829
60.0,10.0,100.0,0.09029953204381426
60.0,10.0,110.0,0.05855484079714215
60.0,10.0,120.0,0.0279617777072272
60.0,10.0,130.0,0.23530727427313852
60.0,10.0,140.0,0.154861683488893
60.0,10.0,150.0,0.18621338760288803
60.0,10.0,160.0,0.15892345612644015
60.0,10.0,170.0,0.17263022552706744
60.0,10.0,180.0,0.06986550175787043
60.0,10.0,190.0,0.06829365892558813
60.0,10.0,200.0,0.10956073371805204
60.0,10.0,210.0,0.028821042240522652
60.0,10.0,220.0,0.07996453038925028
60.0,10.0,230.0,0.00431542088317596
60.0,10.0,240.0,0.0
60.0,10.0,250.0,0.0
60.0,10.0,260.0,0.0
60.0,10.0,270.0,0.0
60.0,10.0,280.0,0.0
60.0,10.0,290.0,0.0
60.0,20.0,0.0,0.042210088656989525
60.0,20.0,10.0,0.006611522546576525
60.0,20.0,20.0,0.00915842174852182
60.0,20.0,30.0,0.0
60.0,20.0,40.0,0.02550352893898766
60.0,20.0,50.0,0.09786655637000413
60.0,20.0,60.0,0.017926863607702265
60.0,20.0,70.0,0.015870029481283375
60.0,20.0,80.0,0.02414786334093085
60.0,20.0,90.0,0.05506217331441944
60.0,20.0,100.0,0.1129141850059189
60.0,20.0,110.0,0.16779519180847435
60.0,20.0,120.0,0.1776900111719931
60.0,20.0,130.0,0.1287043814360728
60.0,20.0,140.0,0.19256901068011567
60.0,20.0,150.0,0.23348227860177168
60.0,20.0,160.0,0.257515847614916
60.0,20.0,170.0,0.14691058283759742
60.0,20.0,180.0,0.08530741187854583
60.0,20.0,190.0,0.1775314335262808
60.0,20.0,200.0,0.04967769447730033
60.0,20.0,210.0,0.04299816311528666
60.0,20.0,220.0,0.02782222465367614
60.0,20.0,230.0,0.03428419078064022
60.0,20.0,240.0,0.007005575870333419
60.0,20.0,250.0,0.0
60.0,20.0,260.0,0.0
60.0,20.0,270.0,0.0
60.0,20.0,280.0,0.0
60.0,20.0,290.0,0.0
60.0,30.0,0.0,0.050315561895388224
60.0,30.0,10.0,0.1095556597204509
60.0,30.0,20.0,0.02613908894897153
60.0,30.0,30.0,0.03350565061200522
60.0,30.0,40.0,0.0
60.0,30.0,50.0,0.0032041665756942245
60.0,30.0,60.0,0.018707197237383948
60.0,30.0,70.0,0.08526263777856419
60.0,30.0,80.0,0.0041632080851278785
60.0,30.0,90.0,0.18138826621380105
60.0,30.0,100.0,0.12057110839007203
60.0,30.0,110.0,0.27836637084267685
60.0,30.0,120.0,0.23577188546189315
60.0,30.0,130.0,0.25845157167378957
60.0,30.0,140.0,0.19836839360714564
60.0,30.0,150.0,0.276277289011153
60.0,30.0,160.0,0.1985348799638989
60.0,30.0,170.0,0.29164980705487875
60.0,30.0,180.0,0.2014301714269521
60.0,30.0,190.0,0.1908210144873117
60.0,30.0,200.0,0.19310492842761046
60.0,30.0,210.0,0.06943992695468869
60.0,30.0,220.0,0.1302282367651703
60.0,30.0,230.0,0.0610765221495997
60.0,30.0,240.0,0.05532990011843532
60.0,30.0,250.0,0.0
60.0,30.0,260.0,0.05496936465214334
60.0,30.0,270.0,0.0
60.0,30.0,280.0,0.08198134104920787
60.0,30.0,290.0,0.06463850533196823
60.0,40.0,0.0,0.04721663090599672
60.0,40.0,10.0,0.01929017207982436
60.0,40.0,20.0,0.0268287464980312
60.0,40.0,30.0,0.07180336003061032
60.0,40.0,40.0,0.04301307233706455
60.0,40.0,50.0,0.0
60.0,40.0,60.0,0.0878230924560549
60.0,40.0,70.0,0.052389014811960934
60.0,40.0,80.0,0.06338927697223828
60.0,40.0,90.0,0.08630970371363791
60.0,40.0,100.0,0.19410116977457179
60.0,40.0,110.0,0.2301888004394698
60.0,40.0,120.0,0.2421327307415704
60.0,40.0,130.0,0.3450848557956686
60.0,40.0,140.0,0.25049192989802443
60.0,40.0,150.0,0.34157755420238844
60.0,40.0,160.0,0.29067746863805854
60.0,40.0,170.0,0.2891895711351348
60.0,40.0,180.0,0.1917120819915017
60.0,40.0,190.0,0.14750802838273305
60.0,40.0,200.0,0.08199779306890238
60.0,40.0,210.0,0.10644604304258802
60.0,40.0,220.0,0.019218805503718385
60.0,40.0,230.0,0.0012194768266421477
60.0,40.0,240.0,0.0
60.0,40.0,250.0,0.05983108064953851
60.0,40.0,260.0,0.009125723774120364
60.0,40.0,270.0,0.0
60.0,40.0,280.0,0.056911190826390956
60.0,40.0,290.0,0.028958764421987058
60.0,50.0,0.0,0.04394411694925063
60.0,50.0,10.0,0.0
60.0,50.0,20.0,0.017802166662860247
60.0,50.0,30.0,0.0
60.0,50.0,40.0,0.019783751224255977
60.0,50.0,50.0,0.04651024746036171
60.0,50.0,60.0,0.04036703491879523
60.0,50.0,70.0,0.0
60.0,50.0,80.0,0.058298008671202356
60.0,50.0,90.0,0.1445139300853016
60.0,50.0,100.0,0.3056453125594964
60.0,50.0,110.0,0.22404520752999618
60.0,50.0,120.0,0.35826160125497764
60.0,50.0,130.0,0.2511717904353647
60.0,50.0,140.0,0.2963965367947507
60.0,50.0,150.0,0.37597820603374726
60.0,50.0,160.0,0.3373822631803934
60.0,50.0,170.0,0.25992866796446
60.0,50.0,180.0,0.3134122592596622
60.0,50.0,190.0,0.1899074597651057
60.0,50.0,200.0,0.11332981938032752
60.0,50.0,210.0,0.0476108568757972
60.0,50.0,220.0,0.09797095869328384
60.0,50.0,230.0,0.04118675494796042
60.0,50.0,240.0,0.09375955300132997
60.0,50.0,250.0,0.0
60.0,50.0,260.0,0.06801764774670552
60.0,50.0,270.0,0.026140947473444212
60.0,50.0,280.0,0.10768853962960571
60.0,50.0,290.0,0.0
60.0,60.0,0.0,0.08706590263701867
60.0,60.0,10.0,0.0
60.0,60.0,20.0,0.03557516748693481
60.0,60.0,30.0,0.012316642841204123
60.0,60.0,40.0,0.03567577831569048
60.0,60.0,50.0,0.0
60.0,60.0,60.0,0.07112480899959472
60.0,60.0,70.0,0.06785236670142526
60.0,60.0,80.0,0.08050905246892658
60.0,60.0,90.0,0.08816814121682258
60.0,60.0,100.0,0.2993923158268982
60.0,60.0,110.0,0.2913466995831503
60.0,60.0,120.0,0.3265036010592404
60.0,60.0,130.0,0.40152501175291744
60.0,60.0,140.0,0.4471995134371709
60.0,60.0,150.0,0.3571520882866063
60.0,60.0,160.0,0.2954192410104849
60.0,60.0,170.0,0.26799342737778165
60.0,60.0,180.0,0.367526402938965
60.0,60.0,190.0,0.18129588836839527
60.0,60.0,200.0,0.10714152351490702
60.0,60.0,210.0,0.11655448128578837
60.0,60.0,220.0,0.034555896319956286
60.0,60.0,230.0,0.049559272772211144
60.0,60.0,240.0,0.039535725974173694
60.0,60.0,250.0,0.0
60.0,60.0,260.0,0.04227603127665551
60.0,60.0,270.0,0.09530507150196714
60.0,60.0,280.0,0.0
60.0,60.0,290.0,0.0
60.0,70.0,0.0,0.021150129005404205
60.0,70.0,10.0,0.0
60.0,70.0,20.0,0.04036577551875237
60.0,70.0,30.0,0.06574932554810498
60.0,70.0,40.0,0.0
60.0,70.0,50.0,0.0
60.0,70.0,60.0,0.07000776981933554
60.0,70.0,70.0,0.069596541102834
60.0,70.0,80.0,0.14846458690481273
60.0,70.0,90.0,0.1530532460635393
60.0,70.0,100.0,0.31375771353074927
60.0,70.0,110.0,0.3647248059577565
60.0,70.0,120.0,0.33548541359406076
60.0,70.0,130.0,0.42006915360592817
60.0,70.0,140.0,0.455648488311536
60.0,70.0,150.0,0.5496575075417182
60.0,70.0,160.0,0.5020378172846949
60.0,70.0,170.0,0.3619829745732511
60.0,70.0,180.0,0.3273630889203241
60.0,70.0,190.0,0.22606938467947807
60.0,70.0,200.0,0.2256024483878624
60.0,70.0,210.0,0.12967578190746817
60.0,70.0,220.0,0.14184305980553744
60.0,70.0,230.0,0.0
60.0,70.0,240.0,0.07463995669342521
60.0,70.0,250.0,0.0
60.0,70.0,260.0,0.0
60.0,70.0,270.0,0.0
60.0,70.0,280.0,0.02736518908432715
60.0,70.0,290.0,0.0
60.0,80.0,0.0,0.0
60.0,80.0,10.0,0.0534811967671823
60.0,80.0,20.0,0.0
60.0,80.0,30.0,0.07076882053188238
60.0,80.0,40.0,0.0
60.0,80.0,50.0,0.04300270183535926
60.0,80.0,60.0,0.1306488108057059
60.0,80.0,70.0,0.18738105765411006
60.0,80.0,80.0,0.1562523493324043
60.0,80.0,90.0,0.22218031339153257
60.0,80.0,100.0,0.2212124464305903
60.0,80.0,110.0,0.4117191554419727
60.0,80.0,120.0,0.43683737160864916
60.0,80.0,130.0,0.4206445385224584
60.0,80.0,140.0,0.5104462604641454
60.0,80.0,150.0,0.49898135784532366
60.0,80.0,160.0,0.550299259135461
60.0,80.0,170.0,0.3912876434596706
60.0,80.0,180.0,0.4731093384157494
60.0,80.0,190.0,0.23375019228076716
60.0,80.0,200.0,0.08207863574027993
60.0,80.0,210.0,0.09519001582404193
60.0,80.0,220.0,0.049387382145711985
60.0,80.0,230.0,0.09568774395078367
60.0,80.0,240.0,0.11586807042046399
60.0,80.0,250.0,0.00432945933370041
60.0,80.0,260.0,0.0821047462245974
60.0,80.0,270.0,0.029294542683132037
60.0,80.0,280.0,0.04424219749627064
60.0,80.0,290.0,0.0
60.0,90.0,0.0,0.048490650162189584
60.0,90.0,10.0,0.0
60.0,90.0,20.0,0.0
60.0,90.0,30.0,0.030088293253049028
60.0,90.0,40.0,0.0036951114260955834
60.0,90.0,50.0,0.04493660226881032
60.0,90.0,60.0,0.08392505932238681
60.0,90.0,70.0,0.1406837892201409
60.0,90.0,80.0,0.14753034786918898
60.0,90.0,90.0,0.2496148649760072
60.0,90.0,100.0,0.21165377699500273
60.0,90.0,110.0,0.4578880891898327
60.0,90.0,120.0,0.48502684841562704
60.0,90.0,130.0,0.532085664100886
60.0,90.0,140.0,0.5152822283336446
60.0,90.0,150.0,0.5568079084088563
60.0,90.0,160.0,0.585104286358934
60.0,90.0,170.0,0.5184677829233368
60.0,90.0,180.0,0.3442171306168291
60.0,90.0,190.0,0.288275895126102
60.0,90.0,200.0,0.09569107629906021
60.0,90.0,210.0,0.1843833765394428
60.0,90.0,220.0,0.11432819410410146
60.0,90.0,230.0,0.016010019455304475
60.0,90.0,240.0,0.0
60.0,90.0,250.0,0.02079378350991609
60.0,90.0,260.0,0.08542717129445637
60.0,90.0,270.0,0.01935074696176193
60.0,90.0,280.0,0.0
60.0,90.0,290.0,0.0
60.0,100.0,0.0,0.0
60.0,100.0,10.0,0.0
60.0,100.0,20.0,0.0
60.0,100.0,30.0,0.0
60.0,100.0,40.0,0.0
60.0,100.0,50.0,0.05649875718328279
60.0,100.0,60.0,0.0
60.0,100.0,70.0,0.06428796948699758
60.0,100.0,80.0,0.17937674529652564
60.0,100.0,90.0,0.2548856560612458
60.0,100.0,100.0,0.3493415119652683
60.0,100.0,110.0,0.3782425708452398
60.0,100.0,120.0,0.5424266453799238
60.0,100.0,130.0,0.6327421845898151
60.0,100.0,140.0,0.6536152437276148
60.0,100.0,150.0,0.6494661902651647
60.0,100.0,160.0,0.5209665578743652
60.0,100.0,170.0,0.4515523774972136
60.0,100.0,180.0,0.5087298540102585
60.0,100.0,190.0,0.33446321839080007
60.0,100.0,200.0,0.1498913095538283
60.0,100.0,210.0,0.15164479006656195
60.0,100.0,220.0,0.06230793623358083
60.0,100.0,230.0,0.053097711788016935
60.0,100.0,240.0,0.05719592593675047
60.0,100.0,250.0,0.0
60.0,100.0,260.0,0.0
60.0,100.0,270.0,0.0
60.0,100.0,280.0,0.031945227605719
60.0,100.0,290.0,0.0
60.0,110.0,0.0,0.0
60.0,110.0,10.0,0.06044805566983426
60.0,110.0,20.0,0.0
60.0,110.0,30.0,0.020082448507947374
60.0,110.0,40.0,0.058531954149491985
60.0,110.0,50.0,0.0
60.0,110.0,60.0,0.11174285954346642
60.0,110.0,70.0,0.11360570244521903
60.0,110.0,80.0,0.22044038837263114
60.0,110.0,90.0,0.26091842594619713
60.0,110.0,100.0,0.31965230473259043
60.0,110.0,110.0,0.4901719477999142
60.0,110.0,120.0,0.566653032151284
60.0,110.0,130.0,0.5783231388102914
60.0,110.0,140.0,0.6822747368460457
60.0,110.0,150.0,0.5673636453993742
60.0,110.0,160.0,0.6536136788332355
60.0,110.0,170.0,0.48085277451219055
60.0,110.0,180.0,0.47713924295559823
60.0,110.0,190.0,0.3521965302306366
60.0,110.0,200.0,0.25974056146504354
60.0,110.0,210.0,0.17276652918658691
60.0,110.0,220.0,0.05946191698852475
60.0,110.0,230.0,0.07686255246320108
60.0,110.0,240.0,0.0431421684351592
60.0,110.0,250.0,0.0300765040487396
60.0,110.0,260.0,0.0459986771127772
60.0,110.0,270.0,0.03959786842846447
60.0,110.0,280.0,0.0
60.0,110.0,290.0,0.021684083788019184
60.0,120.0,0.0,0.0
60.0,120.0,10.0,0.03082636284289886
60.0,120.0,20.0,0.11759466361622868
60.0,120.0,30.0,0.050380747581372946
60.0,120.0,40.0,0.08076510786885581
60.0,120.0,50.0,0.0986342552675443
60.0,120.0,60.0,0.09991599271357114
60.0,120.0,70.0,0.13497666888711118
60.0,120.0,80.0,0.18035090379240568
60.0,120.0,90.0,0.3038896397647461
60.0,120.0,100.0,0.32733626947318356
60.0,120.0,110.0,0.466061259023244
60.0,120.0,120.0,0.5883794305566609
60.0,120.0,130.0,0.6500524615433425
60.0,120.0,140.0,0.6732061679737329
60.0,120.0,150.0,0.669959314469555
60.0,120.0,160.0,0.6129373150878011
60.0,120.0,170.0,0.56278110979879
60.0,120.0,180.0,0.42415237598728506
60.0,120.0,190.0,0.36370474820543613
60.0,120.0,200.0,0.27709318408134775
60.0,120.0,210.0,0.2592387788373458
60.0,120.0,220.0,0.1559142657708696
60.0,120.0,230.0,0.07714962430188539
60.0,120.0,240.0,0.0
60.0,120.0,250.0,0.08322866731405704
60.0,120.0,260.0,0.05309420556894892
60.0,120.0,270.0,0.0
60.0,120.0,280.0,0.0
60.0,120.0,290.0,0.018940914766804578
60.0,130.0,0.0,0.0
60.0,130.0,10.0,0.02959484575604944
60.0,130.0,20.0,0.0
60.0,130.0,30.0,0.0
60.0,130.0,40.0,0.07746089925766936
60.0,130.0,50.0,0.09365246149549172
60.0,130.0,60.0,0.19971479763961938
60.0,130.0,70.0,0.006195922453920533
60.0,130.0,80.0,0.1440565591068783
60.0,130.0,90.0,0.3964389245289775
60.0,130.0,100.0,0.38362713352363353
60.0,130.0,110.0,0.4299265916988208
60.0,130.0,120.0,0.6807477759096465
60.0,130.0,130.0,0.5931205013311911
60.0,130.0,140.0,0.5998550895171681
60.0,130.0,150.0,0.7915863135527028
60.0,130.0,160.0,0.6392222141622846
60.0,130.0,170.0,0.5827976610064821
60.0,130.0,180.0,0.48262758070864137
60.0,130.0,190.0,0.42294831322513005
60.0,130.0,200.0,0.25267649011413545
60.0,130.0,210.0,0.14513586018924066
60.0,130.0,220.0,0.11342952218837804
60.0,130.0,230.0,0.014792684946519995
60.0,130.0,240.0,0.048218388500098616
60.0,130.0,250.0,0.01803988454672375
60.0,130.0,260.0,0.06495273042977799
60.0,130.0,270.0,0.0
60.0,130.0,280.0,0.012156642153896306
60.0,130.0,290.0,0.0
60.0,140.0,0.0,0.04855136743464272
60.0,140.0,10.0,0.008798218938384221
60.0,140.0,20.0,0.0
60.0,140.0,30.0,0.0
60.0,140.0,40.0,0.0
60.0,140.0,50.0,0.03387990675905015
60.0,140.0,60.0,0.1056665616731092
60.0,140.0,70.0,0.10535648828907865
60.0,140.0,80.0,0.126582937341568
60.0,140.0,90.0,0.2219117425610832
60.0,140.0,100.0,0.38654582993453795
60.0,140.0,110.0,0.547818337391746
60.0,140.0,120.0,0.5801094985319504
60.0,140.0,130.0,0.5991166957683742
60.0,140.0,140.0,0.6944486466418004
60.0,140.0,150.0,0.7010516929050183
60.0,140.0,160.0,0.7393710594619451
60.0,140.0,170.0,0.6309144464640101
60.0,140.0,180.0,0.5028331098967789
60.0,140.0,190.0,0.393206023346094
60.0,140.0,200.0,0.3173392509607274
60.0,140.0,210.0,0.24587594815746056
60.0,140.0,220.0,0.16565509593663
60.0,140.0,230.0,0.10942146843831169
60.0,140.0,240.0,0.02475175453748589
60.0,140.0,250.0,0.10172225857824654
60.0,140.0,260.0,0.05590943098710279
60.0,140.0,270.0,0.024450365897597835
60.0,140.0,280.0,0.07155324962439179
60.0,140.0,290.0,0.030177127485313364
60.0,150.0,0.0,0.019523457222569505
60.0,150.0,10.0,0.0
60.0,150.0,20.0,0.0
60.0,150.0,30.0,0.053328011352756395
60.0,150.0,40.0,0.04325700144200404
60.0,150.0,50.0,0.0410152330973587
60.0,150.0,60.0,0.12501670544346938
60.0,150.0,70.0,0.16348749286596054
60.0,150.0,80.0,0.30147043191168427
60.0,150.0,90.0,0.24511194587324556
60.0,150.0,100.0,0.4184238722188976
60.0,150.0,110.0,0.5003867968503022
60.0,150.0,120.0,0.5605863604034208
60.0,150.0,130.0,0.7251246399762509
60.0,150.0,140.0,0.7893078433335546
60.0,150.0,150.0,0.7339294787814359
60.0,150.0,160.0,0.7144159373271848
60.0,150.0,170.0,0.6892803270118444
60.0,150.0,180.0,0.47976871476013777
60.0,150.0,190.0,0.3586946543658709
60.0,150.0,200.0,0.24156001695102503
60.0,150.0,210.0,0.25196232459621576
60.0,150.0,220.0,0.016068653064156474
60.0,150.0,230.0,0.0
60.0,150.0,240.0,0.08950593278199237
60.0,150.0,250.0,0.06515218843085072
60.0,150.0,260.0,0.0
60.0,150.0,270.0,0.0
60.0,150.0,280.0,0.04509438605378988
60.0,150.0,290.0,0.0
60.0,160.0,0.0,0.0
60.0,160.0,10.0,0.0
60.0,160.0,20.0,0.0
60.0,160.0,30.0,0.00435588217570031
60.0,160.0,40.0,0.034817621850618236
60.0,160.0,50.0,0.09905011176868159
60.0,160.0,60.0,0.08670523455479548
60.0,160.0,70.0,0.151656712110454
60.0,160.0,80.0,0.1736986436600033
60.0,160.0,90.0,0.3785885660101521
60.0,160.0,100.0,0.3191370358816749
60.0,160.0,110.0,0.5687464946998384
60.0,160.0,120.0,0.5799194693724152
60.0,160.0,130.0,0.7202812304389687
60.0,160.0,140.0,0.6762941806800546
60.0,160.0,150.0,0.6692902162810217
60.0,160.0,160.0,0.6320013032221828
60.0,160.0,170.0,0.6413900332572509
60.0,160.0,180.0,0.47226950021034697
60.0,160.0,190.0,0.36799936047181736
60.0,160.0,200.0,0.3670295455126291
60.0,160.0,210.0,0.14409236824567434
60.0,160.0,220.0,0.11707030110568789
60.0,160.0,230.0,0.13044505808946316
60.0,160.0,240.0,0.023645792706291625
60.0,160.0,250.0,0.05354856574830627
60.0,160.0,260.0,0.0371547633153607
60.0,160.0,270.0,0.04935032606113519
60.0,160.0,280.0,0.05136982795569479
60.0,160.0,290.0,0.0
60.0,170.0,0.0,0.0
60.0,170.0,10.0,0.0
60.0,170.0,20.0,0.07189563128753708
60.0,170.0,30.0,0.048459413456294474
60.0,170.0,40.0,0.0
60.0,170.0,50.0,0.0
60.0,170.0,60.0,0.10414259565212534
60.0,170.0,70.0,0.25687216119443185
60.0,170.0,80.0,0.15972624124118406
60.0,170.0,90.0,0.250552513293021
60.0,170.0,100.0,0.36449976451119137
60.0,170.0,110.0,0.46211586547497874
60.0,170.0,120.0,0.5017489642128823
60.0,170.0,130.0,0.5812593671295128
60.0,170.0,140.0,0.801549077625666
60.0,170.0,150.0,0.7097040907910743
60.0,170.0,160.0,0.7541732762868555
60.0,170.0,170.0,0.5592667301130348
60.0,170.0,180.0,0.46841917029538904
60.0,170.0,190.0,0.3582569932163352
60.0,170.0,200.0,0.40184562331353524
60.0,170.0,210.0,0.15517895665236886
60.0,170.0,220.0,0.0642216167514649
60.0,170.0,230.0,0.04451306189312203
60.0,170.0,240.0,0.0
60.0,170.0,250.0,0.04882171485066119
60.0,170.0,260.0,0.0
60.0,170.0,270.0,0.0
60.0,170.0,280.0,0.0
60.0,170.0,290.0,0.0
60.0,180.0,0.0,0.0
60.0,180.0,10.0,0.0503170991327076
60.0,180.0,20.0,0.0
60.0,180.0,30.0,0.0
60.0,180.0,40.0,0.03536939957174164
60.0,180.0,50.0,0.031574663783158256
60.0,180.0,60.0,0.05966420344375444
60.0,180.0,70.0,0.17374520860569614
60.0,180.0,80.0,0.2267371968860748
60.0,180.0,90.0,0.32689668367172453
60.0,180.0,100.0,0.32349397603704233
60.0,180.0,110.0,0.49260406002665297
60.0,180.0,120.0,0.5260266109306618
60.0,180.0,130.0,0.7336974574734282
60.0,180.0,140.0,0.6710499105608599
60.0,180.0,150.0,0.7040676509968904
60.0,180.0,160.0,0.5984656390311898
60.0,180.0,170.0,0.548518493045559
60.0,180.0,180.0,0.4361617019762134
60.0,180.0,190.0,0.30880612786760636
60.0,180.0,200.0,0.2556760198565417
60.0,180.0,210.0,0.1426785997126239
60.0,180.0,220.0,0.04667823103571961
60.0,180.0,230.0,0.020630213500080492
60.0,180.0,240.0,0.050270828979689944
60.0,180.0,250.0,0.122522274900796
60.0,180.0,260.0,0.0
60.0,180.0,270.0,0.0
60.0,180.0,280.0,0.024636646599126726
60.0,180.0,290.0,0.03828241306860166
60.0,190.0,0.0,0.0
60.0,190.0,10.0,0.0
60.0,190.0,20.0,0.0
60.0,190.0,30.0,0.0
60.0,190.0,40.0,0.019814676105224832
60.0,190.0,50.0,0.015625197857626883
60.0,190.0,60.0,0.031197297598414463
60.0,190.0,70.0,0.060534453647489515
60.0,190.0,80.0,0.15901883249064377
60.0,190.0,90.0,0.25089676614763046
60.0,190.0,100.0,0.3756835028712622
60.0,190.0,110.0,0.4236654138298824
60.0,190.0,120.0,0.5337702184390433
60.0,190.0,130.0,0.5996394598840545
60.0,190.0,140.0,0.6961488427349931
60.0,190.0,150.0,0.6352512160970707
60.0,190.0,160.0,0.4630154565796694
60.0,190.0,170.0,0.49760509674728504
60.0,190.0,180.0,0.48234737891879537
60.0,190.0,190.0,0.3474644093262985
60.0,190.0,200.0,0.2808717842249071
60.0,190.0,210.0,0.23298046905722147
60.0,190.0,220.0,0.17842162405412448
60.0,190.0,230.0,0.0
60.0,190.0,240.0,0.15309845076970963
60.0,190.0,250.0,0.0
60.0,190.0,260.0,0.0
60.0,190.0,270.0,0.015395731058082528
60.0,190.0,280.0,0.0
60.0,190.0,290.0,0.048532834007914506
60.0,200.0,0.0,0.008574110329743865
60.0,200.0,10.0,0.0
60.0,200.0,20.0,0.0
60.0,200.0,30.0,0.0
60.0,200.0,40.0,0.0
60.0,200.0,50.0,0.015343406809473346
60.0,200.0,60.0,0.04912426110258027
60.0,200.0,70.0,0.09406648153967162
60.0,200.0,80.0,0.15912330253623258
60.0,200.0,90.0,0.2077440952654133
60.0,200.0,100.0,0.4081603127745507
60.0,200.0,110.0,0.3222617588202344
60.0,200.0,120.0,0.39033270320504415
60.0,200.0,130.0,0.5085953924123465
60.0,200.0,140.0,0.4967356812595638
60.0,200.0,150.0,0.5127980394439318
60.0,200.0,160.0,0.5879585796058793
60.0,200.0,170.0,0.4510165613544129
60.0,200.0,180.0,0.33301273004918197
60.0,200.0,190.0,0.34686640732548724
60.0,200.0,200.0,0.30131780658125507
60.0,200.0,210.0,0.10139356686679005
60.0,200.0,220.0,0.08581916364290756
60.0,200.0,230.0,0.0360026410054952
60.0,200.0,240.0,0.0029550541771770633
60.0,200.0,250.0,0.0
60.0,200.0,260.0,0.041855111234082615
60.0,200.0,270.0,0.05089234559283371
60.0,200.0,280.0,0.0033536091768681152
60.0,200.0,290.0,0.0
60.0,210.0,0.0,0.04472404123270618
60.0,210.0,10.0,0.0
60.0,210.0,20.0,0.0
60.0,210.0,30.0,0.0
60.0,210.0,40.0,0.0
60.0,210.0,50.0,0.0
60.0,210.0,60.0,0.08253907029343814
60.0,210.0,70.0,0.08647013541749216
60.0,210.0,80.0,0.20518483775245627
60.0,210.0,90.0,0.28672647987570266
60.0,210.0,100.0,0.2975825198169586
60.0,210.0,110.0,0.3611696063455678
60.0,210.0,120.0,0.4352367685272995
60.0,210.0,130.0,0.5743273859695291
60.0,210.0,140.0,0.4810469172350552
60.0,210.0,150.0,0.581417016468426
60.0,210.0,160.0,0.5391545704815197
60.0,210.0,170.0,0.3821831189355437
60.0,210.0,180.0,0.36983408357282815
60.0,210.0,190.0,0.24359030373266446
60.0,210.0,200.0,0.13659191577876834
60.0,210.0,210.0,0.13510551353922298
60.0,210.0,220.0,0.13245483306376327
60.0,210.0,230.0,0.07301733157848248
60.0,210.0,240.0,0.0
60.0,210.0,250.0,0.029493206336024827
60.0,210.0,260.0,0.0
60.0,210.0,270.0,0.0
60.0,210.0,280.0,0.0253281738977842
60.0,210.0,290.0,0.0
60.0,220.0,0.0,0.005224249759454982
60.0,220.0,10.0,0.029062509130035538
60.0,220.0,20.0,0.0476341074326411
60.0,220.0,30.0,0.0
60.0,220.0,40.0,0.03504841156370984
60.0,220.0,50.0,0.0
60.0,220.0,60.0,0.06380838151880017
60.0,220.0,70.0,0.15625909726769732
60.0,220.0,80.0,0.07926629886738644
60.0,220.0,90.0,0.2624755349454987
60.0,220.0,100.0,0.20424968753749354
60.0,220.0,110.0,0.3186640940967704
60.0,220.0,120.0,0.37502030716006113
60.0,220.0,130.0,0.4200539916537483
60.0,220.0,140.0,0.5311917352414401
60.0,220.0,150.0,0.3823004858242225
60.0,220.0,160.0,0.44572911406665566
60.0,220.0,170.0,0.4001686161034205
60.0,220.0,180.0,0.3181398962255416
60.0,220.0,190.0,0.2650675631366617
60.0,220.0,200.0,0.2069739966141079
60.0,220.0,210.0,0.19681023644286638
60.0,220.0,220.0,0.0872679197434651
60.0,220.0,230.0,0.029010006522217444
60.0,220.0,240.0,0.0
60.0,220.0,250.0,0.0970306729493741
60.0,220.0,260.0,0.028263580677935385
60.0,220.0,270.0,0.02864480362103603
60.0,220.0,280.0,0.0
60.0,220.0,290.0,0.0422372999181705
60.0,230.0,0.0,0.0
60.0,230.0,10.0,0.0
60.0,230.0,20.0,0.05785556308448013
60.0,230.0,30.0,0.0
60.0,230.0,40.0,0.0
60.0,230.0,50.0,0.015308258511356112
60.0,230.0,60.0,0.0
60.0,230.0,70.0,0.030746519430664754
60.0,230.0,80.0,0.11642774108933118
60.0,230.0,90.0,0.19231481907423237
60.0,230.0,100.0,0.10521511561738107
60.0,230.0,110.0,0.2791463558052224
60.0,230.0,120.0,0.38104993260165987
60.0,230.0,130.0,0.37826831274209943
60.0,230.0,140.0,0.4768380840575396
60.0,230.0,150.0,0.3756053759834609
60.0,230.0,160.0,0.3753755909584362
60.0,230.0,170.0,0.3579585629689695
60.0,230.0,180.0,0.22507696242221342
60.0,230.0,190.0,0.1527153415459503
60.0,230.0,200.0,0.1650821160903579
60.0,230.0,210.0,0.076753835923074
60.0,230.0,220.0,0.03762118682401162
60.0,230.0,230.0,0.042103766355275796
60.0,230.0,240.0,0.06831304721046473
60.0,230.0,250.0,0.0
60.0,230.0,260.0,0.14375136064075567
60.0,230.0,270.0,0.019342326841883264
60.0,230.0,280.0,0.030348941215880866
60.0,230.0,290.0,0.07143082237476894
60.0,240.0,0.0,0.07243222224772328
60.0,240.0,10.0,0.08375906909163229
60.0,240.0,20.0,0.04950376692479696
60.0,240.0,30.0,0.0
60.0,240.0,40.0,0.0
60.0,240.0,50.0,0.008387277527121779
60.0,240.0,60.0,0.0
60.0,240.0,70.0,0.1014980884310542
60.0,240.0,80.0,0.0710824061249681
60.0,240.0,90.0,0.12227236845926123
60.0,240.0,100.0,0.21833005150251344
60.0,240.0,110.0,0.308955427565365
60.0,240.0,120.0,0.35315170276153623
60.0,240.0,130.0,0.4078379917147803
60.0,240.0,140.0,0.40839430042727615
60.0,240.0,150.0,0.4328270274929824
60.0,240.0,160.0,0.4417021277366002
60.0,240.0,170.0,0.3440514014944438
60.0,240.0,180.0,0.16973267638209605
60.0,240.0,190.0,0.17728108632387896
60.0,240.0,200.0,0.17048985797556676
60.0,240.0,210.0,0.14559941653454256
60.0,240.0,220.0,0.07278061431015925
60.0,240.0,230.0,0.0
60.0,240.0,240.0,0.04079763153195615
60.0,240.0,250.0,0.07485709737324343
60.0,240.0,260.0,0.0
60.0,240.0,270.0,0.0
60.0,240.0,280.0,0.0263807345816486
60.0,240.0,290.0,0.0
60.0,250.0,0.0,0.0
60.0,250.0,10.0,0.0
60.0,250.0,20.0,0.044233200390017866
60.0,250.0,30.0,0.02995573261023779
60.0,250.0,40.0,0.006010162568465804
60.0,250.0,50.0,0.010464229100016152
60.0,250.0,60.0,0.0
60.0,250.0,70.0,0.0
60.0,250.0,80.0,0.13285451901263434
60.0,250.0,90.0,0.19373377684197013
60.0,250.0,100.0,0.157773409734201
60.0,250.0,110.0,0.17118375394272334
60.0,250.0,120.0,0.19944267026877838
60.0,250.0,130.0,0.3789434342575168
60.0,250.0,140.0,0.2545056208088041
60.0,250.0,150.0,0.40478984269170487
60.0,250.0,160.0,0.3347035861506662
60.0,250.0,170.0,0.18733158839715547
60.0,250.0,180.0,0.18597200300907205
60.0,250.0,190.0,0.22021839403841062
60.0,250.0,200.0,0.14771357622195364
60.0,250.0,210.0,0.030955616152179552
60.0,250.0,220.0,0.10437547929399515
60.0,250.0,230.0,0.0362898820177338
60.0,250.0,240.0,0.03707112338359998
60.0,250.0,250.0,0.0
60.0,250.0,260.0,0.010771266092756193
60.0,250.0,270.0,0.07035594336424797
60.0,250.0,280.0,0.0
60.0,250.0,290.0,0.015010408775695597
60.0,260.0,0.0,0.0
60.0,260.0,10.0,0.0
60.0,260.0,20.0,0.0
60.0,260.0,30.0,0.0
60.0,260.0,40.0,0.06903651552581419
60.0,260.0,50.0,0.0411750857328689
60.0,260.0,60.0,0.0
60.0,260.0,70.0,0.0
60.0,260.0,80.0,0.00628314986779388
60.0,260.0,90.0,0.19163516899807703
60.0,260.0,100.0,0.03136174453577695
60.0,260.0,110.0,0.08960535716762094
60.0,260.0,120.0,0.172697426130424
60.0,260.0,130.0,0.24383674202615901
60.0,260.0,140.0,0.28345036432727894
60.0,260.0,150.0,0.15615630153656584
60.0,260.0,160.0,0.26640738512094897
60.0,260.0,170.0,0.21395642911341134
60.0,260.0,180.0,0.21715640634936534
60.0,260.0,190.0,0.19675120837744633
60.0,260.0,200.0,0.0
60.0,260.0,210.0,0.09465319379302284
60.0,260.0,220.0,0.0
60.0,260.0,230.0,0.0
60.0,260.0,240.0,0.0
60.0,260.0,250.0,0.0
60.0,260.0,260.0,0.014848374534589797
60.0,260.0,270.0,0.0
60.0,260.0,280.0,0.03417101419364062
60.0,260.0,290.0,0.0
60.0,270.0,0.0,0.0
60.0,270.0,10.0,0.0
60.0,270.0,20.0,0.017466345138478313
60.0,270.0,30.0,0.006154286971887519
60.0,270.0,40.0,0.027315689155517416
60.0,270.0,50.0,0.07595039399520148
60.0,270.0,60.0,0.0059083094418737915
60.0,270.0,70.0,0.0
60.0,270.0,80.0,0.0
60.0,270.0,90.0,0.05072667731620261
60.0,270.0,100.0,0.05727900035153357
60.0,270.0,110.0,0.19585408041372557
60.0,270.0,120.0,0.10889434958522747
60.0,270.0,130.0,0.1572549777617105
60.0,270.0,140.0,0.20551017246176337
60.0,270.0,150.0,0.2404825104920646
60.0,270.0,160.0,0.14467308646203159
60.0,270.0,170.0,0.0699083913762272
60.0,270.0,180.0,0.14089677339956463
60.0,270.0,190.0,0.11309295558239195
60.0,270.0,200.0,0.05987570716399726
60.0,270.0,210.0,0.026026946875675937
60.0,270.0,220.0,0.0566512376616256
60.0,270.0,230.0,0.049044691017501876
60.0,270.0,240.0,0.0
60.0,270.0,250.0,0.0
60.0,270.0,260.0,0.0
60.0,270.0,270.0,0.018116614633160617
60.0,270.0,280.0,0.011950826800488697
60.0,270.0,290.0,0.10649313429437696
60.0,280.0,0.0,0.0354082601141873
60.0,280.0,10.0,0.007972114752304499
60.0,280.0,20.0,0.09774410701787842
60.0,280.0,30.0,0.06819177116273432
60.0,280.0,40.0,0.056179673119570644
60.0,280.0,50.0,0.010538723167402704
60.0,280.0,60.0,0.056862823318458544
60.0,280.0,70.0,0.08790664960078393
60.0,280.0,80.0,0.023927655580114976
60.0,280.0,90.0,0.034852610300567376
60.0,280.0,100.0,0.121454406399022
60.0,280.0,110.0,0.10048029632006449
60.0,280.0,120.0,0.11087195379737264
60.0,280.0,130.0,0.2083841063219411
60.0,280.0,140.0,0.21471999947560177
60.0,280.0,150.0,0.19241611346784956
60.0,280.0,160.0,0.17654864159329217
60.0,280.0,170.0,0.12358391379498739
60.0,280.0,180.0,0.20788213946717604
60.0,280.0,190.0,0.0048930349084364555
60.0,280.0,200.0,0.11696364431780217
60.0,280.0,210.0,0.0
60.0,280.0,220.0,0.0393948673982351
60.0,280.0,230.0,0.0637146114530907
60.0,280.0,240.0,0.009071363918594214
60.0,280.0,250.0,0.001088817186446561
60.0,280.0,260.0,0.0
60.0,280.0,270.0,0.0
60.0,280.0,280.0,0.0
60.0,280.0,290.0,0.05150419636951175
60.0,290.0,0.0,0.0
60.0,290.0,10.0,0.08401352285451472
60.0,290.0,20.0,0.02060232988874152
60.0,290.0,30.0,0.0
60.0,290.0,40.0,0.0
60.0,290.0,50.0,0.05411703006369217
60.0,290.0,60.0,0.11713915106120723
60.0,290.0,70.0,0.0
60.0,290.0,80.0,0.010132531978824535
60.0,290.0,90.0,0.1172217390662979
60.0,290.0,100.0,0.06088329285937218
60.0,290.0,110.0,0.12678060023168025
60.0,290.0,120.0,0.15611723597898858
60.0,290.0,130.0,0.1217921083779463
60.0,290.0,140.0,0.2623288702935135
60.0,290.0,150.0,0.1966383210602421
60.0,290.0,160.0,0.17275483244892015
60.0,290.0,170.0,0.1080563718282031
60.0,290.0,180.0,0.05705844185493662
60.0,290.0,190.0,0.077666779936854
60.0,290.0,200.0,0.0075953090767999845
60.0,290.0,210.0,0.07617245248186896
60.0,290.0,220.0,0.016722358160979216
60.0,290.0,230.0,0.0
60.0,290.0,240.0,0.03495679949353242
60.0,290.0,250.0,0.03403904087900798
60.0,290.0,260.0,0.08413133814348434
60.0,290.0,270.0,0.006996241774407835
60.0,290.0,280.0,0.012991868853733315
60.0,290.0,290.0,0.0
70.0,0.0,0.0,0.05604067533843508
70.0,0.0,10.0,0.0
70.0,0.0,20.0,0.0
70.0,0.0,30.0,0.05715627618539305
70.0,0.0,40.0,0.049883541071936974
70.0,0.0,50.0,0.01121965881467943
70.0,0.0,60.0,0.09832100314389301
70.0,0.0,70.0,0.0
70.0,0.0,80.0,0.09086329170778477
70.0,0.0,90.0,0.017607304110709363
70.0,0.0,100.0,0.05284326765479821
70.0,0.0,110.0,0.021959364570945827
70.0,0.0,120.0,0.15577751745455146
70.0,0.0,130.0,0.10278332252908329
70.0,0.0,140.0,0.12848214713357053
70.0,0.0,150.0,0.20873278344295512
70.0,0.0,160.0,0.08818036765274928
70.0,0.0,170.0,0.13007033310878613
70.0,0.0,180.0,0.07041606081831642
70.0,0.0,190.0,0.058059923616140284
70.0,0.0,200.0,0.14381171085107253
70.0,0.0,210.0,0.14457107778249834
70.0,0.0,220.0,0.05809861494449946
70.0,0.0,230.0,0.0
70.0,0.0,240.0,0.0
70.0,0.0,250.0,0.0
70.0,0.0,260.0,0.0
70.0,0.0,270.0,0.022101229107037993
70.0,0.0,280.0,0.0610173670480311
70.0,0.0,290.0,0.08169764988071082
70.0,10.0,0.0,0.006522519999150107
70.0,10.0,10.0,0.005436907980038886
70.0,10.0,20.0,0.0
70.0,10.0,30.0,0.0
70.0,10.0,40.0,0.0
70.0,10.0,50.0,0.0
70.0,10.0,60.0,0.0
70.0,10.0,70.0,0.03244923645356733
70.0,10.0,80.0,0.04135301764113081
70.0,10.0,90.0,0.13736850004667522
70.0,10.0,100.0,0.09339997004996178
70.0,10.0,110.0,0.18217262789927946
70.0,10.0,120.0,0.16624194585599147
70.0,10.0,130.0,0.26291911417273833
70.0,10.0,140.0,0.2567719589713342
70.0,10.0,150.0,0.14963158799677456
70.0,10.0,160.0,0.19965135039020898
70.0,10.0,170.0,0.11188537816036835
70.0,10.0,180.0,0.1701104347805506
70.0,10.0,190.0,0.21595612748693116
70.0,10.0,200.0,0.1294119638767674
70.0,10.0,210.0,0.016585973087489735
70.0,10.0,220.0,0.013295555150521443
70.0,10.0,230.0,0.0
70.0,10.0,240.0,0.0
70.0,10.0,250.0,0.013179143108593727
70.0,10.0,260.0,0.0
70.0,10.0,270.0,0.0029985206994640216
70.0,10.0,280.0,0.07441099600465509
70.0,10.0,290.0,0.03547129433775423
70.0,20.0,0.0,0.0
70.0,20.0,10.0,0.024019445237303563
70.0,20.0,20.0,0.02333676353018597
70.0,20.0,30.0,0.04773368263945468
70.0,20.0,40.0,0.049397841227418374
70.0,20.0,50.0,0.0
70.0,20.0,60.0,0.07377018388093108
70.0,20.0,70.0,0.0329099821827825
70.0,20.0,80.0,0.14062179065816144
70.0,20.0,90.0,0.13171328845801009
70.0,20.0,100.0,0.1343266017238557
70.0,20.0,110.0,0.17619713551413332
70.0,20.0,120.0,0.28280572663068027
70.0,20.0,130.0,0.3230696909777925
70.0,20.0,140.0,0.30085973611659844
70.0,20.0,150.0,0.33574276354615895
70.0,20.0,160.0,0.25160174146024544
70.0,20.0,170.0,0.1983749739488952
70.0,20.0,180.0,0.17892135119625932
70.0,20.0,190.0,0.21278441809727996
70.0,20.0,200.0,0.03649650841884153
70.0,20.0,210.0,0.12385923180417216
70.0,20.0,220.0,0.0030311279786355352
70.0,20.0,230.0,0.06342393229733996
70.0,20.0,240.0,0.06943171561564347
70.0,20.0,250.0,0.0565361105067819
70.0,20.0,260.0,0.0
70.0,20.0,270.0,0.0
70.0,20.0,280.0,0.0
70.0,20.0,290.0,0.0
70.0,30.0,0.0,0.0
70.0,30.0,10.0,0.0023824475834419018
70.0,30.0,20.0,0.0
70.0,30.0,30.0,0.0
70.0,30.0,40.0,0.0
70.0,30.0,50.0,0.022267548672082006
70.0,30.0,60.0,0.06685053094815235
70.0,30.0,70.0,0.06318749872046098
70.0,30.0,80.0,0.05782153843629949
70.0,30.0,90.0,0.05585087606964095
70.0,30.0,100.0,0.1608951310171395
70.0,30.0,110.0,0.19456234479140158
70.0,30.0,120.0,0.23710166700309943
70.0,30.0,130.0,0.28299277184638366
70.0,30.0,140.0,0.26339871119250174
70.0,30.0,150.0,0.27013529960303745
70.0,30.0,160.0,0.36520967727708825
70.0,30.0,170.0,0.2807022806967859
70.0,30.0,180.0,0.2701863956196493
70.0,30.0,190.0,0.22248681843587825
70.0,30.0,200.0,0.05782234581159784
70.0,30.0,210.0,0.07017435870217892
70.0,30.0,220.0,0.08172441377328726
70.0,30.0,230.0,0.0
70.0,30.0,240.0,0.05330138412964795
70.0,30.0,250.0,0.0
70.0,30.0,260.0,0.0
70.0,30.0,270.0,0.0
70.0,30.0,280.0,0.016480647212545184
70.0,30.0,290.0,0.0
70.0,40.0,0.0,0.0
70.0,40.0,10.0,0.00477039433008514
70.0,40.0,20.0,0.059821597663663635
70.0,40.0,30.0,0.09286562443178524
70.0,40.0,40.0,0.056294256092999984
70.0,40.0,50.0,0.03963720817308891
70.0,40.0,60.0,0.07885683421708663
70.0,40.0,70.0,0.10250051109112346
70.0,40.0,80.0,0.12244509671923477
70.0,40.0,90.0,0.13812679344114484
70.0,40.0,100.0,0.2528296730816611
70.0,40.0,110.0,0.21265592265878658
70.0,40.0,120.0,0.30030355152969695
70.0,40.0,130.0,0.4359296164576847
70.0,40.0,140.0,0.36425348126650947
70.0,40.0,150.0,0.42617505778135556
70.0,40.0,160.0,0.3819993631846545
70.0,40.0,170.0,0.37945387761585303
70.0,40.0,180.0,0.2278312676264747
70.0,40.0,190.0,0.12522184880924392
70.0,40.0,200.0,0.1828574187092155
70.0,40.0,210.0,0.15650212152379414
70.0,40.0,220.0,0.06852015657805643
70.0,40.0,230.0,0.0
70.0,40.0,240.0,0.07693726421915349
70.0,40.0,250.0,0.049948517057559275
70.0,40.0,260.0,0.0
70.0,40.0,270.0,0.0
70.0,40.0,280.0,0.01886581589907053
70.0,40.0,290.0,0.012063708627020274
70.0,50.0,0.0,0.015559429768082857
70.0,50.0,10.0,0.0
70.0,50.0,20.0,0.06910359813596838
70.0,50.0,30.0,0.02054220600749504
70.0,50.0,40.0,0.0
70.0,50.0,50.0,0.042927067239275696
70.0,50.0,60.0,0.06506700755105718
70.0,50.0,70.0,0.054789703545923815
70.0,50.0,80.0,0.1359848619362669
70.0,50.0,90.0,0.1895751076732586
70.0,50.0,100.0,0.2470194160592406
70.0,50.0,110.0,0.3372363491299406
70.0,50.0,120.0,0.3716947898109423
70.0,50.0,130.0,0.44509611001317184
70.0,50.0,140.0,0.43365117315850643
70.0,50.0,150.0,0.477238446211555
70.0,50.0,160.0,0.5389483284513392
70.0,50.0,170.0,0.3420806933461251
70.0,50.0,180.0,0.3657609287744512
70.0,50.0,190.0,0.24432689454680562
70.0,50.0,200.0,0.1849466015570935
70.0,50.0,210.0,0.1604314984065301
70.0,50.0,220.0,0.03716538785190732
70.0,50.0,230.0,0.12069603892723788
70.0,50.0,240.0,0.0
70.0,50.0,250.0,0.0
70.0,50.0,260.0,0.0
70.0,50.0,270.0,0.0
70.0,50.0,280.0,0.0
70.0,50.0,290.0,0.0
70.0,60.0,0.0,0.0
70.0,60.0,10.0,0.08915144133462544
70.0,60.0,20.0,0.026334030169041754
70.0,60.0,30.0,0.07252780286883805
70.0,60.0,40.0,0.03237616546066382
70.0,60.0,50.0,0.10860571965632476
70.0,60.0,60.0,0.0
70.0,60.0,70.0,0.0
70.0,60.0,80.0,0.07078189309078044
70.0,60.0,90.0,0.3302710161420742
70.0,60.0,100.0,0.3148425948653842
70.0,60.0,110.0,0.25077043487225087
70.0,60.0,120.0,0.4530541770710424
70.0,60.0,130.0,0.5137253047856906
70.0,60.0,140.0,0.5307308808566681
70.0,60.0,150.0,0.5123937769777259
70.0,60.0,160.0,0.470112766159965
70.0,60.0,170.0,0.5395455560016057
70.0,60.0,180.0,0.32428394730421606
70.0,60.0,190.0,0.3013847824330346
70.0,60.0,200.0,0.11375196429695933
70.0,60.0,210.0,0.1141126620441085
70.0,60.0,220.0,0.020406496526233137
70.0,60.0,230.0,0.08308153232852471
70.0,60.0,240.0,0.0
70.0,60.0,250.0,0.07928723995637652
70.0,60.0,260.0,0.0
70.0,60.0,270.0,0.0
70.0,60.0,280.0,0.028587388635235397
70.0,60.0,290.0,0.0
70.0,70.0,0.0,0.0806755782290246
70.0,70.0,10.0,0.0
70.0,70.0,20.0,0.018479501982840766
70.0,70.0,30.0,0.061453552149832946
70.0,70.0,40.0,0.03991466135677199
70.0,70.0,50.0,0.10576586534453461
70.0,70.0,60.0,0.034030852249621296
70.0,70.0,70.0,0.06913766638317351
70.0,70.0,80.0,0.2286057910916926
70.0,70.0,90.0,0.20393788183642653
70.0,70.0,100.0,0.23916393909189937
70.0,70.0,110.0,0.348205193178719
70.0,70.0,120.0,0.4480756532831888
70.0,70.0,130.0,0.5370681343579227
70.0,70.0,140.0,0.5901946549677016
70.0,70.0,150.0,0.6061119786315516
70.0,70.0,160.0,0.5565564271147967
70.0,70.0,170.0,0.5391707732095653
70.0,70.0,180.0,0.4451943848637842
70.0,70.0,190.0,0.2904364599638828
70.0,70.0,200.0,0.23524590163546652
70.0,70.0,210.0,0.13117334915630272
70.0,70.0,220.0,0.04690289939051018
70.0,70.0,230.0,0.06215885349226372
70.0,70.0,240.0,0.07358827258411556
70.0,70.0,250.0,0.02445949101052514
70.0,70.0,260.0,0.09263616130558897
70.0,70.0,270.0,0.009148127042561474
70.0,70.0,280.0,0.0
70.0,70.0,290.0,0.0
70.0,80.0,0.0,0.11768097542938706
70.0,80.0,10.0,0.10147263831159031
70.0,80.0,20.0,0.014940410626511752
70.0,80.0,30.0,0.005110638367221033
70.0,80.0,40.0,0.027987166146114958
70.0,80.0,50.0,0.07144884429729212
70.0,80.0,60.0,0.10177108046903341
70.0,80.0,70.0,0.09864008321970238
70.0,80.0,80.0,0.19718882751402148
70.0,80.0,90.0,0.2684158562219827
70.0,80.0,100.0,0.3625744759220957
70.0,80.0,110.0,0.4794940928112051
70.0,80.0,120.0,0.5424882761331525
70.0,80.0,130.0,0.606455538898981
70.0,80.0,140.0,0.5965841757131123
70.0,80.0,150.0,0.6883401378028075
70.0,80.0,160.0,0.5813333331241523
70.0,80.0,170.0,0.5521484056442558
70.0,80.0,180.0,0.4002598452677327
70.0,80.0,190.0,0.3579437898042962
70.0,80.0,200.0,0.1538496740949851
70.0,80.0,210.0,0.12355461939097795
70.0,80.0,220.0,0.14621807306585083
70.0,80.0,230.0,0.19604162120977717
70.0,80.0,240.0,0.10755178241293493
70.0,80.0,250.0,0.0
70.0,80.0,260.0,0.011048057230874918
70.0,80.0,270.0,0.0
70.0,80.0,280.0,0.0003144241094201368
70.0,80.0,290.0,0.02748860768922399
70.0,90.0,0.0,0.03617493707722843
70.0,90.0,10.0,0.0
70.0,90.0,20.0,0.03727308144023997
70.0,90.0,30.0,0.0
70.0,90.0,40.0,0.0
70.0,90.0,50.0,0.019841078837574844
70.0,90.0,60.0,0.03403416840168263
70.0,90.0,70.0,0.16521052853383802
70.0,90.0,80.0,0.16196961312070424
70.0,90.0,90.0,0.28897161162779406
70.0,90.0,100.0,0.4466595174611668
70.0,90.0,110.0,0.4890200973062259
70.0,90.0,120.0,0.6036957885078212
70.0,90.0,130.0,0.690029644569596
70.0,90.0,140.0,0.6997776354376883
70.0,90.0,150.0,0.7644189419571109
70.0,90.0,160.0,0.7253157141547412
70.0,90.0,170.0,0.5295597858809
70.0,90.0,180.0,0.4823086647117895
70.0,90.0,190.0,0.4131977755784102
70.0,90.0,200.0,0.29969128709743276
70.0,90.0,210.0,0.12294396797286863
70.0,90.0,220.0,0.06001803692565767
70.0,90.0,230.0,0.1162268217172007
70.0,90.0,240.0,0.0
70.0,90.0,250.0,0.0
70.0,90.0,260.0,0.017743216669723078
70.0,90.0,270.0,0.00822979267271941
70.0,90.0,280.0,0.029870066927367916
70.0,90.0,290.0,0.0
70.0,100.0,0.0,0.0
70.0,100.0,10.0,0.0
70.0,100.0,20.0,0.04042060434369922
70.0,100.0,30.0,0.0
70.0,100.0,40.0,0.012685079867620026
70.0,100.0,50.0,0.0
70.0,100.0,60.0,0.03427927588849105
70.0,100.0,70.0,0.18292190803131067
70.0,100.0,80.0,0.26214657855341195
70.0,100.0,90.0,0.32871431493728204
70.0,100.0,100.0,0.41899520145529356
70.0,100.0,110.0,0.4850752117440095
70.0,100.0,120.0,0.6650596732310828
70.0,100.0,130.0,0.7111561483522607
70.0,100.0,140.0,0.798346711871798
70.0,100.0,150.0,0.799484573462409
70.0,100.0,160.0,0.6999429783820359
70.0,100.0,170.0,0.6072221224022158
70.0,100.0,180.0,0.4892221037364605
70.0,100.0,190.0,0.38980663409145416
70.0,100.0,200.0,0.2502648560585115
70.0,100.0,210.0,0.10898267910839889
70.0,100.0,220.0,0.11382010215389776
70.0,100.0,230.0,0.0862650949100159
70.0,100.0,240.0,0.1209918487795616
70.0,100.0,250.0,0.017635401450694928
70.0,100.0,260.0,0.0
70.0,100.0,270.0,0.047091406537769186
70.0,100.0,280.0,0.0
70.0,100.0,290.0,0.012752192391749026
70.0,110.0,0.0,0.0
70.0,110.0,10.0,0.0
70.0,110.0,20.0,0.09856164807500419
70.0,110.0,30.0,0.0894835952261801
70.0,110.0,40.0,0.02057685912031279
70.0,110.0,50.0,0.1542539567342584
70.0,110.0,60.0,0.023846541770977184
70.0,110.0,70.0,0.17028451583695275
70.0,110.0,80.0,0.2396532832738697
70.0,110.0,90.0,0.3275526864441278
70.0,110.0,100.0,0.4471853945534426
70.0,110.0,110.0,0.519390451882483
70.0,110.0,120.0,0.8083035978184998
70.0,110.0,130.0,0.7750688648121973
70.0,110.0,140.0,0.8534689314360047
70.0,110.0,150.0,0.7666406529777942
70.0,110.0,160.0,0.8164223755863846
70.0,110.0,170.0,0.6631815984930208
70.0,110.0,180.0,0.6012036250532833
70.0,110.0,190.0,0.46594500158387214
70.0,110.0,200.0,0.3213378634914869
70.0,110.0,210.0,0.1991850386744143
70.0,110.0,220.0,0.09892860021623189
70.0,110.0,230.0,0.0300548829259287
70.0,110.0,240.0,0.03531442121510501
70.0,110.0,250.0,0.0
70.0,110.0,260.0,0.0015979925213603675
70.0,110.0,270.0,0.04959080984316985
70.0,110.0,280.0,0.005291534279950081
70.0,110.0,290.0,0.053324363483927203
70.0,120.0,0.0,0.02965889283612204
70.0,120.0,10.0,0.0
70.0,120.0,20.0,0.0
70.0,120.0,30.0,0.06310032714401603
70.0,120.0,40.0,0.03274202632931019
70.0,120.0,50.0,0.10817120700022098
70.0,120.0,60.0,0.08367292345628848
70.0,120.0,70.0,0.15121630728938446
70.0,120.0,80.0,0.2483644176762252
70.0,120.0,90.0,0.376896574025975
70.0,120.0,100.0,0.48435374843270584
70.0,120.0,110.0,0.5899853823102378
70.0,120.0,120.0,0.690987097466564
70.0,120.0,130.0,0.8630063321086697
70.0,120.0,140.0,0.8768688331544495
70.0,120.0,150.0,0.7796210885536305
70.0,120.0,160.0,0.8839453184324398
70.0,120.0,170.0,0.720305907077207
70.0,120.0,180.0,0.5618274324914617
70.0,120.0,190.0,0.4832175484375084
70.0,120.0,200.0,0.3971159678139426
70.0,120.0,210.0,0.26691259260438266
70.0,120.0,220.0,0.1375254782081723
70.0,120.0,230.0,0.1455702629251657
70.0,120.0,240.0,0.012318403725881527
70.0,120.0,250.0,0.0
70.0,120.0,260.0,0.0
70.0,120.0,270.0,0.0
70.0,120.0,280.0,0.0
70.0,120.0,290.0,0.0
70.0,130.0,0.0,0.03555076507843024
70.0,130.0,10.0,0.0
70.0,130.0,20.0,0.0
70.0,130.0,30.0,0.0
70.0,130.0,40.0,0.010293607069440405
70.0,130.0,50.0,0.04026859612225337
70.0,130.0,60.0,0.047857403488252744
70.0,130.0,70.0,0.21127435321405114
70.0,130.0,80.0,0.27471321348857386
70.0,130.0,90.0,0.3031727401518448
70.0,130.0,100.0,0.47002005861952983
70.0,130.0,110.0,0.5069110222571193
70.0,130.0,120.0,0.7455269455420892
70.0,130.0,130.0,0.8387208118087469
70.0,130.0,140.0,0.8710040477268575
70.0,130.0,150.0,0.8643003098865625
70.0,130.0,160.0,0.8737263167050294
70.0,130.0,170.0,0.7540967539852653
70.0,130.0,180.0,0.6728820009618145
70.0,130.0,190.0,0.4395373683151945
70.0,130.0,200.0,0.32325508413367227
70.0,130.0,210.0,0.19611229058123264
70.0,130.0,220.0,0.2473764114144547
70.0,130.0,230.0,0.1351985378930443
70.0,130.0,240.0,0.044307130749161476
70.0,130.0,250.0,0.06952718798978261
70.0,130.0,260.0,0.0
70.0,130.0,270.0,0.0
70.0,130.0,280.0,0.0
70.0,130.0,290.0,0.02406443135292087
70.0,140.0,0.0,0.0
70.0,140.0,10.0,0.09033580859641474
70.0,140.0,20.0,0.023641735828034326
70.0,140.0,30.0,0.0
70.0,140.0,40.0,0.0026823140821705116
70.0,140.0,50.0,0.14025106486405656
70.0,140.0,60.0,0.07570035177154563
70.0,140.0,70.0,0.09905893025487628
70.0,140.0,80.0,0.23434034958936859
70.0,140.0,90.0,0.35372829835578945
70.0,140.0,100.0,0.4875264837470728
70.0,140.0,110.0,0.5784090121403275
70.0,140.0,120.0,0.6928913569601058
70.0,140.0,130.0,0.9350128091471979
70.0,140.0,140.0,0.8831160749351226
70.0,140.0,150.0,0.8762057738492505
70.0,140.0,160.0,0.8509146037728289
70.0,140.0,170.0,0.6776860953433576
70.0,140.0,180.0,0.5873395184058104
70.0,140.0,190.0,0.41866536635363927
70.0,140.0,200.0,0.41356366082358026
70.0,140.0,210.0,0.19159011182895583
70.0,140.0,220.0,0.16717145095909638
70.0,140.0,230.0,0.15531208401200375
70.0,140.0,240.0,0.1095015376288745
70.0,140.0,250.0,0.0
70.0,140.0,260.0,0.0
70.0,140.0,270.0,0.0
70.0,140.0,280.0,0.044890564413780254
70.0,140.0,290.0,0.04759606231904453
70.0,150.0,0.0,0.0
70.0,150.0,10.0,0.048288299508563205
70.0,150.0,20.0,0.0
70.0,150.0,30.0,0.0
70.0,150.0,40.0,0.05017619281457665
70.0,150.0,50.0,0.05816181274829455
70.0,150.0,60.0,0.12037744961764202
70.0,150.0,70.0,0.15357662438339753
70.0,150.0,80.0,0.2745105091147403
70.0,150.0,90.0,0.4479112131209505
70.0,150.0,100.0,0.4702370971609708
70.0,150.0,110.0,0.6705839048733935
70.0,150.0,120.0,0.7938527764558524
70.0,150.0,130.0,0.789805452935972
70.0,150.0,140.0,0.9490921523693887
70.0,150.0,150.0,0.8924986426799743
70.0,150.0,160.0,0.8772826305198941
70.0,150.0,170.0,0.7947812279127292
70.0,150.0,180.0,0.6397232216558454
70.0,150.0,190.0,0.524824046035994
70.0,150.0,200.0,0.31003682432363555
70.0,150.0,210.0,0.2740319900808405
70.0,150.0,220.0,0.18356442589836486
70.0,150.0,230.0,0.20825670052326967
70.0,150.0,240.0,0.0
70.0,150.0,250.0,0.0
70.0,150.0,260.0,0.0007315535712014154
70.0,150.0,270.0,0.040527672033622564
70.0,150.0,280.0,0.0
70.0,150.0,290.0,0.0
70.0,160.0,0.0,0.0
70.0,160.0,10.0,0.0
70.0,160.0,20.0,0.09332233039660412
70.0,160.0,30.0,0.0
70.0,160.0,40.0,0.023488711053455926
70.0,160.0,50.0,0.03665410370333068
70.0,160.0,60.0,0.008758046358835661
70.0,160.0,70.0,0.13570682827390088
70.0,160.0,80.0,0.22162258534526785
70.0,160.0,90.0,0.32633679160608275
70.0,160.0,100.0,0.5057009480750324
70.0,160.0,110.0,0.6016181568042432
70.0,160.0,120.0,0.7180248975982895
70.0,160.0,130.0,0.7378156613154698
70.0,160.0,140.0,0.9072624945731453
70.0,160.0,150.0,0.8812594107093482
70.0,160.0,160.0,0.8470536476263781
70.0,160.0,170.0,0.7506756988316159
70.0,160.0,180.0,0.6116095756779432
70.0,160.0,190.0,0.5605152515575098
70.0,160.0,200.0,0.3105308090632034
70.0,160.0,210.0,0.22589293922042403
70.0,160.0,220.0,0.1780295518332175
70.0,160.0,230.0,0.07990764819517956
70.0,160.0,240.0,0.04098674995555553
70.0,160.0,250.0,0.0017319056054679836
70.0,160.0,260.0,0.04137395497691658
70.0,160.0,270.0,0.0
70.0,160.0,280.0,0.0
70.0,160.0,290.0,0.0
70.0,170.0,0.0,0.0
70.0,170.0,10.0,0.1881450486867575
70.0,170.0,20.0,0.005514257093012806
70.0,170.0,30.0,0.010157082764207879
70.0,170.0,40.0,0.07137207417599088
70.0,170.0,50.0,0.09021192950346313
70.0,170.0,60.0,0.14817687489807307
70.0,170.0,70.0,0.20745585164363675
70.0,170.0,80.0,0.24750703275102554
70.0,170.0,90.0,0.35649864061016545
70.0,170.0,100.0,0.4389352620296806
70.0,170.0,110.0,0.5955287776663555
70.0,170.0,120.0,0.7093264128054722
70.0,170.0,130.0,0.8406608443111707
70.0,170.0,140.0,0.8189851682256165
70.0,170.0,150.0,0.9512224633568618
70.0,170.0,160.0,0.7870029881051686
70.0,170.0,170.0,0.7473499982579259
70.0,170.0,180.0,0.5491652717260797
70.0,170.0,190.0,0.5249172404017052
70.0,170.0,200.0,0.35681645436382964
70.0,170.0,210.0,0.28219414103459384
70.0,170.0,220.0,0.1655792805606923
70.0,170.0,230.0,0.0
70.0,170.0,240.0,0.11879630282333371
70.0,170.0,250.0,0.0
70.0,170.0,260.0,0.0
70.0,170.0,270.0,0.03778538800449024
70.0,170.0,280.0,0.05196064526179311
70.0,170.0,290.0,0.07599153164653748
70.0,180.0,0.0,0.030753185264689974
70.0,180.0,10.0,0.0
70.0,180.0,20.0,0.03895005136736406
70.0,180.0,30.0,0.0
70.0,180.0,40.0,0.0
70.0,180.0,50.0,0.13906905399738972
70.0,180.0,60.0,0.14861961958846098
70.0,180.0,70.0,0.15392780733161845
70.0,180.0,80.0,0.2557181988868786
70.0,180.0,90.0,0.24661144498804316
70.0,180.0,100.0,0.36998812790318397
70.0,180.0,110.0,0.5725963196955676
70.0,180.0,120.0,0.768047624697224
70.0,180.0,130.0,0.7239688990923459
70.0,180.0,140.0,0.8117353304585198
70.0,180.0,150.0,0.8172925818458844
70.0,180.0,160.0,0.7393000526156441
70.0,180.0,170.0,0.7043402142157669
70.0,180.0,180.0,0.6082919172011017
70.0,180.0,190.0,0.4046284788824833
70.0,180.0,200.0,0.22091528051672116
70.0,180.0,210.0,0.28215270830121647
70.0,180.0,220.0,0.10635535470519498
70.0,180.0,230.0,0.059018404753278325
70.0,180.0,240.0,0.02263759199299141
70.0,180.0,250.0,0.13688262977459692
70.0,180.0,260.0,0.0
70.0,180.0,270.0,0.028681021947505755
70.0,180.0,280.0,0.02617119357078241
70.0,180.0,290.0,0.06653685925675162
70.0,190.0,0.0,0.0
70.0,190.0,10.0,0.0
70.0,190.0,20.0,0.02515664091833603
70.0,190.0,30.0,0.11869063152650058
70.0,190.0,40.0,0.03151984533146427
70.0,190.0,50.0,0.031209178531555692
70.0,190.0,60.0,0.18752792580182515
70.0,190.0,70.0,0.0790814207709161
70.0,190.0,80.0,0.18430863321268887
70.0,190.0,90.0,0.30029018613472364
70.0,190.0,100.0,0.4240174973379065
70.0,190.0,110.0,0.594288356078107
70.0,190.0,120.0,0.6476704414487838
70.0,190.0,130.0,0.6969126703180456
70.0,190.0,140.0,0.8250434068121129
70.0,190.0,150.0,0.8236329716553219
70.0,190.0,160.0,0.7370919132316125
70.0,190.0,170.0,0.6742284361650613
70.0,190.0,180.0,0.6188368059720344
70.0,190.0,190.0,0.452707512400534
70.0,190.0,200.0,0.35436051134943564
70.0,190.0,210.0,0.1787127802989987
70.0,190.0,220.0,0.07108081963720264
70.0,190.0,230.0,0.08428072196591734
70.0,190.0,240.0,0.0
70.0,190.0,250.0,0.021903969466104883
70.0,190.0,260.0,0.0004232804908481085
70.0,190.0,270.0,0.05166718713525269
70.0,190.0,280.0,0.022199596747922847
70.0,190.0,290.0,0.07904173650808279
70.0,200.0,0.0,0.004133312730639013
70.0,200.0,10.0,0.023830422621137128
70.0,200.0,20.0,0.0
70.0,200.0,30.0,0.0
70.0,200.0,40.0,0.0488133564769445
70.0,200.0,50.0,0.06596318653063114
70.0,200.0,60.0,0.05787735936764829
70.0,200.0,70.0,0.09343979139294134
70.0,200.0,80.0,0.16357126818170684
70.0,200.0,90.0,0.32596271921864506
70.0,200.0,100.0,0.4070275901839927
70.0,200.0,110.0,0.46795309199589497
70.0,200.0,120.0,0.6614698890391747
70.0,200.0,130.0,0.6337627960842903
70.0,200.0,140.0,0.7113058205770194
70.0,200.0,150.0,0.7487505862732965
70.0,200.0,160.0,0.6456743004201317
70.0,200.0,170.0,0.6109861485400181
70.0,200.0,180.0,0.4924828305111633
70.0,200.0,190.0,0.3724820012150638
70.0,200.0,200.0,0.2724700836389046
70.0,200.0,210.0,0.08390740118549073
70.0,200.0,220.0,0.14374509341530511
70.0,200.0,230.0,0.1409108812245164
70.0,200.0,240.0,0.0
70.0,200.0,250.0,0.004964553498712058
70.0,200.0,260.0,0.0
70.0,200.0,270.0,0.0
70.0,200.0,280.0,0.031103814965987242
70.0,200.0,290.0,0.0
70.0,210.0,0.0,0.0038738799239944606
70.0,210.0,10.0,0.0
70.0,210.0,20.0,0.018364305850684888
70.0,210.0,30.0,0.10667192722913685
70.0,210.0,40.0,0.0006742681473731367
70.0,210.0,50.0,0.04160746725673756
70.0,210.0,60.0,0.05650634966486058
70.0,210.0,70.0,0.14294673170090733
70.0,210.0,80.0,0.17245145543485293
70.0,210.0,90.0,0.2906811595515976
70.0,210.0,100.0,0.3127758003537619
70.0,210.0,110.0,0.48034153060742363
70.0,210.0,120.0,0.5854329786248749
70.0,210.0,130.0,0.7183213213276413
70.0,210.0,140.0,0.6635066070440677
70.0,210.0,150.0,0.6774556465955609
70.0,210.0,160.0,0.5504747584118955
70.0,210.0,170.0,0.504249425091791
70.0,210.0,180.0,0.48888648583198147
70.0,210.0,190.0,0.35727422284475957
70.0,210.0,200.0,0.23367104215501827
70.0,210.0,210.0,0.12768114400580552
70.0,210.0,220.0,0.07019436981682987
70.0,210.0,230.0,0.016603044347304592
70.0,210.0,240.0,0.0
70.0,210.0,250.0,0.0651852415404236
70.0,210.0,260.0,0.05357864558130646
70.0,210.0,270.0,0.0
70.0,210.0,280.0,0.01671010427028372
70.0,210.0,290.0,0.01071711652974604
70.0,220.0,0.0,0.0
70.0,220.0,10.0,0.0
70.0,220.0,20.0,0.08936316387801312
70.0,220.0,30.0,0.05199278940075326
70.0,220.0,40.0,0.050022806226193775
70.0,220.0,50.0,0.024316782981831882
70.0,220.0,60.0,0.08146292107336799
70.0,220.0,70.0,0.034243319485737195
70.0,220.0,80.0,0.17617045508970539
70.0,220.0,90.0,0.21330567867984265
70.0,220.0,100.0,0.32569164587910177
70.0,220.0,110.0,0.4779407876473505
70.0,220.0,120.0,0.42636703099553197
70.0,220.0,130.0,0.4890981247775468
70.0,220.0,140.0,0.6170067578759404
70.0,220.0,150.0,0.6090660658601966
70.0,220.0,160.0,0.5947889190023343
70.0,220.0,170.0,0.5235977340077679
70.0,220.0,180.0,0.3589630855174714
70.0,220.0,190.0,0.34795541058591806
70.0,220.0,200.0,0.24750910398670165
70.0,220.0,210.0,0.1808329471689794
70.0,220.0,220.0,0.11534310984596421
70.0,220.0,230.0,0.10611194830487014
70.0,220.0,240.0,0.09923238308550666
70.0,220.0,250.0,0.057737067197445036
70.0,220.0,260.0,0.03791157498849497
70.0,220.0,270.0,0.0224503392129267
70.0,220.0,280.0,0.04682398897753353
70.0,220.0,290.0,0.0
70.0,230.0,0.0,0.0
70.0,230.0,10.0,0.0
70.0,230.0,20.0,0.06974974620799437
70.0,230.0,30.0,0.07106551333645608
70.0,230.0,40.0,0.0
70.0,230.0,50.0,0.01593931831483321
70.0,230.0,60.0,0.0
70.0,230.0,70.0,0.2040023591092603
70.0,230.0,80.0,0.20813507169968604
70.0,230.0,90.0,0.19090481258783465
70.0,230.0,100.0,0.3331922365990849
70.0,230.0,110.0,0.39893606973864887
70.0,230.0,120.0,0.3920224358538919
70.0,230.0,130.0,0.4024631608446525
70.0,230.0,140.0,0.5178180241394871
70.0,230.0,150.0,0.5250838210220385
70.0,230.0,160.0,0.5182007908412904
70.0,230.0,170.0,0.4761205511456876
70.0,230.0,180.0,0.38521706112479304
70.0,230.0,190.0,0.25620448562848813
70.0,230.0,200.0,0.2559387556693596
70.0,230.0,210.0,0.1548123644801202
70.0,230.0,220.0,0.02343609506167195
70.0,230.0,230.0,0.07597257271171201
70.0,230.0,240.0,0.0
70.0,230.0,250.0,0.0
70.0,230.0,260.0,0.0
70.0,230.0,270.0,0.007828830284909105
70.0,230.0,280.0,0.02416516408043122
70.0,230.0,290.0,0.0
70.0,240.0,0.0,0.005342842864145443
70.0,240.0,10.0,0.0
70.0,240.0,20.0,0.03705031311876183
70.0,240.0,30.0,0.0
70.0,240.0,40.0,0.04218340410747643
70.0,240.0,50.0,0.2046920778295934
70.0,240.0,60.0,0.0566244411210889
70.0,240.0,70.0,0.22397559443771597
70.0,240.0,80.0,0.12409873234021081
70.0,240.0,90.0,0.11503979219810995
70.0,240.0,100.0,0.3161466810704936
70.0,240.0,110.0,0.3363263257554158
70.0,240.0,120.0,0.27734753039420695
70.0,240.0,130.0,0.44113831259567077
70.0,240.0,140.0,0.5310023515742923
70.0,240.0,150.0,0.49032798808763445
70.0,240.0,160.0,0.5006208791893915
70.0,240.0,170.0,0.302937215450975
70.0,240.0,180.0,0.2552376620639724
70.0,240.0,190.0,0.3085299708258182
70.0,240.0,200.0,0.21842491185301247
70.0,240.0,210.0,0.2626381025118451
70.0,240.0,220.0,0.1459856658503689
70.0,240.0,230.0,0.025071974573663974
70.0,240.0,240.0,0.022571286795547877
70.0,240.0,250.0,0.05073257729108213
70.0,240.0,260.0,0.010606602218579028
70.0,240.0,270.0,0.0
70.0,240.0,280.0,0.05587031717142658
70.0,240.0,290.0,0.0
70.0,250.0,0.0,0.0
70.0,250.0,10.0,0.0
70.0,250.0,20.0,0.04578371386230545
70.0,250.0,30.0,0.0
70.0,250.0,40.0,0.0
70.0,250.0,50.0,0.021649418698636833
70.0,250.0,60.0,0.0
70.0,250.0,70.0,0.10497966531029865
70.0,250.0,80.0,0.15855894623543096
70.0,250.0,90.0,0.160956704403125
70.0,250.0,100.0,0.22687007468189724
70.0,250.0,110.0,0.2662401410821198
70.0,250.0,120.0,0.3041268014101486
70.0,250.0,130.0,0.42729489763688516
70.0,250.0,140.0,0.3661575809511824
70.0,250.0,150.0,0.44134417319961033
70.0,250.0,160.0,0.3866606797298052
70.0,250.0,170.0,0.3041228469275691
70.0,250.0,180.0,0.33775735451267475
70.0,250.0,190.0,0.21799625207705703
70.0,250.0,200.0,0.11986584835620534
70.0,250.0,210.0,0.16672290847406201
70.0,250.0,220.0,0.0
70.0,250.0,230.0,0.03517381574253999
70.0,250.0,240.0,0.04798512846595503
70.0,250.0,250.0,0.0
70.0,250.0,260.0,0.0
70.0,250.0,270.0,0.025481669820888952
70.0,250.0,280.0,0.02025836942159931
70.0,250.0,290.0,0.014467380240902107
70.0,260.0,0.0,0.0
70.0,260.0,10.0,0.025474269349175745
70.0,260.0,20.0,0.029781509167808896
70.0,260.0,30.0,0.0
70.0,260.0,40.0,0.03309904505904966
70.0,260.0,50.0,0.02691123226074679
70.0,260.0,60.0,0.12665277927753021
70.0,260.0,70.0,0.06641650109566379
70.0,260.0,80.0,0.21000444659253256
70.0,260.0,90.0,0.12631126458305983
70.0,260.0,100.0,0.2076329243556161
70.0,260.0,110.0,0.2277738476083484
70.0,260.0,120.0,0.3280913628600786
70.0,260.0,130.0,0.2934198055293471
70.0,260.0,140.0,0.3464180929663292
70.0,260.0,150.0,0.2723230520032421
70.0,260.0,160.0,0.23709576318104014
70.0,260.0,170.0,0.24593443526875272
70.0,260.0,180.0,0.25689240606507263
70.0,260.0,190.0,0.12369915443938816
70.0,260.0,200.0,0.16359067012805617
70.0,260.0,210.0,0.09248349539497709
70.0,260.0,220.0,0.029482758026177298
70.0,260.0,230.0,0.051216619401394076
70.0,260.0,240.0,0.0641157707603554
70.0,260.0,250.0,0.03588009095406523
70.0,260.0,260.0,0.0
70.0,260.0,270.0,0.024712016000045054
70.0,260.0,280.0,0.07957224699443909
70.0,260.0,290.0,0.08522657652974959
70.0,270.0,0.0,0.007181308754508266
70.0,270.0,10.0,0.0
70.0,270.0,20.0,0.0
70.0,270.0,30.0,0.0037222252416233294
70.0,270.0,40.0,0.055247258719079526
70.0,270.0,50.0,0.021017127219669536
70.0,270.0,60.0,0.03269306939842156
70.0,270.0,70.0,0.10800536032652756
70.0,270.0,80.0,0.04877582117710044
70.0,270.0,90.0,0.12998738256945327
70.0,270.0,100.0,0.19435256843542736
70.0,270.0,110.0,0.22182758373273154
70.0,270.0,120.0,0.17673081230042278
70.0,270.0,130.0,0.24234633932890037
70.0,270.0,140.0,0.26374832653703084
70.0,270.0,150.0,0.31952769995189806
70.0,270.0,160.0,0.3499725822300081
70.0,270.0,170.0,0.19650021176317145
70.0,270.0,180.0,0.23302973170611296
70.0,270.0,190.0,0.10922943939886967
70.0,270.0,200.0,0.052444346633062765
70.0,270.0,210.0,0.13459265922973374
70.0,270.0,220.0,0.01789513351700183
70.0,270.0,230.0,0.0
70.0,270.0,240.0,0.0
70.0,270.0,250.0,0.12075684878872611
70.0,270.0,260.0,0.013081986862008753
70.0,270.0,270.0,0.0
70.0,270.0,280.0,0.013361194201015544
70.0,270.0,290.0,0.07110779205223347
70.0,280.0,0.0,0.03492551535826063
70.0,280.0,10.0,0.0
70.0,280.0,20.0,0.09755078863461568
70.0,280.0,30.0,0.0008897772978038788
70.0,280.0,40.0,0.0627422000121295
70.0,280.0,50.0,0.10585990021561102
70.0,280.0,60.0,0.11295515741700664
70.0,280.0,70.0,0.04772111623659284
70.0,280.0,80.0,0.08625916304265985
70.0,280.0,90.0,0.05171069120239854
70.0,280.0,100.0,0.16231356494081753
70.0,280.0,110.0,0.16768118756455996
70.0,280.0,120.0,0.1272501347885564
70.0,280.0,130.0,0.31903289021099307
70.0,280.0,140.0,0.24199380200631979
70.0,280.0,150.0,0.16691147654908708
70.0,280.0,160.0,0.23522808858937325
70.0,280.0,170.0,0.17860027916364168
70.0,280.0,180.0,0.12289907509018158
70.0,280.0,190.0,0.03750148318503778
70.0,280.0,200.0,0.13336423443770046
70.0,280.0,210.0,0.0
70.0,280.0,220.0,0.0
70.0,280.0,230.0,0.024254877355814844
70.0,280.0,240.0,0.0
70.0,280.0,250.0,0.038750032887196584
70.0,280.0,260.0,0.09757653790470773
70.0,280.0,270.0,0.0
70.0,280.0,280.0,0.0
70.0,280.0,290.0,0.0
70.0,290.0,0.0,0.023089428474421293
70.0,290.0,10.0,0.0
70.0,290.0,20.0,0.04821354810336343
70.0,290.0,30.0,0.0
70.0,290.0,40.0,0.0
70.0,290.0,50.0,0.014290050816545089
70.0,290.0,60.0,0.10633558807524623
70.0,290.0,70.0,0.0
70.0,290.0,80.0,0.036249270650547755
70.0,290.0,90.0,0.09636550589370063
70.0,290.0,100.0,0.04645600858366201
70.0,290.0,110.0,0.06537367842702917
70.0,290.0,120.0,0.12299980029318772
70.0,290.0,130.0,0.178776380326685
70.0,290.0,140.0,0.18107760349058333
70.0,290.0,150.0,0.2568348197834902
70.0,290.0,160.0,0.11193831664868534
70.0,290.0,170.0,0.17705915022421473
70.0,290.0,180.0,0.10578725832267162
70.0,290.0,190.0,0.15489828905336292
70.0,290.0,200.0,0.14550547202755615
70.0,290.0,210.0,0.0
70.0,290.0,220.0,0.0
70.0,290.0,230.0,0.057308202293168214
70.0,290.0,240.0,0.1019782502148995
70.0,290.0,250.0,0.02450457097038718
70.0,290.0,260.0,0.07330946001436293
70.0,290.0,270.0,0.004683135214438425
70.0,290.0,280.0,0.013209570395411745
70.0,290.0,290.0,0.0
80.0,0.0,0.0,0.0
80.0,0.0,10.0,0.05567529357191882
80.0,0.0,20.0,0.0
80.0,0.0,30.0,0.029610361381059158
80.0,0.0,40.0,0.0
80.0,0.0,50.0,0.031849846900494805
80.0,0.0,60.0,0.0
80.0,0.0,70.0,0.05198152661130685
80.0,0.0,80.0,0.04340375463550581
80.0,0.0,90.0,0.12801131149266637
80.0,0.0,100.0,0.12238889711368049
80.0,0.0,110.0,0.1751820117723162
80.0,0.0,120.0,0.30600642432999925
80.0,0.0,130.0,0.18606842318453354
80.0,0.0,140.0,0.22569774534930978
80.0,0.0,150.0,0.21953612666373307
80.0,0.0,160.0,0.21234845746744802
80.0,0.0,170.0,0.12602622872284222
80.0,0.0,180.0,0.12431128662112056
80.0,0.0,190.0,0.10236520543644109
80.0,0.0,200.0,0.11496151260825321
80.0,0.0,210.0,0.12898869420781547
80.0,0.0,220.0,0.027419872542413452
80.0,0.0,230.0,0.03445011775150894
80.0,0.0,240.0,0.007422441039821244
80.0,0.0,250.0,0.026241019144379138
80.0,0.0,260.0,0.0
80.0,0.0,270.0,0.0
80.0,0.0,280.0,0.0
80.0,0.0,290.0,0.009771985282174819
80.0,10.0,0.0,0.0
80.0,10.0,10.0,0.0
80.0,10.0,20.0,0.0067617009231852945
80.0,10.0,30.0,0.04515633223404242
80.0,10.0,40.0,0.0
80.0,10.0,50.0,0.006146973380248465
80.0,10.0,60.0,0.0
80.0,10.0,70.0,0.04924382844632548
80.0,10.0,80.0,0.07022284444326768
80.0,10.0,90.0,0.08449485945332913
80.0,10.0,100.0,0.12280847508172468
80.0,10.0,110.0,0.18620568525686196
80.0,10.0,120.0,0.26940831011150607
80.0,10.0,130.0,0.30760872754153823
80.0,10.0,140.0,0.22777643482756943
80.0,10.0,150.0,0.2008953541877729
80.0,10.0,160.0,0.19885415452970084
80.0,10.0,170.0,0.1891172930683375
80.0,10.0,180.0,0.23435948902318599
80.0,10.0,190.0,0.1898725965599558
80.0,10.0,200.0,0.09667136402757487
80.0,10.0,210.0,0.17701506234171438
80.0,10.0,220.0,0.0
80.0,10.0,230.0,0.013289867102848022
80.0,10.0,240.0,0.0
80.0,10.0,250.0,0.0
80.0,10.0,260.0,0.005091942427279131
80.0,10.0,270.0,0.0
80.0,10.0,280.0,0.004361948716386315
80.0,10.0,290.0,0.0
80.0,20.0,0.0,0.05941881272653513
80.0,20.0,10.0,0.0036158306656219183
80.0,20.0,20.0,0.0
80.0,20.0,30.0,0.0
80.0,20.0,40.0,0.0
80.0,20.0,50.0,0.0
80.0,20.0,60.0,0.04755750234359756
80.0,20.0,70.0,0.0007527136574099133
80.0,20.0,80.0,0.2088969747477437
80.0,20.0,90.0,0.1716277157935159
80.0,20.0,100.0,0.14235225474051677
80.0,20.0,110.0,0.13817022495333747
80.0,20.0,120.0,0.22002689952407556
80.0,20.0,130.0,0.3055497529323371
80.0,20.0,140.0,0.29995966030975474
80.0,20.0,150.0,0.3869145582406799
80.0,20.0,160.0,0.28130513477699864
80.0,20.0,170.0,0.3120880051781412
80.0,20.0,180.0,0.22921070326165793
80.0,20.0,190.0,0.2367327718503077
80.0,20.0,200.0,0.1362657046130877
80.0,20.0,210.0,0.023317802960938883
80.0,20.0,220.0,0.0
80.0,20.0,230.0,0.06378223898360597
80.0,20.0,240.0,0.06863929428754051
80.0,20.0,250.0,0.0
80.0,20.0,260.0,0.0
80.0,20.0,270.0,0.0
80.0,20.0,280.0,0.03424147908773663
80.0,20.0,290.0,0.0
80.0,30.0,0.0,0.0
80.0,30.0,10.0,0.0
80.0,30.0,20.0,0.0
80.0,30.0,30.0,0.031814173158174947
80.0,30.0,40.0,0.015813890058187525
80.0,30.0,50.0,0.11171296348817672
80.0,30.0,60.0,0.06417408776886693
80.0,30.0,70.0,0.018335080779845067
80.0,30.0,80.0,0.08523465724039618
80.0,30.0,90.0,0.18640605612485905
80.0,30.0,100.0,0.19530703839398067
80.0,30.0,110.0,0.19156599320543938
80.0,30.0,120.0,0.3371876610512193
80.0,30.0,130.0,0.3615404011094123
80.0,30.0,140.0,0.38628428449887936
80.0,30.0,150.0,0.4332218982816169
80.0,30.0,160.0,0.39691635054952
80.0,30.0,170.0,0.34156850192718113
80.0,30.0,180.0,0.2842333741323638
80.0,30.0,190.0,0.23045511469494306
80.0,30.0,200.0,0.03559272481758338
80.0,30.0,210.0,0.06602677339436594
80.0,30.0,220.0,0.040643703677494564
80.0,30.0,230.0,0.014972443393017617
80.0,30.0,240.0,0.11474269458030584
80.0,30.0,250.0,0.0
80.0,30.0,260.0,0.025850492486286472
80.0,30.0,270.0,0.0
80.0,30.0,280.0,0.0
80.0,30.0,290.0,0.14106934616428043
80.0,40.0,0.0,0.032032172701453074
80.0,40.0,10.0,0.0
80.0,40.0,20.0,0.0
80.0,40.0,30.0,0.0
80.0,40.0,40.0,0.05062836681510357
80.0,40.0,50.0,0.0557174034999392
80.0,40.0,60.0,0.07419658590278261
80.0,40.0,70.0,0.1337169350833423
80.0,40.0,80.0,0.13827099590117672
80.0,40.0,90.0,0.23158959587516414
80.0,40.0,100.0,0.23784221656732732
80.0,40.0,110.0,0.270970243474219
80.0,40.0,120.0,0.47208394625841255
80.0,40.0,130.0,0.42262277115871727
80.0,40.0,140.0,0.4264429588876418
80.0,40.0,150.0,0.4088126763369212
80.0,40.0,160.0,0.4886154468631757
80.0,40.0,170.0,0.37415653893006795
80.0,40.0,180.0,0.21428201400754532
80.0,40.0,190.0,0.1922079676245833
80.0,40.0,200.0,0.21461464449597906
80.0,40.0,210.0,0.11376412311648769
80.0,40.0,220.0,0.12027275823027908
80.0,40.0,230.0,0.017125104216835454
80.0,40.0,240.0,0.0
80.0,40.0,250.0,0.03855293532396297
80.0,40.0,260.0,0.0
80.0,40.0,270.0,0.05811048521649277
80.0,40.0,280.0,0.0
80.0,40.0,290.0,0.0
80.0,50.0,0.0,0.0
80.0,50.0,10.0,0.07775586370869408
80.0,50.0,20.0,0.0
80.0,50.0,30.0,0.07436947968738994
80.0,50.0,40.0,0.0
80.0,50.0,50.0,0.036567274931390066
80.0,50.0,60.0,0.0
80.0,50.0,70.0,0.1011553715218837
80.0,50.0,80.0,0.03983045714693011
80.0,50.0,90.0,0.1507379531781644
80.0,50.0,100.0,0.27519966847507077
80.0,50.0,110.0,0.42505255375412837
80.0,50.0,120.0,0.49491587881964444
80.0,50.0,130.0,0.49039218072328544
80.0,50.0,140.0,0.5476043271218752
80.0,50.0,150.0,0.6454209793694508
80.0,50.0,160.0,0.5248546697184856
80.0,50.0,170.0,0.37683975999271363
80.0,50.0,180.0,0.34164668356340633
80.0,50.0,190.0,0.34019467082937727
80.0,50.0,200.0,0.23439680440404986
80.0,50.0,210.0,0.13360096399117724
80.0,50.0,220.0,0.20600739573302435
80.0,50.0,230.0,0.06983361547135288
80.0,50.0,240.0,0.018957430804995005
80.0,50.0,250.0,0.09006511302621355
80.0,50.0,260.0,0.006688508687294358
80.0,50.0,270.0,0.04174353099915202
80.0,50.0,280.0,0.06807884859716543
80.0,50.0,290.0,0.020346193311965605
80.0,60.0,0.0,0.0
80.0,60.0,10.0,0.0
80.0,60.0,20.0,0.0552496241695292
80.0,60.0,30.0,0.01014254139974216
80.0,60.0,40.0,0.0
80.0,60.0,50.0,0.0687094801608773
80.0,60.0,60.0,0.05904203073281681
80.0,60.0,70.0,0.07169301904781536
80.0,60.0,80.0,0.11237962640152677
80.0,60.0,90.0,0.19502776895612806
80.0,60.0,100.0,0.3800666973498662
80.0,60.0,110.0,0.39264878048388097
80.0,60.0,120.0,0.4569239415271669
80.0,60.0,130.0,0.5785491320263422
80.0,60.0,140.0,0.663213961124318
80.0,60.0,150.0,0.6930936424271424
80.0,60.0,160.0,0.64822896476886
80.0,60.0,170.0,0.5445007482272636
80.0,60.0,180.0,0.4264590792477021
80.0,60.0,190.0,0.31279127930039174
80.0,60.0,200.0,0.2500218934169179
80.0,60.0,210.0,0.12232083230106593
80.0,60.0,220.0,0.14545858735471906
80.0,60.0,230.0,0.035819912344010565
80.0,60.0,240.0,0.011326170652333736
80.0,60.0,250.0,0.0011891542256441089
80.0,60.0,260.0,0.056780841375325686
80.0,60.0,270.0,0.0
80.0,60.0,280.0,0.0
80.0,60.0,290.0,0.06660230727181124
80.0,70.0,0.0,0.0
80.0,70.0,10.0,0.10197870850037791
80.0,70.0,20.0,0.0
80.0,70.0,30.0,0.0371657710352886
80.0,70.0,40.0,0.01815502583503465
80.0,70.0,50.0,0.11606396392405877
80.0,70.0,60.0,0.041589746546369974
80.0,70.0,70.0,0.12439073377155052
80.0,70.0,80.0,0.22371418538430748
80.0,70.0,90.0,0.2472828176766519
80.0,70.0,100.0,0.5029091668757708
80.0,70.0,110.0,0.4230315628688286
80.0,70.0,120.0,0.48967025510605144
80.0,70.0,130.0,0.6833914058015933
80.0,70.0,140.0,0.7211265203198293
80.0,70.0,150.0,0.7739925521641086
80.0,70.0,160.0,0.6906397613793192
80.0,70.0,170.0,0.6042089669748911
80.0,70.0,180.0,0.4952992009839171
80.0,70.0,190.0,0.44894833958676084
80.0,70.0,200.0,0.3039138074422843
80.0,70.0,210.0,0.1392858200730967
80.0,70.0,220.0,0.03655374518877515
80.0,70.0,230.0,0.008209836016688996
80.0,70.0,240.0,0.049818816016308595
80.0,70.0,250.0,0.0743284624192325
80.0,70.0,260.0,0.004437759932904978
80.0,70.0,270.0,0.0
80.0,70.0,280.0,0.03334654816384381
80.0,70.0,290.0,0.0
80.0,80.0,0.0,0.0
80.0,80.0,10.0,0.0782596341995756
80.0,80.0,20.0,0.0
80.0,80.0,30.0,0.0
80.0,80.0,40.0,0.0
80.0,80.0,50.0,0.05509694318216192
80.0,80.0,60.0,0.12988727781784246
80.0,80.0,70.0,0.10061885354380237
80.0,80.0,80.0,0.22557704237713166
80.0,80.0,90.0,0.24350512426696272
80.0,80.0,100.0,0.42747989096465294
80.0,80.0,110.0,0.6715081277331871
80.0,80.0,120.0,0.6874748352845894
80.0,80.0,130.0,0.7030150050143873
80.0,80.0,140.0,0.7620739729362223
80.0,80.0,150.0,0.6459601230922707
80.0,80.0,160.0,0.6889129375298526
80.0,80.0,170.0,0.7169525029468279
80.0,80.0,180.0,0.6323975344623176
80.0,80.0,190.0,0.4459799638715274
80.0,80.0,200.0,0.2687944871812315
80.0,80.0,210.0,0.25935763972290643
80.0,80.0,220.0,0.08625501993262279
80.0,80.0,230.0,0.19834362108860043
80.0,80.0,240.0,0.08352894493944629
80.0,80.0,250.0,0.06567760725690826
80.0,80.0,260.0,0.0
80.0,80.0,270.0,0.01797245999137268
80.0,80.0,280.0,0.0
80.0,80.0,290.0,0.0015463849799530803
80.0,90.0,0.0,0.0
80.0,90.0,10.0,0.0
80.0,90.0,20.0,0.009100658952003486
80.0,90.0,30.0,0.007081044359688927
80.0,90.0,40.0,0.029230850046185225
80.0,90.0,50.0,0.004807351487197541
80.0,90.0,60.0,0.1384220690459017
80.0,90.0,70.0,0.22324935260095685
80.0,90.0,80.0,0.2233727221594645
80.0,90.0,90.0,0.31068523082949384
80.0,90.0,100.0,0.5523903675430051
80.0,90.0,110.0,0.5252202100634675
80.0,90.0,120.0,0.757803245422259
80.0,90.0,130.0,0.7942328859205733
80.0,90.0,140.0,0.8618176325771298
80.0,90.0,150.0,0.8383557308758084
80.0,90.0,160.0,0.7563575483419014
80.0,90.0,170.0,0.757635515315219
80.0,90.0,180.0,0.5860796477598808
80.0,90.0,190.0,0.3356509263527421
80.0,90.0,200.0,0.3430148528289971
80.0,90.0,210.0,0.3299820287124927
80.0,90.0,220.0,0.14867735226787213
80.0,90.0,230.0,0.09594048486006652
80.0,90.0,240.0,0.13461913906259584
80.0,90.0,250.0,0.0625782795205855
80.0,90.0,260.0,0.0
80.0,90.0,270.0,0.0
80.0,90.0,280.0,0.0
80.0,90.0,290.0,0.0
80.0,100.0,0.0,0.0
80.0,100.0,10.0,0.0
80.0,100.0,20.0,0.0
80.0,100.0,30.0,0.07155875367866488
80.0,100.0,40.0,0.0
80.0,100.0,50.0,0.0
80.0,100.0,60.0,0.04452951292951055
80.0,100.0,70.0,0.16715906228203323
80.0,100.0,80.0,0.20977465901812442
80.0,100.0,90.0,0.3268983138199992
80.0,100.0,100.0,0.5597592414720263
80.0,100.0,110.0,0.6844211013761399
80.0,100.0,120.0,0.8148355435634246
80.0,100.0,130.0,0.8802425099610502
80.0,100.0,140.0,0.9480148703028793
80.0,100.0,150.0,0.9261831634517685
80.0,100.0,160.0,0.8625528450848114
80.0,100.0,170.0,0.7416912082153717
80.0,100.0,180.0,0.682608259535166
80.0,100.0,190.0,0.533322197197418
80.0,100.0,200.0,0.34292674922398797
80.0,100.0,210.0,0.2780612660646822
80.0,100.0,220.0,0.17706511485472123
80.0,100.0,230.0,0.0027137943993797986
80.0,100.0,240.0,0.09007403783348734
80.0,100.0,250.0,0.12193913674145383
80.0,100.0,260.0,0.01420052996409893
80.0,100.0,270.0,0.08211527210043584
80.0,100.0,280.0,0.0
80.0,100.0,290.0,0.04143755323597251
80.0,110.0,0.0,0.0
80.0,110.0,10.0,0.013528862433461263
80.0,110.0,20.0,0.077848324262514
80.0,110.0,30.0,0.10919608762462425
80.0,110.0,40.0,0.026988585983962296
80.0,110.0,50.0,0.10428456454831811
80.0,110.0,60.0,0.07774893394023112
80.0,110.0,70.0,0.1280909253822201
80.0,110.0,80.0,0.22911647568609084
80.0,110.0,90.0,0.36927915800984235
80.0,110.0,100.0,0.5449460135242594
80.0,110.0,110.0,0.6084058843874851
80.0,110.0,120.0,0.8815539205069771
80.0,110.0,130.0,1.0973831075979998
80.0,110.0,140.0,1.0484003917024467
80.0,110.0,150.0,0.9809194048158812
80.0,110.0,160.0,1.027711984134768
80.0,110.0,170.0,0.8766910978577978
80.0,110.0,180.0,0.7040860832136367
80.0,110.0,190.0,0.41411496936468906
80.0,110.0,200.0,0.4065345953205548
80.0,110.0,210.0,0.23321292592850656
80.0,110.0,220.0,0.13978648036871946
80.0,110.0,230.0,0.15870030389374135
80.0,110.0,240.0,0.01404017650209196
80.0,110.0,250.0,0.02125941966946996
80.0,110.0,260.0,0.02130730609723989
80.0,110.0,270.0,0.03486644819370551
80.0,110.0,280.0,0.0
80.0,110.0,290.0,0.0
80.0,120.0,0.0,0.0
80.0,120.0,10.0,0.015749831697722608
80.0,120.0,20.0,0.0
80.0,120.0,30.0,0.0
80.0,120.0,40.0,0.0
80.0,120.0,50.0,0.07597689646257258
80.0,120.0,60.0,0.10628131406791923
80.0,120.0,70.0,0.11089818252638388
80.0,120.0,80.0,0.27012079178245463
80.0,120.0,90.0,0.4050539258373192
80.0,120.0,100.0,0.5792958691312136
80.0,120.0,110.0,0.7453018652228457
80.0,120.0,120.0,0.8332880283804858
80.0,120.0,130.0,1.006113586836455
80.0,120.0,140.0,1.0323445614722206
80.0,120.0,150.0,1.0846273382793987
80.0,120.0,160.0,1.0307853340056943
80.0,120.0,170.0,0.9263018846200487
80.0,120.0,180.0,0.7648109627403206
80.0,120.0,190.0,0.5103266751142596
80.0,120.0,200.0,0.4198995219420426
80.0,120.0,210.0,0.32616082978306526
80.0,120.0,220.0,0.21701246984704256
80.0,120.0,230.0,0.15540247680097138
80.0,120.0,240.0,0.005096880972112576
80.0,120.0,250.0,0.06353835180047382
80.0,120.0,260.0,0.0
80.0,120.0,270.0,0.0
80.0,120.0,280.0,0.0
80.0,120.0,290.0,0.0
80.0,130.0,0.0,0.1294958394760519
80.0,130.0,10.0,0.0
80.0,130.0,20.0,0.07567480063807842
80.0,130.0,30.0,0.06708157790895303
80.0,130.0,40.0,0.06961960416480437
80.0,130.0,50.0,0.058002433242325555
80.0,130.0,60.0,0.07316740930310203
80.0,130.0,70.0,0.24634279007710774
80.0,130.0,80.0,0.261295753387472
80.0,130.0,90.0,0.3643910276236507
80.0,130.0,100.0,0.5884948148823441
80.0,130.0,110.0,0.7154485567788269
80.0,130.0,120.0,0.9213751869982032
80.0,130.0,130.0,1.0795672592659737
80.0,130.0,140.0,0.9771379209690384
80.0,130.0,150.0,1.0464831985375178
80.0,130.0,160.0,1.0256747562307178
80.0,130.0,170.0,0.9899201648995174
80.0,130.0,180.0,0.7723030710495599
80.0,130.0,190.0,0.589020981121338
80.0,130.0,200.0,0.4104107950041888
80.0,130.0,210.0,0.23229046835634742
80.0,130.0,220.0,0.20969447800135635
80.0,130.0,230.0,0.09288026620074233
80.0,130.0,240.0,0.10595248303285888
80.0,130.0,250.0,0.07407862413099076
80.0,130.0,260.0,0.0
80.0,130.0,270.0,0.0
80.0,130.0,280.0,0.0
80.0,130.0,290.0,0.0
80.0,140.0,0.0,0.0
80.0,140.0,10.0,0.0
80.0,140.0,20.0,0.004173660480631534
80.0,140.0,30.0,0.06668567611228943
80.0,140.0,40.0,0.05076038021311181
80.0,140.0,50.0,0.060455554173116474
80.0,140.0,60.0,0.1330795699960161
80.0,140.0,70.0,0.26331536318131615
80.0,140.0,80.0,0.31601977153185173
80.0,140.0,90.0,0.4693927370405361
80.0,140.0,100.0,0.6012189704449598
80.0,140.0,110.0,0.7603113343373058
80.0,140.0,120.0,0.889426555350532
80.0,140.0,130.0,1.0254896339683364
80.0,140.0,140.0,1.1461787347159493
80.0,140.0,150.0,1.0881664164323728
80.0,140.0,160.0,1.0093604012298347
80.0,140.0,170.0,0.9964110890672507
80.0,140.0,180.0,0.8121645440558071
80.0,140.0,190.0,0.6069763787562218
80.0,140.0,200.0,0.4813716430166236
80.0,140.0,210.0,0.26375267160426136
80.0,140.0,220.0,0.0991693887534334
80.0,140.0,230.0,0.15192719530867013
80.0,140.0,240.0,0.02576343440411384
80.0,140.0,250.0,0.10777713006768501
80.0,140.0,260.0,0.044202493970454546
80.0,140.0,270.0,0.012238827440944348
80.0,140.0,280.0,0.027808754661344304
80.0,140.0,290.0,0.0
80.0,150.0,0.0,0.0
80.0,150.0,10.0,0.06555681218087825
80.0,150.0,20.0,0.0
80.0,150.0,30.0,0.020622975746897643
80.0,150.0,40.0,0.08887620651336287
80.0,150.0,50.0,0.04093773503138111
80.0,150.0,60.0,0.07099866424615711
80.0,150.0,70.0,0.12951282945135661
80.0,150.0,80.0,0.2544329352452769
80.0,150.0,90.0,0.4310510975429517
80.0,150.0,100.0,0.5619565446673498
80.0,150.0,110.0,0.7662505918829406
80.0,150.0,120.0,0.8687687667500836
80.0,150.0,130.0,1.1130673601841006
80.0,150.0,140.0,1.009994406554078
80.0,150.0,150.0,1.1208304998851637
80.0,150.0,160.0,1.0087103374062152
80.0,150.0,170.0,0.8997842981717384
80.0,150.0,180.0,0.8109850761152195
80.0,150.0,190.0,0.5767516242826738
80.0,150.0,200.0,0.4577564470505599
80.0,150.0,210.0,0.39066656087354973
80.0,150.0,220.0,0.19537860776124147
80.0,150.0,230.0,0.07111763429554921
80.0,150.0,240.0,0.05518524887705606
80.0,150.0,250.0,0.03392886537927678
80.0,150.0,260.0,0.06872288064395095
80.0,150.0,270.0,0.0
80.0,150.0,280.0,0.0
80.0,150.0,290.0,0.08983697132984138
80.0,160.0,0.0,0.0
80.0,160.0,10.0,0.04912064984688201
80.0,160.0,20.0,0.09447415101213884
80.0,160.0,30.0,0.0662744586098611
80.0,160.0,40.0,0.02414518000569113
80.0,160.0,50.0,0.0822860894545368
80.0,160.0,60.0,0.051515191889908094
80.0,160.0,70.0,0.24575338876783515
80.0,160.0,80.0,0.32198592362455836
80.0,160.0,90.0,0.39854834051864396
80.0,160.0,100.0,0.6428269564809017
80.0,160.0,110.0,0.7239451853572728
80.0,160.0,120.0,0.9078056694393065
80.0,160.0,130.0,1.094262044509732
80.0,160.0,140.0,0.9839174467760451
80.0,160.0,150.0,1.0387817957821568
80.0,160.0,160.0,0.9196413581782584
80.0,160.0,170.0,0.9469635889766232
80.0,160.0,180.0,0.7742286805175648
80.0,160.0,190.0,0.5715495492285939
80.0,160.0,200.0,0.466407640404411
80.0,160.0,210.0,0.24425560095683427
80.0,160.0,220.0,0.1774624091434502
80.0,160.0,230.0,0.12334360611869775
80.0,160.0,240.0,0.0
80.0,160.0,250.0,0.03894159076804236
80.0,160.0,260.0,0.0
80.0,160.0,270.0,0.0
80.0,160.0,280.0,0.01110326193083265
80.0,160.0,290.0,0.06572732538006817
80.0,170.0,0.0,0.0
80.0,170.0,10.0,0.0
80.0,170.0,20.0,0.032982397994495594
80.0,170.0,30.0,0.0
80.0,170.0,40.0,0.0
80.0,170.0,50.0,0.08744663089234925
80.0,170.0,60.0,0.08170920607828693
80.0,170.0,70.0,0.1252945410123864
80.0,170.0,80.0,0.30658173600384464
80.0,170.0,90.0,0.4495763702490422
80.0,170.0,100.0,0.6373352127535334
80.0,170.0,110.0,0.6899729958229541
80.0,170.0,120.0,0.820317767216233
80.0,170.0,130.0,1.0431974095645855
80.0,170.0,140.0,1.0065538975323802
80.0,170.0,150.0,1.0926819936305516
80.0,170.0,160.0,1.0111648429246471
80.0,170.0,170.0,1.0084215594250052
80.0,170.0,180.0,0.68477080586445
80.0,170.0,190.0,0.46659382167404617
80.0,170.0,200.0,0.38263381006112634
80.0,170.0,210.0,0.3537312567614991
80.0,170.0,220.0,0.21433148060773408
80.0,170.0,230.0,0.17892659598476
80.0,170.0,240.0,0.10167443675739515
80.0,170.0,250.0,0.0
80.0,170.0,260.0,0.022207433059106295
80.0,170.0,270.0,0.0
80.0,170.0,280.0,0.0
80.0,170.0,290.0,0.0
80.0,180.0,0.0,0.0
80.0,180.0,10.0,0.0
80.0,180.0,20.0,0.005178666514437198
80.0,180.0,30.0,0.0
80.0,180.0,40.0,0.0
80.0,180.0,50.0,0.042270363548500826
80.0,180.0,60.0,0.1707511974198075
80.0,180.0,70.0,0.18588858159083088
80.0,180.0,80.0,0.34286202913631936
80.0,180.0,90.0,0.4028900268809838
80.0,180.0,100.0,0.5133230413121186
80.0,180.0,110.0,0.7762558835731094
80.0,180.0,120.0,0.8422805985668057
80.0,180.0,130.0,0.886084318653726
80.0,180.0,140.0,1.0512455371361427
80.0,180.0,150.0,0.9869270624699924
80.0,180.0,160.0,0.8655219292616287
80.0,180.0,170.0,0.8869909070139749
80.0,180.0,180.0,0.6621206641351044
80.0,180.0,190.0,0.4701157912066894
80.0,180.0,200.0,0.3902331767772257
80.0,180.0,210.0,0.27329426389216804
80.0,180.0,220.0,0.16071125230222322
80.0,180.0,230.0,0.09767547101539584
80.0,180.0,240.0,0.15448852636840954
80.0,180.0,250.0,0.04147917546669104
80.0,180.0,260.0,0.12564124820399714
80.0,180.0,270.0,0.0
80.0,180.0,280.0,0.0
80.0,180.0,290.0,0.0
80.0,190.0,0.0,0.0
80.0,190.0,10.0,0.0
80.0,190.0,20.0,0.0
80.0,190.0,30.0,0.11606603943977048
80.0,190.0,40.0,0.06651428716162373
80.0,190.0,50.0,0.12613093845784995
80.0,190.0,60.0,0.10506792010036163
80.0,190.0,70.0,0.15161718489090575
80.0,190.0,80.0,0.34133209365684036
80.0,190.0,90.0,0.42100220120974446
80.0,190.0,100.0,0.5405096575872317
80.0,190.0,110.0,0.653642299807821
80.0,190.0,120.0,0.797767113501869
80.0,190.0,130.0,1.0013665683287787
80.0,190.0,140.0,0.9487333023939033
80.0,190.0,150.0,1.0494130934376626
80.0,190.0,160.0,0.8578946266569956
80.0,190.0,170.0,0.7493354948635366
80.0,190.0,180.0,0.6468859124846005
80.0,190.0,190.0,0.5655860753640027
80.0,190.0,200.0,0.3610203755444948
80.0,190.0,210.0,0.209864184975082
80.0,190.0,220.0,0.3284214205813615
80.0,190.0,230.0,0.0
80.0,190.0,240.0,0.014663257067257414
80.0,190.0,250.0,0.1222524300371366
80.0,190.0,260.0,0.019583829921477072
80.0,190.0,270.0,0.08620254389809909
80.0,190.0,280.0,0.02813576548176091
80.0,190.0,290.0,0.0
80.0,200.0,0.0,0.0
80.0,200.0,10.0,0.08302468379851216
80.0,200.0,20.0,0.0
80.0,200.0,30.0,0.0
80.0,200.0,40.0,0.0
80.0,200.0,50.0,0.0
80.0,200.0,60.0,0.08026846661335214
80.0,200.0,70.0,0.20146037305357012
80.0,200.0,80.0,0.2532583221239895
80.0,200.0,90.0,0.3532729839063745
80.0,200.0,100.0,0.49803184284173496
80.0,200.0,110.0,0.6558472435494292
80.0,200.0,120.0,0.7289617171091172
80.0,200.0,130.0,0.8243782356076976
80.0,200.0,140.0,0.9245704218317958
80.0,200.0,150.0,0.8600505712922991
80.0,200.0,160.0,0.8152789421740054
80.0,200.0,170.0,0.6113186447231622
80.0,200.0,180.0,0.5631142654999205
80.0,200.0,190.0,0.49665234648699824
80.0,200.0,200.0,0.3062179761171088
80.0,200.0,210.0,0.15535330983352513
80.0,200.0,220.0,0.1004167119817358
80.0,200.0,230.0,0.09026899599196729
80.0,200.0,240.0,0.05279296042648538
80.0,200.0,250.0,0.0
80.0,200.0,260.0,0.03929291496768367
80.0,200.0,270.0,0.07327290779208943
80.0,200.0,280.0,0.0
80.0,200.0,290.0,0.09513769432059319
80.0,210.0,0.0,0.0
80.0,210.0,10.0,0.0
80.0,210.0,20.0,0.00862239132131875
80.0,210.0,30.0,0.0
80.0,210.0,40.0,0.0
80.0,210.0,50.0,0.0
80.0,210.0,60.0,0.059700308224421975
80.0,210.0,70.0,0.13503780053953626
80.0,210.0,80.0,0.18143052807145532
80.0,210.0,90.0,0.30614753802847144
80.0,210.0,100.0,0.4024694965792122
80.0,210.0,110.0,0.5565796573340247
80.0,210.0,120.0,0.741475210068326
80.0,210.0,130.0,0.716383723512966
80.0,210.0,140.0,0.7791980703646758
80.0,210.0,150.0,0.7584646097043464
80.0,210.0,160.0,0.7131424994674468
80.0,210.0,170.0,0.7061404428362636
80.0,210.0,180.0,0.5948750302993484
80.0,210.0,190.0,0.4147164273969852
80.0,210.0,200.0,0.4340312114020899
80.0,210.0,210.0,0.25923321813580513
80.0,210.0,220.0,0.06898995708109805
80.0,210.0,230.0,0.06858723129730028
80.0,210.0,240.0,0.0619059649824928
80.0,210.0,250.0,0.0
80.0,210.0,260.0,0.05410119768754269
80.0,210.0,270.0,0.01912342435854279
80.0,210.0,280.0,0.0
80.0,210.0,290.0,0.0
80.0,220.0,0.0,0.0
80.0,220.0,10.0,0.0
80.0,220.0,20.0,0.0
80.0,220.0,30.0,0.010048674697065054
80.0,220.0,40.0,0.0
80.0,220.0,50.0,0.007633553149938181
80.0,220.0,60.0,0.0
80.0,220.0,70.0,0.22499862504172785
80.0,220.0,80.0,0.16435868414842666
80.0,220.0,90.0,0.3354953954919449
80.0,220.0,100.0,0.34951114420700324
80.0,220.0,110.0,0.5744785080266058
80.0,220.0,120.0,0.6033682344361041
80.0,220.0,130.0,0.6943096900457498
80.0,220.0,140.0,0.6734278071793461
80.0,220.0,150.0,0.7821471340493374
80.0,220.0,160.0,0.6160290805756955
80.0,220.0,170.0,0.6494417072697038
80.0,220.0,180.0,0.4204610035837871
80.0,220.0,190.0,0.3694366873190003
80.0,220.0,200.0,0.32551327364009425
80.0,220.0,210.0,0.20532761784420892
80.0,220.0,220.0,0.09755240710801054
80.0,220.0,230.0,0.021060226693969633
80.0,220.0,240.0,0.07232741397308237
80.0,220.0,250.0,0.0
80.0,220.0,260.0,0.013754242878683608
80.0,220.0,270.0,0.01384668069127615
80.0,220.0,280.0,0.00628091485473253
80.0,220.0,290.0,0.02042348454234004
80.0,230.0,0.0,0.0853645987153713
80.0,230.0,10.0,0.0
80.0,230.0,20.0,0.011346980496837585
80.0,230.0,30.0,0.0
80.0,230.0,40.0,0.0
80.0,230.0,50.0,0.0
80.0,230.0,60.0,0.08314002297931919
80.0,230.0,70.0,0.18451949267735496
80.0,230.0,80.0,0.21400367604524892
80.0,230.0,90.0,0.2548696868145446
80.0,230.0,100.0,0.36652396823034855
80.0,230.0,110.0,0.44884832361315086
80.0,230.0,120.0,0.5292882559723329
80.0,230.0,130.0,0.5501043020122441
80.0,230.0,140.0,0.6238039666563288
80.0,230.0,150.0,0.5428836630694271
80.0,230.0,160.0,0.5959976545532473
80.0,230.0,170.0,0.5105109617240261
80.0,230.0,180.0,0.3605931115014678
80.0,230.0,190.0,0.26248892011830116
80.0,230.0,200.0,0.2418764341830165
80.0,230.0,210.0,0.16046660258801584
80.0,230.0,220.0,0.16440538670375623
80.0,230.0,230.0,0.033897771717803095
80.0,230.0,240.0,0.0
80.0,230.0,250.0,0.0
80.0,230.0,260.0,0.05267069673031729
80.0,230.0,270.0,0.07009816745676006
80.0,230.0,280.0,0.00464674639234714
80.0,230.0,290.0,0.0
80.0,240.0,0.0,0.054130878343212466
80.0,240.0,10.0,0.06638510332240201
80.0,240.0,20.0,0.0
80.0,240.0,30.0,0.024740433280428884
80.0,240.0,40.0,0.05225726550126765
80.0,240.0,50.0,0.05249187269136024
80.0,240.0,60.0,0.09095943073544448
80.0,240.0,70.0,0.0667544896024396
80.0,240.0,80.0,0.09347012961696977
80.0,240.0,90.0,0.1992435477774047
80.0,240.0,100.0,0.303744247690005
80.0,240.0,110.0,0.2549364715036417
80.0,240.0,120.0,0.5692229371794193
80.0,240.0,130.0,0.5313154195385895
80.0,240.0,140.0,0.5376065412945172
80.0,240.0,150.0,0.5833615049564235
80.0,240.0,160.0,0.465580301183265
80.0,240.0,170.0,0.48808065650248694
80.0,240.0,180.0,0.4799402152036851
80.0,240.0,190.0,0.2422604463004275
80.0,240.0,200.0,0.21741021982107675
80.0,240.0,210.0,0.12796705698303695
80.0,240.0,220.0,0.03596676123215268
80.0,240.0,230.0,0.08732020003909405
80.0,240.0,240.0,0.021673019643797607
80.0,240.0,250.0,0.09073801764739538
80.0,240.0,260.0,0.0
80.0,240.0,270.0,0.08017392197642932
80.0,240.0,280.0,0.0759279914068766
80.0,240.0,290.0,0.0
80.0,250.0,0.0,0.0
80.0,250.0,10.0,0.04427789491183859
80.0,250.0,20.0,0.030250602146151283
80.0,250.0,30.0,0.0
80.0,250.0,40.0,0.03536659726701048
80.0,250.0,50.0,0.002798263732228995
80.0,250.0,60.0,0.04880744895210644
80.0,250.0,70.0,0.14263148962645125
80.0,250.0,80.0,0.11840444946572667
80.0,250.0,90.0,0.21582810632114202
80.0,250.0,100.0,0.19626297901223275
80.0,250.0,110.0,0.36610926377020436
80.0,250.0,120.0,0.37571596631400755
80.0,250.0,130.0,0.4750069924502973
80.0,250.0,140.0,0.4797068657969074
80.0,250.0,150.0,0.4907985686242551
80.0,250.0,160.0,0.40700249220689294
80.0,250.0,170.0,0.4352077392055105
80.0,250.0,180.0,0.431547112906254
80.0,250.0,190.0,0.27289406113244424
80.0,250.0,200.0,0.11482232396880063
80.0,250.0,210.0,0.193283936825146
80.0,250.0,220.0,0.09594242072959996
80.0,250.0,230.0,0.0
80.0,250.0,240.0,0.0
80.0,250.0,250.0,0.05088135230109431
80.0,250.0,260.0,0.07810268719079441
80.0,250.0,270.0,0.0
80.0,250.0,280.0,0.0
80.0,250.0,290.0,0.030689855500813264
80.0,260.0,0.0,0.002623141561029432
80.0,260.0,10.0,0.0
80.0,260.0,20.0,0.014449848864685049
80.0,260.0,30.0,0.002915861849929478
80.0,260.0,40.0,0.0
80.0,260.0,50.0,0.054575512156463085
80.0,260.0,60.0,0.05426442068136468
80.0,260.0,70.0,0.02882604800925595
80.0,260.0,80.0,0.13361180010482693
80.0,260.0,90.0,0.16532099470216696
80.0,260.0,100.0,0.25203063027236405
80.0,260.0,110.0,0.21478627015530893
80.0,260.0,120.0,0.2764319098727363
80.0,260.0,130.0,0.486672203983761
80.0,260.0,140.0,0.33988783551654606
80.0,260.0,150.0,0.4051502001620017
80.0,260.0,160.0,0.34088555944978927
80.0,260.0,170.0,0.3043992278190721
80.0,260.0,180.0,0.2866819346678626
80.0,260.0,190.0,0.22393177122135183
80.0,260.0,200.0,0.1499528113725845
80.0,260.0,210.0,0.08236496368002492
80.0,260.0,220.0,0.0695778766920733
80.0,260.0,230.0,0.08301962995361109
80.0,260.0,240.0,0.02422317795313748
80.0,260.0,250.0,0.050587441495678585
80.0,260.0,260.0,0.0
80.0,260.0,270.0,0.04854608640671786
80.0,260.0,280.0,0.0
80.0,260.0,290.0,0.0
80.0,270.0,0.0,0.07064702697814634
80.0,270.0,10.0,0.07714207139195428
80.0,270.0,20.0,0.02775351138511312
80.0,270.0,30.0,0.02018742568525617
80.0,270.0,40.0,0.1320823268018529
80.0,270.0,50.0,0.0769598938306573
80.0,270.0,60.0,0.03740037600614953
80.0,270.0,70.0,0.023786412108072842
80.0,270.0,80.0,0.09378194012509497
80.0,270.0,90.0,0.2215762745972219
80.0,270.0,100.0,0.13202714473614013
80.0,270.0,110.0,0.1825583312462599
80.0,270.0,120.0,0.258963837262593
80.0,270.0,130.0,0.31873370810892293
80.0,270.0,140.0,0.29306750944051585
80.0,270.0,150.0,0.22291291772277094
80.0,270.0,160.0,0.35095583288318705
80.0,270.0,170.0,0.21299913998222383
80.0,270.0,180.0,0.21534513928035487
80.0,270.0,190.0,0.11641508011273177
80.0,270.0,200.0,0.18004960871150114
80.0,270.0,210.0,0.0783581839730619
80.0,270.0,220.0,0.09069331553292082
80.0,270.0,230.0,0.06226020309305877
80.0,270.0,240.0,0.0
80.0,270.0,250.0,0.05209772055755783
80.0,270.0,260.0,0.0
80.0,270.0,270.0,0.0
80.0,270.0,280.0,0.0
80.0,270.0,290.0,0.021594908541821424
80.0,280.0,0.0,0.0
80.0,280.0,10.0,0.0026390068712103163
80.0,280.0,20.0,0.0
80.0,280.0,30.0,0.0007541206746222752
80.0,280.0,40.0,0.0
80.0,280.0,50.0,0.0
80.0,280.0,60.0,0.0
80.0,280.0,70.0,0.025907012869236405
80.0,280.0,80.0,0.18325368629767594
80.0,280.0,90.0,0.05043523771121504
80.0,280.0,100.0,0.10830608070625508
80.0,280.0,110.0,0.11143155354843715
80.0,280.0,120.0,0.18748278090984835
80.0,280.0,130.0,0.19328240704326463
80.0,280.0,140.0,0.21374835906639833
80.0,280.0,150.0,0.3173460456025624
80.0,280.0,160.0,0.2103314452432631
80.0,280.0,170.0,0.21567617694139238
80.0,280.0,180.0,0.14412776507432726
80.0,280.0,190.0,0.21215160652609982
80.0,280.0,200.0,0.10960324850384394
80.0,280.0,210.0,0.13267647657637818
80.0,280.0,220.0,0.0
80.0,280.0,230.0,0.025879417162736416
80.0,280.0,240.0,0.09622764442426433
80.0,280.0,250.0,0.0
80.0,280.0,260.0,0.0
80.0,280.0,270.0,0.0
80.0,280.0,280.0,0.0
80.0,280.0,290.0,0.11125364622239298
80.0,290.0,0.0,0.010740673217701573
80.0,290.0,10.0,0.006538681083667425
80.0,290.0,20.0,0.040687034493096505
80.0,290.0,30.0,0.0
80.0,290.0,40.0,0.029536397651107552
80.0,290.0,50.0,0.0
80.0,290.0,60.0,0.0
80.0,290.0,70.0,0.024537971819520225
80.0,290.0,80.0,0.08364036293371511
80.0,290.0,90.0,0.05353051427230737
80.0,290.0,100.0,0.1360322731818887
80.0,290.0,110.0,0.23382198119148176
80.0,290.0,120.0,0.1957596068216023
80.0,290.0,130.0,0.113848637467956
80.0,290.0,140.0,0.2851765718278735
80.0,290.0,150.0,0.25554870769269555
80.0,290.0,160.0,0.1950583924560294
80.0,290.0,170.0,0.1519334970929784
80.0,290.0,180.0,0.12977803116078068
80.0,290.0,190.0,0.10211242984420425
80.0,290.0,200.0,0.12904604411245627
80.0,290.0,210.0,0.05516933518611321
80.0,290.0,220.0,0.013522741983530536
80.0,290.0,230.0,0.05390174447408033
80.0,290.0,240.0,0.05117256831401627
80.0,290.0,250.0,0.043079070464007545
80.0,290.0,260.0,0.012339306220812028
80.0,290.0,270.0,0.0
80.0,290.0,280.0,0.009311316828745385
80.0,290.0,290.0,0.0
90.0,0.0,0.0,0.05759235773241332
90.0,0.0,10.0,0.0
90.0,0.0,20.0,0.0
90.0,0.0,30.0,0.006554945133397418
90.0,0.0,40.0,0.00270309402130583
90.0,0.0,50.0,0.07278783917833027
90.0,0.0,60.0,0.049670284269546484
90.0,0.0,70.0,0.04950600716961771
90.0,0.0,80.0,0.0
90.0,0.0,90.0,0.1104027776180369
90.0,0.0,100.0,0.07522893006331446
90.0,0.0,110.0,0.27868385302445486
90.0,0.0,120.0,0.24013359131788364
90.0,0.0,130.0,0.33878109399793255
90.0,0.0,140.0,0.2391436537764417
90.0,0.0,150.0,0.2566005245861099
90.0,0.0,160.0,0.22537059757664155
90.0,0.0,170.0,0.2923577005531698
90.0,0.0,180.0,0.17584378654313845
90.0,0.0,190.0,0.16242589219621784
90.0,0.0,200.0,0.041351598823806006
90.0,0.0,210.0,0.049544681799721185
90.0,0.0,220.0,0.07314348161825358
90.0,0.0,230.0,0.06533254759253707
90.0,0.0,240.0,0.05724355270876204
90.0,0.0,250.0,0.052247244028236765
90.0,0.0,260.0,0.11315525304741153
90.0,0.0,270.0,0.007675772908534767
90.0,0.0,280.0,0.013482554366583646
90.0,0.0,290.0,0.03553865915889731
90.0,10.0,0.0,0.08683173375308192
90.0,10.0,10.0,0.0
90.0,10.0,20.0,0.0
90.0,10.0,30.0,0.0
90.0,10.0,40.0,0.0
90.0,10.0,50.0,0.06310994516844327
90.0,10.0,60.0,0.05086820384035769
90.0,10.0,70.0,0.10579260647297818
90.0,10.0,80.0,0.0
90.0,10.0,90.0,0.12079583794593371
90.0,10.0,100.0,0.08217447288160724
90.0,10.0,110.0,0.30528597440857563
90.0,10.0,120.0,0.20849002680604048
90.0,10.0,130.0,0.28027766117142583
90.0,10.0,140.0,0.36769653262108754
90.0,10.0,150.0,0.24586534617016192
90.0,10.0,160.0,0.2854255872226839
90.0,10.0,170.0,0.2045423727225032
90.0,10.0,180.0,0.17295294612390677
90.0,10.0,190.0,0.2146340289885581
90.0,10.0,200.0,0.13193419026461786
90.0,10.0,210.0,0.014471938486341637
90.0,10.0,220.0,0.0
90.0,10.0,230.0,0.015590887058932384
90.0,10.0,240.0,0.02678837098852139
90.0,10.0,250.0,0.0
90.0,10.0,260.0,0.0
90.0,10.0,270.0,0.0
90.0,10.0,280.0,0.019879139751081305
90.0,10.0,290.0,0.0
90.0,20.0,0.0,0.0
90.0,20.0,10.0,0.0
90.0,20.0,20.0,0.0
90.0,20.0,30.0,0.0
90.0,20.0,40.0,0.0
90.0,20.0,50.0,0.03928303208237603
90.0,20.0,60.0,0.005294901163640613
90.0,20.0,70.0,0.1396679298972241
90.0,20.0,80.0,0.12129705781316512
90.0,20.0,90.0,0.12113600058615162
90.0,20.0,100.0,0.1989012312756109
90.0,20.0,110.0,0.30674037977102586
90.0,20.0,120.0,0.35662032284929407
90.0,20.0,130.0,0.29316151256549
90.0,20.0,140.0,0.40579708814130344
90.0,20.0,150.0,0.3857744302166962
90.0,20.0,160.0,0.354811312102525
90.0,20.0,170.0,0.3531356774512557
90.0,20.0,180.0,0.30400698064283166
90.0,20.0,190.0,0.24454344494244093
90.0,20.0,200.0,0.22033310128675743
90.0,20.0,210.0,0.17257476324429546
90.0,20.0,220.0,0.01690800669708973
90.0,20.0,230.0,0.043831570962924546
90.0,20.0,240.0,0.0
90.0,20.0,250.0,0.037250301849273186
90.0,20.0,260.0,0.0
90.0,20.0,270.0,0.0
90.0,20.0,280.0,0.08317782002758954
90.0,20.0,290.0,0.0
90.0,30.0,0.0,0.0
90.0,30.0,10.0,0.0
90.0,30.0,20.0,0.0
90.0,30.0,30.0,0.0
90.0,30.0,40.0,0.0
90.0,30.0,50.0,0.08079242701896575
90.0,30.0,60.0,0.0
90.0,30.0,70.0,0.09057824118290786
90.0,30.0,80.0,0.17988662377902595
90.0,30.0,90.0,0.17929141274319382
90.0,30.0,100.0,0.16735185787687734
90.0,30.0,110.0,0.360227815405967
90.0,30.0,120.0,0.3833406186717794
90.0,30.0,130.0,0.3604356912356235
90.0,30.0,140.0,0.4252729871876852
90.0,30.0,150.0,0.4826974084751788
90.0,30.0,160.0,0.48137958269395537
90.0,30.0,170.0,0.4178367701509207
90.0,30.0,180.0,0.2622018091605952
90.0,30.0,190.0,0.22466725157594086
90.0,30.0,200.0,0.1818771974891533
90.0,30.0,210.0,0.11956348118529114
90.0,30.0,220.0,0.12822888962280815
90.0,30.0,230.0,0.0405789185067819
90.0,30.0,240.0,0.0
90.0,30.0,250.0,0.0
90.0,30.0,260.0,0.07754335120587337
90.0,30.0,270.0,0.029576469670298203
90.0,30.0,280.0,0.0
90.0,30.0,290.0,0.06355562802477355
90.0,40.0,0.0,0.0
90.0,40.0,10.0,0.0116101892057348
90.0,40.0,20.0,0.0
90.0,40.0,30.0,0.0
90.0,40.0,40.0,0.010149843761349404
90.0,40.0,50.0,0.0067214035191646045
90.0,40.0,60.0,0.10308767611794678
90.0,40.0,70.0,0.11634210394419424
90.0,40.0,80.0,0.17697419705941694
90.0,40.0,90.0,0.20932080450217477
90.0,40.0,100.0,0.3109013366887202
90.0,40.0,110.0,0.5178005768987286
90.0,40.0,120.0,0.3026766667026829
90.0,40.0,130.0,0.5491842213534507
90.0,40.0,140.0,0.4760460459086439
90.0,40.0,150.0,0.5499953450746015
90.0,40.0,160.0,0.5213391867843684
90.0,40.0,170.0,0.5031590606180987
90.0,40.0,180.0,0.28452481909758415
90.0,40.0,190.0,0.2975881148991208
90.0,40.0,200.0,0.16746246069902077
90.0,40.0,210.0,0.138601799986389
90.0,40.0,220.0,0.09819170724343103
90.0,40.0,230.0,0.06838603270020896
90.0,40.0,240.0,0.07328516909628682
90.0,40.0,250.0,0.03083213782655241
90.0,40.0,260.0,0.0
90.0,40.0,270.0,0.06077544918076167
90.0,40.0,280.0,0.002684601037147546
90.0,40.0,290.0,0.0
90.0,50.0,0.0,0.06213171096038448
90.0,50.0,10.0,0.0
90.0,50.0,20.0,0.059947743417448664
90.0,50.0,30.0,0.09858049236007345
90.0,50.0,40.0,0.08801113806740987
90.0,50.0,50.0,0.0
90.0,50.0,60.0,0.03510700651122802
90.0,50.0,70.0,0.09165116240146662
90.0,50.0,80.0,0.15809808006979487
90.0,50.0,90.0,0.2931559100169828
90.0,50.0,100.0,0.21503781573640338
90.0,50.0,110.0,0.38369575916272347
90.0,50.0,120.0,0.5586466664456048
90.0,50.0,130.0,0.6161110960542333
90.0,50.0,140.0,0.6772115617520024
90.0,50.0,150.0,0.6187981717956476
90.0,50.0,160.0,0.6376228833012334
90.0,50.0,170.0,0.6300787611270421
90.0,50.0,180.0,0.5506779397076198
90.0,50.0,190.0,0.3260086342816508
90.0,50.0,200.0,0.22223079440599214
90.0,50.0,210.0,0.24977728637666657
90.0,50.0,220.0,0.16139423343159295
90.0,50.0,230.0,0.10368102040959981
90.0,50.0,240.0,0.07312131709488036
90.0,50.0,250.0,0.0
90.0,50.0,260.0,0.0
90.0,50.0,270.0,0.0
90.0,50.0,280.0,0.07021818755158866
90.0,50.0,290.0,0.0
90.0,60.0,0.0,0.0
90.0,60.0,10.0,0.0
90.0,60.0,20.0,0.0
90.0,60.0,30.0,0.0
90.0,60.0,40.0,0.0
90.0,60.0,50.0,0.04008122661924915
90.0,60.0,60.0,0.0
90.0,60.0,70.0,0.010285858017325789
90.0,60.0,80.0,0.21384088270317364
90.0,60.0,90.0,0.3401348006427235
90.0,60.0,100.0,0.4555651396112266
90.0,60.0,110.0,0.5416672270810761
90.0,60.0,120.0,0.6658787300855435
90.0,60.0,130.0,0.6081698982865287
90.0,60.0,140.0,0.8347952487359501
90.0,60.0,150.0,0.6938592110781926
90.0,60.0,160.0,0.6814651277431547
90.0,60.0,170.0,0.5329759429133526
90.0,60.0,180.0,0.5166993248661109
90.0,60.0,190.0,0.43234982073274253
90.0,60.0,200.0,0.37532100790264844
90.0,60.0,210.0,0.21554744475558932
90.0,60.0,220.0,0.15826043661383932
90.0,60.0,230.0,0.014029472782563515
90.0,60.0,240.0,0.033066337715162944
90.0,60.0,250.0,0.0
90.0,60.0,260.0,0.0
90.0,60.0,270.0,0.0
90.0,60.0,280.0,0.0
90.0,60.0,290.0,0.03457360085053587
90.0,70.0,0.0,0.10747819794807215
90.0,70.0,10.0,0.01132218718252984
90.0,70.0,20.0,0.0
90.0,70.0,30.0,0.0
90.0,70.0,40.0,0.10033751438563042
90.0,70.0,50.0,0.07764862741558784
90.0,70.0,60.0,0.11289493343456793
90.0,70.0,70.0,0.14452216590860312
90.0,70.0,80.0,0.20715906096853168
90.0,70.0,90.0,0.3008542326083985
90.0,70.0,100.0,0.42079362807696025
90.0,70.0,110.0,0.5745865476948818
90.0,70.0,120.0,0.7671959711241819
90.0,70.0,130.0,0.7518485427483963
90.0,70.0,140.0,0.705719073620258
90.0,70.0,150.0,0.7695793343600297
90.0,70.0,160.0,0.7682939727793618
90.0,70.0,170.0,0.637756488741624
90.0,70.0,180.0,0.6435648336509294
90.0,70.0,190.0,0.3896865223505186
90.0,70.0,200.0,0.22059410853574263
90.0,70.0,210.0,0.2322234293259182
90.0,70.0,220.0,0.07867859294959874
90.0,70.0,230.0,0.09325362574442236
90.0,70.0,240.0,0.0
90.0,70.0,250.0,0.057044580287226226
90.0,70.0,260.0,0.01634864894117863
90.0,70.0,270.0,0.0027433200633375098
90.0,70.0,280.0,0.0
90.0,70.0,290.0,0.0
90.0,80.0,0.0,0.0
90.0,80.0,10.0,0.026886131529229113
90.0,80.0,20.0,0.015325953678384041
90.0,80.0,30.0,0.06793870223565725
90.0,80.0,40.0,0.061044763610754615
90.0,80.0,50.0,0.1069866661968013
90.0,80.0,60.0,0.10137998249061035
90.0,80.0,70.0,0.22037716019478965
90.0,80.0,80.0,0.16222653204548032
90.0,80.0,90.0,0.30465639221314295
90.0,80.0,100.0,0.4912576435316577
90.0,80.0,110.0,0.6237962098815634
90.0,80.0,120.0,0.7041182477261309
90.0,80.0,130.0,0.9141042956220062
90.0,80.0,140.0,0.939241164241453
90.0,80.0,150.0,0.9227018032385579
90.0,80.0,160.0,0.8260925305307062
90.0,80.0,170.0,0.7135438141798376
90.0,80.0,180.0,0.639997784568996
90.0,80.0,190.0,0.5663280416097927
90.0,80.0,200.0,0.3476429884754666
90.0,80.0,210.0,0.2707185154820494
90.0,80.0,220.0,0.16044449202321673
90.0,80.0,230.0,0.12282494677890211
90.0,80.0,240.0,0.061402183878713996
90.0,80.0,250.0,0.0
90.0,80.0,260.0,0.011216942564995122
90.0,80.0,270.0,0.0
90.0,80.0,280.0,0.05948401817317595
90.0,80.0,290.0,0.028510283943758458
90.0,90.0,0.0,0.0
90.0,90.0,10.0,0.048565144377175115
90.0,90.0,20.0,0.05063249208001119
90.0,90.0,30.0,0.032933321384862956
90.0,90.0,40.0,0.12825054255926083
90.0,90.0,50.0,0.10020456558696744
90.0,90.0,60.0,0.15917546178475583
90.0,90.0,70.0,0.11259899074539506
90.0,90.0,80.0,0.36014416762838936
90.0,90.0,90.0,0.2867880785050417
90.0,90.0,100.0,0.5178694955075305
90.0,90.0,110.0,0.6880241142333033
90.0,90.0,120.0,0.866141967066408
90.0,90.0,130.0,0.9490579298755819
90.0,90.0,140.0,0.9784038082657038
90.0,90.0,150.0,0.9674701486197133
90.0,90.0,160.0,0.9560417132681548
90.0,90.0,170.0,0.8466145908901952
90.0,90.0,180.0,0.769966205637148
90.0,90.0,190.0,0.5121986164312866
90.0,90.0,200.0,0.3224543614490585
90.0,90.0,210.0,0.26372102994791163
90.0,90.0,220.0,0.28771446398226524
90.0,90.0,230.0,0.11842695072026552
90.0,90.0,240.0,0.05541018090222172
90.0,90.0,250.0,0.0
90.0,90.0,260.0,0.03614773212544911
90.0,90.0,270.0,0.0
90.0,90.0,280.0,0.007944417829543247
90.0,90.0,290.0,0.0
90.0,100.0,0.0,0.026295615265752834
90.0,100.0,10.0,0.0
90.0,100.0,20.0,0.0
90.0,100.0,30.0,0.00752768478435739
90.0,100.0,40.0,0.02755658082511113
90.0,100.0,50.0,0.07388474525839785
90.0,100.0,60.0,0.08523392593665197
90.0,100.0,70.0,0.24779726445155684
90.0,100.0,80.0,0.2881806586383415
90.0,100.0,90.0,0.44884285498163534
90.0,100.0,100.0,0.5420248040376965
90.0,100.0,110.0,0.7676417328791283
90.0,100.0,120.0,0.8714877885658543
90.0,100.0,130.0,1.0059289958798963
90.0,100.0,140.0,1.1568421938573912
90.0,100.0,150.0,1.1321481372786018
90.0,100.0,160.0,1.0875601034929867
90.0,100.0,170.0,0.9115875313591935
90.0,100.0,180.0,0.6783720997789944
90.0,100.0,190.0,0.6172834703172746
90.0,100.0,200.0,0.3782302864071777
90.0,100.0,210.0,0.32048408813775214
90.0,100.0,220.0,0.24902705448532308
90.0,100.0,230.0,0.0985133008954643
90.0,100.0,240.0,0.10476285716006277
90.0,100.0,250.0,0.03600115638572476
90.0,100.0,260.0,0.0
90.0,100.0,270.0,0.0
90.0,100.0,280.0,0.0
90.0,100.0,290.0,0.012622002445557565
90.0,110.0,0.0,0.005709891866898607
90.0,110.0,10.0,0.006187433754200146
90.0,110.0,20.0,0.06845392139758014
90.0,110.0,30.0,0.028316464274487155
90.0,110.0,40.0,0.031822912429634434
90.0,110.0,50.0,0.0730484818829742
90.0,110.0,60.0,0.11008463991973247
90.0,110.0,70.0,0.2760274158753771
90.0,110.0,80.0,0.310831763242888
90.0,110.0,90.0,0.3795441212749709
90.0,110.0,100.0,0.6314579466767818
90.0,110.0,110.0,0.817090066655593
90.0,110.0,120.0,0.9671799997486823
90.0,110.0,130.0,1.0861588716819908
90.0,110.0,140.0,1.1665875720965806
90.0,110.0,150.0,1.1793645109427853
90.0,110.0,160.0,1.164758627405519
90.0,110.0,170.0,1.0086181302863872
90.0,110.0,180.0,0.8153043496996513
90.0,110.0,190.0,0.6444078706673504
90.0,110.0,200.0,0.48404948529370323
90.0,110.0,210.0,0.3254636306124181
90.0,110.0,220.0,0.2607401182891024
90.0,110.0,230.0,0.10685477554023243
90.0,110.0,240.0,0.10913451773758157
90.0,110.0,250.0,0.028798359671802404
90.0,110.0,260.0,0.0
90.0,110.0,270.0,0.0
90.0,110.0,280.0,0.06727410285804503
90.0,110.0,290.0,0.0
90.0,120.0,0.0,0.0
90.0,120.0,10.0,0.0
90.0,120.0,20.0,0.12513435107780171
90.0,120.0,30.0,0.018022348421519768
90.0,120.0,40.0,0.032173857334603706
90.0,120.0,50.0,0.10852471124940397
90.0,120.0,60.0,0.1133663196752435
90.0,120.0,70.0,0.23308773745401454
90.0,120.0,80.0,0.3577528495654867
90.0,120.0,90.0,0.5828068529501597
90.0,120.0,100.0,0.6352252116341386
90.0,120.0,110.0,0.7373078595123318
90.0,120.0,120.0,1.0254999360169783
90.0,120.0,130.0,1.2125656688589384
90.0,120.0,140.0,1.3342542716976376
90.0,120.0,150.0,1.2807139014540765
90.0,120.0,160.0,1.1995738854300109
90.0,120.0,170.0,1.019858219008692
90.0,120.0,180.0,0.8019660896412825
90.0,120.0,190.0,0.6645464730257257
90.0,120.0,200.0,0.47352289968047484
90.0,120.0,210.0,0.2683394963715317
90.0,120.0,220.0,0.2800415767346643
90.0,120.0,230.0,0.16478340858694962
90.0,120.0,240.0,0.018212160736232955
90.0,120.0,250.0,0.0
90.0,120.0,260.0,0.0
90.0,120.0,270.0,0.06177740959889267
90.0,120.0,280.0,0.0
90.0,120.0,290.0,0.0
90.0,130.0,0.0,0.03653084128199238
90.0,130.0,10.0,0.022732869757544065
90.0,130.0,20.0,0.025111395183280247
90.0,130.0,30.0,0.0
90.0,130.0,40.0,0.07171155935604781
90.0,130.0,50.0,0.08380602412162215
90.0,130.0,60.0,0.10918072939856469
90.0,130.0,70.0,0.3238940093803901
90.0,130.0,80.0,0.35988619238636893
90.0,130.0,90.0,0.4390408992230052
90.0,130.0,100.0,0.6209041943343534
90.0,130.0,110.0,0.9432684939306908
90.0,130.0,120.0,1.0954872357924976
90.0,130.0,130.0,1.295736208781034
90.0,130.0,140.0,1.388120789420152
90.0,130.0,150.0,1.300528356522772
90.0,130.0,160.0,1.2306843015338804
90.0,130.0,170.0,1.010310709161524
90.0,130.0,180.0,0.8799748394107477
90.0,130.0,190.0,0.6551640418224223
90.0,130.0,200.0,0.4930608573499588
90.0,130.0,210.0,0.31513624024820663
90.0,130.0,220.0,0.21187515541094415
90.0,130.0,230.0,0.0892817416044559
90.0,130.0,240.0,0.045943929456845826
90.0,130.0,250.0,0.036012443149455196
90.0,130.0,260.0,0.02150008874784039
90.0,130.0,270.0,0.024991771506362382
90.0,130.0,280.0,0.016982938437360685
90.0,130.0,290.0,0.0
90.0,140.0,0.0,0.0
90.0,140.0,10.0,0.002296581615357126
90.0,140.0,20.0,0.0
90.0,140.0,30.0,0.024246387193947675
90.0,140.0,40.0,0.058711036612689824
90.0,140.0,50.0,0.11137648323615441
90.0,140.0,60.0,0.14591730508757164
90.0,140.0,70.0,0.2975384176059989
90.0,140.0,80.0,0.39184261671742054
90.0,140.0,90.0,0.5045769888581635
90.0,140.0,100.0,0.7296544064453693
90.0,140.0,110.0,0.9014674838319834
90.0,140.0,120.0,1.1174068488402038
90.0,140.0,130.0,1.1850521494970854
90.0,140.0,140.0,1.2569528622139456
90.0,140.0,150.0,1.27018552666609
90.0,140.0,160.0,1.216086628044352
90.0,140.0,170.0,1.0035637923705585
90.0,140.0,180.0,0.8433065431592848
90.0,140.0,190.0,0.7451010186429985
90.0,140.0,200.0,0.5315326423442273
90.0,140.0,210.0,0.47849218572948393
90.0,140.0,220.0,0.22078544674389242
90.0,140.0,230.0,0.1881416239830374
90.0,140.0,240.0,0.14170323977928573
90.0,140.0,250.0,0.0
90.0,140.0,260.0,0.05919104577719683
90.0,140.0,270.0,0.01688737445449431
90.0,140.0,280.0,0.014875742400458351
90.0,140.0,290.0,0.07293257391614069
90.0,150.0,0.0,0.0
90.0,150.0,10.0,0.08319784837762283
90.0,150.0,20.0,0.0021594563808183184
90.0,150.0,30.0,0.11230295184778262
90.0,150.0,40.0,0.13321729034641397
90.0,150.0,50.0,0.1068351883217649
90.0,150.0,60.0,0.14765239377705616
90.0,150.0,70.0,0.3294866386521155
90.0,150.0,80.0,0.3427883303771159
90.0,150.0,90.0,0.4396729306866483
90.0,150.0,100.0,0.7313979456357161
90.0,150.0,110.0,0.9662672601223093
90.0,150.0,120.0,1.0452886915205712
90.0,150.0,130.0,1.2204061586420347
90.0,150.0,140.0,1.2865707456235687
90.0,150.0,150.0,1.359780603626568
90.0,150.0,160.0,1.1828854147561962
90.0,150.0,170.0,1.079586785339541
90.0,150.0,180.0,0.9320218312938457
90.0,150.0,190.0,0.622132742760703
90.0,150.0,200.0,0.5010617758805187
90.0,150.0,210.0,0.37620955206885454
90.0,150.0,220.0,0.21165985123093067
90.0,150.0,230.0,0.13707569559155863
90.0,150.0,240.0,0.009906760904137488
90.0,150.0,250.0,0.05177423017829406
90.0,150.0,260.0,0.0
90.0,150.0,270.0,0.06629326482614853
90.0,150.0,280.0,0.0038012901334187753
90.0,150.0,290.0,0.0
90.0,160.0,0.0,0.0
90.0,160.0,10.0,0.03675289508357694
90.0,160.0,20.0,0.08195415469753602
90.0,160.0,30.0,0.02424735277855575
90.0,160.0,40.0,0.0194751622353611
90.0,160.0,50.0,0.11068281850296022
90.0,160.0,60.0,0.11367880135316932
90.0,160.0,70.0,0.1971007372511726
90.0,160.0,80.0,0.4008505734389401
90.0,160.0,90.0,0.5871140870181107
90.0,160.0,100.0,0.7043705424196558
90.0,160.0,110.0,0.7847654338349485
90.0,160.0,120.0,0.9133217446662221
90.0,160.0,130.0,1.1845798745996872
90.0,160.0,140.0,1.3165921993470742
90.0,160.0,150.0,1.2332416252606524
90.0,160.0,160.0,1.1567973247447405
90.0,160.0,170.0,1.1009270588759104
90.0,160.0,180.0,0.769494688954568
90.0,160.0,190.0,0.7400161849757521
90.0,160.0,200.0,0.46278523478270683
90.0,160.0,210.0,0.4244962580219813
90.0,160.0,220.0,0.19055046971935974
90.0,160.0,230.0,0.09669082580133555
90.0,160.0,240.0,0.11042649261832985
90.0,160.0,250.0,0.03026818092443987
90.0,160.0,260.0,0.0
90.0,160.0,270.0,0.0
90.0,160.0,280.0,0.0
90.0,160.0,290.0,0.0
90.0,170.0,0.0,0.0
90.0,170.0,10.0,0.11756702486656483
90.0,170.0,20.0,0.0071121321897336075
90.0,170.0,30.0,0.0
90.0,170.0,40.0,0.09611766025520646
90.0,170.0,50.0,0.01209273174432924
90.0,170.0,60.0,0.19691649711700115
90.0,170.0,70.0,0.2790106955407757
90.0,170.0,80.0,0.39330018046335863
90.0,170.0,90.0,0.5152173245037269
90.0,170.0,100.0,0.7058706899676779
90.0,170.0,110.0,0.7866734557222226
90.0,170.0,120.0,1.065143541223138
90.0,170.0,130.0,1.159697989323647
90.0,170.0,140.0,1.2406709267477065
90.0,170.0,150.0,1.190503181668218
90.0,170.0,160.0,1.0784351605663283
90.0,170.0,170.0,1.0464569351328623
90.0,170.0,180.0,0.8347026970395246
90.0,170.0,190.0,0.7266838467898572
90.0,170.0,200.0,0.4598394146872636
90.0,170.0,210.0,0.27740158585874586
90.0,170.0,220.0,0.2606157744005601
90.0,170.0,230.0,0.12357803650576166
90.0,170.0,240.0,0.07487844810516697
90.0,170.0,250.0,0.10668852298454157
90.0,170.0,260.0,0.04992512768174981
90.0,170.0,270.0,0.0
90.0,170.0,280.0,0.0
90.0,170.0,290.0,0.0
90.0,180.0,0.0,0.06222376156344251
90.0,180.0,10.0,0.059436843860201746
90.0,180.0,20.0,0.0
90.0,180.0,30.0,0.0
90.0,180.0,40.0,0.026456200141254157
90.0,180.0,50.0,0.06355676627923001
90.0,180.0,60.0,0.06143271706028014
90.0,180.0,70.0,0.3277326175612746
90.0,180.0,80.0,0.43022431407811995
90.0,180.0,90.0,0.5412784768534185
90.0,180.0,100.0,0.6294938718206353
90.0,180.0,110.0,0.7775932983219322
90.0,180.0,120.0,0.9743270041615615
90.0,180.0,130.0,1.0850346307610448
90.0,180.0,140.0,1.1729985188707999
90.0,180.0,150.0,1.1611853863623653
90.0,180.0,160.0,1.073132550079164
90.0,180.0,170.0,0.9894418430313165
90.0,180.0,180.0,0.7531399774549573
90.0,180.0,190.0,0.5462278478487758
90.0,180.0,200.0,0.5385609426008234
90.0,180.0,210.0,0.4096160300225384
90.0,180.0,220.0,0.13933139418617524
90.0,180.0,230.0,0.0993029889733002
90.0,180.0,240.0,0.0018752644992596351
90.0,180.0,250.0,0.08517826954348387
90.0,180.0,260.0,0.0
90.0,180.0,270.0,0.03893529003962465
90.0,180.0,280.0,0.0
90.0,180.0,290.0,0.0
90.0,190.0,0.0,0.0
90.0,190.0,10.0,0.0011228828324083935
90.0,190.0,20.0,0.028326612669642016
90.0,190.0,30.0,0.04930580448100371
90.0,190.0,40.0,0.07263052823150629
90.0,190.0,50.0,0.12546341196225919
90.0,190.0,60.0,0.03654647760253034
90.0,190.0,70.0,0.23828485993595777
90.0,190.0,80.0,0.27708650943088453
90.0,190.0,90.0,0.40659036415151917
90.0,190.0,100.0,0.5662858390535502
90.0,190.0,110.0,0.72519944355084
90.0,190.0,120.0,0.854542395908136
90.0,190.0,130.0,0.9316099571454807
90.0,190.0,140.0,1.1318608313554457
90.0,190.0,150.0,1.0845775979531154
90.0,190.0,160.0,1.0091913451967125
90.0,190.0,170.0,0.9547049659501297
90.0,190.0,180.0,0.6894155070513593
90.0,190.0,190.0,0.577712736012827
90.0,190.0,200.0,0.48273298623146177
90.0,190.0,210.0,0.3692957182749932
90.0,190.0,220.0,0.21314052896047084
90.0,190.0,230.0,0.1523792056878905
90.0,190.0,240.0,0.1534957379614692
90.0,190.0,250.0,0.11631923375576689
90.0,190.0,260.0,0.08460379624719037
90.0,190.0,270.0,0.002443250204068338
90.0,190.0,280.0,0.03475795890490942
90.0,190.0,290.0,0.0
90.0,200.0,0.0,0.009644970883876496
90.0,200.0,10.0,0.011568908310745227
90.0,200.0,20.0,0.02405152901924789
90.0,200.0,30.0,0.0
90.0,200.0,40.0,0.022509203207881516
90.0,200.0,50.0,0.01999126754567654
90.0,200.0,60.0,0.13043905004374423
90.0,200.0,70.0,0.19783188664910512
90.0,200.0,80.0,0.31342563685755437
90.0,200.0,90.0,0.44292936666774474
90.0,200.0,100.0,0.5808237122089631
90.0,200.0,110.0,0.6761703332522867
90.0,200.0,120.0,0.8272370817912112
90.0,200.0,130.0,0.9808590840388075
90.0,200.0,140.0,1.0358043924866924
90.0,200.0,150.0,1.0611445178114223
90.0,200.0,160.0,0.9586591278849163
90.0,200.0,170.0,0.8136294137257598
90.0,200.0,180.0,0.7109167034667689
90.0,200.0,190.0,0.4712694222327159
90.0,200.0,200.0,0.3864478999431241
90.0,200.0,210.0,0.31956287249643966
90.0,200.0,220.0,0.09682775813773424
90.0,200.0,230.0,0.23723728641513792
90.0,200.0,240.0,0.11694858301640816
90.0,200.0,250.0,0.04844569981823161
90.0,200.0,260.0,0.0
90.0,200.0,270.0,0.0
90.0,200.0,280.0,0.0
90.0,200.0,290.0,0.10323636759288299
90.0,210.0,0.0,0.0
90.0,210.0,10.0,0.0010074984094736545
90.0,210.0,20.0,0.0
90.0,210.0,30.0,0.027090902803267244
90.0,210.0,40.0,0.0
90.0,210.0,50.0,0.002683784949627968
90.0,210.0,60.0,0.06583644003869188
90.0,210.0,70.0,0.11312505696055611
90.0,210.0,80.0,0.2187729529939194
90.0,210.0,90.0,0.3598147805338333
90.0,210.0,100.0,0.5548066669424514
90.0,210.0,110.0,0.6407370076803747
90.0,210.0,120.0,0.8000054273188285
90.0,210.0,130.0,0.9132968652626743
90.0,210.0,140.0,0.9224976660771507
90.0,210.0,150.0,0.9290474029069609
90.0,210.0,160.0,0.9237959014183381
90.0,210.0,170.0,0.8482683292983627
90.0,210.0,180.0,0.6395431115294822
90.0,210.0,190.0,0.5347705333606021
90.0,210.0,200.0,0.3855452562858264
90.0,210.0,210.0,0.25409179654046393
90.0,210.0,220.0,0.19397670045847631
90.0,210.0,230.0,0.10978912527668537
90.0,210.0,240.0,0.0660014224375374
90.0,210.0,250.0,0.0
90.0,210.0,260.0,0.07397976667431291
90.0,210.0,270.0,0.03885628607454361
90.0,210.0,280.0,0.0
90.0,210.0,290.0,0.0
90.0,220.0,0.0,0.0
90.0,220.0,10.0,0.0
90.0,220.0,20.0,0.04444447506626263
90.0,220.0,30.0,0.004617175634877221
90.0,220.0,40.0,0.0
90.0,220.0,50.0,0.0807719534163592
90.0,220.0,60.0,0.07516785844787695
90.0,220.0,70.0,0.15925615693468212
90.0,220.0,80.0,0.22714783060104735
90.0,220.0,90.0,0.31539535957664167
90.0,220.0,100.0,0.49572890655238283
90.0,220.0,110.0,0.5956897721862651
90.0,220.0,120.0,0.7852495896727762
90.0,220.0,130.0,0.6925386902349
90.0,220.0,140.0,0.8332540913299143
90.0,220.0,150.0,0.8318948073073085
90.0,220.0,160.0,0.8637734104243702
90.0,220.0,170.0,0.7129374397693853
90.0,220.0,180.0,0.6401296375454071
90.0,220.0,190.0,0.5372864129334831
90.0,220.0,200.0,0.3290650991925259
90.0,220.0,210.0,0.25539408202066094
90.0,220.0,220.0,0.07078637805109428
90.0,220.0,230.0,0.06704328206010868
90.0,220.0,240.0,0.06562220087781817
90.0,220.0,250.0,0.001621147373746381
90.0,220.0,260.0,0.0
90.0,220.0,270.0,0.022929700326405733
90.0,220.0,280.0,0.010736826117368918
90.0,220.0,290.0,0.0
90.0,230.0,0.0,0.016575865082668013
90.0,230.0,10.0,0.06445082690590673
90.0,230.0,20.0,0.0
90.0,230.0,30.0,0.025883246492129024
90.0,230.0,40.0,0.025365511209361917
90.0,230.0,50.0,0.0
90.0,230.0,60.0,0.08769739526961856
90.0,230.0,70.0,0.2229586319775338
90.0,230.0,80.0,0.08772366516145197
90.0,230.0,90.0,0.16832338913982275
90.0,230.0,100.0,0.44186564489597496
90.0,230.0,110.0,0.47409157198979585
90.0,230.0,120.0,0.5076747244628563
90.0,230.0,130.0,0.6613430029572097
90.0,230.0,140.0,0.7827069167313413
90.0,230.0,150.0,0.7578626564804091
90.0,230.0,160.0,0.6844847718116037
90.0,230.0,170.0,0.6283174250702646
90.0,230.0,180.0,0.45694848654027875
90.0,230.0,190.0,0.3624965221411918
90.0,230.0,200.0,0.27353108696276385
90.0,230.0,210.0,0.25796477815246294
90.0,230.0,220.0,0.17067158603583293
90.0,230.0,230.0,0.0
90.0,230.0,240.0,0.04929940568614795
90.0,230.0,250.0,0.07805887410068435
90.0,230.0,260.0,0.024660882935193328
90.0,230.0,270.0,0.04262049038705447
90.0,230.0,280.0,0.119438806309941
90.0,230.0,290.0,0.0
90.0,240.0,0.0,0.0
90.0,240.0,10.0,0.03291003951932575
90.0,240.0,20.0,0.0
90.0,240.0,30.0,0.08449233510771267
90.0,240.0,40.0,0.09316008575624943
90.0,240.0,50.0,0.09277578118579141
90.0,240.0,60.0,0.06800263740077135
90.0,240.0,70.0,0.17933234866330622
90.0,240.0,80.0,0.13060179860174517
90.0,240.0,90.0,0.2038885146974797
90.0,240.0,100.0,0.27672335452876895
90.0,240.0,110.0,0.40221617263007947
90.0,240.0,120.0,0.5345220019161588
90.0,240.0,130.0,0.5954827706545086
90.0,240.0,140.0,0.6662843561334635
90.0,240.0,150.0,0.7427345146149265
90.0,240.0,160.0,0.6149206245988431
90.0,240.0,170.0,0.5670825049810349
90.0,240.0,180.0,0.47723602235713863
90.0,240.0,190.0,0.29704021118800183
90.0,240.0,200.0,0.33478560411779057
90.0,240.0,210.0,0.12691697746332598
90.0,240.0,220.0,0.13191759830159494
90.0,240.0,230.0,0.048725028451503075
90.0,240.0,240.0,0.08088516287003603
90.0,240.0,250.0,0.0
90.0,240.0,260.0,0.07228036231114708
90.0,240.0,270.0,0.0
90.0,240.0,280.0,0.040674114474499264
90.0,240.0,290.0,0.01409530028274898
90.0,250.0,0.0,0.058894299386784574
90.0,250.0,10.0,0.038407394749730844
90.0,250.0,20.0,0.01614053120088861
90.0,250.0,30.0,0.035850061896261796
90.0,250.0,40.0,0.03092587166208654
90.0,250.0,50.0,0.02535631453519193
90.0,250.0,60.0,0.02156133216165647
90.0,250.0,70.0,0.0
90.0,250.0,80.0,0.04886052859801207
90.0,250.0,90.0,0.1718914046458351
90.0,250.0,100.0,0.2871002685956612
90.0,250.0,110.0,0.3284874424837004
90.0,250.0,120.0,0.4284309494666486
90.0,250.0,130.0,0.5838319543835123
90.0,250.0,140.0,0.5728386100650571
90.0,250.0,150.0,0.5935973573437702
90.0,250.0,160.0,0.5069943255541931
90.0,250.0,170.0,0.49265347670515003
90.0,250.0,180.0,0.34546214547707244
90.0,250.0,190.0,0.3388438271116209
90.0,250.0,200.0,0.17544820892828406
90.0,250.0,210.0,0.18583311117069787
90.0,250.0,220.0,0.03457906178195804
90.0,250.0,230.0,0.04421901090500095
90.0,250.0,240.0,0.0
90.0,250.0,250.0,0.08075439361122909
90.0,250.0,260.0,0.02875764437077575
90.0,250.0,270.0,0.008249780914237954
90.0,250.0,280.0,0.0
90.0,250.0,290.0,0.0
90.0,260.0,0.0,0.0
90.0,260.0,10.0,0.0
90.0,260.0,20.0,0.07585104979540536
90.0,260.0,30.0,0.0338094431756538
90.0,260.0,40.0,0.0450917818295387
90.0,260.0,50.0,0.022181164128343006
90.0,260.0,60.0,0.0
90.0,260.0,70.0,0.1836816084927379
90.0,260.0,80.0,0.17777211704439055
90.0,260.0,90.0,0.21172188760484256
90.0,260.0,100.0,0.36561455075346266
90.0,260.0,110.0,0.33293988995768514
90.0,260.0,120.0,0.4397668185759112
90.0,260.0,130.0,0.4769673997200919
90.0,260.0,140.0,0.5477160284122924
90.0,260.0,150.0,0.33193556003813196
90.0,260.0,160.0,0.4672928186852662
90.0,260.0,170.0,0.40112976911462545
90.0,260.0,180.0,0.36006609111368393
90.0,260.0,190.0,0.2809540916904956
90.0,260.0,200.0,0.17822136484248624
90.0,260.0,210.0,0.151015808691558
90.0,260.0,220.0,0.06043574974587941
90.0,260.0,230.0,0.06783381405939869
90.0,260.0,240.0,0.09094898632815011
90.0,260.0,250.0,0.0738178399630693
90.0,260.0,260.0,0.024887170246347606
90.0,260.0,270.0,0.04647347138505018
90.0,260.0,280.0,0.022093721341983397
90.0,260.0,290.0,0.0
90.0,270.0,0.0,0.04326974803555839
90.0,270.0,10.0,0.023839417944953402
90.0,270.0,20.0,0.01992578896483492
90.0,270.0,30.0,0.0
90.0,270.0,40.0,0.0
90.0,270.0,50.0,0.0
90.0,270.0,60.0,0.0589298053358617
90.0,270.0,70.0,0.049241718277961574
90.0,270.0,80.0,0.08716774355556425
90.0,270.0,90.0,0.06676192338661277
90.0,270.0,100.0,0.13973754831774315
90.0,270.0,110.0,0.2410187526579947
90.0,270.0,120.0,0.277960774133271
90.0,270.0,130.0,0.34578402283273624
90.0,270.0,140.0,0.28175695815869906
90.0,270.0,150.0,0.34357450425082725
90.0,270.0,160.0,0.2752456594110574
90.0,270.0,170.0,0.3088701909993346
90.0,270.0,180.0,0.27617349572971267
90.0,270.0,190.0,0.17216752330531
90.0,270.0,200.0,0.1735463119455917
90.0,270.0,210.0,0.07812932659242525
90.0,270.0,220.0,0.02869614586723826
90.0,270.0,230.0,0.07426342712013412
90.0,270.0,240.0,0.02300383243912231
90.0,270.0,250.0,0.0
90.0,270.0,260.0,0.014708020043669029
90.0,270.0,270.0,0.0
90.0,270.0,280.0,0.0
90.0,270.0,290.0,0.033637006696087705
90.0,280.0,0.0,0.0448034935191318
90.0,280.0,10.0,0.1348592982575541
90.0,280.0,20.0,0.03344741855679004
90.0,280.0,30.0,0.0693701896606305
90.0,280.0,40.0,0.0004960114387454351
90.0,280.0,50.0,0.03154716567399207
90.0,280.0,60.0,0.032501552587100684
90.0,280.0,70.0,0.07158125172369349
90.0,280.0,80.0,0.014575843686282716
90.0,280.0,90.0,0.15369532441199846
90.0,280.0,100.0,0.2224137530929863
90.0,280.0,110.0,0.2401372345008665
90.0,280.0,120.0,0.37895401737715695
90.0,280.0,130.0,0.2264257746481652
90.0,280.0,140.0,0.3856657745686127
90.0,280.0,150.0,0.3708076846278959
90.0,280.0,160.0,0.18242065212329883
90.0,280.0,170.0,0.23558925999684305
90.0,280.0,180.0,0.23304793249428046
90.0,280.0,190.0,0.21865570526047096
90.0,280.0,200.0,0.1350087871544796
90.0,280.0,210.0,0.08565904842442684
90.0,280.0,220.0,0.053620203067955105
90.0,280.0,230.0,0.05449516140646375
90.0,280.0,240.0,0.04761505767013814
90.0,280.0,250.0,0.011330616246610577
90.0,280.0,260.0,0.0
90.0,280.0,270.0,0.004305437233206659
90.0,280.0,280.0,0.01568987144226337
90.0,280.0,290.0,0.0
90.0,290.0,0.0,0.023071383690256693
90.0,290.0,10.0,0.0
90.0,290.0,20.0,0.032242880559115186
90.0,290.0,30.0,0.0
90.0,290.0,40.0,0.0
90.0,290.0,50.0,0.0
90.0,290.0,60.0,0.0
90.0,290.0,70.0,0.039718920162448317
90.0,290.0,80.0,0.10729600908770487
90.0,290.0,90.0,0.09802718519322084
90.0,290.0,100.0,0.09966142301583572
90.0,290.0,110.0,0.14926840398703867
90.0,290.0,120.0,0.13243790348525458
90.0,290.0,130.0,0.16238634990114206
90.0,290.0,140.0,0.2480280490940747
90.0,290.0,150.0,0.2689629718569813
90.0,290.0,160.0,0.2657057627364394
90.0,290.0,170.0,0.23540351896812428
90.0,290.0,180.0,0.14981964640748402
90.0,290.0,190.0,0.1452974855390504
90.0,290.0,200.0,0.12512317676449192
90.0,290.0,210.0,0.15940142758247133
90.0,290.0,220.0,0.05749698551705013
90.0,290.0,230.0,0.03458879205017813
90.0,290.0,240.0,0.006509818365126995
90.0,290.0,250.0,0.008601115946244511
90.0,290.0,260.0,0.012304227620263298
90.0,290.0,270.0,0.0
90.0,290.0,280.0,0.06910310477337836
90.0,290.0,290.0,0.0
100.0,0.0,0.0,0.0
100.0,0.0,10.0,0.0
100.0,0.0,20.0,0.1353958300968884
100.0,0.0,30.0,0.022492937395861556
100.0,0.0,40.0,0.10091011572752526
100.0,0.0,50.0,0.002784308828919814
100.0,0.0,60.0,0.01869720545472286
100.0,0.0,70.0,0.057132221670231895
100.0,0.0,80.0,0.1176863660832531
100.0,0.0,90.0,0.15878874553632755
100.0,0.0,100.0,0.17097195749149457
100.0,0.0,110.0,0.17516625194614688
100.0,0.0,120.0,0.18084082703915313
100.0,0.0,130.0,0.28367054290875776
100.0,0.0,140.0,0.2608669467403365
100.0,0.0,150.0,0.33688965595251796
100.0,0.0,160.0,0.2970246246223928
100.0,0.0,170.0,0.18214027877749514
100.0,0.0,180.0,0.22323213487877577
100.0,0.0,190.0,0.1348021684444265
100.0,0.0,200.0,0.15143029799777613
100.0,0.0,210.0,0.042401820395333474
100.0,0.0,220.0,0.14158358547113273
100.0,0.0,230.0,0.0
100.0,0.0,240.0,0.0074323367163663875
100.0,0.0,250.0,0.027993385389143782
100.0,0.0,260.0,0.06123874024958342
100.0,0.0,270.0,0.0
100.0,0.0,280.0,0.033050244103092395
100.0,0.0,290.0,0.0
100.0,10.0,0.0,0.0
100.0,10.0,10.0,0.05853210297144884
100.0,10.0,20.0,0.0
100.0,10.0,30.0,0.03351932006639362
100.0,10.0,40.0,0.0
100.0,10.0,50.0,0.0
100.0,10.0,60.0,0.0
100.0,10.0,70.0,0.026554725942720833
100.0,10.0,80.0,0.07471091232966202
100.0,10.0,90.0,0.1513940934780436
100.0,10.0,100.0,0.1278100333764829
100.0,10.0,110.0,0.25963931675149743
100.0,10.0,120.0,0.29124610202601003
100.0,10.0,130.0,0.274532634722739
100.0,10.0,140.0,0.31298671607995815
100.0,10.0,150.0,0.32829283123427677
100.0,10.0,160.0,0.33037115760805075
100.0,10.0,170.0,0.31418859376253633
100.0,10.0,180.0,0.37938107756203526
100.0,10.0,190.0,0.2098399772364345
100.0,10.0,200.0,0.0847468969750215
100.0,10.0,210.0,0.11095318778050216
100.0,10.0,220.0,0.06936256249669852
100.0,10.0,230.0,0.18049890408032324
100.0,10.0,240.0,0.0
100.0,10.0,250.0,0.0703709581329801
100.0,10.0,260.0,0.0
100.0,10.0,270.0,0.0
100.0,10.0,280.0,0.0
100.0,10.0,290.0,0.0
100.0,20.0,0.0,0.051659893085200144
100.0,20.0,10.0,0.0
100.0,20.0,20.0,0.0
100.0,20.0,30.0,0.0620280916212991
100.0,20.0,40.0,0.008292040995771743
100.0,20.0,50.0,0.02224370482530646
100.0,20.0,60.0,0.0
100.0,20.0,70.0,0.13190964261097327
100.0,20.0,80.0,0.15606648642307044
100.0,20.0,90.0,0.23753841659065883
100.0,20.0,100.0,0.24089581032554602
100.0,20.0,110.0,0.3149970474162356
100.0,20.0,120.0,0.35251610162113256
100.0,20.0,130.0,0.44108819233839697
100.0,20.0,140.0,0.4946690760558663
100.0,20.0,150.0,0.5029064264242614
100.0,20.0,160.0,0.3740632124440921
100.0,20.0,170.0,0.3877556705508967
100.0,20.0,180.0,0.3235530527201223
100.0,20.0,190.0,0.22376028925882066
100.0,20.0,200.0,0.06807441583295193
100.0,20.0,210.0,0.0702146983127861
100.0,20.0,220.0,0.046199903578275275
100.0,20.0,230.0,0.0292770069390133
100.0,20.0,240.0,0.02785566798149004
100.0,20.0,250.0,0.015079789838342544
100.0,20.0,260.0,0.09821821586786995
100.0,20.0,270.0,0.0
100.0,20.0,280.0,0.0
100.0,20.0,290.0,0.0
100.0,30.0,0.0,0.0
100.0,30.0,10.0,0.10227616461244506
100.0,30.0,20.0,0.0
100.0,30.0,30.0,0.03648028513738079
100.0,30.0,40.0,0.0
100.0,30.0,50.0,0.09890994401737832
100.0,30.0,60.0,0.08176245435389332
100.0,30.0,70.0,0.10906939511188832
100.0,30.0,80.0,0.10243647745438919
100.0,30.0,90.0,0.23184944335946284
100.0,30.0,100.0,0.30223962208731514
100.0,30.0,110.0,0.28825290299666056
100.0,30.0,120.0,0.46125792794942444
100.0,30.0,130.0,0.3786517118049385
100.0,30.0,140.0,0.5879707713501477
100.0,30.0,150.0,0.45548493306182786
100.0,30.0,160.0,0.48498290609575906
100.0,30.0,170.0,0.4521852759884828
100.0,30.0,180.0,0.2600687599697973
100.0,30.0,190.0,0.36744473496639235
100.0,30.0,200.0,0.19478518164085343
100.0,30.0,210.0,0.17049434232997057
100.0,30.0,220.0,0.08300199077996173
100.0,30.0,230.0,0.01148968047962097
100.0,30.0,240.0,0.0
100.0,30.0,250.0,0.0
100.0,30.0,260.0,0.0
100.0,30.0,270.0,0.0
100.0,30.0,280.0,0.05875172847157873
100.0,30.0,290.0,0.0
100.0,40.0,0.0,0.09672834356788747
100.0,40.0,10.0,0.0010109777577056369
100.0,40.0,20.0,0.0
100.0,40.0,30.0,0.0
100.0,40.0,40.0,0.0
100.0,40.0,50.0,0.0
100.0,40.0,60.0,0.03244435335963462
100.0,40.0,70.0,0.12079976863846836
100.0,40.0,80.0,0.18127037714526462
100.0,40.0,90.0,0.3844430011453298
100.0,40.0,100.0,0.31460344080203834
100.0,40.0,110.0,0.45108008502806873
100.0,40.0,120.0,0.509324176428021
100.0,40.0,130.0,0.6593229939372717
100.0,40.0,140.0,0.6505344285786241
100.0,40.0,150.0,0.6716815684566408
100.0,40.0,160.0,0.5807366936666345
100.0,40.0,170.0,0.49052281290317823
100.0,40.0,180.0,0.4959231863279648
100.0,40.0,190.0,0.34655050097338624
100.0,40.0,200.0,0.29932830284737494
100.0,40.0,210.0,0.1454815956808067
100.0,40.0,220.0,0.1430563025130055
100.0,40.0,230.0,0.03161359937932668
100.0,40.0,240.0,0.0438636282003194
100.0,40.0,250.0,0.0
100.0,40.0,260.0,0.0
100.0,40.0,270.0,0.02366568601335107
100.0,40.0,280.0,0.0
100.0,40.0,290.0,0.0
100.0,50.0,0.0,0.02591217536149461
100.0,50.0,10.0,0.04680732634584065
100.0,50.0,20.0,0.002534153280533655
100.0,50.0,30.0,0.0
100.0,50.0,40.0,0.009440943816251875
100.0,50.0,50.0,0.06804005136795246
100.0,50.0,60.0,0.11486819741141346
100.0,50.0,70.0,0.11234823876760168
100.0,50.0,80.0,0.2452507254248314
100.0,50.0,90.0,0.27334918958082427
100.0,50.0,100.0,0.49279981763978364
100.0,50.0,110.0,0.6177911661570313
100.0,50.0,120.0,0.6263658562316036
100.0,50.0,130.0,0.7230182968127009
100.0,50.0,140.0,0.7469546828588655
100.0,50.0,150.0,0.7688492975319304
100.0,50.0,160.0,0.6405419890647245
100.0,50.0,170.0,0.5779987402832676
100.0,50.0,180.0,0.5331465483912587
100.0,50.0,190.0,0.41614510597040094
100.0,50.0,200.0,0.3652075037565695
100.0,50.0,210.0,0.20542114589769844
100.0,50.0,220.0,0.16613011364869168
100.0,50.0,230.0,0.0634828506513845
100.0,50.0,240.0,0.0
100.0,50.0,250.0,0.02400521782826141
100.0,50.0,260.0,0.01562177993135496
100.0,50.0,270.0,0.002205696111731035
100.0,50.0,280.0,0.07110335329674095
100.0,50.0,290.0,0.0428118471116224
100.0,60.0,0.0,0.0
100.0,60.0,10.0,0.044676962352967364
100.0,60.0,20.0,0.0
100.0,60.0,30.0,0.0
100.0,60.0,40.0,0.0
100.0,60.0,50.0,0.09483797881388834
100.0,60.0,60.0,0.04467333521726041
100.0,60.0,70.0,0.08514685428610279
100.0,60.0,80.0,0.2555398712600567
100.0,60.0,90.0,0.3175167782860458
100.0,60.0,100.0,0.39182962286863543
100.0,60.0,110.0,0.5622357796946267
100.0,60.0,120.0,0.7016162991463312
100.0,60.0,130.0,0.7393607311191943
100.0,60.0,140.0,0.8539577789626352
100.0,60.0,150.0,0.8930847260357544
100.0,60.0,160.0,0.8891053269285792
100.0,60.0,170.0,0.747611472204785
100.0,60.0,180.0,0.5846902646095846
100.0,60.0,190.0,0.38062704919432544
100.0,60.0,200.0,0.28851769063394594
100.0,60.0,210.0,0.1981793522813602
100.0,60.0,220.0,0.12823407657133257
100.0,60.0,230.0,0.057184634694520314
100.0,60.0,240.0,0.022724102406732897
100.0,60.0,250.0,0.0
100.0,60.0,260.0,0.0
100.0,60.0,270.0,0.0
100.0,60.0,280.0,0.0
100.0,60.0,290.0,0.01770116522772422
100.0,70.0,0.0,0.01755534302862378
100.0,70.0,10.0,0.1011340598093976
100.0,70.0,20.0,0.00850764722979424
100.0,70.0,30.0,0.045631828270462284
100.0,70.0,40.0,0.0
100.0,70.0,50.0,0.007310559906553091
100.0,70.0,60.0,0.049016183620985386
100.0,70.0,70.0,0.12316945302471166
100.0,70.0,80.0,0.2575431641613736
100.0,70.0,90.0,0.321641413299256
100.0,70.0,100.0,0.5233511398486483
100.0,70.0,110.0,0.595737075923468
100.0,70.0,120.0,0.7148698895955116
100.0,70.0,130.0,0.9021592266419102
100.0,70.0,140.0,0.9429077361104591
100.0,70.0,150.0,1.0593726389571725
100.0,70.0,160.0,0.8142286891675287
100.0,70.0,170.0,0.8905700394193594
100.0,70.0,180.0,0.6517039255211543
100.0,70.0,190.0,0.4894007834499148
100.0,70.0,200.0,0.44947036877740065
100.0,70.0,210.0,0.2847936669060165
100.0,70.0,220.0,0.09278353817835588
100.0,70.0,230.0,0.10116651323188922
100.0,70.0,240.0,0.0
100.0,70.0,250.0,0.002977313711498321
100.0,70.0,260.0,0.0
100.0,70.0,270.0,0.0
100.0,70.0,280.0,0.018729886638879395
100.0,70.0,290.0,0.0
100.0,80.0,0.0,0.0
100.0,80.0,10.0,0.0550400064993457
100.0,80.0,20.0,0.0
100.0,80.0,30.0,0.0
100.0,80.0,40.0,0.03150946405078789
100.0,80.0,50.0,0.04610168350738868
100.0,80.0,60.0,0.06940835865229618
100.0,80.0,70.0,0.18470864922280225
100.0,80.0,80.0,0.4091155303239328
100.0,80.0,90.0,0.424202211934873
100.0,80.0,100.0,0.4417319793466399
100.0,80.0,110.0,0.764753587462503
100.0,80.0,120.0,0.7500615595025503
100.0,80.0,130.0,1.0053394632065138
100.0,80.0,140.0,1.1293257668381658
100.0,80.0,150.0,1.134991705115432
100.0,80.0,160.0,1.0340247665507383
100.0,80.0,170.0,0.9296316831912941
100.0,80.0,180.0,0.8371779027691176
100.0,80.0,190.0,0.5472533064798717
100.0,80.0,200.0,0.46495426394031236
100.0,80.0,210.0,0.2636311343258517
100.0,80.0,220.0,0.21301651601510674
100.0,80.0,230.0,0.07514061308602193
100.0,80.0,240.0,0.09450107697759202
100.0,80.0,250.0,0.01690776959121974
100.0,80.0,260.0,0.0
100.0,80.0,270.0,0.03085087408827092
100.0,80.0,280.0,0.0
100.0,80.0,290.0,0.024497484658603245
100.0,90.0,0.0,0.028042953510580733
100.0,90.0,10.0,0.0
100.0,90.0,20.0,0.0
100.0,90.0,30.0,0.07403990705847191
100.0,90.0,40.0,0.10560656939840386
100.0,90.0,50.0,0.12903944555341865
100.0,90.0,60.0,0.0752652012510705
100.0,90.0,70.0,0.23651622509206402
100.0,90.0,80.0,0.2730812338256492
100.0,90.0,90.0,0.5101276343079343
100.0,90.0,100.0,0.624908746951194
100.0,90.0,110.0,0.8315545255215644
100.0,90.0,120.0,0.9972702590778159
100.0,90.0,130.0,1.0591444086350592
100.0,90.0,140.0,1.1508577884412776
100.0,90.0,150.0,1.1761539630047577
100.0,90.0,160.0,1.026310245898203
100.0,90.0,170.0,1.0962334826066444
100.0,90.0,180.0,0.8885727038799036
100.0,90.0,190.0,0.6957919670317176
100.0,90.0,200.0,0.4773519168848969
100.0,90.0,210.0,0.3888158618799412
100.0,90.0,220.0,0.15646595465203333
100.0,90.0,230.0,0.14407278921567082
100.0,90.0,240.0,0.05856095710001722
100.0,90.0,250.0,0.0
100.0,90.0,260.0,0.0
100.0,90.0,270.0,0.006558544513700044
100.0,90.0,280.0,0.03331554696187369
100.0,90.0,290.0,0.12075894889872642
100.0,100.0,0.0,0.0
100.0,100.0,10.0,0.0
100.0,100.0,20.0,0.019545519315355475
100.0,100.0,30.0,0.03134800423913761
100.0,100.0,40.0,0.03140960186201526
100.0,100.0,50.0,0.10757806556111582
100.0,100.0,60.0,0.11279297436086373
100.0,100.0,70.0,0.2851650083575721
100.0,100.0,80.0,0.3368152477695557
100.0,100.0,90.0,0.46655083476258163
100.0,100.0,100.0,0.6653444339383218
100.0,100.0,110.0,0.8308392071864721
100.0,100.0,120.0,1.1012694225255288
100.0,100.0,130.0,1.1368724820830125
100.0,100.0,140.0,1.2157327911445204
100.0,100.0,150.0,1.251254987567054
100.0,100.0,160.0,1.1994940768969298
100.0,100.0,170.0,1.0243924757738676
100.0,100.0,180.0,0.8577941729607255
100.0,100.0,190.0,0.6655509438479148
100.0,100.0,200.0,0.5053551644994716
100.0,100.0,210.0,0.3518677086282705
100.0,100.0,220.0,0.1842380336207243
100.0,100.0,230.0,0.0611697915457612
100.0,100.0,240.0,0.05592255954658806
100.0,100.0,250.0,0.024752452418350928
100.0,100.0,260.0,0.0
100.0,100.0,270.0,0.0
100.0,100.0,280.0,0.14938515261111468
100.0,100.0,290.0,0.05797801529751452
100.0,110.0,0.0,0.0
100.0,110.0,10.0,0.009413310002579263
100.0,110.0,20.0,0.0
100.0,110.0,30.0,0.0
100.0,110.0,40.0,0.0
100.0,110.0,50.0,0.12635486316804573
100.0,110.0,60.0,0.11899557894216241
100.0,110.0,70.0,0.2564762043882189
100.0,110.0,80.0,0.31193529553291743
100.0,110.0,90.0,0.5286227629652456
100.0,110.0,100.0,0.701070681187985
100.0,110.0,110.0,0.9511427839562336
100.0,110.0,120.0,1.2449884831673133
100.0,110.0,130.0,1.2503072744754329
100.0,110.0,140.0,1.2921823661219818
100.0,110.0,150.0,1.3223955418564792
100.0,110.0,160.0,1.2941592785840985
100.0,110.0,170.0,1.1939620241018458
100.0,110.0,180.0,0.9663357126622003
100.0,110.0,190.0,0.7285916837383326
100.0,110.0,200.0,0.529045408817336
100.0,110.0,210.0,0.3942049409546206
100.0,110.0,220.0,0.16230165242758182
100.0,110.0,230.0,0.1623842595176051
100.0,110.0,240.0,0.08943327717753935
100.0,110.0,250.0,0.002612184770526202
100.0,110.0,260.0,0.006906239794179904
100.0,110.0,270.0,0.031910074083952716
100.0,110.0,280.0,0.069377834073256
100.0,110.0,290.0,0.0
100.0,120.0,0.0,0.03593471807140777
100.0,120.0,10.0,0.034830381844511205
100.0,120.0,20.0,0.0
100.0,120.0,30.0,0.06465969577493288
100.0,120.0,40.0,0.00956106706194243
100.0,120.0,50.0,0.07158473860735796
100.0,120.0,60.0,0.21877849815614467
100.0,120.0,70.0,0.23306267670388553
100.0,120.0,80.0,0.45296326447102275
100.0,120.0,90.0,0.534673520520141
100.0,120.0,100.0,0.7876603717314025
100.0,120.0,110.0,0.9487013304669046
100.0,120.0,120.0,1.1208681923743924
100.0,120.0,130.0,1.3414020671184317
100.0,120.0,140.0,1.4914298220316708
100.0,120.0,150.0,1.4313305763830322
100.0,120.0,160.0,1.356619827908308
100.0,120.0,170.0,1.1377972451593583
100.0,120.0,180.0,1.0046370068652717
100.0,120.0,190.0,0.6961725150605549
100.0,120.0,200.0,0.5832327278245163
100.0,120.0,210.0,0.3634388659096823
100.0,120.0,220.0,0.24668565066216216
100.0,120.0,230.0,0.17216890888480718
100.0,120.0,240.0,0.0028024615770936845
100.0,120.0,250.0,0.0
100.0,120.0,260.0,0.0
100.0,120.0,270.0,0.016641795946626875
100.0,120.0,280.0,0.04100314451422729
100.0,120.0,290.0,0.021328103519119214
100.0,130.0,0.0,0.040555246056520784
100.0,130.0,10.0,0.0
100.0,130.0,20.0,0.0
100.0,130.0,30.0,0.02916229355135784
100.0,130.0,40.0,0.0
100.0,130.0,50.0,0.031103187917146197
100.0,130.0,60.0,0.16907919767571017
100.0,130.0,70.0,0.2573457038639514
100.0,130.0,80.0,0.38745443597467005
100.0,130.0,90.0,0.5103882115406161
100.0,130.0,100.0,0.7697445794915174
100.0,130.0,110.0,0.9419284662244887
100.0,130.0,120.0,1.1998964412220363
100.0,130.0,130.0,1.3283262611411062
100.0,130.0,140.0,1.4595308326221803
100.0,130.0,150.0,1.4878770245174573
100.0,130.0,160.0,1.4614246014966936
100.0,130.0,170.0,1.1783052486276668
100.0,130.0,180.0,1.0640108367046954
100.0,130.0,190.0,0.8118968216502731
100.0,130.0,200.0,0.6008759549002816
100.0,130.0,210.0,0.3895052608751419
100.0,130.0,220.0,0.2519539765649838
100.0,130.0,230.0,0.22218673142194229
100.0,130.0,240.0,0.06292145614521717
100.0,130.0,250.0,0.07685836496176716
100.0,130.0,260.0,0.0
100.0,130.0,270.0,0.0
100.0,130.0,280.0,0.0202201503718381
100.0,130.0,290.0,0.05141149530743118
100.0,140.0,0.0,0.017886349380639016
100.0,140.0,10.0,0.102972756497331
100.0,140.0,20.0,0.0
100.0,140.0,30.0,0.01731378295492292
100.0,140.0,40.0,0.15761955168072164
100.0,140.0,50.0,0.0971093996126848
100.0,140.0,60.0,0.13885720678881838
100.0,140.0,70.0,0.30144182315779455
100.0,140.0,80.0,0.481561214160051
100.0,140.0,90.0,0.6746341966899703
100.0,140.0,100.0,0.7862269573415284
100.0,140.0,110.0,0.944811702586404
100.0,140.0,120.0,1.265544735628515
100.0,140.0,130.0,1.3332807036933383
100.0,140.0,140.0,1.455383382756463
100.0,140.0,150.0,1.496268166201181
100.0,140.0,160.0,1.3450166019582317
100.0,140.0,170.0,1.3310632039696568
100.0,140.0,180.0,1.0123872808473149
100.0,140.0,190.0,0.8328647705746884
100.0,140.0,200.0,0.543463114278316
100.0,140.0,210.0,0.36577967314478127
100.0,140.0,220.0,0.28563606872384395
100.0,140.0,230.0,0.17356853762168956
100.0,140.0,240.0,0.03778552287435994
100.0,140.0,250.0,0.02049109208825356
100.0,140.0,260.0,0.05354212973510968
100.0,140.0,270.0,0.03177956702989998
100.0,140.0,280.0,0.015136519036283089
100.0,140.0,290.0,0.045256090407255735
100.0,150.0,0.0,0.028931153780099743
100.0,150.0,10.0,0.048612634903005804
100.0,150.0,20.0,0.019116895416088155
100.0,150.0,30.0,0.008219972850509145
100.0,150.0,40.0,0.04695874255467405
100.0,150.0,50.0,0.08873033789704252
100.0,150.0,60.0,0.13194638461854097
100.0,150.0,70.0,0.16598215218205464
100.0,150.0,80.0,0.4319891341440574
100.0,150.0,90.0,0.5610275809175602
100.0,150.0,100.0,0.8591568287168515
100.0,150.0,110.0,0.9792698659273201
100.0,150.0,120.0,1.2853251591360448
100.0,150.0,130.0,1.426579704040032
100.0,150.0,140.0,1.4363125303814273
100.0,150.0,150.0,1.4176056001873634
100.0,150.0,160.0,1.3144107619779826
100.0,150.0,170.0,1.2206402235662124
100.0,150.0,180.0,1.0612660952967603
100.0,150.0,190.0,0.7330213051755569
100.0,150.0,200.0,0.6152970437232528
100.0,150.0,210.0,0.40611092532877263
100.0,150.0,220.0,0.3604874584423651
100.0,150.0,230.0,0.2191246577572513
100.0,150.0,240.0,0.0860224901228962
100.0,150.0,250.0,0.009424445600925868
100.0,150.0,260.0,0.060777423781096976
100.0,150.0,270.0,0.12830940577459143
100.0,150.0,280.0,0.0
100.0,150.0,290.0,0.0
100.0,160.0,0.0,0.0
100.0,160.0,10.0,0.0815215221617239
100.0,160.0,20.0,0.01773849328888428
100.0,160.0,30.0,0.05788074881153753
100.0,160.0,40.0,0.0776455227079014
100.0,160.0,50.0,0.0639679838763156
100.0,160.0,60.0,0.2022416004540546
100.0,160.0,70.0,0.2851841350424522
100.0,160.0,80.0,0.35336860721633395
100.0,160.0,90.0,0.5841413168051779
100.0,160.0,100.0,0.8626066584345512
100.0,160.0,110.0,0.9942889088023653
100.0,160.0,120.0,1.2191287299223716
100.0,160.0,130.0,1.3169518927328432
100.0,160.0,140.0,1.4777283538305328
100.0,160.0,150.0,1.4493938926487613
100.0,160.0,160.0,1.38476314979773
100.0,160.0,170.0,1.1904723654521563
100.0,160.0,180.0,1.065508459251195
100.0,160.0,190.0,0.6880935138755511
100.0,160.0,200.0,0.5908751074427335
100.0,160.0,210.0,0.39512700483181923
100.0,160.0,220.0,0.1280723032917311
100.0,160.0,230.0,0.24467708929020332
100.0,160.0,240.0,0.07243332025106249
100.0,160.0,250.0,0.038248864233070036
100.0,160.0,260.0,0.0
100.0,160.0,270.0,0.0
100.0,160.0,280.0,0.032411040271378776
100.0,160.0,290.0,0.0
100.0,170.0,0.0,0.0
100.0,170.0,10.0,0.0
100.0,170.0,20.0,0.0
100.0,170.0,30.0,0.07114131002824445
100.0,170.0,40.0,0.0345261903238725
100.0,170.0,50.0,0.04399573618400839
100.0,170.0,60.0,0.14016594713691383
100.0,170.0,70.0,0.24347090438827984
100.0,170.0,80.0,0.3833854856250834
100.0,170.0,90.0,0.5650402930210046
100.0,170.0,100.0,0.7784529382713682
100.0,170.0,110.0,0.9239487423894875
100.0,170.0,120.0,1.0882107591359884
100.0,170.0,130.0,1.3428298873182207
100.0,170.0,140.0,1.4524737163805066
100.0,170.0,150.0,1.410862296264822
100.0,170.0,160.0,1.3926106751343614
100.0,170.0,170.0,1.216109123169379
100.0,170.0,180.0,0.965436301697443
100.0,170.0,190.0,0.6868750489406902
100.0,170.0,200.0,0.57786234122521
100.0,170.0,210.0,0.34946959841811576
100.0,170.0,220.0,0.26750154027979356
100.0,170.0,230.0,0.28747629352930426
100.0,170.0,240.0,0.026186610576173566
100.0,170.0,250.0,0.09285539708852474
100.0,170.0,260.0,0.0686579703044628
100.0,170.0,270.0,0.04482194757190816
100.0,170.0,280.0,0.0006153806601431975
100.0,170.0,290.0,0.023901643700704918
100.0,180.0,0.0,0.0
100.0,180.0,10.0,0.0
100.0,180.0,20.0,0.11339379436054367
100.0,180.0,30.0,0.034299158606447853
100.0,180.0,40.0,0.0
100.0,180.0,50.0,0.09429783439706073
100.0,180.0,60.0,0.1530714284694778
100.0,180.0,70.0,0.2589692200490655
100.0,180.0,80.0,0.3098037523885035
100.0,180.0,90.0,0.45684593695274245
100.0,180.0,100.0,0.7268681874762868
100.0,180.0,110.0,0.8738185950593089
100.0,180.0,120.0,1.1311824930339236
100.0,180.0,130.0,1.3149250870307223
100.0,180.0,140.0,1.283408930511082
100.0,180.0,150.0,1.379239251736328
100.0,180.0,160.0,1.318681399113809
100.0,180.0,170.0,1.0098008051655099
100.0,180.0,180.0,1.005038024473872
100.0,180.0,190.0,0.7578127162531518
100.0,180.0,200.0,0.5591625209884936
100.0,180.0,210.0,0.2688754563943959
100.0,180.0,220.0,0.24582318390795585
100.0,180.0,230.0,0.13150437467728862
100.0,180.0,240.0,0.0748799374326029
100.0,180.0,250.0,0.08176592885854517
100.0,180.0,260.0,0.004191170668626839
100.0,180.0,270.0,0.0
100.0,180.0,280.0,0.030384452307581494
100.0,180.0,290.0,0.0
100.0,190.0,0.0,0.03339944559330089
100.0,190.0,10.0,0.029164350177424476
100.0,190.0,20.0,0.0
100.0,190.0,30.0,0.0
100.0,190.0,40.0,0.0
100.0,190.0,50.0,0.07195833489166528
100.0,190.0,60.0,0.17345402267332652
100.0,190.0,70.0,0.10988148683637922
100.0,190.0,80.0,0.2725289460264593
100.0,190.0,90.0,0.5250442994794912
100.0,190.0,100.0,0.6991956023433932
100.0,190.0,110.0,0.8436339787754928
100.0,190.0,120.0,1.027486067105009
100.0,190.0,130.0,1.154175747961198
100.0,190.0,140.0,1.3082663685020621
100.0,190.0,150.0,1.1825149145602418
100.0,190.0,160.0,1.287779284785875
100.0,190.0,170.0,0.9775830222910004
100.0,190.0,180.0,0.8032956258263984
100.0,190.0,190.0,0.6623049272724645
100.0,190.0,200.0,0.5010603980821461
100.0,190.0,210.0,0.31130766638100105
100.0,190.0,220.0,0.2052453299092798
100.0,190.0,230.0,0.07321854164158656
100.0,190.0,240.0,0.016342622677061262
100.0,190.0,250.0,0.06045125503423264
100.0,190.0,260.0,0.0
100.0,190.0,270.0,0.07524096287566803
100.0,190.0,280.0,0.0
100.0,190.0,290.0,0.0
100.0,200.0,0.0,0.0
100.0,200.0,10.0,0.0
100.0,200.0,20.0,0.09266282914676024
100.0,200.0,30.0,0.11988495125361617
100.0,200.0,40.0,0.05791609417479754
100.0,200.0,50.0,0.08103243744446215
100.0,200.0,60.0,0.10745826219480396
100.0,200.0,70.0,0.14019233846242846
100.0,200.0,80.0,0.27715399727764567
100.0,200.0,90.0,0.4970192884263794
100.0,200.0,100.0,0.6418290331301297
100.0,200.0,110.0,0.8400791128968895
100.0,200.0,120.0,0.9706759260302077
100.0,200.0,130.0,1.12041305973608
100.0,200.0,140.0,1.1762641911275866
100.0,200.0,150.0,1.2162281162748885
100.0,200.0,160.0,1.0984780929744866
100.0,200.0,170.0,0.9730093218139588
100.0,200.0,180.0,0.8212584978464873
100.0,200.0,190.0,0.584168491066934
100.0,200.0,200.0,0.4530171614047202
100.0,200.0,210.0,0.24067158030179475
100.0,200.0,220.0,0.23371113515428008
100.0,200.0,230.0,0.13560435376003155
100.0,200.0,240.0,0.02702469489299883
100.0,200.0,250.0,0.1103686645161849
100.0,200.0,260.0,0.03506906625814149
100.0,200.0,270.0,0.0361372971120392
100.0,200.0,280.0,0.092093801134408
100.0,200.0,290.0,0.027792628262633706
100.0,210.0,0.0,0.0
100.0,210.0,10.0,0.0
100.0,210.0,20.0,0.03030394858089574
100.0,210.0,30.0,0.08394470592230366
100.0,210.0,40.0,0.053347914929230925
100.0,210.0,50.0,0.06175881180954312
100.0,210.0,60.0,0.05453428169481386
100.0,210.0,70.0,0.15035267303496141
100.0,210.0,80.0,0.3069697251767252
100.0,210.0,90.0,0.3250376908734629
100.0,210.0,100.0,0.5511222282281303
100.0,210.0,110.0,0.7768245647837472
100.0,210.0,120.0,0.9818867606840547
100.0,210.0,130.0,1.052615140022358
100.0,210.0,140.0,1.1355745465998686
100.0,210.0,150.0,1.0076272713515746
100.0,210.0,160.0,1.0360680039100756
100.0,210.0,170.0,0.933006776299623
100.0,210.0,180.0,0.7712554700726391
100.0,210.0,190.0,0.6823961026822716
100.0,210.0,200.0,0.34278416162634306
100.0,210.0,210.0,0.2762235399125316
100.0,210.0,220.0,0.17871513247264345
100.0,210.0,230.0,0.17290772072374522
100.0,210.0,240.0,0.059364139365089344
100.0,210.0,250.0,0.0
100.0,210.0,260.0,0.04361981971536283
100.0,210.0,270.0,0.03004029684656319
100.0,210.0,280.0,0.0
100.0,210.0,290.0,0.0
100.0,220.0,0.0,0.05800733941288241
100.0,220.0,10.0,0.0
100.0,220.0,20.0,0.02545813074161491
100.0,220.0,30.0,0.0
100.0,220.0,40.0,0.048906610012431996
100.0,220.0,50.0,0.12045057941985729
100.0,220.0,60.0,0.128459576242267
100.0,220.0,70.0,0.16432805912983908
100.0,220.0,80.0,0.2540707157246278
100.0,220.0,90.0,0.3537309787773087
100.0,220.0,100.0,0.56764261580767
100.0,220.0,110.0,0.6477602726221854
100.0,220.0,120.0,0.747856863105912
100.0,220.0,130.0,0.9005755521314296
100.0,220.0,140.0,0.9668654938177225
100.0,220.0,150.0,0.9615955532489449
100.0,220.0,160.0,0.8999567584273562
100.0,220.0,170.0,0.7838424968334724
100.0,220.0,180.0,0.6116235521445215
100.0,220.0,190.0,0.5650555204965539
100.0,220.0,200.0,0.3336763558800143
100.0,220.0,210.0,0.32197332282079383
100.0,220.0,220.0,0.15612940800974273
100.0,220.0,230.0,0.1568924603051703
100.0,220.0,240.0,0.001517745470935812
100.0,220.0,250.0,0.0724590104774808
100.0,220.0,260.0,0.04746432318949413
100.0,220.0,270.0,0.04213150475213787
100.0,220.0,280.0,0.027519878859681268
100.0,220.0,290.0,0.0
100.0,230.0,0.0,0.0
100.0,230.0,10.0,0.0
100.0,230.0,20.0,0.0
100.0,230.0,30.0,0.016966801622296676
100.0,230.0,40.0,0.030343641329883368
100.0,230.0,50.0,0.02096901778680492
100.0,230.0,60.0,0.1168674931260051
100.0,230.0,70.0,0.1520886059072103
100.0,230.0,80.0,0.2523748015542494
100.0,230.0,90.0,0.3279973421020946
100.0,230.0,100.0,0.38661044726121935
100.0,230.0,110.0,0.5760166750229634
100.0,230.0,120.0,0.7163702142644925
100.0,230.0,130.0,0.8088279386567424
100.0,230.0,140.0,0.858625243939209
100.0,230.0,150.0,0.8925150992127638
100.0,230.0,160.0,0.7632857886259022
100.0,230.0,170.0,0.7495463186078128
100.0,230.0,180.0,0.5569482053622024
100.0,230.0,190.0,0.469544646422705
100.0,230.0,200.0,0.28698960941861074
100.0,230.0,210.0,0.17787545296694107
100.0,230.0,220.0,0.05033937831715504
100.0,230.0,230.0,0.0
100.0,230.0,240.0,0.11890476859207166
100.0,230.0,250.0,0.01721271860096079
100.0,230.0,260.0,0.1023121965777299
100.0,230.0,270.0,0.005635205782165151
100.0,230.0,280.0,0.0
100.0,230.0,290.0,0.020809479302775793
100.0,240.0,0.0,0.0
100.0,240.0,10.0,0.06587295058189786
100.0,240.0,20.0,0.03687008941102731
100.0,240.0,30.0,0.11724800332944971
100.0,240.0,40.0,0.0
100.0,240.0,50.0,0.04545326455382503
100.0,240.0,60.0,0.032856253089121205
100.0,240.0,70.0,0.1407083476699769
100.0,240.0,80.0,0.2835249119542503
100.0,240.0,90.0,0.3681256476255813
100.0,240.0,100.0,0.3847019564669318
100.0,240.0,110.0,0.4810908743018826
100.0,240.0,120.0,0.6626366551453458
100.0,240.0,130.0,0.7908611629284094
100.0,240.0,140.0,0.7276429112162376
100.0,240.0,150.0,0.7927578763981061
100.0,240.0,160.0,0.7298896495834898
100.0,240.0,170.0,0.6866462935581549
100.0,240.0,180.0,0.4401656159100081
100.0,240.0,190.0,0.3609034845001257
100.0,240.0,200.0,0.3014931736488313
100.0,240.0,210.0,0.09679426821907211
100.0,240.0,220.0,0.11497521892515306
100.0,240.0,230.0,0.06510421368423398
100.0,240.0,240.0,0.059853508333082894
100.0,240.0,250.0,0.07081440145216078
100.0,240.0,260.0,0.01832210144892288
100.0,240.0,270.0,0.09862110104434396
100.0,240.0,280.0,0.0
100.0,240.0,290.0,0.0
100.0,250.0,0.0,0.0
100.0,250.0,10.0,0.01699126384103633
100.0,250.0,20.0,0.07292897585879674
100.0,250.0,30.0,0.0
100.0,250.0,40.0,0.08125635250533729
100.0,250.0,50.0,0.08475908242595225
100.0,250.0,60.0,0.0
100.0,250.0,70.0,0.18251658777602162
100.0,250.0,80.0,0.17641832721614017
100.0,250.0,90.0,0.2478229687856374
100.0,250.0,100.0,0.32263268790696664
100.0,250.0,110.0,0.4016450078088925
100.0,250.0,120.0,0.6808467791310475
100.0,250.0,130.0,0.5431784560940092
100.0,250.0,140.0,0.5875671477518675
100.0,250.0,150.0,0.6765909369296212
100.0,250.0,160.0,0.5693806733209678
100.0,250.0,170.0,0.5071210127367846
100.0,250.0,180.0,0.45533760528521844
100.0,250.0,190.0,0.38721392293457785
100.0,250.0,200.0,0.2665819625923124
100.0,250.0,210.0,0.16699781369230843
100.0,250.0,220.0,0.0475935411806559
100.0,250.0,230.0,0.06648797940260975
100.0,250.0,240.0,0.0
100.0,250.0,250.0,0.0
100.0,250.0,260.0,0.0
100.0,250.0,270.0,0.0
100.0,250.0,280.0,0.007008645602940301
100.0,250.0,290.0,0.0
100.0,260.0,0.0,0.0
100.0,260.0,10.0,0.0
100.0,260.0,20.0,0.0
100.0,260.0,30.0,0.008941457999548444
100.0,260.0,40.0,0.0
100.0,260.0,50.0,0.013292457284570802
100.0,260.0,60.0,0.14225994778961132
100.0,260.0,70.0,0.03192755003467763
100.0,260.0,80.0,0.15304136351682043
100.0,260.0,90.0,0.20634412165671295
100.0,260.0,100.0,0.2949748853943693
100.0,260.0,110.0,0.37837753596190077
100.0,260.0,120.0,0.4369280703594802
100.0,260.0,130.0,0.47469759031133096
100.0,260.0,140.0,0.48980105211584957
100.0,260.0,150.0,0.4942795326789018
100.0,260.0,160.0,0.5600503724218043
100.0,260.0,170.0,0.5270088323690579
100.0,260.0,180.0,0.3234802857092611
100.0,260.0,190.0,0.25787191779950075
100.0,260.0,200.0,0.20761643496770404
100.0,260.0,210.0,0.16669875831092834
100.0,260.0,220.0,0.11820345599545178
100.0,260.0,230.0,0.06073987092140849
100.0,260.0,240.0,0.05426030948123353
100.0,260.0,250.0,0.012952121144662366
100.0,260.0,260.0,0.0
100.0,260.0,270.0,0.07091594804683231
100.0,260.0,280.0,0.0
100.0,260.0,290.0,0.0
100.0,270.0,0.0,0.0
100.0,270.0,10.0,0.0
100.0,270.0,20.0,0.0
100.0,270.0,30.0,0.0442222185794668
100.0,270.0,40.0,0.01285470411570972
100.0,270.0,50.0,0.0
100.0,270.0,60.0,0.08787915011208608
100.0,270.0,70.0,0.08666733766755742
100.0,270.0,80.0,0.1090238222532763
100.0,270.0,90.0,0.158128558986974
100.0,270.0,100.0,0.22093270346823404
100.0,270.0,110.0,0.29555729509347456
100.0,270.0,120.0,0.33032959573938114
100.0,270.0,130.0,0.33168247206010804
100.0,270.0,140.0,0.3857580233032784
100.0,270.0,150.0,0.43732236056181545
100.0,270.0,160.0,0.4183632489580262
100.0,270.0,170.0,0.2886157303899429
100.0,270.0,180.0,0.30599497105095425
100.0,270.0,190.0,0.27112085841318045
100.0,270.0,200.0,0.21975011523261107
100.0,270.0,210.0,0.14420305268620676
100.0,270.0,220.0,0.08554498910909127
100.0,270.0,230.0,0.09904615871277847
100.0,270.0,240.0,0.02482878528972811
100.0,270.0,250.0,0.0
100.0,270.0,260.0,0.006384647351343564
100.0,270.0,270.0,0.0
100.0,270.0,280.0,0.0
100.0,270.0,290.0,0.0
100.0,280.0,0.0,0.007307490780819273
100.0,280.0,10.0,0.07889248940424193
100.0,280.0,20.0,0.032470099525198255
100.0,280.0,30.0,0.0
100.0,280.0,40.0,0.0
100.0,280.0,50.0,0.0821694255467921
100.0,280.0,60.0,0.0
100.0,280.0,70.0,0.09752045803691836
100.0,280.0,80.0,0.11720351178906983
100.0,280.0,90.0,0.09356112812708563
100.0,280.0,100.0,0.11976275089758405
100.0,280.0,110.0,0.2063107855815952
100.0,280.0,120.0,0.2969343237532793
100.0,280.0,130.0,0.31866400505930287
100.0,280.0,140.0,0.336773821553036
100.0,280.0,150.0,0.2912721519901764
100.0,280.0,160.0,0.28625812775867476
100.0,280.0,170.0,0.366274262353079
100.0,280.0,180.0,0.2706456245588871
100.0,280.0,190.0,0.181246293727935
100.0,280.0,200.0,0.20849186519843954
100.0,280.0,210.0,0.07150664761735494
100.0,280.0,220.0,0.04739533214741373
100.0,280.0,230.0,0.017101002914081388
100.0,280.0,240.0,0.018109288591270613
100.0,280.0,250.0,0.061445563634472976
100.0,280.0,260.0,0.0
100.0,280.0,270.0,0.0
100.0,280.0,280.0,0.0
100.0,280.0,290.0,0.0
100.0,290.0,0.0,0.0390507723016602
100.0,290.0,10.0,0.0
100.0,290.0,20.0,0.02414919149132659
100.0,290.0,30.0,0.0
100.0,290.0,40.0,0.0
100.0,290.0,50.0,0.0
100.0,290.0,60.0,0.0
100.0,290.0,70.0,0.05171650856583864
100.0,290.0,80.0,0.08195323926732177
100.0,290.0,90.0,0.13297375024467967
100.0,290.0,100.0,0.201717383977508
100.0,290.0,110.0,0.1642520482809976
100.0,290.0,120.0,0.2036743706422483
100.0,290.0,130.0,0.3333956167390656
100.0,290.0,140.0,0.24523211163512842
100.0,290.0,150.0,0.3146472585336659
100.0,290.0,160.0,0.2285638279050369
100.0,290.0,170.0,0.21745179274303683
100.0,290.0,180.0,0.21463897678642005
100.0,290.0,190.0,0.14364615191198296
100.0,290.0,200.0,0.07742288004026568
100.0,290.0,210.0,0.1381439328939914
100.0,290.0,220.0,0.16997356036591119
100.0,290.0,230.0,0.07174930014983595
100.0,290.0,240.0,0.095943158420734
100.0,290.0,250.0,0.010051137910578998
100.0,290.0,260.0,0.060901568800848974
100.0,290.0,270.0,0.0
100.0,290.0,280.0,0.014463369799919953
100.0,290.0,290.0,0.005997011422988844
110.0,0.0,0.0,0.02680238699438948
110.0,0.0,10.0,0.042921936597663315
110.0,0.0,20.0,0.0
110.0,0.0,30.0,0.0
110.0,0.0,40.0,0.012298642433729095
110.0,0.0,50.0,0.032254865352959725
110.0,0.0,60.0,0.050032284934776704
110.0,0.0,70.0,0.026985078146801737
110.0,0.0,80.0,0.09653639509960803
110.0,0.0,90.0,0.09125350210252081
110.0,0.0,100.0,0.15506781110108014
110.0,0.0,110.0,0.19378905761814
110.0,0.0,120.0,0.22132459991207024
110.0,0.0,130.0,0.2646223800793891
110.0,0.0,140.0,0.2888554443019402
110.0,0.0,150.0,0.274564361871443
110.0,0.0,160.0,0.2504719992454483
110.0,0.0,170.0,0.24883866612512998
110.0,0.0,180.0,0.22353759118153
110.0,0.0,190.0,0.24241848407632677
110.0,0.0,200.0,0.021269894961536168
110.0,0.0,210.0,0.14098558775690578
110.0,0.0,220.0,0.01898801025962297
110.0,0.0,230.0,0.06264757397132494
110.0,0.0,240.0,0.07674301131222483
110.0,0.0,250.0,0.06589109602437795
110.0,0.0,260.0,0.023864341126129035
110.0,0.0,270.0,0.08534295883885543
110.0,0.0,280.0,0.0
110.0,0.0,290.0,0.03559747091829694
110.0,10.0,0.0,0.0
110.0,10.0,10.0,0.0
110.0,10.0,20.0,0.0
110.0,10.0,30.0,0.014516089814536675
110.0,10.0,40.0,0.15508163502759448
110.0,10.0,50.0,0.03936430741951945
110.0,10.0,60.0,0.11138302256717254
110.0,10.0,70.0,0.009704435556890448
110.0,10.0,80.0,0.09033722699630077
110.0,10.0,90.0,0.16102141098151937
110.0,10.0,100.0,0.2256352165752098
110.0,10.0,110.0,0.32237793737562953
110.0,10.0,120.0,0.35088101975396474
110.0,10.0,130.0,0.4071693656764907
110.0,10.0,140.0,0.3924888380058446
110.0,10.0,150.0,0.4206868032768794
110.0,10.0,160.0,0.31405097379378455
110.0,10.0,170.0,0.31531362716336137
110.0,10.0,180.0,0.323055960969707
110.0,10.0,190.0,0.32010435797271997
110.0,10.0,200.0,0.06800860840826978
110.0,10.0,210.0,0.12383972090127611
110.0,10.0,220.0,0.045507803741757946
110.0,10.0,230.0,0.0012364283529177206
110.0,10.0,240.0,0.04441646453738242
110.0,10.0,250.0,0.08116843959207952
110.0,10.0,260.0,0.0
110.0,10.0,270.0,0.07087918505655116
110.0,10.0,280.0,0.002803073712989371
110.0,10.0,290.0,0.0
110.0,20.0,0.0,0.012777009207608844
110.0,20.0,10.0,0.0
110.0,20.0,20.0,0.0
110.0,20.0,30.0,0.0
110.0,20.0,40.0,0.0
110.0,20.0,50.0,0.022927372311632065
110.0,20.0,60.0,0.02853300824665364
110.0,20.0,70.0,0.08214412157102283
110.0,20.0,80.0,0.17385731867754428
110.0,20.0,90.0,0.047107082742636336
110.0,20.0,100.0,0.24766124722524074
110.0,20.0,110.0,0.31018100097420565
110.0,20.0,120.0,0.300569589898261
110.0,20.0,130.0,0.4696314886971621
110.0,20.0,140.0,0.4734957338026426
110.0,20.0,150.0,0.45192804908831846
110.0,20.0,160.0,0.3728506772325555
110.0,20.0,170.0,0.5072144196205506
110.0,20.0,180.0,0.4127092437483773
110.0,20.0,190.0,0.24619321598404056
110.0,20.0,200.0,0.20016370437072398
110.0,20.0,210.0,0.06967285145601522
110.0,20.0,220.0,0.10156980826811525
110.0,20.0,230.0,0.057143893560846946
110.0,20.0,240.0,0.0
110.0,20.0,250.0,0.0
110.0,20.0,260.0,0.002265971630817292
110.0,20.0,270.0,0.03322946115370071
110.0,20.0,280.0,0.040549048923627
110.0,20.0,290.0,0.03931080509568952
110.0,30.0,0.0,0.027823328661674016
110.0,30.0,10.0,0.0
110.0,30.0,20.0,0.0
110.0,30.0,30.0,0.0
110.0,30.0,40.0,0.0859220934652958
110.0,30.0,50.0,0.060319535192398646
110.0,30.0,60.0,0.11899369933003828
110.0,30.0,70.0,0.12145285136161221
110.0,30.0,80.0,0.1515316279608629
110.0,30.0,90.0,0.2600906585064546
110.0,30.0,100.0,0.27515796677388693
110.0,30.0,110.0,0.35337360862981537
110.0,30.0,120.0,0.4657428090323039
110.0,30.0,130.0,0.557757448633091
110.0,30.0,140.0,0.5952036678110436
110.0,30.0,150.0,0.6108007101356829
110.0,30.0,160.0,0.5166820377220595
110.0,30.0,170.0,0.5679634418077995
110.0,30.0,180.0,0.5187198692945095
110.0,30.0,190.0,0.27264863049985577
110.0,30.0,200.0,0.2687104847363821
110.0,30.0,210.0,0.11755835735069038
110.0,30.0,220.0,0.10470038907877888
110.0,30.0,230.0,0.047951241806591036
110.0,30.0,240.0,0.047461707849162045
110.0,30.0,250.0,0.05407647296818027
110.0,30.0,260.0,0.01828001886106679
110.0,30.0,270.0,0.0404692509147906
110.0,30.0,280.0,0.008103952533740442
110.0,30.0,290.0,0.06567583904744287
110.0,40.0,0.0,0.0
110.0,40.0,10.0,0.0
110.0,40.0,20.0,0.008042235519316283
110.0,40.0,30.0,0.052634429285989236
110.0,40.0,40.0,0.008027560189367063
110.0,40.0,50.0,0.07410235985321237
110.0,40.0,60.0,0.0663030352674904
110.0,40.0,70.0,0.13141253292365404
110.0,40.0,80.0,0.12919944698889504
110.0,40.0,90.0,0.2735423405467394
110.0,40.0,100.0,0.33460101897699884
110.0,40.0,110.0,0.46257800084816825
110.0,40.0,120.0,0.6001723751555902
110.0,40.0,130.0,0.6371721838616038
110.0,40.0,140.0,0.6703866126698811
110.0,40.0,150.0,0.7309056217923827
110.0,40.0,160.0,0.7017708663122427
110.0,40.0,170.0,0.6248686439379267
110.0,40.0,180.0,0.4805252303795561
110.0,40.0,190.0,0.4425209431432675
110.0,40.0,200.0,0.3266132840590699
110.0,40.0,210.0,0.2186695683673539
110.0,40.0,220.0,0.07239241093944286
110.0,40.0,230.0,0.08404128412408583
110.0,40.0,240.0,0.11967291482005553
110.0,40.0,250.0,0.056123024983973036
110.0,40.0,260.0,0.0
110.0,40.0,270.0,0.0
110.0,40.0,280.0,0.0
110.0,40.0,290.0,0.01778421934119039
110.0,50.0,0.0,0.0
110.0,50.0,10.0,0.014236238127764545
110.0,50.0,20.0,0.09247849311866282
110.0,50.0,30.0,0.020144126495048167
110.0,50.0,40.0,0.0
110.0,50.0,50.0,0.03896339081910351
110.0,50.0,60.0,0.07650561694285866
110.0,50.0,70.0,0.08410937090710459
110.0,50.0,80.0,0.36946219867449653
110.0,50.0,90.0,0.37684962906053326
110.0,50.0,100.0,0.4497920860396059
110.0,50.0,110.0,0.6217212658689405
110.0,50.0,120.0,0.5624299162818914
110.0,50.0,130.0,0.6576659510294157
110.0,50.0,140.0,0.8364836926898527
110.0,50.0,150.0,0.7908852178995316
110.0,50.0,160.0,0.6562100463084886
110.0,50.0,170.0,0.7596195654022309
110.0,50.0,180.0,0.5600780784580475
110.0,50.0,190.0,0.49320106643651557
110.0,50.0,200.0,0.281326759880158
110.0,50.0,210.0,0.321595370635495
110.0,50.0,220.0,0.1675083275166697
110.0,50.0,230.0,0.10983709798353727
110.0,50.0,240.0,0.0649800782161715
110.0,50.0,250.0,0.015918240976181497
110.0,50.0,260.0,0.0
110.0,50.0,270.0,0.04986132721174219
110.0,50.0,280.0,0.0
110.0,50.0,290.0,0.0
110.0,60.0,0.0,0.0
110.0,60.0,10.0,0.0
110.0,60.0,20.0,0.05302603300697508
110.0,60.0,30.0,0.0
110.0,60.0,40.0,0.09924176279176143
110.0,60.0,50.0,0.015172821382092874
110.0,60.0,60.0,0.18883462578387816
110.0,60.0,70.0,0.218104492008595
110.0,60.0,80.0,0.3241676452840574
110.0,60.0,90.0,0.38642979405255634
110.0,60.0,100.0,0.41743428199118754
110.0,60.0,110.0,0.6124374401025142
110.0,60.0,120.0,0.9175348580463776
110.0,60.0,130.0,0.8771502484027817
110.0,60.0,140.0,0.9443822494104215
110.0,60.0,150.0,0.997345079791713
110.0,60.0,160.0,0.8655392100173508
110.0,60.0,170.0,0.8439027358283179
110.0,60.0,180.0,0.5868222678002123
110.0,60.0,190.0,0.5106094047826273
110.0,60.0,200.0,0.4205601537387858
110.0,60.0,210.0,0.3102487457403936
110.0,60.0,220.0,0.13796408456637183
110.0,60.0,230.0,0.039733183761783045
110.0,60.0,240.0,0.0019523306206909036
110.0,60.0,250.0,0.010317872295842311
110.0,60.0,260.0,0.07911374532226088
110.0,60.0,270.0,0.047289821687690636
110.0,60.0,280.0,0.0
110.0,60.0,290.0,0.05124572958502538
110.0,70.0,0.0,0.0
110.0,70.0,10.0,0.0
110.0,70.0,20.0,0.049157674258986976
110.0,70.0,30.0,0.0
110.0,70.0,40.0,0.0
110.0,70.0,50.0,0.11262999865659229
110.0,70.0,60.0,0.11923790943633739
110.0,70.0,70.0,0.14875442482594922
110.0,70.0,80.0,0.28510494190952995
110.0,70.0,90.0,0.4187364749183177
110.0,70.0,100.0,0.5741130350264951
110.0,70.0,110.0,0.704513277467159
110.0,70.0,120.0,0.8636279384969557
110.0,70.0,130.0,1.0349497507300058
110.0,70.0,140.0,1.043545369117991
110.0,70.0,150.0,1.0322722688785035
110.0,70.0,160.0,1.0389908367090661
110.0,70.0,170.0,0.8656789835749122
110.0,70.0,180.0,0.7488335896042715
110.0,70.0,190.0,0.6367295000692171
110.0,70.0,200.0,0.5203286089486536
110.0,70.0,210.0,0.3079810577603021
110.0,70.0,220.0,0.06895553958933405
110.0,70.0,230.0,0.019741823557293883
110.0,70.0,240.0,0.09562420514253911
110.0,70.0,250.0,0.01593874436724267
110.0,70.0,260.0,0.0
110.0,70.0,270.0,0.0
110.0,70.0,280.0,0.0
110.0,70.0,290.0,0.01780975777993585
110.0,80.0,0.0,0.01183862929685978
110.0,80.0,10.0,0.07473297037699372
110.0,80.0,20.0,0.0
110.0,80.0,30.0,0.06285080635174188
110.0,80.0,40.0,0.0
110.0,80.0,50.0,0.12180579822205898
110.0,80.0,60.0,0.19528002215405857
110.0,80.0,70.0,0.20853533214049552
110.0,80.0,80.0,0.3221133740308752
110.0,80.0,90.0,0.4916362141221063
110.0,80.0,100.0,0.6698193045929254
110.0,80.0,110.0,0.7664502977057674
110.0,80.0,120.0,0.9319584152495373
110.0,80.0,130.0,1.1818513581840033
110.0,80.0,140.0,1.1326413001950328
110.0,80.0,150.0,1.2169259304119455
110.0,80.0,160.0,1.119848799165922
110.0,80.0,170.0,0.9908327841186924
110.0,80.0,180.0,0.7972533503289818
110.0,80.0,190.0,0.6521475436819365
110.0,80.0,200.0,0.4618699658297674
110.0,80.0,210.0,0.35528787447049204
110.0,80.0,220.0,0.15767328602521133
110.0,80.0,230.0,0.14580341559916896
110.0,80.0,240.0,0.051085659611048544
110.0,80.0,250.0,0.06678896118002262
110.0,80.0,260.0,0.07440426792005883
110.0,80.0,270.0,0.0
110.0,80.0,280.0,0.0
110.0,80.0,290.0,0.0
110.0,90.0,0.0,0.023098514971723834
110.0,90.0,10.0,0.0
110.0,90.0,20.0,0.04659194899899405
110.0,90.0,30.0,0.06535561862251683
110.0,90.0,40.0,0.08059296076094587
110.0,90.0,50.0,0.035355468052734554
110.0,90.0,60.0,0.1649963244705902
110.0,90.0,70.0,0.19763696137834103
110.0,90.0,80.0,0.43098709616654557
110.0,90.0,90.0,0.4516052218667014
110.0,90.0,100.0,0.7113765405991586
110.0,90.0,110.0,0.8847189329174935
110.0,90.0,120.0,1.1148346999795573
110.0,90.0,130.0,1.2495523372003812
110.0,90.0,140.0,1.4089900149347325
110.0,90.0,150.0,1.286123243521597
110.0,90.0,160.0,1.195281558121346
110.0,90.0,170.0,1.0076309354670947
110.0,90.0,180.0,0.941636857721067
110.0,90.0,190.0,0.6700047022903783
110.0,90.0,200.0,0.5166350497443485
110.0,90.0,210.0,0.3626082403471745
110.0,90.0,220.0,0.31057384039624375
110.0,90.0,230.0,0.18073037232056902
110.0,90.0,240.0,0.07213646876131675
110.0,90.0,250.0,0.11004792720848386
110.0,90.0,260.0,0.009959695370286872
110.0,90.0,270.0,0.0
110.0,90.0,280.0,0.06102639632223651
110.0,90.0,290.0,0.10229587927721946
110.0,100.0,0.0,0.0
110.0,100.0,10.0,0.0
110.0,100.0,20.0,0.0
110.0,100.0,30.0,0.004860211866429702
110.0,100.0,40.0,0.08900790483376833
110.0,100.0,50.0,0.06993818594835205
110.0,100.0,60.0,0.24084055713867486
110.0,100.0,70.0,0.31634535873693015
110.0,100.0,80.0,0.42771374336346496
110.0,100.0,90.0,0.5550608499951976
110.0,100.0,100.0,0.6646648252566614
110.0,100.0,110.0,0.9856603863930835
110.0,100.0,120.0,1.188480574916671
110.0,100.0,130.0,1.3248159193320548
110.0,100.0,140.0,1.3737240758113831
110.0,100.0,150.0,1.4362086462758241
110.0,100.0,160.0,1.383345596289871
110.0,100.0,170.0,1.1822241191052514
110.0,100.0,180.0,1.0770564697424931
110.0,100.0,190.0,0.7322111515877464
110.0,100.0,200.0,0.5131230562336914
110.0,100.0,210.0,0.41289024854607165
110.0,100.0,220.0,0.24567095905546923
110.0,100.0,230.0,0.11927931003509684
110.0,100.0,240.0,0.14474419938537078
110.0,100.0,250.0,0.10570353847143835
110.0,100.0,260.0,0.0
110.0,100.0,270.0,9.625935999745677e-05
110.0,100.0,280.0,0.0
110.0,100.0,290.0,0.012057787174630625
110.0,110.0,0.0,0.0
110.0,110.0,10.0,0.04022610049300357
110.0,110.0,20.0,0.1300551408155022
110.0,110.0,30.0,0.0
110.0,110.0,40.0,0.11849257577553651
110.0,110.0,50.0,0.009353280766997693
110.0,110.0,60.0,0.1879322619133219
110.0,110.0,70.0,0.3482872433204358
110.0,110.0,80.0,0.47318353863560864
110.0,110.0,90.0,0.6270744584573643
110.0,110.0,100.0,0.7918094934987325
110.0,110.0,110.0,1.092901907912573
110.0,110.0,120.0,1.2429961686499698
110.0,110.0,130.0,1.4322527919938595
110.0,110.0,140.0,1.4313109230477976
110.0,110.0,150.0,1.4828239199553066
110.0,110.0,160.0,1.4006387679307901
110.0,110.0,170.0,1.1810645243503968
110.0,110.0,180.0,1.0673109586930083
110.0,110.0,190.0,0.8803650515119584
110.0,110.0,200.0,0.5639072616121624
110.0,110.0,210.0,0.473709262155861
110.0,110.0,220.0,0.2780543780215018
110.0,110.0,230.0,0.10178381733271687
110.0,110.0,240.0,0.04753375544693382
110.0,110.0,250.0,0.11018079782852194
110.0,110.0,260.0,0.0
110.0,110.0,270.0,0.0
110.0,110.0,280.0,0.0
110.0,110.0,290.0,0.010971476759033476
110.0,120.0,0.0,0.00291278147377677
110.0,120.0,10.0,0.003574744949374046
110.0,120.0,20.0,0.03849153975741674
110.0,120.0,30.0,0.0
110.0,120.0,40.0,0.02074441054357013
110.0,120.0,50.0,0.043450092554792166
110.0,120.0,60.0,0.11213704607079664
110.0,120.0,70.0,0.21634163685848853
110.0,120.0,80.0,0.4238999871512469
110.0,120.0,90.0,0.6268291260971374
110.0,120.0,100.0,0.9195636832950627
110.0,120.0,110.0,1.1426248127683973
110.0,120.0,120.0,1.4035390825804366
110.0,120.0,130.0,1.5191071463265269
110.0,120.0,140.0,1.5346440142280802
110.0,120.0,150.0,1.686374380950425
110.0,120.0,160.0,1.443862921481656
110.0,120.0,170.0,1.2467329406398375
110.0,120.0,180.0,1.118646793946101
110.0,120.0,190.0,0.8057583595016502
110.0,120.0,200.0,0.5882531399389558
110.0,120.0,210.0,0.5160349791507604
110.0,120.0,220.0,0.25540444676912727
110.0,120.0,230.0,0.09385504296282156
110.0,120.0,240.0,0.14125397162591535
110.0,120.0,250.0,0.08043519684538496
110.0,120.0,260.0,0.08259747263231926
110.0,120.0,270.0,0.0
110.0,120.0,280.0,0.05413969479381346
110.0,120.0,290.0,0.0024740912106645044
110.0,130.0,0.0,0.009753655079244227
110.0,130.0,10.0,0.0
110.0,130.0,20.0,0.0
110.0,130.0,30.0,0.07033978573851911
110.0,130.0,40.0,0.08965895181559803
110.0,130.0,50.0,0.036395329605389666
110.0,130.0,60.0,0.23225327276652596
110.0,130.0,70.0,0.25114331951485186
110.0,130.0,80.0,0.48803148933250107
110.0,130.0,90.0,0.6379337971748066
110.0,130.0,100.0,0.8221857767692765
110.0,130.0,110.0,1.1675333778289287
110.0,130.0,120.0,1.3960328446490582
110.0,130.0,130.0,1.5064086368853187
110.0,130.0,140.0,1.6356270126753094
110.0,130.0,150.0,1.6405108469224223
110.0,130.0,160.0,1.634547264963196
110.0,130.0,170.0,1.30258962272814
110.0,130.0,180.0,1.1569191501013798
110.0,130.0,190.0,0.7953380997381625
110.0,130.0,200.0,0.7344404236269532
110.0,130.0,210.0,0.465595480188846
110.0,130.0,220.0,0.27932278525365273
110.0,130.0,230.0,0.18429682905629396
110.0,130.0,240.0,0.17318553585929414
110.0,130.0,250.0,0.05424475947383487
110.0,130.0,260.0,0.0826388259402649
110.0,130.0,270.0,0.0
110.0,130.0,280.0,0.0
110.0,130.0,290.0,0.0399292232404899
110.0,140.0,0.0,0.0
110.0,140.0,10.0,0.04343376582267186
110.0,140.0,20.0,0.03534334191182719
110.0,140.0,30.0,0.048597786868625356
110.0,140.0,40.0,0.04305607781831728
110.0,140.0,50.0,0.09179360205107544
110.0,140.0,60.0,0.16472497773925082
110.0,140.0,70.0,0.2734137460851792
110.0,140.0,80.0,0.46343507015487173
110.0,140.0,90.0,0.6718716246074813
110.0,140.0,100.0,0.9324825666581271
110.0,140.0,110.0,1.1887446628374132
110.0,140.0,120.0,1.374939425121586
110.0,140.0,130.0,1.5745552732485142
110.0,140.0,140.0,1.6548679168201157
110.0,140.0,150.0,1.6180304084999926
110.0,140.0,160.0,1.571626009335066
110.0,140.0,170.0,1.3246380455687696
110.0,140.0,180.0,1.0968029361554568
110.0,140.0,190.0,0.8651104917821237
110.0,140.0,200.0,0.7502444082183246
110.0,140.0,210.0,0.334534001987141
110.0,140.0,220.0,0.27683400239934236
110.0,140.0,230.0,0.08530184347649247
110.0,140.0,240.0,0.15874784616813434
110.0,140.0,250.0,0.05617291817024721
110.0,140.0,260.0,0.0
110.0,140.0,270.0,0.002615521010492082
110.0,140.0,280.0,0.0
110.0,140.0,290.0,0.0
110.0,150.0,0.0,0.0
110.0,150.0,10.0,0.0
110.0,150.0,20.0,0.0
110.0,150.0,30.0,0.0
110.0,150.0,40.0,0.05619122216685699
110.0,150.0,50.0,0.06051994360232533
110.0,150.0,60.0,0.213632571856642
110.0,150.0,70.0,0.32448608599261497
110.0,150.0,80.0,0.4341417055822662
110.0,150.0,90.0,0.6792374693500788
110.0,150.0,100.0,0.8977578045010044
110.0,150.0,110.0,1.1431914804091057
110.0,150.0,120.0,1.3119181603522454
110.0,150.0,130.0,1.590958020795439
110.0,150.0,140.0,1.6275822433396492
110.0,150.0,150.0,1.7405507784718302
110.0,150.0,160.0,1.4895714941688196
110.0,150.0,170.0,1.4135038183057511
110.0,150.0,180.0,1.1298385032254201
110.0,150.0,190.0,0.9185284757047618
110.0,150.0,200.0,0.6293479699357064
110.0,150.0,210.0,0.44222810110237276
110.0,150.0,220.0,0.3525056466746178
110.0,150.0,230.0,0.09630544772435969
110.0,150.0,240.0,0.12526901942563215
110.0,150.0,250.0,0.028802909189471343
110.0,150.0,260.0,0.0449103249443505
110.0,150.0,270.0,0.04108203109822094
110.0,150.0,280.0,0.0868061765527736
110.0,150.0,290.0,0.04157733928737245
110.0,160.0,0.0,0.0
110.0,160.0,10.0,0.0
110.0,160.0,20.0,0.05659628759405582
110.0,160.0,30.0,0.09081625038158213
110.0,160.0,40.0,0.042736992001984185
110.0,160.0,50.0,0.12700653120568
110.0,160.0,60.0,0.08750992780565145
110.0,160.0,70.0,0.24570447346537563
110.0,160.0,80.0,0.5856470763679499
110.0,160.0,90.0,0.6820609371951729
110.0,160.0,100.0,0.8768703385549182
110.0,160.0,110.0,1.1600496217222713
110.0,160.0,120.0,1.328649401990952
110.0,160.0,130.0,1.4946359963060663
110.0,160.0,140.0,1.6669088796961766
110.0,160.0,150.0,1.719539051679549
110.0,160.0,160.0,1.5352285948072808
110.0,160.0,170.0,1.3913721477875274
110.0,160.0,180.0,1.1442221164622506
110.0,160.0,190.0,0.9413958379898816
110.0,160.0,200.0,0.6221079006193372
110.0,160.0,210.0,0.45598698579217356
110.0,160.0,220.0,0.26003106482360033
110.0,160.0,230.0,0.2545062825982127
110.0,160.0,240.0,0.18065374950848267
110.0,160.0,250.0,0.0
110.0,160.0,260.0,0.16030667800116163
110.0,160.0,270.0,0.028252266576445285
110.0,160.0,280.0,0.0
110.0,160.0,290.0,0.024890169924022845
110.0,170.0,0.0,0.0
110.0,170.0,10.0,0.07627443244971313
110.0,170.0,20.0,0.0
110.0,170.0,30.0,0.0
110.0,170.0,40.0,0.10942244211361425
110.0,170.0,50.0,0.06490131714213947
110.0,170.0,60.0,0.2004621060361556
110.0,170.0,70.0,0.3466607990133934
110.0,170.0,80.0,0.471179816010326
110.0,170.0,90.0,0.5999412624680716
110.0,170.0,100.0,0.7724144350679308
110.0,170.0,110.0,1.135493246255113
110.0,170.0,120.0,1.3664450579636147
110.0,170.0,130.0,1.4507820840361372
110.0,170.0,140.0,1.621004429816135
110.0,170.0,150.0,1.4544204505137375
110.0,170.0,160.0,1.4034316105373468
110.0,170.0,170.0,1.4175937529526754
110.0,170.0,180.0,1.1843974880787984
110.0,170.0,190.0,0.8125301093744343
110.0,170.0,200.0,0.5308198732378904
110.0,170.0,210.0,0.3370791029759144
110.0,170.0,220.0,0.20077768392292406
110.0,170.0,230.0,0.22616119397366868
110.0,170.0,240.0,0.12668078925006798
110.0,170.0,250.0,0.0
110.0,170.0,260.0,0.0
110.0,170.0,270.0,0.0
110.0,170.0,280.0,0.0
110.0,170.0,290.0,0.004162343844730559
110.0,180.0,0.0,0.0
110.0,180.0,10.0,0.0
110.0,180.0,20.0,0.04074973250058116
110.0,180.0,30.0,0.0
110.0,180.0,40.0,0.08489375452042605
110.0,180.0,50.0,0.06732434893940485
110.0,180.0,60.0,0.137895376381914
110.0,180.0,70.0,0.22260614945323393
110.0,180.0,80.0,0.44583007621888116
110.0,180.0,90.0,0.6290953197319452
110.0,180.0,100.0,0.8016487065166543
110.0,180.0,110.0,1.0563158006843896
110.0,180.0,120.0,1.2882724370580396
110.0,180.0,130.0,1.4831816389300376
110.0,180.0,140.0,1.520318380776026
110.0,180.0,150.0,1.5528974126269055
110.0,180.0,160.0,1.4593054598069013
110.0,180.0,170.0,1.174118002677833
110.0,180.0,180.0,1.0249485970893555
110.0,180.0,190.0,0.8253117750294234
110.0,180.0,200.0,0.5851575632670523
110.0,180.0,210.0,0.3777983703102921
110.0,180.0,220.0,0.2842298778029738
110.0,180.0,230.0,0.2633520160328782
110.0,180.0,240.0,0.07481213840707913
110.0,180.0,250.0,0.007720147946930024
110.0,180.0,260.0,0.0
110.0,180.0,270.0,0.017666330580749793
110.0,180.0,280.0,0.0
110.0,180.0,290.0,0.0
110.0,190.0,0.0,0.0003331510320091393
110.0,190.0,10.0,0.0
110.0,190.0,20.0,0.0
110.0,190.0,30.0,0.0
110.0,190.0,40.0,0.05702584472077679
110.0,190.0,50.0,0.036919451398322124
110.0,190.0,60.0,0.16994739415180066
110.0,190.0,70.0,0.31880010841195006
110.0,190.0,80.0,0.3916962824065955
110.0,190.0,90.0,0.5847656851523131
110.0,190.0,100.0,0.6739766485389727
110.0,190.0,110.0,1.0515935879873508
110.0,190.0,120.0,1.2022263449975916
110.0,190.0,130.0,1.3588667973887825
110.0,190.0,140.0,1.3972202296659015
110.0,190.0,150.0,1.4338793217220647
110.0,190.0,160.0,1.2520919154869188
110.0,190.0,170.0,1.1867704259361915
110.0,190.0,180.0,0.9440439087809603
110.0,190.0,190.0,0.7179192437662206
110.0,190.0,200.0,0.5280627185750212
110.0,190.0,210.0,0.35607250793290807
110.0,190.0,220.0,0.20517428841118285
110.0,190.0,230.0,0.18055026609558034
110.0,190.0,240.0,0.12129554245381162
110.0,190.0,250.0,0.06453832314247776
110.0,190.0,260.0,0.052746907262455595
110.0,190.0,270.0,0.0
110.0,190.0,280.0,0.06685905969636302
110.0,190.0,290.0,0.0
110.0,200.0,0.0,0.004846365766679029
110.0,200.0,10.0,0.027746227050272097
110.0,200.0,20.0,0.011410612058419797
110.0,200.0,30.0,0.019729377999408777
110.0,200.0,40.0,0.031438158522614404
110.0,200.0,50.0,0.0592853571035708
110.0,200.0,60.0,0.1874613968287792
110.0,200.0,70.0,0.23980092500337422
110.0,200.0,80.0,0.3171339078307517
110.0,200.0,90.0,0.42070618907691476
110.0,200.0,100.0,0.6597002973524135
110.0,200.0,110.0,0.8744411527972344
110.0,200.0,120.0,1.2194307272011087
110.0,200.0,130.0,1.1767851501638036
110.0,200.0,140.0,1.3189993561149176
110.0,200.0,150.0,1.3106384669700333
110.0,200.0,160.0,1.1663098542894064
110.0,200.0,170.0,0.9408836056739529
110.0,200.0,180.0,0.9689740724119176
110.0,200.0,190.0,0.6889555799910616
110.0,200.0,200.0,0.48676087869157414
110.0,200.0,210.0,0.3698479419822068
110.0,200.0,220.0,0.2704984244552997
110.0,200.0,230.0,0.12399289867942657
110.0,200.0,240.0,0.018477644289303242
110.0,200.0,250.0,0.04176176104707673
110.0,200.0,260.0,0.011654410564913835
110.0,200.0,270.0,0.02152049923564449
110.0,200.0,280.0,0.009585898370977093
110.0,200.0,290.0,0.0
110.0,210.0,0.0,0.0
110.0,210.0,10.0,0.0
110.0,210.0,20.0,0.0
110.0,210.0,30.0,0.0741059186156272
110.0,210.0,40.0,0.0
110.0,210.0,50.0,0.05703143231144062
110.0,210.0,60.0,0.14906077215744537
110.0,210.0,70.0,0.22824812598175814
110.0,210.0,80.0,0.32537926386194954
110.0,210.0,90.0,0.44158999258299836
110.0,210.0,100.0,0.6780631326789515
110.0,210.0,110.0,0.8019050724539134
110.0,210.0,120.0,0.9400378489952465
110.0,210.0,130.0,1.120944444507657
110.0,210.0,140.0,1.2271017975473801
110.0,210.0,150.0,1.1778710625402107
110.0,210.0,160.0,1.154994879324024
110.0,210.0,170.0,0.9949446274280905
110.0,210.0,180.0,0.9013565568121444
110.0,210.0,190.0,0.5330283570167379
110.0,210.0,200.0,0.4902016427109985
110.0,210.0,210.0,0.3354518396693777
110.0,210.0,220.0,0.1795256666825127
110.0,210.0,230.0,0.12329710521368195
110.0,210.0,240.0,0.06748427158204098
110.0,210.0,250.0,0.0
110.0,210.0,260.0,0.023609370002917997
110.0,210.0,270.0,0.0017350477858756354
110.0,210.0,280.0,0.0
110.0,210.0,290.0,0.0
110.0,220.0,0.0,0.044672670488968155
110.0,220.0,10.0,0.08100251021070752
110.0,220.0,20.0,0.0
110.0,220.0,30.0,0.0
110.0,220.0,40.0,0.0
110.0,220.0,50.0,0.10762151064842303
110.0,220.0,60.0,0.1391588256627886
110.0,220.0,70.0,0.0957462419877013
110.0,220.0,80.0,0.3046796515622727
110.0,220.0,90.0,0.4093072654136049
110.0,220.0,100.0,0.5656665657660892
110.0,220.0,110.0,0.7011005621430093
110.0,220.0,120.0,0.8633885182115767
110.0,220.0,130.0,1.0633194968020818
110.0,220.0,140.0,1.1488881564774915
110.0,220.0,150.0,1.0836254482705756
110.0,220.0,160.0,1.0727454072896965
110.0,220.0,170.0,0.9751967250169254
110.0,220.0,180.0,0.6763853660303295
110.0,220.0,190.0,0.5478926216509576
110.0,220.0,200.0,0.39405602135746653
110.0,220.0,210.0,0.24737440486919676
110.0,220.0,220.0,0.16524377496442624
110.0,220.0,230.0,0.13133536576703897
110.0,220.0,240.0,0.03051099074937174
110.0,220.0,250.0,0.0
110.0,220.0,260.0,0.08813109666398689
110.0,220.0,270.0,0.056675352941669664
110.0,220.0,280.0,0.061762213935218455
110.0,220.0,290.0,0.05551413300035531
110.0,230.0,0.0,0.004049497744708157
110.0,230.0,10.0,0.035014726752990014
110.0,230.0,20.0,0.03068174558752254
110.0,230.0,30.0,0.0
110.0,230.0,40.0,0.059969035230167646
110.0,230.0,50.0,0.11678241016804194
110.0,230.0,60.0,0.07949969550674918
110.0,230.0,70.0,0.1447712564234437
110.0,230.0,80.0,0.18882734254585967
110.0,230.0,90.0,0.39460538107833715
110.0,230.0,100.0,0.4644168575463123
110.0,230.0,110.0,0.5944883555474613
110.0,230.0,120.0,0.783376393737878
110.0,230.0,130.0,0.921824815660482
110.0,230.0,140.0,0.9353077634813749
110.0,230.0,150.0,0.9722934806985192
110.0,230.0,160.0,0.8277871529924543
110.0,230.0,170.0,0.7879593705095806
110.0,230.0,180.0,0.6557965662948242
110.0,230.0,190.0,0.5070767861172193
110.0,230.0,200.0,0.46321373128903814
110.0,230.0,210.0,0.21861511965810765
110.0,230.0,220.0,0.19394426956851302
110.0,230.0,230.0,0.07119382635099222
110.0,230.0,240.0,0.13628798454267185
110.0,230.0,250.0,0.09539422670305724
110.0,230.0,260.0,0.07656320835870584
110.0,230.0,270.0,0.0
110.0,230.0,280.0,0.009990342796059419
110.0,230.0,290.0,0.0
110.0,240.0,0.0,0.0
110.0,240.0,10.0,0.0
110.0,240.0,20.0,0.007540144383657228
110.0,240.0,30.0,0.04645708102782897
110.0,240.0,40.0,0.0
110.0,240.0,50.0,0.08377626206783093
110.0,240.0,60.0,0.17640958690688444
110.0,240.0,70.0,0.16593674024551197
110.0,240.0,80.0,0.21884218482543746
110.0,240.0,90.0,0.3113929867852722
110.0,240.0,100.0,0.41517154090316466
110.0,240.0,110.0,0.5819036252267098
110.0,240.0,120.0,0.620242114374598
110.0,240.0,130.0,0.7781221761336895
110.0,240.0,140.0,0.826988087560575
110.0,240.0,150.0,0.8232350437723475
110.0,240.0,160.0,0.693762722222854
110.0,240.0,170.0,0.6909669826779081
110.0,240.0,180.0,0.6109850245846555
110.0,240.0,190.0,0.46041701582352584
110.0,240.0,200.0,0.29889154158450115
110.0,240.0,210.0,0.25660334275580654
110.0,240.0,220.0,0.20839152484087436
110.0,240.0,230.0,0.01964918664666246
110.0,240.0,240.0,0.0
110.0,240.0,250.0,0.0
110.0,240.0,260.0,0.0
110.0,240.0,270.0,0.0
110.0,240.0,280.0,0.0
110.0,240.0,290.0,0.0
110.0,250.0,0.0,0.0
110.0,250.0,10.0,0.00861015025810154
110.0,250.0,20.0,0.015456009363632037
110.0,250.0,30.0,0.06243122611065072
110.0,250.0,40.0,0.0
110.0,250.0,50.0,0.03804890176783032
110.0,250.0,60.0,0.1539357422747708
110.0,250.0,70.0,0.07311281576810613
110.0,250.0,80.0,0.13998440793865158
110.0,250.0,90.0,0.2797467839094682
110.0,250.0,100.0,0.30985706210369374
110.0,250.0,110.0,0.43359319845089284
110.0,250.0,120.0,0.5932400952461414
110.0,250.0,130.0,0.5630559957302746
110.0,250.0,140.0,0.6844820480646685
110.0,250.0,150.0,0.7097290135256543
110.0,250.0,160.0,0.6756195769947185
110.0,250.0,170.0,0.6624845218111973
110.0,250.0,180.0,0.5615311115638043
110.0,250.0,190.0,0.42187084273755104
110.0,250.0,200.0,0.2892490355485887
110.0,250.0,210.0,0.17610295879248075
110.0,250.0,220.0,0.0523426509211464
110.0,250.0,230.0,0.11704157199080076
110.0,250.0,240.0,0.04402281465592138
110.0,250.0,250.0,0.026776473729641
110.0,250.0,260.0,0.0367742003567363
110.0,250.0,270.0,0.026539053526842476
110.0,250.0,280.0,0.0011511066279806669
110.0,250.0,290.0,0.0
110.0,260.0,0.0,0.0749137877233267
110.0,260.0,10.0,0.046368541601223015
110.0,260.0,20.0,0.0
110.0,260.0,30.0,0.06617151820802543
110.0,260.0,40.0,0.051499351702835115
110.0,260.0,50.0,0.020443159734970733
110.0,260.0,60.0,0.0858269426341845
110.0,260.0,70.0,0.028626759681365035
110.0,260.0,80.0,0.1089846551584491
110.0,260.0,90.0,0.2282691479925825
110.0,260.0,100.0,0.3454848613574785
110.0,260.0,110.0,0.40928898946258163
110.0,260.0,120.0,0.41082227074108507
110.0,260.0,130.0,0.5693980932590648
110.0,260.0,140.0,0.5976257135601559
110.0,260.0,150.0,0.5745599342810952
110.0,260.0,160.0,0.5255761565291376
110.0,260.0,170.0,0.5194063420960612
110.0,260.0,180.0,0.37054920749062814
110.0,260.0,190.0,0.34433245804527024
110.0,260.0,200.0,0.16506701146557118
110.0,260.0,210.0,0.17096298242459546
110.0,260.0,220.0,0.12556473992214862
110.0,260.0,230.0,0.09752525841325418
110.0,260.0,240.0,0.10962598148848804
110.0,260.0,250.0,0.0
110.0,260.0,260.0,0.0
110.0,260.0,270.0,0.0
110.0,260.0,280.0,0.03760455086544652
110.0,260.0,290.0,0.0
110.0,270.0,0.0,0.0
110.0,270.0,10.0,0.056133717421723024
110.0,270.0,20.0,0.04011148726349646
110.0,270.0,30.0,0.0
110.0,270.0,40.0,0.0415658662663466
110.0,270.0,50.0,0.10351005492647075
110.0,270.0,60.0,0.16736691407523033
110.0,270.0,70.0,0.0
110.0,270.0,80.0,0.1393845450254584
110.0,270.0,90.0,0.22161638280939758
110.0,270.0,100.0,0.26490090418691725
110.0,270.0,110.0,0.3314731142812217
110.0,270.0,120.0,0.4682938855265716
110.0,270.0,130.0,0.4938347640093683
110.0,270.0,140.0,0.5205347746408691
110.0,270.0,150.0,0.5312518879392671
110.0,270.0,160.0,0.4144886721364732
110.0,270.0,170.0,0.45962626891748504
110.0,270.0,180.0,0.32967301000211585
110.0,270.0,190.0,0.2635880712221493
110.0,270.0,200.0,0.2800819513957592
110.0,270.0,210.0,0.20255799831246374
110.0,270.0,220.0,0.0837177319229747
110.0,270.0,230.0,0.0
110.0,270.0,240.0,0.017265795196429734
110.0,270.0,250.0,0.025013681071535936
110.0,270.0,260.0,0.07929299218927065
110.0,270.0,270.0,0.0
110.0,270.0,280.0,0.0
110.0,270.0,290.0,0.03636197715545554
110.0,280.0,0.0,0.021165854026972616
110.0,280.0,10.0,0.010268528664851777
110.0,280.0,20.0,0.00043524963043087544
110.0,280.0,30.0,0.029076043830373592
110.0,280.0,40.0,0.06623927551791792
110.0,280.0,50.0,0.015510798766207742
110.0,280.0,60.0,0.042792643800108936
110.0,280.0,70.0,0.09177013563309785
110.0,280.0,80.0,0.10651387585764524
110.0,280.0,90.0,0.08317884424585731
110.0,280.0,100.0,0.2735728164419291
110.0,280.0,110.0,0.24049012543032555
110.0,280.0,120.0,0.3231839751968786
110.0,280.0,130.0,0.3469711787563392
110.0,280.0,140.0,0.39045339028636217
110.0,280.0,150.0,0.3686130412371803
110.0,280.0,160.0,0.2627257650002189
110.0,280.0,170.0,0.30436563402086303
110.0,280.0,180.0,0.29773044455776576
110.0,280.0,190.0,0.30099479912282934
110.0,280.0,200.0,0.14126458690069013
110.0,280.0,210.0,0.03846483470710123
110.0,280.0,220.0,0.07647906801987446
110.0,280.0,230.0,0.039668430341934235
110.0,280.0,240.0,0.0
110.0,280.0,250.0,0.0
110.0,280.0,260.0,0.0
110.0,280.0,270.0,0.0
110.0,280.0,280.0,0.0
110.0,280.0,290.0,0.0
110.0,290.0,0.0,0.02235690748107893
110.0,290.0,10.0,0.008210357249121402
110.0,290.0,20.0,0.0
110.0,290.0,30.0,0.0
110.0,290.0,40.0,0.023061103358368158
110.0,290.0,50.0,0.0
110.0,290.0,60.0,0.09035244281398816
110.0,290.0,70.0,0.04821823822391311
110.0,290.0,80.0,0.14612995699597384
110.0,290.0,90.0,0.15370620993152012
110.0,290.0,100.0,0.11720429375283054
110.0,290.0,110.0,0.20091327889994742
110.0,290.0,120.0,0.217962845216799
110.0,290.0,130.0,0.28016695311388895
110.0,290.0,140.0,0.29397744110277724
110.0,290.0,150.0,0.3372031514199819
110.0,290.0,160.0,0.27395520614815067
110.0,290.0,170.0,0.2838624758794856
110.0,290.0,180.0,0.27780485231218666
110.0,290.0,190.0,0.20020041263817562
110.0,290.0,200.0,0.28293775040433533
110.0,290.0,210.0,0.15467142676396878
110.0,290.0,220.0,0.03976731315864929
110.0,290.0,230.0,0.0
110.0,290.0,240.0,0.0
110.0,290.0,250.0,0.005456795792730482
110.0,290.0,260.0,0.07149523726511178
110.0,290.0,270.0,0.0
110.0,290.0,280.0,0.06335836545764803
110.0,290.0,290.0,0.062310721912435904
120.0,0.0,0.0,0.0
120.0,0.0,10.0,0.04024706521454283
120.0,0.0,20.0,0.030337061516641246
120.0,0.0,30.0,0.09133648836110243
120.0,0.0,40.0,0.0
120.0,0.0,50.0,0.05877721713499222
120.0,0.0,60.0,0.01917244247381384
120.0,0.0,70.0,0.10426550903804642
120.0,0.0,80.0,0.044705486126926076
120.0,0.0,90.0,0.1221792961930884
120.0,0.0,100.0,0.22815874755877408
120.0,0.0,110.0,0.31758470192439425
120.0,0.0,120.0,0.3206460985552189
120.0,0.0,130.0,0.38151017564502576
120.0,0.0,140.0,0.34869379919212784
120.0,0.0,150.0,0.28919629049524387
120.0,0.0,160.0,0.3116295328267581
120.0,0.0,170.0,0.2701700348962937
120.0,0.0,180.0,0.21789702448777368
120.0,0.0,190.0,0.27263670542489227
120.0,0.0,200.0,0.10312546170275497
120.0,0.0,210.0,0.0932811671839194
120.0,0.0,220.0,0.056471615620213605
120.0,0.0,230.0,0.011511001347114282
120.0,0.0,240.0,0.031117111951585633
120.0,0.0,250.0,0.0008433087448369118
120.0,0.0,260.0,0.0
120.0,0.0,270.0,0.0
120.0,0.0,280.0,0.0
120.0,0.0,290.0,0.024053954358158134
120.0,10.0,0.0,0.0
120.0,10.0,10.0,0.0
120.0,10.0,20.0,0.02561688973697827
120.0,10.0,30.0,0.06532909862321697
120.0,10.0,40.0,0.044402311887444465
120.0,10.0,50.0,0.0038978073410319315
120.0,10.0,60.0,0.0308221044655694
120.0,10.0,70.0,0.0860363303933864
120.0,10.0,80.0,0.18982625934542086
120.0,10.0,90.0,0.11805546524729582
120.0,10.0,100.0,0.22696301767209243
120.0,10.0,110.0,0.2117760740838023
120.0,10.0,120.0,0.3941001039039241
120.0,10.0,130.0,0.32049318898917123
120.0,10.0,140.0,0.5115233160740407
120.0,10.0,150.0,0.48010165178029307
120.0,10.0,160.0,0.4640551556228658
120.0,10.0,170.0,0.29960830732413507
120.0,10.0,180.0,0.311912170044568
120.0,10.0,190.0,0.2912309937867855
120.0,10.0,200.0,0.26145163544626193
120.0,10.0,210.0,0.13059979663743665
120.0,10.0,220.0,0.10884054827953951
120.0,10.0,230.0,0.07478138983455036
120.0,10.0,240.0,0.0
120.0,10.0,250.0,0.06260511970774268
120.0,10.0,260.0,0.0
120.0,10.0,270.0,0.0
120.0,10.0,280.0,0.0
120.0,10.0,290.0,0.0
120.0,20.0,0.0,0.0
120.0,20.0,10.0,0.031371212261881797
120.0,20.0,20.0,0.0
120.0,20.0,30.0,0.05803468313890205
120.0,20.0,40.0,0.029700088885952346
120.0,20.0,50.0,0.0
120.0,20.0,60.0,0.08459537790284184
120.0,20.0,70.0,0.07855092518087549
120.0,20.0,80.0,0.23510239428532032
120.0,20.0,90.0,0.2028397514155689
120.0,20.0,100.0,0.32621070869593694
120.0,20.0,110.0,0.39772866560916365
120.0,20.0,120.0,0.4897475130973597
120.0,20.0,130.0,0.5322457977049451
120.0,20.0,140.0,0.49371826261393154
120.0,20.0,150.0,0.5206899722816302
120.0,20.0,160.0,0.574324419357259
120.0,20.0,170.0,0.4305040303093543
120.0,20.0,180.0,0.33490253502354744
120.0,20.0,190.0,0.22273547811269517
120.0,20.0,200.0,0.15857126649505304
120.0,20.0,210.0,0.2441765056364707
120.0,20.0,220.0,0.0
120.0,20.0,230.0,0.040973594701211744
120.0,20.0,240.0,0.1218615619801312
120.0,20.0,250.0,0.0
120.0,20.0,260.0,0.042290660364814575
120.0,20.0,270.0,0.03113056043896683
120.0,20.0,280.0,0.0
120.0,20.0,290.0,0.0
120.0,30.0,0.0,0.0
120.0,30.0,10.0,0.0
120.0,30.0,20.0,0.0
120.0,30.0,30.0,0.0
120.0,30.0,40.0,0.006349750431308105
120.0,30.0,50.0,0.05355663551662152
120.0,30.0,60.0,0.10585815310500049
120.0,30.0,70.0,0.024180939514709926
120.0,30.0,80.0,0.2732233565374419
120.0,30.0,90.0,0.23868251493629758
120.0,30.0,100.0,0.3730943438657764
120.0,30.0,110.0,0.45618148382121637
120.0,30.0,120.0,0.5337765525525935
120.0,30.0,130.0,0.6080193496060643
120.0,30.0,140.0,0.6720639576505633
120.0,30.0,150.0,0.7614407695995036
120.0,30.0,160.0,0.6695527623155451
120.0,30.0,170.0,0.5239801891230634
120.0,30.0,180.0,0.43225577884336236
120.0,30.0,190.0,0.3144813139611022
120.0,30.0,200.0,0.28830179994561284
120.0,30.0,210.0,0.14250176134598103
120.0,30.0,220.0,0.09150091559630551
120.0,30.0,230.0,0.027619443465426323
120.0,30.0,240.0,0.006951837572544119
120.0,30.0,250.0,0.02761938244635667
120.0,30.0,260.0,0.016907497747893144
120.0,30.0,270.0,0.0
120.0,30.0,280.0,0.0
120.0,30.0,290.0,0.0
120.0,40.0,0.0,0.0
120.0,40.0,10.0,0.0
120.0,40.0,20.0,0.0475714607252746
120.0,40.0,30.0,0.0
120.0,40.0,40.0,0.08466901036231277
120.0,40.0,50.0,0.0676979233809924
120.0,40.0,60.0,0.1420443225694631
120.0,40.0,70.0,0.15968775456681966
120.0,40.0,80.0,0.17298754728670676
120.0,40.0,90.0,0.2388482587852946
120.0,40.0,100.0,0.359698547703449
120.0,40.0,110.0,0.567264855565085
120.0,40.0,120.0,0.6108777301161046
120.0,40.0,130.0,0.6882637388449016
120.0,40.0,140.0,0.7531528680083953
120.0,40.0,150.0,0.7776719841661034
120.0,40.0,160.0,0.6878500215070087
120.0,40.0,170.0,0.614790615822864
120.0,40.0,180.0,0.46896805551845855
120.0,40.0,190.0,0.4338554246817628
120.0,40.0,200.0,0.23553398669885034
120.0,40.0,210.0,0.1185474602027161
120.0,40.0,220.0,0.20916480410917754
120.0,40.0,230.0,0.0888193356169514
120.0,40.0,240.0,0.0
120.0,40.0,250.0,0.0
120.0,40.0,260.0,0.016998027283182386
120.0,40.0,270.0,0.0
120.0,40.0,280.0,0.0
120.0,40.0,290.0,0.0
120.0,50.0,0.0,0.0
120.0,50.0,10.0,0.0
120.0,50.0,20.0,0.0632488681850415
120.0,50.0,30.0,0.0628297425700994
120.0,50.0,40.0,0.0
120.0,50.0,50.0,0.0
120.0,50.0,60.0,0.09690870413481399
120.0,50.0,70.0,0.09668443419793835
120.0,50.0,80.0,0.29250331703809407
120.0,50.0,90.0,0.33255888530621236
120.0,50.0,100.0,0.48821557188540593
120.0,50.0,110.0,0.5578945903005326
120.0,50.0,120.0,0.7282664410617194
120.0,50.0,130.0,0.8568915372386977
120.0,50.0,140.0,0.9118851305758393
120.0,50.0,150.0,1.054931078816285
120.0,50.0,160.0,0.8275977494788109
120.0,50.0,170.0,0.7615537597325129
120.0,50.0,180.0,0.6541271743766959
120.0,50.0,190.0,0.43448598139321404
120.0,50.0,200.0,0.366765680853225
120.0,50.0,210.0,0.13056653788063732
120.0,50.0,220.0,0.06393296520380727
120.0,50.0,230.0,0.07905670382516139
120.0,50.0,240.0,0.028656234952560672
120.0,50.0,250.0,0.008953601064120739
120.0,50.0,260.0,0.019226594272295366
120.0,50.0,270.0,0.0
120.0,50.0,280.0,0.013105749338249054
120.0,50.0,290.0,0.0
120.0,60.0,0.0,0.0
120.0,60.0,10.0,0.007491182859424329
120.0,60.0,20.0,0.0
120.0,60.0,30.0,0.0
120.0,60.0,40.0,0.0
120.0,60.0,50.0,0.029424070371169203
120.0,60.0,60.0,0.1744454793547197
120.0,60.0,70.0,0.16498792669496043
120.0,60.0,80.0,0.28041071007351986
120.0,60.0,90.0,0.32941725775148795
120.0,60.0,100.0,0.5743692375188392
120.0,60.0,110.0,0.669555994501099
120.0,60.0,120.0,0.7826044819821544
120.0,60.0,130.0,0.9446298108902631
120.0,60.0,140.0,0.9963139741223714
120.0,60.0,150.0,1.0119600544728042
120.0,60.0,160.0,1.0271662811303808
120.0,60.0,170.0,0.8668747151513672
120.0,60.0,180.0,0.7269891309972327
120.0,60.0,190.0,0.5339031469159133
120.0,60.0,200.0,0.3857061008395109
120.0,60.0,210.0,0.28437328457392635
120.0,60.0,220.0,0.10807208826657144
120.0,60.0,230.0,0.13507122394080423
120.0,60.0,240.0,0.04899414417835965
120.0,60.0,250.0,0.0
120.0,60.0,260.0,0.00897221779901675
120.0,60.0,270.0,0.09801914906058105
120.0,60.0,280.0,0.0
120.0,60.0,290.0,0.0
120.0,70.0,0.0,0.0
120.0,70.0,10.0,0.0
120.0,70.0,20.0,0.007009327775625898
120.0,70.0,30.0,0.023607834692423425
120.0,70.0,40.0,0.041151028414837476
120.0,70.0,50.0,0.09234734691179348
120.0,70.0,60.0,0.1461173605915973
120.0,70.0,70.0,0.18943171227047986
120.0,70.0,80.0,0.2923162405716467
120.0,70.0,90.0,0.4166401270600679
120.0,70.0,100.0,0.7231701461798717
120.0,70.0,110.0,0.8422501373277901
120.0,70.0,120.0,0.9514940808313097
120.0,70.0,130.0,1.1338670937462354
120.0,70.0,140.0,1.1551386657719116
120.0,70.0,150.0,1.2099516177844156
120.0,70.0,160.0,1.2158473032397699
120.0,70.0,170.0,0.9721190146103147
120.0,70.0,180.0,0.8191815424008357
120.0,70.0,190.0,0.6234162340259564
120.0,70.0,200.0,0.4513238906221941
120.0,70.0,210.0,0.3847396331575591
120.0,70.0,220.0,0.1840854547582496
120.0,70.0,230.0,0.05743717515633061
120.0,70.0,240.0,0.11746971235948506
120.0,70.0,250.0,0.0
120.0,70.0,260.0,0.05101726621825657
120.0,70.0,270.0,0.09950795841340018
120.0,70.0,280.0,0.05517008964139483
120.0,70.0,290.0,0.0458563266698108
120.0,80.0,0.0,0.03508052642339803
120.0,80.0,10.0,0.0
120.0,80.0,20.0,0.07015174631707737
120.0,80.0,30.0,0.03730624791068551
120.0,80.0,40.0,0.0
120.0,80.0,50.0,0.03567349061559861
120.0,80.0,60.0,0.10230387671895746
120.0,80.0,70.0,0.22974110210981527
120.0,80.0,80.0,0.36571445281999443
120.0,80.0,90.0,0.49558996227010677
120.0,80.0,100.0,0.6462374503395913
120.0,80.0,110.0,0.9100366757061985
120.0,80.0,120.0,1.0399824232486425
120.0,80.0,130.0,1.1796563136575964
120.0,80.0,140.0,1.324976176920195
120.0,80.0,150.0,1.3829482770029582
120.0,80.0,160.0,1.3041371020512385
120.0,80.0,170.0,1.0341519828619747
120.0,80.0,180.0,0.9493401734768571
120.0,80.0,190.0,0.7024437608434456
120.0,80.0,200.0,0.5330040714977082
120.0,80.0,210.0,0.3502771233688888
120.0,80.0,220.0,0.2516819477110984
120.0,80.0,230.0,0.1768639732938262
120.0,80.0,240.0,0.025134952623386886
120.0,80.0,250.0,0.0756087957197826
120.0,80.0,260.0,0.06755601983680015
120.0,80.0,270.0,0.04241456180629704
120.0,80.0,280.0,0.0
120.0,80.0,290.0,0.018730485175757327
120.0,90.0,0.0,0.0
120.0,90.0,10.0,0.0609835436858361
120.0,90.0,20.0,0.01593212263559885
120.0,90.0,30.0,0.0
120.0,90.0,40.0,0.019644902620063142
120.0,90.0,50.0,0.06770648627954488
120.0,90.0,60.0,0.19949460872641778
120.0,90.0,70.0,0.25037711803533497
120.0,90.0,80.0,0.39583505049212814
120.0,90.0,90.0,0.5646036345380948
120.0,90.0,100.0,0.747336884014159
120.0,90.0,110.0,1.00395972704678
120.0,90.0,120.0,1.1993276484398687
120.0,90.0,130.0,1.3030678870710743
120.0,90.0,140.0,1.4397373631700905
120.0,90.0,150.0,1.406492041850343
120.0,90.0,160.0,1.3078237654423497
120.0,90.0,170.0,1.1317205975704254
120.0,90.0,180.0,0.9032060276727264
120.0,90.0,190.0,0.7867347039905015
120.0,90.0,200.0,0.5654858835080999
120.0,90.0,210.0,0.37195037026990935
120.0,90.0,220.0,0.20258119641871372
120.0,90.0,230.0,0.0960677895296285
120.0,90.0,240.0,0.088372533894459
120.0,90.0,250.0,0.05425006215885785
120.0,90.0,260.0,0.0
120.0,90.0,270.0,0.0
120.0,90.0,280.0,0.0
120.0,90.0,290.0,0.0
120.0,100.0,0.0,0.04907036630153464
120.0,100.0,10.0,0.018979444793347455
120.0,100.0,20.0,0.0
120.0,100.0,30.0,0.060301170646216186
120.0,100.0,40.0,0.0
120.0,100.0,50.0,0.02600973013428809
120.0,100.0,60.0,0.1857139640880069
120.0,100.0,70.0,0.17229479907177503
120.0,100.0,80.0,0.45065581323871984
120.0,100.0,90.0,0.6632043850709946
120.0,100.0,100.0,0.8537712805927808
120.0,100.0,110.0,1.0469610210833924
120.0,100.0,120.0,1.3031713375273084
120.0,100.0,130.0,1.382865334543322
120.0,100.0,140.0,1.6318112788840595
120.0,100.0,150.0,1.5334050754537285
120.0,100.0,160.0,1.4815300102569593
120.0,100.0,170.0,1.3278077057647646
120.0,100.0,180.0,1.1511049260652284
120.0,100.0,190.0,0.8425824985586451
120.0,100.0,200.0,0.6515239736336014
120.0,100.0,210.0,0.45008872274838024
120.0,100.0,220.0,0.2408406350288912
120.0,100.0,230.0,0.21266671324839
120.0,100.0,240.0,0.16244220351421348
120.0,100.0,250.0,0.05183816961325935
120.0,100.0,260.0,0.0320723518083769
120.0,100.0,270.0,0.021296593637176182
120.0,100.0,280.0,0.0
120.0,100.0,290.0,0.0
120.0,110.0,0.0,0.016250820149441132
120.0,110.0,10.0,0.05997715349019126
120.0,110.0,20.0,0.03171511225933532
120.0,110.0,30.0,0.08408013310232693
120.0,110.0,40.0,0.12426576868733505
120.0,110.0,50.0,0.13945278871880382
120.0,110.0,60.0,0.15382119390497856
120.0,110.0,70.0,0.2996033517329388
120.0,110.0,80.0,0.4646080458883588
120.0,110.0,90.0,0.6477437076408554
120.0,110.0,100.0,0.8408474800705295
120.0,110.0,110.0,1.0979371750644953
120.0,110.0,120.0,1.4032632716008726
120.0,110.0,130.0,1.6761177534955007
120.0,110.0,140.0,1.7103308612473886
120.0,110.0,150.0,1.6027616021828281
120.0,110.0,160.0,1.6471931588152524
120.0,110.0,170.0,1.372870343915609
120.0,110.0,180.0,1.0528682954844633
120.0,110.0,190.0,0.9245988333939168
120.0,110.0,200.0,0.5662736830497368
120.0,110.0,210.0,0.49626026199383494
120.0,110.0,220.0,0.3107740468096252
120.0,110.0,230.0,0.20320712634913105
120.0,110.0,240.0,0.1082908468501794
120.0,110.0,250.0,0.09223592237161386
120.0,110.0,260.0,0.008620493176452318
120.0,110.0,270.0,0.006288809109051572
120.0,110.0,280.0,0.0
120.0,110.0,290.0,0.0826459767987287
120.0,120.0,0.0,0.0
120.0,120.0,10.0,0.0
120.0,120.0,20.0,0.09731258773875753
120.0,120.0,30.0,0.0
120.0,120.0,40.0,0.0014406180646880304
120.0,120.0,50.0,0.036371597636150485
120.0,120.0,60.0,0.19303566099336217
120.0,120.0,70.0,0.23932111164055328
120.0,120.0,80.0,0.5163517188519001
120.0,120.0,90.0,0.6368995670821379
120.0,120.0,100.0,0.9266509668056373
120.0,120.0,110.0,1.2466403358281108
120.0,120.0,120.0,1.4206232318763088
120.0,120.0,130.0,1.6859282484018503
120.0,120.0,140.0,1.6893786022593764
120.0,120.0,150.0,1.6661747127134785
120.0,120.0,160.0,1.63222461170628
120.0,120.0,170.0,1.4272690023393797
120.0,120.0,180.0,1.1803477435131382
120.0,120.0,190.0,0.8785653096121622
120.0,120.0,200.0,0.6842245333247018
120.0,120.0,210.0,0.4292022136155345
120.0,120.0,220.0,0.2935492428708907
120.0,120.0,230.0,0.16576534362516498
120.0,120.0,240.0,0.07863263074802651
120.0,120.0,250.0,0.0
120.0,120.0,260.0,0.020266621739067438
120.0,120.0,270.0,0.04944259436281807
120.0,120.0,280.0,0.0
120.0,120.0,290.0,0.07952061433688758
120.0,130.0,0.0,0.0
120.0,130.0,10.0,0.0
120.0,130.0,20.0,0.027723969175116464
120.0,130.0,30.0,0.020845305883312154
120.0,130.0,40.0,0.1236923707382217
120.0,130.0,50.0,0.06965042215703228
120.0,130.0,60.0,0.1442116907522775
120.0,130.0,70.0,0.36673110555399574
120.0,130.0,80.0,0.4620049348661338
120.0,130.0,90.0,0.5765568879907372
120.0,130.0,100.0,0.9026842702346296
120.0,130.0,110.0,1.2704379614617838
120.0,130.0,120.0,1.4884114363113472
120.0,130.0,130.0,1.6705586092380111
120.0,130.0,140.0,1.7570105799804148
120.0,130.0,150.0,1.7519329094902585
120.0,130.0,160.0,1.5630813998243838
120.0,130.0,170.0,1.3770119549132833
120.0,130.0,180.0,1.20793547531063
120.0,130.0,190.0,0.8992805595575976
120.0,130.0,200.0,0.6947930891037278
120.0,130.0,210.0,0.4609086888834949
120.0,130.0,220.0,0.33638160311323556
120.0,130.0,230.0,0.1832573816554079
120.0,130.0,240.0,0.08090484615765997
120.0,130.0,250.0,0.09531341290849737
120.0,130.0,260.0,0.18690509512940015
120.0,130.0,270.0,0.0
120.0,130.0,280.0,0.059272664460117974
120.0,130.0,290.0,0.053463646068443546
120.0,140.0,0.0,0.038251129183458354
120.0,140.0,10.0,0.0
120.0,140.0,20.0,0.07447614159061387
120.0,140.0,30.0,0.04718694491607049
120.0,140.0,40.0,0.0
120.0,140.0,50.0,0.12691802429317633
120.0,140.0,60.0,0.3020050699218106
120.0,140.0,70.0,0.2698123814985468
120.0,140.0,80.0,0.43384852962841036
120.0,140.0,90.0,0.659548773464962
120.0,140.0,100.0,0.974579855469931
120.0,140.0,110.0,1.2421093170510544
120.0,140.0,120.0,1.4227908407679775
120.0,140.0,130.0,1.708797468988915
120.0,140.0,140.0,1.8005923423817927
120.0,140.0,150.0,1.8486764759053478
120.0,140.0,160.0,1.666184082854737
120.0,140.0,170.0,1.5344557451895906
120.0,140.0,180.0,1.1692088862227707
120.0,140.0,190.0,0.9540293350315977
120.0,140.0,200.0,0.667370695157476
120.0,140.0,210.0,0.43575441400629833
120.0,140.0,220.0,0.2833103208757654
120.0,140.0,230.0,0.12665724412323334
120.0,140.0,240.0,0.05792800946374004
120.0,140.0,250.0,0.12791681588400539
120.0,140.0,260.0,0.07692498925774581
120.0,140.0,270.0,0.052926185137194146
120.0,140.0,280.0,0.0
120.0,140.0,290.0,0.008105925598879012
120.0,150.0,0.0,0.0
120.0,150.0,10.0,0.0
120.0,150.0,20.0,0.01733576033117405
120.0,150.0,30.0,0.03187725641877649
120.0,150.0,40.0,0.0611131579885547
120.0,150.0,50.0,0.0807244436601155
120.0,150.0,60.0,0.29183710587933376
120.0,150.0,70.0,0.42726224712948324
120.0,150.0,80.0,0.546156151739844
120.0,150.0,90.0,0.7388360255515846
120.0,150.0,100.0,0.9800157190469477
120.0,150.0,110.0,1.328409926771993
120.0,150.0,120.0,1.5521014174535712
120.0,150.0,130.0,1.6155006174679434
120.0,150.0,140.0,1.8945400301560695
120.0,150.0,150.0,1.8037332883015844
120.0,150.0,160.0,1.6117800379365308
120.0,150.0,170.0,1.5772724195978387
120.0,150.0,180.0,1.2883555884615456
120.0,150.0,190.0,0.9491438959830639
120.0,150.0,200.0,0.6818610831400984
120.0,150.0,210.0,0.43364830501243085
120.0,150.0,220.0,0.2963973255980244
120.0,150.0,230.0,0.1868844382884375
120.0,150.0,240.0,0.13440698069646534
120.0,150.0,250.0,0.07668041489906692
120.0,150.0,260.0,0.0
120.0,150.0,270.0,0.0
120.0,150.0,280.0,0.14370095339027883
120.0,150.0,290.0,0.0
120.0,160.0,0.0,0.0
120.0,160.0,10.0,0.0
120.0,160.0,20.0,0.02587562664016029
120.0,160.0,30.0,0.07062350791350111
120.0,160.0,40.0,0.0
120.0,160.0,50.0,0.12938596626268947
120.0,160.0,60.0,0.2569362223485734
120.0,160.0,70.0,0.3183911932105574
120.0,160.0,80.0,0.39205616568701385
120.0,160.0,90.0,0.6892929091745298
120.0,160.0,100.0,0.9533142180311615
120.0,160.0,110.0,1.304478454977387
120.0,160.0,120.0,1.4572146360970657
120.0,160.0,130.0,1.6565509617935799
120.0,160.0,140.0,1.7600265339836987
120.0,160.0,150.0,1.86426040476923
120.0,160.0,160.0,1.6705925164911974
120.0,160.0,170.0,1.4953213569550783
120.0,160.0,180.0,1.2291982200659277
120.0,160.0,190.0,0.9535010236656767
120.0,160.0,200.0,0.7094918236326595
120.0,160.0,210.0,0.46475519111311336
120.0,160.0,220.0,0.3004202840990815
120.0,160.0,230.0,0.23681226084480772
120.0,160.0,240.0,0.04102327752222647
120.0,160.0,250.0,0.0495192884134542
120.0,160.0,260.0,0.07434863896724285
120.0,160.0,270.0,0.0
120.0,160.0,280.0,0.0
120.0,160.0,290.0,0.0
120.0,170.0,0.0,0.04283112367859121
120.0,170.0,10.0,0.02653579747273692
120.0,170.0,20.0,0.051098457757854425
120.0,170.0,30.0,0.0
120.0,170.0,40.0,0.0
120.0,170.0,50.0,0.10152955803562135
120.0,170.0,60.0,0.11074516171991113
120.0,170.0,70.0,0.30851628364171313
120.0,170.0,80.0,0.48406762455764557
120.0,170.0,90.0,0.6737697306571493
120.0,170.0,100.0,0.8753681562415717
120.0,170.0,110.0,1.1619164754918314
120.0,170.0,120.0,1.3318500619740619
120.0,170.0,130.0,1.5592838349411338
120.0,170.0,140.0,1.7363620412337768
120.0,170.0,150.0,1.7264702281546271
120.0,170.0,160.0,1.6258933232914532
120.0,170.0,170.0,1.427131947052561
120.0,170.0,180.0,1.193827018654434
120.0,170.0,190.0,0.9700117847532674
120.0,170.0,200.0,0.5867463508377971
120.0,170.0,210.0,0.48831457322738453
120.0,170.0,220.0,0.37662592062947675
120.0,170.0,230.0,0.18420155458951837
120.0,170.0,240.0,0.032382625203922974
120.0,170.0,250.0,0.07865112308693707
120.0,170.0,260.0,0.03283008857479867
120.0,170.0,270.0,0.025427971421125378
120.0,170.0,280.0,0.0
120.0,170.0,290.0,0.033823632689734755
120.0,180.0,0.0,0.0
120.0,180.0,10.0,0.0
120.0,180.0,20.0,0.0
120.0,180.0,30.0,0.0
120.0,180.0,40.0,0.14100348370848487
120.0,180.0,50.0,0.0669492118957494
120.0,180.0,60.0,0.12782842391251648
120.0,180.0,70.0,0.22035014827337268
120.0,180.0,80.0,0.3391379522968231
120.0,180.0,90.0,0.567234113641351
120.0,180.0,100.0,0.8634792529772773
120.0,180.0,110.0,1.0819991709224681
120.0,180.0,120.0,1.3837456220558095
120.0,180.0,130.0,1.573340957412124
120.0,180.0,140.0,1.7351811431386197
120.0,180.0,150.0,1.6813117789656828
120.0,180.0,160.0,1.539771578934411
120.0,180.0,170.0,1.3133370017547923
120.0,180.0,180.0,1.1276583216847587
120.0,180.0,190.0,0.8516866406156057
120.0,180.0,200.0,0.6633986146722616
120.0,180.0,210.0,0.5127244170716684
120.0,180.0,220.0,0.29452905901298065
120.0,180.0,230.0,0.1749160033690995
120.0,180.0,240.0,0.045514062422567496
120.0,180.0,250.0,0.027465217082660365
120.0,180.0,260.0,0.04873277297701209
120.0,180.0,270.0,0.009330657027651361
120.0,180.0,280.0,0.121418786573322
120.0,180.0,290.0,0.0
120.0,190.0,0.0,0.02043941302508475
120.0,190.0,10.0,0.0
120.0,190.0,20.0,0.0023749952876756294
120.0,190.0,30.0,0.003632502782977373
120.0,190.0,40.0,0.0
120.0,190.0,50.0,0.18853285333179456
120.0,190.0,60.0,0.23748045992566155
120.0,190.0,70.0,0.18394902207135194
120.0,190.0,80.0,0.40490902925215744
120.0,190.0,90.0,0.6692718819190885
120.0,190.0,100.0,0.8670053499048768
120.0,190.0,110.0,0.9852350392101215
120.0,190.0,120.0,1.2787229893666345
120.0,190.0,130.0,1.4825414566595956
120.0,190.0,140.0,1.5517746497482467
120.0,190.0,150.0,1.5231739817592247
120.0,190.0,160.0,1.4758313291627827
120.0,190.0,170.0,1.243537136454816
120.0,190.0,180.0,1.1651767972994258
120.0,190.0,190.0,0.8877864500998268
120.0,190.0,200.0,0.5810610302313196
120.0,190.0,210.0,0.4408058753758419
120.0,190.0,220.0,0.23278053862725526
120.0,190.0,230.0,0.11023542478480786
120.0,190.0,240.0,0.15510132988714007
120.0,190.0,250.0,0.008921959337747525
120.0,190.0,260.0,0.028500997141633087
120.0,190.0,270.0,0.0004176322450896563
120.0,190.0,280.0,0.0
120.0,190.0,290.0,0.0
120.0,200.0,0.0,0.006955977039545787
120.0,200.0,10.0,0.06305636426663844
120.0,200.0,20.0,0.0
120.0,200.0,30.0,0.0
120.0,200.0,40.0,0.02134943983724673
120.0,200.0,50.0,0.07488839496378408
120.0,200.0,60.0,0.1962320832471908
120.0,200.0,70.0,0.261971765448363
120.0,200.0,80.0,0.3939190700381737
120.0,200.0,90.0,0.5893965608574673
120.0,200.0,100.0,0.8357405239831268
120.0,200.0,110.0,0.9558155926516468
120.0,200.0,120.0,1.1817087638070587
120.0,200.0,130.0,1.2952970428371227
120.0,200.0,140.0,1.4158462997280852
120.0,200.0,150.0,1.412585024139114
120.0,200.0,160.0,1.354511367166942
120.0,200.0,170.0,1.1554155827399917
120.0,200.0,180.0,0.9051364849979786
120.0,200.0,190.0,0.7384027900816899
120.0,200.0,200.0,0.562032965731652
120.0,200.0,210.0,0.34022514105659785
120.0,200.0,220.0,0.19464553449896072
120.0,200.0,230.0,0.130516050783082
120.0,200.0,240.0,0.11782555277739631
120.0,200.0,250.0,0.08302396703347448
120.0,200.0,260.0,0.013977813908005647
120.0,200.0,270.0,0.0
120.0,200.0,280.0,0.0
120.0,200.0,290.0,0.05479214216617753
120.0,210.0,0.0,0.08347066265688848
120.0,210.0,10.0,0.07075302272759418
120.0,210.0,20.0,0.0
120.0,210.0,30.0,0.0
120.0,210.0,40.0,0.01087924260352888
120.0,210.0,50.0,0.03478422847332922
120.0,210.0,60.0,0.11248983912356451
120.0,210.0,70.0,0.2242047893803963
120.0,210.0,80.0,0.36947251342163223
120.0,210.0,90.0,0.5874562239599632
120.0,210.0,100.0,0.6941790151098055
120.0,210.0,110.0,0.9989669585363452
120.0,210.0,120.0,1.1093429434722835
120.0,210.0,130.0,1.1798245870287023
120.0,210.0,140.0,1.3544660374932374
120.0,210.0,150.0,1.293936221173838
120.0,210.0,160.0,1.1955809473712664
120.0,210.0,170.0,1.0954500433790204
120.0,210.0,180.0,0.8114705033912456
120.0,210.0,190.0,0.6458333747113022
120.0,210.0,200.0,0.48862411048467314
120.0,210.0,210.0,0.3868973318735628
120.0,210.0,220.0,0.17771114781669206
120.0,210.0,230.0,0.17226477991341224
120.0,210.0,240.0,0.1775498010439595
120.0,210.0,250.0,0.14504328761269575
120.0,210.0,260.0,0.0
120.0,210.0,270.0,0.08950228782660835
120.0,210.0,280.0,0.0
120.0,210.0,290.0,4.484143639888502e-05
120.0,220.0,0.0,0.0
120.0,220.0,10.0,0.00015156845826778216
120.0,220.0,20.0,0.04209705854143308
120.0,220.0,30.0,0.0
120.0,220.0,40.0,0.0660186886739892
120.0,220.0,50.0,0.04392921770238394
120.0,220.0,60.0,0.15548123788952564
120.0,220.0,70.0,0.18185555520797123
120.0,220.0,80.0,0.312173133491609
120.0,220.0,90.0,0.4488817170703303
120.0,220.0,100.0,0.5622605850765912
120.0,220.0,110.0,0.7851183925733857
120.0,220.0,120.0,0.8973176388290556
120.0,220.0,130.0,1.0866160448030109
120.0,220.0,140.0,1.1795216172156342
120.0,220.0,150.0,1.0874578521435903
120.0,220.0,160.0,1.0377049379471321
120.0,220.0,170.0,0.9423999575338968
120.0,220.0,180.0,0.8528523132758554
120.0,220.0,190.0,0.6495916063800546
120.0,220.0,200.0,0.42210128166532973
120.0,220.0,210.0,0.28690118920273977
120.0,220.0,220.0,0.22815143572312663
120.0,220.0,230.0,0.16611000747784352
120.0,220.0,240.0,0.0
120.0,220.0,250.0,0.04353262020297311
120.0,220.0,260.0,0.002153541465480472
120.0,220.0,270.0,0.0
120.0,220.0,280.0,0.0
120.0,220.0,290.0,0.0
120.0,230.0,0.0,0.09698178904329258
120.0,230.0,10.0,0.029169945937819367
120.0,230.0,20.0,0.0
120.0,230.0,30.0,0.01726572723730533
120.0,230.0,40.0,0.002877392269873113
120.0,230.0,50.0,0.02379252183510009
120.0,230.0,60.0,0.13325601488207595
120.0,230.0,70.0,0.18306742546741483
120.0,230.0,80.0,0.311625867783749
120.0,230.0,90.0,0.3775444552801329
120.0,230.0,100.0,0.5926701198028378
120.0,230.0,110.0,0.7729306374406001
120.0,230.0,120.0,0.7374571592987659
120.0,230.0,130.0,0.9563364412714433
120.0,230.0,140.0,1.046974571172528
120.0,230.0,150.0,0.9565409098095928
120.0,230.0,160.0,1.045274242587078
120.0,230.0,170.0,0.8390984212359142
120.0,230.0,180.0,0.7065745801917077
120.0,230.0,190.0,0.5330143422966465
120.0,230.0,200.0,0.40844632626942295
120.0,230.0,210.0,0.22059573759243117
120.0,230.0,220.0,0.20757827948738392
120.0,230.0,230.0,0.12309069783457982
120.0,230.0,240.0,0.08889189698993782
120.0,230.0,250.0,0.07558995084203482
120.0,230.0,260.0,0.07274950164417968
120.0,230.0,270.0,0.0
120.0,230.0,280.0,0.0
120.0,230.0,290.0,0.022812808848458665
120.0,240.0,0.0,0.01152652625641458
120.0,240.0,10.0,0.0
120.0,240.0,20.0,0.0
120.0,240.0,30.0,0.009182585334736919
120.0,240.0,40.0,0.0
120.0,240.0,50.0,0.006581836695303961
120.0,240.0,60.0,0.0855247638780824
120.0,240.0,70.0,0.17181070362623382
120.0,240.0,80.0,0.20198333869812315
120.0,240.0,90.0,0.40952447359304883
120.0,240.0,100.0,0.5419876344691364
120.0,240.0,110.0,0.6149778317710504
120.0,240.0,120.0,0.8329679524711632
120.0,240.0,130.0,0.9328235593606529
120.0,240.0,140.0,0.8897074633993569
120.0,240.0,150.0,0.9901472562776498
120.0,240.0,160.0,0.7925817657592099
120.0,240.0,170.0,0.8005413135855046
120.0,240.0,180.0,0.6543408624997235
120.0,240.0,190.0,0.3395817356234732
120.0,240.0,200.0,0.29931290366090446
120.0,240.0,210.0,0.2666023410457281
120.0,240.0,220.0,0.2714840827749441
120.0,240.0,230.0,0.08789117686242584
120.0,240.0,240.0,0.0
120.0,240.0,250.0,0.14100970165905524
120.0,240.0,260.0,0.0
120.0,240.0,270.0,0.03362767867885834
120.0,240.0,280.0,0.050589685808897146
120.0,240.0,290.0,0.0
120.0,250.0,0.0,0.020571942242417346
120.0,250.0,10.0,0.0
120.0,250.0,20.0,0.0
120.0,250.0,30.0,0.0035789133957125317
120.0,250.0,40.0,0.006879705987335942
120.0,250.0,50.0,0.04180305497773445
120.0,250.0,60.0,0.0
120.0,250.0,70.0,0.12018423517979557
120.0,250.0,80.0,0.3360757157727093
120.0,250.0,90.0,0.3503832461255949
120.0,250.0,100.0,0.40564917198103073
120.0,250.0,110.0,0.4667779589986888
120.0,250.0,120.0,0.6395314253355104
120.0,250.0,130.0,0.6772404960560363
120.0,250.0,140.0,0.7976688660094244
120.0,250.0,150.0,0.6912167511611063
120.0,250.0,160.0,0.7033569374482074
120.0,250.0,170.0,0.7047113679219281
120.0,250.0,180.0,0.6254924191862734
120.0,250.0,190.0,0.3817130414048809
120.0,250.0,200.0,0.24458163431840244
120.0,250.0,210.0,0.1753170469998997
120.0,250.0,220.0,0.17926368104911428
120.0,250.0,230.0,0.14480622535862153
120.0,250.0,240.0,0.08623554344281997
120.0,250.0,250.0,0.0
120.0,250.0,260.0,0.051608093410717246
120.0,250.0,270.0,0.0
120.0,250.0,280.0,0.0
120.0,250.0,290.0,0.005172247803228703
120.0,260.0,0.0,0.0
120.0,260.0,10.0,0.02425696550446261
120.0,260.0,20.0,0.0
120.0,260.0,30.0,0.0
120.0,260.0,40.0,0.0
120.0,260.0,50.0,0.03437810965375402
120.0,260.0,60.0,0.09417699023941897
120.0,260.0,70.0,0.12276058117491251
120.0,260.0,80.0,0.18802433317417544
120.0,260.0,90.0,0.22335994718394397
120.0,260.0,100.0,0.3489169621572218
120.0,260.0,110.0,0.42745354395006974
120.0,260.0,120.0,0.4651251428983776
120.0,260.0,130.0,0.628897869800983
120.0,260.0,140.0,0.5948439386771467
120.0,260.0,150.0,0.6491348246037514
120.0,260.0,160.0,0.6374641791260336
120.0,260.0,170.0,0.5587809811801769
120.0,260.0,180.0,0.4509414147987022
120.0,260.0,190.0,0.3443034786525168
120.0,260.0,200.0,0.268978213976786
120.0,260.0,210.0,0.13679532276298045
120.0,260.0,220.0,0.09708111335492983
120.0,260.0,230.0,0.12388378943108852
120.0,260.0,240.0,0.031150208790850585
120.0,260.0,250.0,0.0
120.0,260.0,260.0,0.013700923429689937
120.0,260.0,270.0,0.14929398501649999
120.0,260.0,280.0,0.0
120.0,260.0,290.0,0.0
120.0,270.0,0.0,0.0
120.0,270.0,10.0,0.0
120.0,270.0,20.0,0.07768383248886239
120.0,270.0,30.0,0.0006598490881430091
120.0,270.0,40.0,0.0
120.0,270.0,50.0,0.0
120.0,270.0,60.0,0.11994753469978853
120.0,270.0,70.0,0.09949739475420295
120.0,270.0,80.0,0.1015169021618137
120.0,270.0,90.0,0.23768771175964426
120.0,270.0,100.0,0.24864260575502378
120.0,270.0,110.0,0.3860591094526673
120.0,270.0,120.0,0.4747723926990381
120.0,270.0,130.0,0.5269895189361317
120.0,270.0,140.0,0.5313422865972525
120.0,270.0,150.0,0.5071541563660723
120.0,270.0,160.0,0.6012488841312915
120.0,270.0,170.0,0.4115404608412853
120.0,270.0,180.0,0.3267114742946086
120.0,270.0,190.0,0.3459497869316146
120.0,270.0,200.0,0.2620559554907813
120.0,270.0,210.0,0.26891464067716087
120.0,270.0,220.0,0.04453413529881333
120.0,270.0,230.0,0.0710690198847474
120.0,270.0,240.0,0.07323025440928914
120.0,270.0,250.0,0.027593938763200723
120.0,270.0,260.0,0.0
120.0,270.0,270.0,0.022587930156996863
120.0,270.0,280.0,0.0
120.0,270.0,290.0,0.09689953528837209
120.0,280.0,0.0,0.12353070361386576
120.0,280.0,10.0,0.0
120.0,280.0,20.0,0.04254784850655132
120.0,280.0,30.0,0.0
120.0,280.0,40.0,0.11862392793262647
120.0,280.0,50.0,0.06942200801164648
120.0,280.0,60.0,0.0
120.0,280.0,70.0,0.12407311145102164
120.0,280.0,80.0,0.08531699943146795
120.0,280.0,90.0,0.2757820557526556
120.0,280.0,100.0,0.13467707074045754
120.0,280.0,110.0,0.3487306458169836
120.0,280.0,120.0,0.39905804421797064
120.0,280.0,130.0,0.42531201081155895
120.0,280.0,140.0,0.423159630563474
120.0,280.0,150.0,0.4285347103256131
120.0,280.0,160.0,0.40908202253991655
120.0,280.0,170.0,0.34513788245798316
120.0,280.0,180.0,0.3486328761531283
120.0,280.0,190.0,0.20826329933891738
120.0,280.0,200.0,0.15946493963667108
120.0,280.0,210.0,0.07285231509685273
120.0,280.0,220.0,0.0
120.0,280.0,230.0,0.030793915301114923
120.0,280.0,240.0,0.035071021848800954
120.0,280.0,250.0,0.0
120.0,280.0,260.0,0.0
120.0,280.0,270.0,0.03451262174816947
120.0,280.0,280.0,0.02032764161385775
120.0,280.0,290.0,0.0
120.0,290.0,0.0,0.0
120.0,290.0,10.0,0.0
120.0,290.0,20.0,0.0
120.0,290.0,30.0,0.05247960548841942
120.0,290.0,40.0,0.006582716373386593
120.0,290.0,50.0,0.10044175894247515
120.0,290.0,60.0,0.004942779765792042
120.0,290.0,70.0,0.004033307577241713
120.0,290.0,80.0,0.1094238805727261
120.0,290.0,90.0,0.05523813914544695
120.0,290.0,100.0,0.13176745361478293
120.0,290.0,110.0,0.2878309108428222
120.0,290.0,120.0,0.34421349457670125
120.0,290.0,130.0,0.35181852603525937
120.0,290.0,140.0,0.3301040188321324
120.0,290.0,150.0,0.3577909261767684
120.0,290.0,160.0,0.2943008510347339
120.0,290.0,170.0,0.28124445682019317
120.0,290.0,180.0,0.21163899214947096
120.0,290.0,190.0,0.1839498012389685
120.0,290.0,200.0,0.13667810030053132
120.0,290.0,210.0,0.13597835136047745
120.0,290.0,220.0,0.1047947878097362
120.0,290.0,230.0,0.0
120.0,290.0,240.0,0.05441075435028525
120.0,290.0,250.0,0.0
120.0,290.0,260.0,0.06056274806042563
120.0,290.0,270.0,0.01751079001870286
120.0,290.0,280.0,0.0
120.0,290.0,290.0,0.03141184336048298
130.0,0.0,0.0,0.01847631146683436
130.0,0.0,10.0,0.025005866709319483
130.0,0.0,20.0,0.0
130.0,0.0,30.0,0.034445129045140195
130.0,0.0,40.0,0.06397246991168076
130.0,0.0,50.0,0.0484963921232236
130.0,0.0,60.0,0.10753157458304675
130.0,0.0,70.0,0.06813847763492785
130.0,0.0,80.0,0.05085155224275461
130.0,0.0,90.0,0.1430515038324708
130.0,0.0,100.0,0.22560143448930706
130.0,0.0,110.0,0.2971116045996995
130.0,0.0,120.0,0.3149190928907074
130.0,0.0,130.0,0.3470857522890854
130.0,0.0,140.0,0.3516000329293877
130.0,0.0,150.0,0.37946492889511557
130.0,0.0,160.0,0.32156682192082037
130.0,0.0,170.0,0.23830371626153302
130.0,0.0,180.0,0.16155346762134368
130.0,0.0,190.0,0.1735586721378946
130.0,0.0,200.0,0.21766465157604623
130.0,0.0,210.0,0.07548818961484557
130.0,0.0,220.0,0.09990739545635174
130.0,0.0,230.0,0.019298256739770776
130.0,0.0,240.0,0.0
130.0,0.0,250.0,0.0
130.0,0.0,260.0,0.011015824668720336
130.0,0.0,270.0,0.0
130.0,0.0,280.0,0.054036312512829546
130.0,0.0,290.0,0.0
130.0,10.0,0.0,0.0
130.0,10.0,10.0,0.0
130.0,10.0,20.0,0.048876904657421665
130.0,10.0,30.0,0.0
130.0,10.0,40.0,0.0
130.0,10.0,50.0,0.0034351371486586006
130.0,10.0,60.0,0.04049297727572405
130.0,10.0,70.0,0.07940444894141406
130.0,10.0,80.0,0.07484156665000993
130.0,10.0,90.0,0.1088980723952833
130.0,10.0,100.0,0.2529696356420633
130.0,10.0,110.0,0.20017750415781438
130.0,10.0,120.0,0.31246588881421217
130.0,10.0,130.0,0.38442861031406095
130.0,10.0,140.0,0.5556629851065147
130.0,10.0,150.0,0.5463161026040263
130.0,10.0,160.0,0.4726569826575296
130.0,10.0,170.0,0.3721878042504285
130.0,10.0,180.0,0.30786590829659816
130.0,10.0,190.0,0.23252827246377022
130.0,10.0,200.0,0.13958724197244005
130.0,10.0,210.0,0.22231798870370245
130.0,10.0,220.0,0.04138871674347318
130.0,10.0,230.0,0.0057946529935566995
130.0,10.0,240.0,0.05701601476466271
130.0,10.0,250.0,0.00020752256364061673
130.0,10.0,260.0,0.0
130.0,10.0,270.0,0.028030620347843545
130.0,10.0,280.0,0.12211639551490185
130.0,10.0,290.0,0.09837380326427893
130.0,20.0,0.0,0.0
130.0,20.0,10.0,0.05770651826632321
130.0,20.0,20.0,0.04288070971868653
130.0,20.0,30.0,0.0
130.0,20.0,40.0,0.011900267503023119
130.0,20.0,50.0,0.0600202071052988
130.0,20.0,60.0,0.052180900775060636
130.0,20.0,70.0,0.17218626416167448
130.0,20.0,80.0,0.15988564413404033
130.0,20.0,90.0,0.20941969881411945
130.0,20.0,100.0,0.3196374433635539
130.0,20.0,110.0,0.39172407603329307
130.0,20.0,120.0,0.47738583767661896
130.0,20.0,130.0,0.4542290900173662
130.0,20.0,140.0,0.6260553096577799
130.0,20.0,150.0,0.5038185691767963
130.0,20.0,160.0,0.4697084096511197
130.0,20.0,170.0,0.464758416518912
130.0,20.0,180.0,0.44348160084507904
130.0,20.0,190.0,0.22320531178190883
130.0,20.0,200.0,0.23689046211899478
130.0,20.0,210.0,0.12351996845053749
130.0,20.0,220.0,0.1221950881839173
130.0,20.0,230.0,0.08405338984797196
130.0,20.0,240.0,0.0
130.0,20.0,250.0,0.0
130.0,20.0,260.0,0.06206145904454645
130.0,20.0,270.0,0.012878136572658273
130.0,20.0,280.0,0.0
130.0,20.0,290.0,0.006725474863803144
130.0,30.0,0.0,0.024202831786810555
130.0,30.0,10.0,0.0024096632946829337
130.0,30.0,20.0,0.0
130.0,30.0,30.0,0.0
130.0,30.0,40.0,0.08279855937341643
130.0,30.0,50.0,0.0
130.0,30.0,60.0,0.06514506454557668
130.0,30.0,70.0,0.17818244110649176
130.0,30.0,80.0,0.17747354899547144
130.0,30.0,90.0,0.2623890684018168
130.0,30.0,100.0,0.3783365497652803
130.0,30.0,110.0,0.5071133633326328
130.0,30.0,120.0,0.547802968962118
130.0,30.0,130.0,0.6469160826170743
130.0,30.0,140.0,0.6868492661589455
130.0,30.0,150.0,0.7889944460709976
130.0,30.0,160.0,0.5514306560766511
130.0,30.0,170.0,0.5645079431985364
130.0,30.0,180.0,0.5099134802235167
130.0,30.0,190.0,0.30309145182608155
130.0,30.0,200.0,0.273984097026056
130.0,30.0,210.0,0.16925134884186638
130.0,30.0,220.0,0.1369552162598206
130.0,30.0,230.0,0.07170430716120955
130.0,30.0,240.0,0.06650637456789188
130.0,30.0,250.0,0.02682368114405996
130.0,30.0,260.0,0.056809499075623535
130.0,30.0,270.0,0.05624984519830245
130.0,30.0,280.0,0.004424537936283352
130.0,30.0,290.0,0.06680245499750896
130.0,40.0,0.0,0.0
130.0,40.0,10.0,0.0
130.0,40.0,20.0,0.0
130.0,40.0,30.0,0.016053108717764955
130.0,40.0,40.0,0.04255088262285569
130.0,40.0,50.0,0.0
130.0,40.0,60.0,0.02349697539857379
130.0,40.0,70.0,0.2067038470258123
130.0,40.0,80.0,0.22465435716528315
130.0,40.0,90.0,0.25115840138984225
130.0,40.0,100.0,0.3418459378101738
130.0,40.0,110.0,0.5872651945116081
130.0,40.0,120.0,0.6695138931156707
130.0,40.0,130.0,0.717408945892171
130.0,40.0,140.0,0.9360283434202572
130.0,40.0,150.0,0.8455704784487664
130.0,40.0,160.0,0.761069027791143
130.0,40.0,170.0,0.6225711373707966
130.0,40.0,180.0,0.48825069547005256
130.0,40.0,190.0,0.4090830714049975
130.0,40.0,200.0,0.29244898754159826
130.0,40.0,210.0,0.18499880699104185
130.0,40.0,220.0,0.18248967144351003
130.0,40.0,230.0,0.1506435484268884
130.0,40.0,240.0,0.0
130.0,40.0,250.0,0.05000936258130299
130.0,40.0,260.0,0.0
130.0,40.0,270.0,0.06990093624639106
130.0,40.0,280.0,0.004422767720355374
130.0,40.0,290.0,0.009801661449607571
130.0,50.0,0.0,0.0
130.0,50.0,10.0,0.02431109247760747
130.0,50.0,20.0,0.0
130.0,50.0,30.0,0.02430377855217005
130.0,50.0,40.0,0.094746262634068
130.0,50.0,50.0,0.1474928088406917
130.0,50.0,60.0,0.1577245519156367
130.0,50.0,70.0,0.15362224865298976
130.0,50.0,80.0,0.30371506600447806
130.0,50.0,90.0,0.30903963704473847
130.0,50.0,100.0,0.3885143333428284
130.0,50.0,110.0,0.6412009501775373
130.0,50.0,120.0,0.7653568746122872
130.0,50.0,130.0,0.8887661549981768
130.0,50.0,140.0,0.9300737002131197
130.0,50.0,150.0,0.9796179136489492
130.0,50.0,160.0,0.8027073214089053
130.0,50.0,170.0,0.7828729469033501
130.0,50.0,180.0,0.6136525140736488
130.0,50.0,190.0,0.4685113930107214
130.0,50.0,200.0,0.42594072715386927
130.0,50.0,210.0,0.22315871588941266
130.0,50.0,220.0,0.15744615048875665
130.0,50.0,230.0,0.12880444171837263
130.0,50.0,240.0,0.14505109696537816
130.0,50.0,250.0,0.0
130.0,50.0,260.0,0.0
130.0,50.0,270.0,0.12505767818733043
130.0,50.0,280.0,0.11181306022627883
130.0,50.0,290.0,0.04946797890180873
130.0,60.0,0.0,0.00894625297285698
130.0,60.0,10.0,0.04369660815412942
130.0,60.0,20.0,0.011829444248216536
130.0,60.0,30.0,0.0
130.0,60.0,40.0,0.08941938620182192
130.0,60.0,50.0,0.12217217925163809
130.0,60.0,60.0,0.19347085838108793
130.0,60.0,70.0,0.0663122618747022
130.0,60.0,80.0,0.2683323172878166
130.0,60.0,90.0,0.40553040223407355
130.0,60.0,100.0,0.644085743162156
130.0,60.0,110.0,0.7430727476240335
130.0,60.0,120.0,0.9141776544263029
130.0,60.0,130.0,0.9940542897397688
130.0,60.0,140.0,1.208788703835032
130.0,60.0,150.0,1.1801854883997105
130.0,60.0,160.0,1.0576970253679243
130.0,60.0,170.0,0.915213430578296
130.0,60.0,180.0,0.7244142906442037
130.0,60.0,190.0,0.539267070230782
130.0,60.0,200.0,0.5121345827263842
130.0,60.0,210.0,0.2005772275649918
130.0,60.0,220.0,0.24255635907700895
130.0,60.0,230.0,0.10406911424084077
130.0,60.0,240.0,0.026996424339778925
130.0,60.0,250.0,0.05098311325343857
130.0,60.0,260.0,0.05304008036895973
130.0,60.0,270.0,0.0
130.0,60.0,280.0,0.03390701115548276
130.0,60.0,290.0,0.035312902444176904
130.0,70.0,0.0,0.00702786911459835
130.0,70.0,10.0,0.022276907347762942
130.0,70.0,20.0,0.015771683920693426
130.0,70.0,30.0,0.0
130.0,70.0,40.0,0.04948520755415958
130.0,70.0,50.0,0.14191751127294416
130.0,70.0,60.0,0.1817452506392403
130.0,70.0,70.0,0.21146480975017792
130.0,70.0,80.0,0.25443769838657376
130.0,70.0,90.0,0.3732712353940207
130.0,70.0,100.0,0.6977607259907213
130.0,70.0,110.0,0.8692977495370233
130.0,70.0,120.0,1.0077664023450161
130.0,70.0,130.0,1.1380398842514263
130.0,70.0,140.0,1.244246569516898
130.0,70.0,150.0,1.2643365793049528
130.0,70.0,160.0,1.1038578977844864
130.0,70.0,170.0,0.9994051085422532
130.0,70.0,180.0,0.8720379214080828
130.0,70.0,190.0,0.7017380669411082
130.0,70.0,200.0,0.5545050455740376
130.0,70.0,210.0,0.35701364051968393
130.0,70.0,220.0,0.23909981678175993
130.0,70.0,230.0,0.15418098688127302
130.0,70.0,240.0,0.10452647759488565
130.0,70.0,250.0,0.0
130.0,70.0,260.0,0.08513452959773102
130.0,70.0,270.0,0.07355144712331528
130.0,70.0,280.0,0.027445413744758403
130.0,70.0,290.0,0.024479854356233934
130.0,80.0,0.0,0.0
130.0,80.0,10.0,0.020416616752964765
130.0,80.0,20.0,0.10200611431983797
130.0,80.0,30.0,0.08386885193574053
130.0,80.0,40.0,0.09610435810790804
130.0,80.0,50.0,0.14237309679528332
130.0,80.0,60.0,0.07783503957975967
130.0,80.0,70.0,0.11736235363075206
130.0,80.0,80.0,0.44657496749474623
130.0,80.0,90.0,0.5023025985147196
130.0,80.0,100.0,0.691631397638596
130.0,80.0,110.0,1.0110295961513698
130.0,80.0,120.0,1.0477925339673078
130.0,80.0,130.0,1.336102183936851
130.0,80.0,140.0,1.4070826689886715
130.0,80.0,150.0,1.4136138871018389
130.0,80.0,160.0,1.2769385014185703
130.0,80.0,170.0,1.0805159633314516
130.0,80.0,180.0,0.9567678248547196
130.0,80.0,190.0,0.7277674221491581
130.0,80.0,200.0,0.5354428723120002
130.0,80.0,210.0,0.36806937207234147
130.0,80.0,220.0,0.27976843607881263
130.0,80.0,230.0,0.20277470647319468
130.0,80.0,240.0,0.08753337110753638
130.0,80.0,250.0,0.05628083607976608
130.0,80.0,260.0,0.0
130.0,80.0,270.0,0.0
130.0,80.0,280.0,0.0
130.0,80.0,290.0,0.0
130.0,90.0,0.0,0.002850388459294629
130.0,90.0,10.0,0.0
130.0,90.0,20.0,0.02427516537261081
130.0,90.0,30.0,0.09491134999572194
130.0,90.0,40.0,0.10655163156079803
130.0,90.0,50.0,0.12719369279535753
130.0,90.0,60.0,0.1886972564373063
130.0,90.0,70.0,0.3065317479579441
130.0,90.0,80.0,0.39595767172667673
130.0,90.0,90.0,0.4628946379673169
130.0,90.0,100.0,0.786560429595058
130.0,90.0,110.0,1.116254398137057
130.0,90.0,120.0,1.209477809269364
130.0,90.0,130.0,1.4603741144602114
130.0,90.0,140.0,1.5233085311703816
130.0,90.0,150.0,1.5175805469993207
130.0,90.0,160.0,1.3889635292572247
130.0,90.0,170.0,1.3208786165685713
130.0,90.0,180.0,1.1055447916766852
130.0,90.0,190.0,0.7354888937742187
130.0,90.0,200.0,0.5497711443960225
130.0,90.0,210.0,0.38760975094064026
130.0,90.0,220.0,0.2657261454595708
130.0,90.0,230.0,0.14203719818156163
130.0,90.0,240.0,0.0758449626069513
130.0,90.0,250.0,0.08399159301859944
130.0,90.0,260.0,0.03874203650150023
130.0,90.0,270.0,0.0
130.0,90.0,280.0,0.0
130.0,90.0,290.0,0.0
130.0,100.0,0.0,0.0
130.0,100.0,10.0,0.0
130.0,100.0,20.0,0.030350719341204757
130.0,100.0,30.0,0.02164009760722748
130.0,100.0,40.0,0.0
130.0,100.0,50.0,0.21490163477651114
130.0,100.0,60.0,0.15505863307976356
130.0,100.0,70.0,0.29406784945437
130.0,100.0,80.0,0.3829652294163478
130.0,100.0,90.0,0.7186378550423685
130.0,100.0,100.0,0.8112939871467006
130.0,100.0,110.0,1.1024263040227762
130.0,100.0,120.0,1.337981649519983
130.0,100.0,130.0,1.569074374220875
130.0,100.0,140.0,1.6816270156596802
130.0,100.0,150.0,1.5901588177533648
130.0,100.0,160.0,1.519784909673291
130.0,100.0,170.0,1.3416449140614
130.0,100.0,180.0,1.0896244980854322
130.0,100.0,190.0,0.9200636108292806
130.0,100.0,200.0,0.6569877906141728
130.0,100.0,210.0,0.43055710650063317
130.0,100.0,220.0,0.39877981301784
130.0,100.0,230.0,0.17594400364100454
130.0,100.0,240.0,0.132235954358363
130.0,100.0,250.0,0.004220760647004149
130.0,100.0,260.0,0.0690810390035918
130.0,100.0,270.0,0.0
130.0,100.0,280.0,0.0
130.0,100.0,290.0,0.060711272804016385
130.0,110.0,0.0,0.09428983510312455
130.0,110.0,10.0,0.07183420109255374
130.0,110.0,20.0,0.05481440995842271
130.0,110.0,30.0,0.023189758309649852
130.0,110.0,40.0,0.0
130.0,110.0,50.0,0.07143268339495268
130.0,110.0,60.0,0.1798478616002908
130.0,110.0,70.0,0.25798167623796553
130.0,110.0,80.0,0.512522876329653
130.0,110.0,90.0,0.6501601537604212
130.0,110.0,100.0,0.928552096272033
130.0,110.0,110.0,1.1218036904237085
130.0,110.0,120.0,1.439255094009609
130.0,110.0,130.0,1.62468760776701
130.0,110.0,140.0,1.7821371083737083
130.0,110.0,150.0,1.6710076691435234
130.0,110.0,160.0,1.563203854235705
130.0,110.0,170.0,1.4102869488435192
130.0,110.0,180.0,1.086203523018258
130.0,110.0,190.0,1.0133281486576269
130.0,110.0,200.0,0.5956684013332146
130.0,110.0,210.0,0.5196058575072731
130.0,110.0,220.0,0.36163118277220974
130.0,110.0,230.0,0.16774325540434049
130.0,110.0,240.0,0.16840293803896822
130.0,110.0,250.0,0.011664753512505045
130.0,110.0,260.0,0.046123768665724256
130.0,110.0,270.0,0.024850494211131176
130.0,110.0,280.0,0.06241536468098284
130.0,110.0,290.0,0.09690789861229827
130.0,120.0,0.0,0.0007613366816220165
130.0,120.0,10.0,0.026692069287638114
130.0,120.0,20.0,0.0013906504363647623
130.0,120.0,30.0,0.04974306771622164
130.0,120.0,40.0,0.07382236441105096
130.0,120.0,50.0,0.09746189880198194
130.0,120.0,60.0,0.20652462500658056
130.0,120.0,70.0,0.3199567472613648
130.0,120.0,80.0,0.5143937960406679
130.0,120.0,90.0,0.7773479510791488
130.0,120.0,100.0,1.0364601908517066
130.0,120.0,110.0,1.2058559043519315
130.0,120.0,120.0,1.5289113213842562
130.0,120.0,130.0,1.6807041024939429
130.0,120.0,140.0,1.8788373584512725
130.0,120.0,150.0,1.9473784347548335
130.0,120.0,160.0,1.7531862664041518
130.0,120.0,170.0,1.5510612016325713
130.0,120.0,180.0,1.3202967735890314
130.0,120.0,190.0,0.9877739696088381
130.0,120.0,200.0,0.7468867784607341
130.0,120.0,210.0,0.4652297776448376
130.0,120.0,220.0,0.2691526541410956
130.0,120.0,230.0,0.15633901595943434
130.0,120.0,240.0,0.04021404551843005
130.0,120.0,250.0,0.14203355188080222
130.0,120.0,260.0,0.0900141358423373
130.0,120.0,270.0,0.014503240696641754
130.0,120.0,280.0,0.0
130.0,120.0,290.0,0.05863783360339635
130.0,130.0,0.0,0.0
130.0,130.0,10.0,0.0
130.0,130.0,20.0,0.0
130.0,130.0,30.0,0.0
130.0,130.0,40.0,0.06448694989699659
130.0,130.0,50.0,0.22831892650587288
130.0,130.0,60.0,0.21995997821892863
130.0,130.0,70.0,0.21595790499749057
130.0,130.0,80.0,0.5307997511782341
130.0,130.0,90.0,0.7297336511476507
130.0,130.0,100.0,1.0462278817172956
130.0,130.0,110.0,1.3559190039625666
130.0,130.0,120.0,1.613753183244213
130.0,130.0,130.0,1.79307825267195
130.0,130.0,140.0,1.8870505145588625
130.0,130.0,150.0,1.8388102837284577
130.0,130.0,160.0,1.7925466415769173
130.0,130.0,170.0,1.5970152157985102
130.0,130.0,180.0,1.3282389361935445
130.0,130.0,190.0,1.0214257319503903
130.0,130.0,200.0,0.773176055122654
130.0,130.0,210.0,0.520851206957161
130.0,130.0,220.0,0.411769107615286
130.0,130.0,230.0,0.16705247882339022
130.0,130.0,240.0,0.026925580402084343
130.0,130.0,250.0,0.10909815591327884
130.0,130.0,260.0,0.0
130.0,130.0,270.0,0.0
130.0,130.0,280.0,0.001350582666551743
130.0,130.0,290.0,0.0
130.0,140.0,0.0,0.023056591153507285
130.0,140.0,10.0,0.03195553303536389
130.0,140.0,20.0,0.0
130.0,140.0,30.0,0.02721604542880038
130.0,140.0,40.0,0.08281096868185575
130.0,140.0,50.0,0.09909683400331985
130.0,140.0,60.0,0.2058341440680359
130.0,140.0,70.0,0.4054898060310551
130.0,140.0,80.0,0.5297474704813084
130.0,140.0,90.0,0.8314691482368142
130.0,140.0,100.0,1.0223242675186015
130.0,140.0,110.0,1.3369821880495494
130.0,140.0,120.0,1.602661781859775
130.0,140.0,130.0,1.7744627091019565
130.0,140.0,140.0,2.0
130.0,140.0,150.0,1.822805431672667
130.0,140.0,160.0,1.8206345915524058
130.0,140.0,170.0,1.5841740192762446
130.0,140.0,180.0,1.2356720603976432
130.0,140.0,190.0,0.9888795484899587
130.0,140.0,200.0,0.7677739253964131
130.0,140.0,210.0,0.48894089475443164
130.0,140.0,220.0,0.3203063872430438
130.0,140.0,230.0,0.20587436936263953
130.0,140.0,240.0,0.1062812014895247
130.0,140.0,250.0,0.0
130.0,140.0,260.0,0.055417766809952085
130.0,140.0,270.0,0.11265950852360151
130.0,140.0,280.0,0.09529495015926583
130.0,140.0,290.0,0.09165093854504071
130.0,150.0,0.0,0.0
130.0,150.0,10.0,0.05501599119235989
130.0,150.0,20.0,0.041359325222050755
130.0,150.0,30.0,0.04668711265215214
130.0,150.0,40.0,0.15765826713559591
130.0,150.0,50.0,0.0
130.0,150.0,60.0,0.24997963680235125
130.0,150.0,70.0,0.33533261481934834
130.0,150.0,80.0,0.5206062524177257
130.0,150.0,90.0,0.7239264235804095
130.0,150.0,100.0,1.0713937966303058
130.0,150.0,110.0,1.3049827800532
130.0,150.0,120.0,1.6375021304754143
130.0,150.0,130.0,1.7834163762195487
130.0,150.0,140.0,1.9330353983449262
130.0,150.0,150.0,1.8657027914325865
130.0,150.0,160.0,1.7537948574010458
130.0,150.0,170.0,1.573688723796439
130.0,150.0,180.0,1.322084638004486
130.0,150.0,190.0,0.9470587772869978
130.0,150.0,200.0,0.7854827124436226
130.0,150.0,210.0,0.4799385641036602
130.0,150.0,220.0,0.31691821688991473
130.0,150.0,230.0,0.2628078444995986
130.0,150.0,240.0,0.09870851518821767
130.0,150.0,250.0,0.09424201636689797
130.0,150.0,260.0,0.04585326728007605
130.0,150.0,270.0,0.023344054168895394
130.0,150.0,280.0,0.05366988818790015
130.0,150.0,290.0,0.047346461553143177
130.0,160.0,0.0,0.09108094587511623
130.0,160.0,10.0,0.0
130.0,160.0,20.0,0.009241283139538339
130.0,160.0,30.0,0.0
130.0,160.0,40.0,0.07176357928387098
130.0,160.0,50.0,0.06158834225209632
130.0,160.0,60.0,0.17569199608669955
130.0,160.0,70.0,0.3175502606847692
130.0,160.0,80.0,0.5517592365151464
130.0,160.0,90.0,0.8107213501418319
130.0,160.0,100.0,1.0277133947600363
130.0,160.0,110.0,1.2712184301830773
130.0,160.0,120.0,1.555437202396284
130.0,160.0,130.0,1.7706226243759948
130.0,160.0,140.0,1.9761407675712237
130.0,160.0,150.0,1.8357080291394412
130.0,160.0,160.0,1.7782597700115963
130.0,160.0,170.0,1.5349972886375784
130.0,160.0,180.0,1.270408448513726
130.0,160.0,190.0,0.9698168641546869
130.0,160.0,200.0,0.7464074945388725
130.0,160.0,210.0,0.5736446240483024
130.0,160.0,220.0,0.28999370091080107
130.0,160.0,230.0,0.2805404478375798
130.0,160.0,240.0,0.1107659899474922
130.0,160.0,250.0,0.0
130.0,160.0,260.0,0.08360918473987772
130.0,160.0,270.0,0.04154158752930294
130.0,160.0,280.0,0.00854083963558226
130.0,160.0,290.0,0.10614593937240174
130.0,170.0,0.0,0.057254857014556765
130.0,170.0,10.0,0.028543563420108758
130.0,170.0,20.0,0.0
130.0,170.0,30.0,0.0
130.0,170.0,40.0,0.12053283804403148
130.0,170.0,50.0,0.05071890450270384
130.0,170.0,60.0,0.20065953487771976
130.0,170.0,70.0,0.3291252032618708
130.0,170.0,80.0,0.43881158115990715
130.0,170.0,90.0,0.6990345502929944
130.0,170.0,100.0,1.0383595751607255
130.0,170.0,110.0,1.2595767286295303
130.0,170.0,120.0,1.6059941393800548
130.0,170.0,130.0,1.7685283426390082
130.0,170.0,140.0,1.7573829581813238
130.0,170.0,150.0,1.7428710983346956
130.0,170.0,160.0,1.7590373684837572
130.0,170.0,170.0,1.503686585795085
130.0,170.0,180.0,1.3271814044704435
130.0,170.0,190.0,0.9496771515014966
130.0,170.0,200.0,0.736271567770302
130.0,170.0,210.0,0.5120127829293138
130.0,170.0,220.0,0.30968359247939853
130.0,170.0,230.0,0.29885182974622254
130.0,170.0,240.0,0.11995873702273
130.0,170.0,250.0,0.09239935674888279
130.0,170.0,260.0,0.0
130.0,170.0,270.0,0.0
130.0,170.0,280.0,0.0
130.0,170.0,290.0,0.0
130.0,180.0,0.0,0.04687081885431329
130.0,180.0,10.0,0.0
130.0,180.0,20.0,0.0
130.0,180.0,30.0,0.0
130.0,180.0,40.0,0.0613247019656968
130.0,180.0,50.0,0.1496335809600794
130.0,180.0,60.0,0.22035578085326651
130.0,180.0,70.0,0.2857253338938695
130.0,180.0,80.0,0.4351416514486609
130.0,180.0,90.0,0.8026503979881491
130.0,180.0,100.0,0.9017365610325413
130.0,180.0,110.0,1.1711513165552823
130.0,180.0,120.0,1.451162129057368
130.0,180.0,130.0,1.623854381680441
130.0,180.0,140.0,1.7419893591300422
130.0,180.0,150.0,1.7688121898276783
130.0,180.0,160.0,1.7298249883621464
130.0,180.0,170.0,1.4833945144217915
130.0,180.0,180.0,1.1910416284217566
130.0,180.0,190.0,0.9683765829840363
130.0,180.0,200.0,0.8255693151410838
130.0,180.0,210.0,0.4387016216966843
130.0,180.0,220.0,0.2618641599917675
130.0,180.0,230.0,0.17496108906904032
130.0,180.0,240.0,0.0924888447605721
130.0,180.0,250.0,0.1368850241191051
130.0,180.0,260.0,0.11789630658054435
130.0,180.0,270.0,0.1260106701329357
130.0,180.0,280.0,0.0
130.0,180.0,290.0,0.0
130.0,190.0,0.0,0.0003960617931420003
130.0,190.0,10.0,0.001599955791140333
130.0,190.0,20.0,0.0
130.0,190.0,30.0,0.0
130.0,190.0,40.0,0.026785129489814992
130.0,190.0,50.0,0.09373426874477389
130.0,190.0,60.0,0.1977694282381419
130.0,190.0,70.0,0.34494719185231243
130.0,190.0,80.0,0.39369724352833185
130.0,190.0,90.0,0.5827155999862578
130.0,190.0,100.0,0.9022667915959038
130.0,190.0,110.0,1.1927892211913764
130.0,190.0,120.0,1.3691227073506753
130.0,190.0,130.0,1.5558058430743091
130.0,190.0,140.0,1.6808155800711306
130.0,190.0,150.0,1.7579811093754087
130.0,190.0,160.0,1.4713727584348426
130.0,190.0,170.0,1.4054803676607728
130.0,190.0,180.0,1.118112576185043
130.0,190.0,190.0,0.7695465489238222
130.0,190.0,200.0,0.6558455051373606
130.0,190.0,210.0,0.5300905123014257
130.0,190.0,220.0,0.1837203137550204
130.0,190.0,230.0,0.09807674620494299
130.0,190.0,240.0,0.035227634870224636
130.0,190.0,250.0,0.0667929749601438
130.0,190.0,260.0,0.06938345786557407
130.0,190.0,270.0,0.030658685365966255
130.0,190.0,280.0,0.02018038289724177
130.0,190.0,290.0,0.0
130.0,200.0,0.0,0.10592418361782806
130.0,200.0,10.0,0.07433587517730587
130.0,200.0,20.0,0.04182452993890291
130.0,200.0,30.0,0.0
130.0,200.0,40.0,0.054837995845176624
130.0,200.0,50.0,0.07738055255011718
130.0,200.0,60.0,0.1556932052988575
130.0,200.0,70.0,0.1877095263968313
130.0,200.0,80.0,0.39149416708518714
130.0,200.0,90.0,0.7170318310969083
130.0,200.0,100.0,0.7528282564372086
130.0,200.0,110.0,1.00789175658214
130.0,200.0,120.0,1.0903722838172991
130.0,200.0,130.0,1.3592522198815804
130.0,200.0,140.0,1.5248721689072453
130.0,200.0,150.0,1.5626494322620381
130.0,200.0,160.0,1.36426959884742
130.0,200.0,170.0,1.3144576908922192
130.0,200.0,180.0,1.0144968161612615
130.0,200.0,190.0,0.8591951196275508
130.0,200.0,200.0,0.5504262818343317
130.0,200.0,210.0,0.4191819439047106
130.0,200.0,220.0,0.21444120452046073
130.0,200.0,230.0,0.1584455949001078
130.0,200.0,240.0,0.10758043151673816
130.0,200.0,250.0,0.0
130.0,200.0,260.0,0.023771181230792728
130.0,200.0,270.0,0.04224563284857698
130.0,200.0,280.0,0.013726795971370187
130.0,200.0,290.0,0.0
130.0,210.0,0.0,0.0
130.0,210.0,10.0,0.0
130.0,210.0,20.0,0.0
130.0,210.0,30.0,0.11242593680813723
130.0,210.0,40.0,0.09318673436762867
130.0,210.0,50.0,0.18726762149327525
130.0,210.0,60.0,0.15392084064583494
130.0,210.0,70.0,0.30550575890537957
130.0,210.0,80.0,0.40469020443961
130.0,210.0,90.0,0.4674798783690921
130.0,210.0,100.0,0.6720223455827788
130.0,210.0,110.0,0.9095325376154904
130.0,210.0,120.0,1.1137094624967503
130.0,210.0,130.0,1.2799581075976267
130.0,210.0,140.0,1.3134669910385317
130.0,210.0,150.0,1.392590549347159
130.0,210.0,160.0,1.2827942252303222
130.0,210.0,170.0,1.1466547718346416
130.0,210.0,180.0,0.9881046055530975
130.0,210.0,190.0,0.7463487377515883
130.0,210.0,200.0,0.5672554372111678
130.0,210.0,210.0,0.3410204519691255
130.0,210.0,220.0,0.26520280849259326
130.0,210.0,230.0,0.13956886314257785
130.0,210.0,240.0,0.12065089874766069
130.0,210.0,250.0,0.07980667782699151
130.0,210.0,260.0,0.018791770341644295
130.0,210.0,270.0,0.0
130.0,210.0,280.0,0.06109420523704676
130.0,210.0,290.0,0.0
130.0,220.0,0.0,0.0
130.0,220.0,10.0,0.06834504211805312
130.0,220.0,20.0,0.0
130.0,220.0,30.0,0.0
130.0,220.0,40.0,0.03125871046315419
130.0,220.0,50.0,0.10415049423856376
130.0,220.0,60.0,0.15328188076969929
130.0,220.0,70.0,0.19722894928248272
130.0,220.0,80.0,0.278260427537429
130.0,220.0,90.0,0.38914010319545256
130.0,220.0,100.0,0.6255088893626958
130.0,220.0,110.0,0.9066486823144335
130.0,220.0,120.0,1.0308168199055492
130.0,220.0,130.0,1.1508824990584188
130.0,220.0,140.0,1.2470921101755335
130.0,220.0,150.0,1.143090289509386
130.0,220.0,160.0,1.1744680835831913
130.0,220.0,170.0,1.0095468140737895
130.0,220.0,180.0,0.8305979199526811
130.0,220.0,190.0,0.8230818392340528
130.0,220.0,200.0,0.4805962085787912
130.0,220.0,210.0,0.3018789832754263
130.0,220.0,220.0,0.2102007196514553
130.0,220.0,230.0,0.138825895242112
130.0,220.0,240.0,0.016476688826823876
130.0,220.0,250.0,0.06681768285149003
130.0,220.0,260.0,0.0035246073244601314
130.0,220.0,270.0,0.0
130.0,220.0,280.0,0.05091273149393775
130.0,220.0,290.0,0.03920250223424996
130.0,230.0,0.0,0.0
130.0,230.0,10.0,0.0
130.0,230.0,20.0,0.0
130.0,230.0,30.0,0.03155812605938257
130.0,230.0,40.0,0.06514147733781059
130.0,230.0,50.0,0.04713838015605236
130.0,230.0,60.0,0.07101710807853964
130.0,230.0,70.0,0.21128944421390117
130.0,230.0,80.0,0.36302154647503765
130.0,230.0,90.0,0.42351947935320355
130.0,230.0,100.0,0.5175927107142708
130.0,230.0,110.0,0.7505045180081747
130.0,230.0,120.0,0.8940899930359819
130.0,230.0,130.0,1.0910353227614467
130.0,230.0,140.0,1.0745998772191097
130.0,230.0,150.0,1.05307234165179
130.0,230.0,160.0,1.0321833067212045
130.0,230.0,170.0,0.9439559693987467
130.0,230.0,180.0,0.7683958377531046
130.0,230.0,190.0,0.5631013944334549
130.0,230.0,200.0,0.4259078407218391
130.0,230.0,210.0,0.2669196950161504
130.0,230.0,220.0,0.15829770177951333
130.0,230.0,230.0,0.0705062753477074
130.0,230.0,240.0,0.12934178598215518
130.0,230.0,250.0,0.0
130.0,230.0,260.0,0.05078157424616623
130.0,230.0,270.0,0.0
130.0,230.0,280.0,0.0
130.0,230.0,290.0,0.0
130.0,240.0,0.0,0.0022462070886722636
130.0,240.0,10.0,0.011002263506327173
130.0,240.0,20.0,0.000930916378501314
130.0,240.0,30.0,0.0
130.0,240.0,40.0,0.0
130.0,240.0,50.0,0.07875673185650285
130.0,240.0,60.0,0.13037617376003496
130.0,240.0,70.0,0.16226139781564175
130.0,240.0,80.0,0.2890030618965299
130.0,240.0,90.0,0.4104345631991535
130.0,240.0,100.0,0.567824957486659
130.0,240.0,110.0,0.698384702094596
130.0,240.0,120.0,0.7626439629082596
130.0,240.0,130.0,0.8596861847710919
130.0,240.0,140.0,0.9688264209365697
130.0,240.0,150.0,0.9715725520442742
130.0,240.0,160.0,0.8861239947748718
130.0,240.0,170.0,0.8566860108535591
130.0,240.0,180.0,0.6178088091883748
130.0,240.0,190.0,0.5642482048541091
130.0,240.0,200.0,0.2977478544930188
130.0,240.0,210.0,0.2229945104720684
130.0,240.0,220.0,0.1445724061634761
130.0,240.0,230.0,0.09205227868456364
130.0,240.0,240.0,0.0
130.0,240.0,250.0,0.0
130.0,240.0,260.0,0.09037103958501204
130.0,240.0,270.0,0.02082340562948115
130.0,240.0,280.0,0.0
130.0,240.0,290.0,0.03619530107281778
130.0,250.0,0.0,0.0
130.0,250.0,10.0,0.0
130.0,250.0,20.0,0.0009316948847857285
130.0,250.0,30.0,0.1253292296206931
130.0,250.0,40.0,0.04100897216916338
130.0,250.0,50.0,0.09268882875358145
130.0,250.0,60.0,0.08024257700402271
130.0,250.0,70.0,0.0874454004214254
130.0,250.0,80.0,0.200928747793979
130.0,250.0,90.0,0.29683376200858935
130.0,250.0,100.0,0.45096160071963987
130.0,250.0,110.0,0.5486626334893572
130.0,250.0,120.0,0.6900655445989465
130.0,250.0,130.0,0.7475943731263132
130.0,250.0,140.0,0.7766823239131433
130.0,250.0,150.0,0.9163033996722925
130.0,250.0,160.0,0.831308192792908
130.0,250.0,170.0,0.67203305079747
130.0,250.0,180.0,0.6161761177095135
130.0,250.0,190.0,0.4228334083736938
130.0,250.0,200.0,0.3888948596355345
130.0,250.0,210.0,0.1582648825939955
130.0,250.0,220.0,0.0921229885938968
130.0,250.0,230.0,0.03858081341134668
130.0,250.0,240.0,0.024380880217287963
130.0,250.0,250.0,0.013332257917922858
130.0,250.0,260.0,0.0
130.0,250.0,270.0,0.043543051898429525
130.0,250.0,280.0,0.079767665758472
130.0,250.0,290.0,0.03899859012360366
130.0,260.0,0.0,0.0
130.0,260.0,10.0,0.02027389375581267
130.0,260.0,20.0,0.0
130.0,260.0,30.0,0.057618873382343026
130.0,260.0,40.0,0.0
130.0,260.0,50.0,0.04746350207843243
130.0,260.0,60.0,0.07116929014051894
130.0,260.0,70.0,0.06427823599314283
130.0,260.0,80.0,0.20247224120035948
130.0,260.0,90.0,0.3185018409075824
130.0,260.0,100.0,0.3495843759471222
130.0,260.0,110.0,0.4542396399905341
130.0,260.0,120.0,0.5645391808451263
130.0,260.0,130.0,0.6537060302986636
130.0,260.0,140.0,0.6642337432785483
130.0,260.0,150.0,0.7456578783978731
130.0,260.0,160.0,0.5998201199983528
130.0,260.0,170.0,0.6327151904796726
130.0,260.0,180.0,0.48471962929198337
130.0,260.0,190.0,0.40200053025167753
130.0,260.0,200.0,0.18972981575323328
130.0,260.0,210.0,0.1787635358464618
130.0,260.0,220.0,0.16703128836047895
130.0,260.0,230.0,0.06993268633314488
130.0,260.0,240.0,0.06263995113907542
130.0,260.0,250.0,0.04676328349032345
130.0,260.0,260.0,0.013783569211532863
130.0,260.0,270.0,0.0
130.0,260.0,280.0,0.027836483522761017
130.0,260.0,290.0,0.0
130.0,270.0,0.0,0.0
130.0,270.0,10.0,0.04552385609367029
130.0,270.0,20.0,0.04808355774081201
130.0,270.0,30.0,0.08859269665523506
130.0,270.0,40.0,0.0
130.0,270.0,50.0,0.047302770156406326
130.0,270.0,60.0,0.06821723237497186
130.0,270.0,70.0,0.10274082058561286
130.0,270.0,80.0,0.1941944805345162
130.0,270.0,90.0,0.20229652069068976
130.0,270.0,100.0,0.33947872380491395
130.0,270.0,110.0,0.4377384526786315
130.0,270.0,120.0,0.4285254123525679
130.0,270.0,130.0,0.5307403392160512
130.0,270.0,140.0,0.5560248460718
130.0,270.0,150.0,0.5193510128695276
130.0,270.0,160.0,0.6498444405896677
130.0,270.0,170.0,0.47232658589147275
130.0,270.0,180.0,0.4647409366112399
130.0,270.0,190.0,0.2517995684102121
130.0,270.0,200.0,0.17650405674879865
130.0,270.0,210.0,0.17561424075131693
130.0,270.0,220.0,0.1401630753211852
130.0,270.0,230.0,0.027217170179036757
130.0,270.0,240.0,0.0
130.0,270.0,250.0,0.012675743383263952
130.0,270.0,260.0,0.0
130.0,270.0,270.0,0.010853489845003526
130.0,270.0,280.0,0.0
130.0,270.0,290.0,0.04001388664364277
130.0,280.0,0.0,0.0
130.0,280.0,10.0,0.0
130.0,280.0,20.0,0.042508616954643356
130.0,280.0,30.0,0.0
130.0,280.0,40.0,0.015585318796142666
130.0,280.0,50.0,0.036684358783160106
130.0,280.0,60.0,0.020763431783126236
130.0,280.0,70.0,0.04460832033522809
130.0,280.0,80.0,0.15963808107514085
130.0,280.0,90.0,0.15117336152431013
130.0,280.0,100.0,0.2706009822712349
130.0,280.0,110.0,0.2657753554736746
130.0,280.0,120.0,0.463622434752216
130.0,280.0,130.0,0.45977782334183337
130.0,280.0,140.0,0.3361070825057464
130.0,280.0,150.0,0.46488631466223684
130.0,280.0,160.0,0.4878182234124013
130.0,280.0,170.0,0.3842044678926884
130.0,280.0,180.0,0.3602476606101152
130.0,280.0,190.0,0.35133267658759326
130.0,280.0,200.0,0.2076979523763568
130.0,280.0,210.0,0.13519594962999767
130.0,280.0,220.0,0.006962867837562239
130.0,280.0,230.0,0.07604561865197144
130.0,280.0,240.0,0.0028392931306374
130.0,280.0,250.0,0.060732887239002394
130.0,280.0,260.0,0.0
130.0,280.0,270.0,0.0
130.0,280.0,280.0,0.0
130.0,280.0,290.0,0.04704861279753511
130.0,290.0,0.0,0.0
130.0,290.0,10.0,0.03552643387371348
130.0,290.0,20.0,0.05352687746688836
130.0,290.0,30.0,0.0046168065112736495
130.0,290.0,40.0,0.052507371697855174
130.0,290.0,50.0,0.0
130.0,290.0,60.0,0.026133162731768085
130.0,290.0,70.0,0.018801598151437428
130.0,290.0,80.0,0.10357517366936386
130.0,290.0,90.0,0.11262839223456603
130.0,290.0,100.0,0.138428725639153
130.0,290.0,110.0,0.2309954841261205
130.0,290.0,120.0,0.3291520753773576
130.0,290.0,130.0,0.2889565550710846
130.0,290.0,140.0,0.3646009825588621
130.0,290.0,150.0,0.3982989919838076
130.0,290.0,160.0,0.4740705475489012
130.0,290.0,170.0,0.30193238424096325
130.0,290.0,180.0,0.22917823493324116
130.0,290.0,190.0,0.13591231813381094
130.0,290.0,200.0,0.10972696333232579
130.0,290.0,210.0,0.09798583782648175
130.0,290.0,220.0,0.19923212372047971
130.0,290.0,230.0,0.07408801539699283
130.0,290.0,240.0,0.012544770695762176
130.0,290.0,250.0,0.07365282840052162
130.0,290.0,260.0,0.07533570010820344
130.0,290.0,270.0,0.0
130.0,290.0,280.0,0.0
130.0,290.0,290.0,0.0469119627507874
140.0,0.0,0.0,0.004468281530235173
140.0,0.0,10.0,0.04925669287002801
140.0,0.0,20.0,0.0
140.0,0.0,30.0,0.04001218561937744
140.0,0.0,40.0,0.0
140.0,0.0,50.0,0.07428225529180504
140.0,0.0,60.0,0.027461565904488585
140.0,0.0,70.0,0.0
140.0,0.0,80.0,0.07453211452136381
140.0,0.0,90.0,0.1708568933170134
140.0,0.0,100.0,0.2647229291817763
140.0,0.0,110.0,0.18124688287337096
140.0,0.0,120.0,0.34024335385601406
140.0,0.0,130.0,0.3657297363013049
140.0,0.0,140.0,0.41965212838196514
140.0,0.0,150.0,0.30440118668842414
140.0,0.0,160.0,0.3171218429213838
140.0,0.0,170.0,0.3714426718927222
140.0,0.0,180.0,0.23745649136784408
140.0,0.0,190.0,0.16439525701351565
140.0,0.0,200.0,0.22274175691180703
140.0,0.0,210.0,0.09962584319822529
140.0,0.0,220.0,0.0893399654829849
140.0,0.0,230.0,0.02051332349401731
140.0,0.0,240.0,0.0
140.0,0.0,250.0,0.03571354471578694
140.0,0.0,260.0,0.0
140.0,0.0,270.0,0.0
140.0,0.0,280.0,0.020442821668535654
140.0,0.0,290.0,0.061059245719358356
140.0,10.0,0.0,0.0
140.0,10.0,10.0,0.0
140.0,10.0,20.0,0.04766735633289968
140.0,10.0,30.0,0.0
140.0,10.0,40.0,0.021785788022039815
140.0,10.0,50.0,0.0
140.0,10.0,60.0,0.02287040875656697
140.0,10.0,70.0,0.06926991463415129
140.0,10.0,80.0,0.2541813508758991
140.0,10.0,90.0,0.2063675871274181
140.0,10.0,100.0,0.2911816682644198
140.0,10.0,110.0,0.3820592255799508
140.0,10.0,120.0,0.41419511426915084
140.0,10.0,130.0,0.3898325022238212
140.0,10.0,140.0,0.4451540112334312
140.0,10.0,150.0,0.45088951093371
140.0,10.0,160.0,0.4493211143565169
140.0,10.0,170.0,0.3721083076744631
140.0,10.0,180.0,0.301521000251713
140.0,10.0,190.0,0.2599807415348064
140.0,10.0,200.0,0.16926227945870534
140.0,10.0,210.0,0.10071588206930027
140.0,10.0,220.0,0.0032716147084516783
140.0,10.0,230.0,0.0568672741901043
140.0,10.0,240.0,0.016784533798074812
140.0,10.0,250.0,0.050031427185730844
140.0,10.0,260.0,0.0
140.0,10.0,270.0,0.18082498492057783
140.0,10.0,280.0,0.005333755399053439
140.0,10.0,290.0,0.0
140.0,20.0,0.0,0.002494522519153843
140.0,20.0,10.0,0.0
140.0,20.0,20.0,0.0
140.0,20.0,30.0,0.0
140.0,20.0,40.0,0.12906773046157013
140.0,20.0,50.0,0.0
140.0,20.0,60.0,0.14326057908062945
140.0,20.0,70.0,0.010574733642685227
140.0,20.0,80.0,0.26426570837771274
140.0,20.0,90.0,0.20118706654562807
140.0,20.0,100.0,0.3383727052300009
140.0,20.0,110.0,0.29438964400457895
140.0,20.0,120.0,0.4989101788451053
140.0,20.0,130.0,0.5498891985345832
140.0,20.0,140.0,0.5758643271337671
140.0,20.0,150.0,0.5989551560417978
140.0,20.0,160.0,0.4759647947872818
140.0,20.0,170.0,0.5867018140983095
140.0,20.0,180.0,0.4558605240326725
140.0,20.0,190.0,0.36103900817905366
140.0,20.0,200.0,0.19093512755866474
140.0,20.0,210.0,0.08366934980614953
140.0,20.0,220.0,0.190828017939135
140.0,20.0,230.0,0.08903815906115062
140.0,20.0,240.0,0.07051340635088602
140.0,20.0,250.0,0.06776665243111649
140.0,20.0,260.0,0.03556015242574144
140.0,20.0,270.0,0.0
140.0,20.0,280.0,0.07665502829599902
140.0,20.0,290.0,0.09486619957877486
140.0,30.0,0.0,0.003867383555875361
140.0,30.0,10.0,0.03191040554671546
140.0,30.0,20.0,0.015533522300174074
140.0,30.0,30.0,0.0
140.0,30.0,40.0,0.001616280090741582
140.0,30.0,50.0,0.01593024340971897
140.0,30.0,60.0,0.09345546751757847
140.0,30.0,70.0,0.1617188117624097
140.0,30.0,80.0,0.18468345139594033
140.0,30.0,90.0,0.25644137484089125
140.0,30.0,100.0,0.3560162600273181
140.0,30.0,110.0,0.5142667292522177
140.0,30.0,120.0,0.5555344143120574
140.0,30.0,130.0,0.62244317621793
140.0,30.0,140.0,0.741317487852852
140.0,30.0,150.0,0.7061848181591038
140.0,30.0,160.0,0.6784999131080152
140.0,30.0,170.0,0.6185059846135866
140.0,30.0,180.0,0.4913213517184884
140.0,30.0,190.0,0.371431609011006
140.0,30.0,200.0,0.27480510306000316
140.0,30.0,210.0,0.2502473750767395
140.0,30.0,220.0,0.11765093930784046
140.0,30.0,230.0,0.0898072362858442
140.0,30.0,240.0,0.09906692667624759
140.0,30.0,250.0,0.005446752073643351
140.0,30.0,260.0,0.006339814499725763
140.0,30.0,270.0,3.411273507690493e-06
140.0,30.0,280.0,0.0
140.0,30.0,290.0,0.0
140.0,40.0,0.0,0.0
140.0,40.0,10.0,0.0
140.0,40.0,20.0,0.07750702905585183
140.0,40.0,30.0,0.0
140.0,40.0,40.0,0.0
140.0,40.0,50.0,0.1655394411632275
140.0,40.0,60.0,0.04842974376320254
140.0,40.0,70.0,0.06986235315464678
140.0,40.0,80.0,0.13727013391980147
140.0,40.0,90.0,0.31269765330506377
140.0,40.0,100.0,0.4065895765950608
140.0,40.0,110.0,0.6219676924252029
140.0,40.0,120.0,0.6705940163527953
140.0,40.0,130.0,0.7782138726534019
140.0,40.0,140.0,0.7917648703914393
140.0,40.0,150.0,0.8294912102987237
140.0,40.0,160.0,0.7760854892361714
140.0,40.0,170.0,0.6863981688485546
140.0,40.0,180.0,0.6449413334080849
140.0,40.0,190.0,0.5033622747028971
140.0,40.0,200.0,0.2540065828944397
140.0,40.0,210.0,0.2987318181590825
140.0,40.0,220.0,0.11316211227783834
140.0,40.0,230.0,0.014338473513632322
140.0,40.0,240.0,0.12550298960740255
140.0,40.0,250.0,0.0
140.0,40.0,260.0,0.07311786453402516
140.0,40.0,270.0,0.03890252770465312
140.0,40.0,280.0,0.0
140.0,40.0,290.0,0.09342440540576288
140.0,50.0,0.0,0.027410567158889086
140.0,50.0,10.0,0.0
140.0,50.0,20.0,0.07369164282410848
140.0,50.0,30.0,0.0
140.0,50.0,40.0,0.0
140.0,50.0,50.0,0.15328740624635434
140.0,50.0,60.0,0.10675017560324634
140.0,50.0,70.0,0.1311181942054954
140.0,50.0,80.0,0.28144059985218867
140.0,50.0,90.0,0.32419056847891575
140.0,50.0,100.0,0.5022674154312364
140.0,50.0,110.0,0.6893550948047563
140.0,50.0,120.0,0.903334716428721
140.0,50.0,130.0,0.9278505756596378
140.0,50.0,140.0,0.9423531695495319
140.0,50.0,150.0,0.9736069701080661
140.0,50.0,160.0,0.9325841812744248
140.0,50.0,170.0,0.7281000666434417
140.0,50.0,180.0,0.7391119674047519
140.0,50.0,190.0,0.5973971709880557
140.0,50.0,200.0,0.39774507306198764
140.0,50.0,210.0,0.31744313697725557
140.0,50.0,220.0,0.14574154194885142
140.0,50.0,230.0,0.09597659064861377
140.0,50.0,240.0,0.005781071361059147
140.0,50.0,250.0,0.015799055750834397
140.0,50.0,260.0,0.0
140.0,50.0,270.0,0.06575989948807526
140.0,50.0,280.0,0.03939453898743259
140.0,50.0,290.0,0.0
140.0,60.0,0.0,0.0
140.0,60.0,10.0,0.0
140.0,60.0,20.0,0.0
140.0,60.0,30.0,0.01719916883710117
140.0,60.0,40.0,0.10190922133600397
140.0,60.0,50.0,0.1229953789750322
140.0,60.0,60.0,0.2024307350541839
140.0,60.0,70.0,0.13620549096524975
140.0,60.0,80.0,0.23352069576182305
140.0,60.0,90.0,0.3928345530955481
140.0,60.0,100.0,0.6306861124634148
140.0,60.0,110.0,0.7028448894916802
140.0,60.0,120.0,0.8618873891048522
140.0,60.0,130.0,1.0745250174416558
140.0,60.0,140.0,1.161014410496197
140.0,60.0,150.0,1.1001898429703085
140.0,60.0,160.0,1.09738470969219
140.0,60.0,170.0,0.8589978681839456
140.0,60.0,180.0,0.7525302458547762
140.0,60.0,190.0,0.6127746557590641
140.0,60.0,200.0,0.4812968228405101
140.0,60.0,210.0,0.2872505841517685
140.0,60.0,220.0,0.2509939583427255
140.0,60.0,230.0,0.1325487583491699
140.0,60.0,240.0,0.01723511055268369
140.0,60.0,250.0,0.03334694944487662
140.0,60.0,260.0,0.05298741673213922
140.0,60.0,270.0,0.09991053342875053
140.0,60.0,280.0,0.0
140.0,60.0,290.0,0.0154731527109022
140.0,70.0,0.0,0.0313023272949379
140.0,70.0,10.0,0.0
140.0,70.0,20.0,0.034898773414601514
140.0,70.0,30.0,0.0
140.0,70.0,40.0,0.08011848596682643
140.0,70.0,50.0,0.0718634290070756
140.0,70.0,60.0,0.1630575959329998
140.0,70.0,70.0,0.2808394154389668
140.0,70.0,80.0,0.35412024758128974
140.0,70.0,90.0,0.4996522975951632
140.0,70.0,100.0,0.694944266499543
140.0,70.0,110.0,0.8060080220574388
140.0,70.0,120.0,1.043160855912378
140.0,70.0,130.0,1.150153580550499
140.0,70.0,140.0,1.2787306589160168
140.0,70.0,150.0,1.248503452696125
140.0,70.0,160.0,1.1782353579811646
140.0,70.0,170.0,1.0975956189829195
140.0,70.0,180.0,0.876881732423718
140.0,70.0,190.0,0.7011316138013204
140.0,70.0,200.0,0.49992557289422906
140.0,70.0,210.0,0.2912977475129819
140.0,70.0,220.0,0.2665399668264924
140.0,70.0,230.0,0.19317280807428241
140.0,70.0,240.0,0.010980875082604813
140.0,70.0,250.0,0.0
140.0,70.0,260.0,0.1167802863645855
140.0,70.0,270.0,0.0
140.0,70.0,280.0,0.0
140.0,70.0,290.0,0.0
140.0,80.0,0.0,0.00886139537692628
140.0,80.0,10.0,0.053417598405473936
140.0,80.0,20.0,0.016901864748146825
140.0,80.0,30.0,0.0
140.0,80.0,40.0,0.09515364683521788
140.0,80.0,50.0,0.061834074487099794
140.0,80.0,60.0,0.1852310600191023
140.0,80.0,70.0,0.2294558957484471
140.0,80.0,80.0,0.4260099335866912
140.0,80.0,90.0,0.5760020685896937
140.0,80.0,100.0,0.7393205407166389
140.0,80.0,110.0,0.9596443817481609
140.0,80.0,120.0,1.1733619343732666
140.0,80.0,130.0,1.260364859455162
140.0,80.0,140.0,1.3636949554106106
140.0,80.0,150.0,1.38517814577538
140.0,80.0,160.0,1.3659050041246235
140.0,80.0,170.0,1.221942074461037
140.0,80.0,180.0,1.0025792064519004
140.0,80.0,190.0,0.7128270428869286
140.0,80.0,200.0,0.5677173569943011
140.0,80.0,210.0,0.39524813712956636
140.0,80.0,220.0,0.2912192348344574
140.0,80.0,230.0,0.12108682143261776
140.0,80.0,240.0,0.13799212540790973
140.0,80.0,250.0,0.10393433924487899
140.0,80.0,260.0,0.01017952045986989
140.0,80.0,270.0,0.018604092328971825
140.0,80.0,280.0,0.06524339578484521
140.0,80.0,290.0,0.05109341947266118
140.0,90.0,0.0,0.037980942024742274
140.0,90.0,10.0,0.0
140.0,90.0,20.0,0.0
140.0,90.0,30.0,0.04502057892549736
140.0,90.0,40.0,0.06823586855238631
140.0,90.0,50.0,0.1120400323029126
140.0,90.0,60.0,0.22544944514488266
140.0,90.0,70.0,0.36247693941387643
140.0,90.0,80.0,0.40102006732289197
140.0,90.0,90.0,0.6653091477507483
140.0,90.0,100.0,0.8038409537829607
140.0,90.0,110.0,1.0525696889029417
140.0,90.0,120.0,1.2908385468847192
140.0,90.0,130.0,1.4228347332687539
140.0,90.0,140.0,1.5829669394902155
140.0,90.0,150.0,1.5387920389776772
140.0,90.0,160.0,1.5447413800065501
140.0,90.0,170.0,1.2168713193471383
140.0,90.0,180.0,1.222018062336186
140.0,90.0,190.0,0.8228828432919444
140.0,90.0,200.0,0.582233970650566
140.0,90.0,210.0,0.4342562999386639
140.0,90.0,220.0,0.3099973678759464
140.0,90.0,230.0,0.1566291570150931
140.0,90.0,240.0,0.08924995569292006
140.0,90.0,250.0,0.08712834832879698
140.0,90.0,260.0,0.0561211882964808
140.0,90.0,270.0,0.0
140.0,90.0,280.0,0.06158873807218778
140.0,90.0,290.0,0.04476391623926256
140.0,100.0,0.0,0.0
140.0,100.0,10.0,0.0
140.0,100.0,20.0,0.044088251816077464
140.0,100.0,30.0,0.0
140.0,100.0,40.0,0.055408832248479
140.0,100.0,50.0,0.10343993498920681
140.0,100.0,60.0,0.16424322838416527
140.0,100.0,70.0,0.2531445057984951
140.0,100.0,80.0,0.4176558415575381
140.0,100.0,90.0,0.7031582448808608
140.0,100.0,100.0,0.8719753460494155
140.0,100.0,110.0,1.1680426314735752
140.0,100.0,120.0,1.3902177153346853
140.0,100.0,130.0,1.6483302035257617
140.0,100.0,140.0,1.5749649180264678
140.0,100.0,150.0,1.7387589768635294
140.0,100.0,160.0,1.559987389279837
140.0,100.0,170.0,1.4488231485071894
140.0,100.0,180.0,1.1039091356631006
140.0,100.0,190.0,0.9607179324157566
140.0,100.0,200.0,0.6728093044196277
140.0,100.0,210.0,0.4690842626039356
140.0,100.0,220.0,0.30192794633433245
140.0,100.0,230.0,0.22807510032736267
140.0,100.0,240.0,0.16530935055194798
140.0,100.0,250.0,0.06980725752652689
140.0,100.0,260.0,0.0
140.0,100.0,270.0,0.0
140.0,100.0,280.0,0.0
140.0,100.0,290.0,0.02270165813936254
140.0,110.0,0.0,0.02740594245930883
140.0,110.0,10.0,0.028623834859119162
140.0,110.0,20.0,0.0
140.0,110.0,30.0,0.024037034278535645
140.0,110.0,40.0,0.05093485013539305
140.0,110.0,50.0,0.1077828358379119
140.0,110.0,60.0,0.1451361398811707
140.0,110.0,70.0,0.2978673595595636
140.0,110.0,80.0,0.4751424509398097
140.0,110.0,90.0,0.6089451577392799
140.0,110.0,100.0,0.9439316743215305
140.0,110.0,110.0,1.1898997059647172
140.0,110.0,120.0,1.5060211688356258
140.0,110.0,130.0,1.7884352333474725
140.0,110.0,140.0,1.7601637701573323
140.0,110.0,150.0,1.7625448780295199
140.0,110.0,160.0,1.745743148616024
140.0,110.0,170.0,1.4634827367821783
140.0,110.0,180.0,1.2389862011784585
140.0,110.0,190.0,0.9602755711939774
140.0,110.0,200.0,0.687302009622963
140.0,110.0,210.0,0.4771940615073514
140.0,110.0,220.0,0.3096836913628245
140.0,110.0,230.0,0.17674310132025756
140.0,110.0,240.0,0.11140013651584328
140.0,110.0,250.0,0.029380301994808213
140.0,110.0,260.0,0.024828382605581966
140.0,110.0,270.0,0.034556529764486164
140.0,110.0,280.0,0.07267843839581545
140.0,110.0,290.0,0.07475447408921904
140.0,120.0,0.0,0.07982244983371496
140.0,120.0,10.0,0.0
140.0,120.0,20.0,0.0
140.0,120.0,30.0,0.015442290966232383
140.0,120.0,40.0,0.020595673814547327
140.0,120.0,50.0,0.15605707919548886
140.0,120.0,60.0,0.14436367861217786
140.0,120.0,70.0,0.2880535295867862
140.0,120.0,80.0,0.5408189012878655
140.0,120.0,90.0,0.7075743535838954
140.0,120.0,100.0,1.0084995970262214
140.0,120.0,110.0,1.2596349092889876
140.0,120.0,120.0,1.553672151926708
140.0,120.0,130.0,1.7974753427855963
140.0,120.0,140.0,1.963377614540272
140.0,120.0,150.0,1.853234292650191
140.0,120.0,160.0,1.752166096076769
140.0,120.0,170.0,1.6339560408279004
140.0,120.0,180.0,1.2930048016789424
140.0,120.0,190.0,0.9768336608692663
140.0,120.0,200.0,0.5972883604116862
140.0,120.0,210.0,0.5136152216800645
140.0,120.0,220.0,0.2975684815394793
140.0,120.0,230.0,0.22413873780121743
140.0,120.0,240.0,0.016573884618720572
140.0,120.0,250.0,0.09971676736461577
140.0,120.0,260.0,0.0764677323250772
140.0,120.0,270.0,0.0
140.0,120.0,280.0,0.11871284844219061
140.0,120.0,290.0,0.017141864678395846
140.0,130.0,0.0,0.0
140.0,130.0,10.0,0.07754121975206106
140.0,130.0,20.0,0.05124052114073489
140.0,130.0,30.0,0.0
140.0,130.0,40.0,0.06478335562321913
140.0,130.0,50.0,0.13086843824400735
140.0,130.0,60.0,0.16825883261226054
140.0,130.0,70.0,0.3220364172381227
140.0,130.0,80.0,0.5790917520380444
140.0,130.0,90.0,0.7507887770750248
140.0,130.0,100.0,0.956596777391865
140.0,130.0,110.0,1.2225951294191801
140.0,130.0,120.0,1.5999782338799615
140.0,130.0,130.0,1.8293406686399318
140.0,130.0,140.0,1.9608156799479994
140.0,130.0,150.0,1.9001281823465093
140.0,130.0,160.0,1.8511607239829835
140.0,130.0,170.0,1.7126295102169014
140.0,130.0,180.0,1.3772704020430189
140.0,130.0,190.0,1.0505601098175656
140.0,130.0,200.0,0.7179856095334448
140.0,130.0,210.0,0.6248775257865214
140.0,130.0,220.0,0.30302929338060597
140.0,130.0,230.0,0.1809186996625788
140.0,130.0,240.0,0.1671253400216129
140.0,130.0,250.0,0.03932072752778197
140.0,130.0,260.0,0.0
140.0,130.0,270.0,0.010203505426761319
140.0,130.0,280.0,0.027497628392831402
140.0,130.0,290.0,0.06510058817911285
140.0,140.0,0.0,0.0
140.0,140.0,10.0,0.016492604246200825
140.0,140.0,20.0,0.0
140.0,140.0,30.0,0.058696832195640994
140.0,140.0,40.0,0.053129343522202443
140.0,140.0,50.0,0.15459304151398817
140.0,140.0,60.0,0.1275860136511551
140.0,140.0,70.0,0.4199221171327378
140.0,140.0,80.0,0.45901437212101215
140.0,140.0,90.0,0.8634953989724611
140.0,140.0,100.0,1.1229219544450844
140.0,140.0,110.0,1.3521703128670999
140.0,140.0,120.0,1.591390703700935
140.0,140.0,130.0,1.80834325040038
140.0,140.0,140.0,1.8987114984420275
140.0,140.0,150.0,1.9177236455172748
140.0,140.0,160.0,1.7819520309851602
140.0,140.0,170.0,1.576564078688625
140.0,140.0,180.0,1.2669611339390903
140.0,140.0,190.0,0.9718876122636226
140.0,140.0,200.0,0.7696596788572319
140.0,140.0,210.0,0.6407103285305945
140.0,140.0,220.0,0.3827635130102849
140.0,140.0,230.0,0.17432919884348963
140.0,140.0,240.0,0.13341509831549223
140.0,140.0,250.0,0.08008051836703445
140.0,140.0,260.0,0.03846365502108239
140.0,140.0,270.0,0.11520237199258195
140.0,140.0,280.0,0.002102444473839343
140.0,140.0,290.0,0.0
140.0,150.0,0.0,0.0
140.0,150.0,10.0,0.026973135420939504
140.0,150.0,20.0,0.06211706823637268
140.0,150.0,30.0,0.01626702131269409
140.0,150.0,40.0,0.11518373563682435
140.0,150.0,50.0,0.08241032680154667
140.0,150.0,60.0,0.23125367625110327
140.0,150.0,70.0,0.4227646106939159
140.0,150.0,80.0,0.5701171526140378
140.0,150.0,90.0,0.7547042636416181
140.0,150.0,100.0,1.0905198899027981
140.0,150.0,110.0,1.3609600551603305
140.0,150.0,120.0,1.6645629685036563
140.0,150.0,130.0,1.8931576732448556
140.0,150.0,140.0,1.9246660107170408
140.0,150.0,150.0,1.972900219443171
140.0,150.0,160.0,1.8286845076765608
140.0,150.0,170.0,1.6364584543839087
140.0,150.0,180.0,1.3865636940122315
140.0,150.0,190.0,1.0319892026274522
140.0,150.0,200.0,0.7556839923380292
140.0,150.0,210.0,0.4940017115249443
140.0,150.0,220.0,0.3577137959782139
140.0,150.0,230.0,0.22443932268184916
140.0,150.0,240.0,0.0
140.0,150.0,250.0,0.01494216445806417
140.0,150.0,260.0,0.0
140.0,150.0,270.0,0.0
140.0,150.0,280.0,0.03931753195761403
140.0,150.0,290.0,0.0
140.0,160.0,0.0,0.049744499494021474
140.0,160.0,10.0,0.03245861373654696
140.0,160.0,20.0,0.022810028855828043
140.0,160.0,30.0,0.0
140.0,160.0,40.0,0.030782079497802796
140.0,160.0,50.0,0.14284829354354606
140.0,160.0,60.0,0.28947295160691955
140.0,160.0,70.0,0.3748567587045996
140.0,160.0,80.0,0.5628937559008045
140.0,160.0,90.0,0.7312678358762844
140.0,160.0,100.0,1.1163521913302321
140.0,160.0,110.0,1.2646330492675433
140.0,160.0,120.0,1.6142975506657182
140.0,160.0,130.0,1.8903072210125618
140.0,160.0,140.0,2.0
140.0,160.0,150.0,1.9488017946639944
140.0,160.0,160.0,1.841612867557825
140.0,160.0,170.0,1.6447782497788566
140.0,160.0,180.0,1.3082986406463768
140.0,160.0,190.0,1.0687499724239435
140.0,160.0,200.0,0.7135067953013541
140.0,160.0,210.0,0.5973765995133403
140.0,160.0,220.0,0.43075260668993043
140.0,160.0,230.0,0.1499534462232063
140.0,160.0,240.0,0.07072160406791965
140.0,160.0,250.0,0.1253177629084464
140.0,160.0,260.0,0.0488486505368348
140.0,160.0,270.0,0.0
140.0,160.0,280.0,0.0
140.0,160.0,290.0,0.0
140.0,170.0,0.0,0.0
140.0,170.0,10.0,0.0
140.0,170.0,20.0,0.028652839503403166
140.0,170.0,30.0,0.06576318084682424
140.0,170.0,40.0,0.10609147225897936
140.0,170.0,50.0,0.17925631103327702
140.0,170.0,60.0,0.12601915131544886
140.0,170.0,70.0,0.40106787520585974
140.0,170.0,80.0,0.47167044995953344
140.0,170.0,90.0,0.827431545036386
140.0,170.0,100.0,1.0502798534266502
140.0,170.0,110.0,1.2827983017287017
140.0,170.0,120.0,1.5773818306276537
140.0,170.0,130.0,1.7923574395986084
140.0,170.0,140.0,1.9031851726044986
140.0,170.0,150.0,1.8852585932454176
140.0,170.0,160.0,1.7401138703606704
140.0,170.0,170.0,1.5297319251622161
140.0,170.0,180.0,1.3339138422088253
140.0,170.0,190.0,1.0229037956942355
140.0,170.0,200.0,0.7133870535429364
140.0,170.0,210.0,0.4472265879834806
140.0,170.0,220.0,0.32089486020609526
140.0,170.0,230.0,0.077028486850002
140.0,170.0,240.0,0.09912519508273453
140.0,170.0,250.0,0.06518327308170685
140.0,170.0,260.0,0.0
140.0,170.0,270.0,0.07079235039724212
140.0,170.0,280.0,0.13134032813462274
140.0,170.0,290.0,0.0
140.0,180.0,0.0,0.0
140.0,180.0,10.0,0.007737860364589371
140.0,180.0,20.0,0.1432558962661889
140.0,180.0,30.0,0.027543456557713113
140.0,180.0,40.0,0.019472449100287094
140.0,180.0,50.0,0.1208435459152295
140.0,180.0,60.0,0.276951058494912
140.0,180.0,70.0,0.3196943854270587
140.0,180.0,80.0,0.5585235718652395
140.0,180.0,90.0,0.7492982989083911
140.0,180.0,100.0,0.8472144172554493
140.0,180.0,110.0,1.2373337933735054
140.0,180.0,120.0,1.5040233804439818
140.0,180.0,130.0,1.6715632392844433
140.0,180.0,140.0,1.8262058284381593
140.0,180.0,150.0,1.8025286702067613
140.0,180.0,160.0,1.7317827121452491
140.0,180.0,170.0,1.4263133909027004
140.0,180.0,180.0,1.2908728952295576
140.0,180.0,190.0,0.9321070956447375
140.0,180.0,200.0,0.7152888374691666
140.0,180.0,210.0,0.49910932516429274
140.0,180.0,220.0,0.32350015982900027
140.0,180.0,230.0,0.13722750420617788
140.0,180.0,240.0,0.14648941251254302
140.0,180.0,250.0,0.15307837388045492
140.0,180.0,260.0,0.005725553656266959
140.0,180.0,270.0,0.06549656294883811
140.0,180.0,280.0,0.014079212567761006
140.0,180.0,290.0,0.0
140.0,190.0,0.0,0.05029537375440145
140.0,190.0,10.0,0.0
140.0,190.0,20.0,0.0
140.0,190.0,30.0,0.006983475116720272
140.0,190.0,40.0,0.02742444409575282
140.0,190.0,50.0,0.09935464256794306
140.0,190.0,60.0,0.2668341792980965
140.0,190.0,70.0,0.32276342101310734
140.0,190.0,80.0,0.43266064640942503
140.0,190.0,90.0,0.7180090459549495
140.0,190.0,100.0,0.8709309997167551
140.0,190.0,110.0,1.0801828849205453
140.0,190.0,120.0,1.3723079226023889
140.0,190.0,130.0,1.610542605445686
140.0,190.0,140.0,1.7582908662073449
140.0,190.0,150.0,1.6894201853833968
140.0,190.0,160.0,1.600129823424833
140.0,190.0,170.0,1.3742505661802418
140.0,190.0,180.0,1.2031286347309569
140.0,190.0,190.0,0.8984516135580091
140.0,190.0,200.0,0.6457640243320754
140.0,190.0,210.0,0.5260306410606915
140.0,190.0,220.0,0.32977291126001573
140.0,190.0,230.0,0.22984290207011632
140.0,190.0,240.0,0.06297354000757847
140.0,190.0,250.0,0.08557941844328776
140.0,190.0,260.0,0.05421220807183112
140.0,190.0,270.0,0.06358194012623647
140.0,190.0,280.0,0.0007941069433362157
140.0,190.0,290.0,0.0
140.0,200.0,0.0,0.003103880705434324
140.0,200.0,10.0,0.0
140.0,200.0,20.0,0.0
140.0,200.0,30.0,0.10542884131233059
140.0,200.0,40.0,0.13462552963613655
140.0,200.0,50.0,0.12047816180292939
140.0,200.0,60.0,0.051055298005826255
140.0,200.0,70.0,0.33560297469347644
140.0,200.0,80.0,0.5407357004956037
140.0,200.0,90.0,0.6043007703531001
140.0,200.0,100.0,0.7950366347208125
140.0,200.0,110.0,1.0564573164256876
140.0,200.0,120.0,1.3558878132273258
140.0,200.0,130.0,1.4726699018192786
140.0,200.0,140.0,1.4633862461127145
140.0,200.0,150.0,1.5372705814508043
140.0,200.0,160.0,1.420839483465812
140.0,200.0,170.0,1.3282962660229878
140.0,200.0,180.0,1.122342504785606
140.0,200.0,190.0,0.8776917737305527
140.0,200.0,200.0,0.6323293387991779
140.0,200.0,210.0,0.4268064223411568
140.0,200.0,220.0,0.24872929546138964
140.0,200.0,230.0,0.20203571757056385
140.0,200.0,240.0,0.1947593703913002
140.0,200.0,250.0,0.09285091768687517
140.0,200.0,260.0,0.01794379561541644
140.0,200.0,270.0,0.08290871717348496
140.0,200.0,280.0,0.049026081350034535
140.0,200.0,290.0,0.0
140.0,210.0,0.0,0.016747311752193916
140.0,210.0,10.0,0.0
140.0,210.0,20.0,0.0
140.0,210.0,30.0,0.0735286523886056
140.0,210.0,40.0,0.09184891466972672
140.0,210.0,50.0,0.15292280745463516
140.0,210.0,60.0,0.19475953026615445
140.0,210.0,70.0,0.2829906441516947
140.0,210.0,80.0,0.4451601522346502
140.0,210.0,90.0,0.5583361071469622
140.0,210.0,100.0,0.827540550997258
140.0,210.0,110.0,0.8960881799584814
140.0,210.0,120.0,1.2088133614067047
140.0,210.0,130.0,1.2848963784744374
140.0,210.0,140.0,1.4900494457328493
140.0,210.0,150.0,1.4536994429209824
140.0,210.0,160.0,1.331886302103183
140.0,210.0,170.0,1.1948210865318925
140.0,210.0,180.0,0.959022323457234
140.0,210.0,190.0,0.6985736458454701
140.0,210.0,200.0,0.5818204267130149
140.0,210.0,210.0,0.39228889852408827
140.0,210.0,220.0,0.2607418633023767
140.0,210.0,230.0,0.26264367180919657
140.0,210.0,240.0,0.020008626344559965
140.0,210.0,250.0,0.0724991029264686
140.0,210.0,260.0,0.10259301707751772
140.0,210.0,270.0,0.022803432505604564
140.0,210.0,280.0,0.0
140.0,210.0,290.0,0.0
140.0,220.0,0.0,0.0
140.0,220.0,10.0,0.0
140.0,220.0,20.0,0.04803644219220055
140.0,220.0,30.0,0.027626640534600656
140.0,220.0,40.0,0.03817735057383167
140.0,220.0,50.0,0.028137820309268466
140.0,220.0,60.0,0.18854179159362366
140.0,220.0,70.0,0.2551077134145858
140.0,220.0,80.0,0.3804916198476699
140.0,220.0,90.0,0.49856753408949744
140.0,220.0,100.0,0.6292317927570518
140.0,220.0,110.0,0.8654516818532105
140.0,220.0,120.0,0.9689455565133522
140.0,220.0,130.0,1.159610507912123
140.0,220.0,140.0,1.300501420726969
140.0,220.0,150.0,1.3376745281802773
140.0,220.0,160.0,1.1852549595256547
140.0,220.0,170.0,1.133160479468922
140.0,220.0,180.0,0.8169391683710896
140.0,220.0,190.0,0.6560209136345881
140.0,220.0,200.0,0.5392990776295179
140.0,220.0,210.0,0.302969140479226
140.0,220.0,220.0,0.22629850641807397
140.0,220.0,230.0,0.060129792050618525
140.0,220.0,240.0,0.057402438973658695
140.0,220.0,250.0,0.046901582215817916
140.0,220.0,260.0,0.01387954621755835
140.0,220.0,270.0,0.008743857419477651
140.0,220.0,280.0,0.0
140.0,220.0,290.0,0.0
140.0,230.0,0.0,0.018829055491229065
140.0,230.0,10.0,0.004339655500827467
140.0,230.0,20.0,0.022883897093465173
140.0,230.0,30.0,0.022408150820141866
140.0,230.0,40.0,0.03303684710713819
140.0,230.0,50.0,0.07117021549866823
140.0,230.0,60.0,0.023962405173333937
140.0,230.0,70.0,0.15401626475423033
140.0,230.0,80.0,0.35049178955209953
140.0,230.0,90.0,0.3932149563986739
140.0,230.0,100.0,0.5215261440356322
140.0,230.0,110.0,0.8016297037401081
140.0,230.0,120.0,0.893263601523384
140.0,230.0,130.0,1.0573788761466794
140.0,230.0,140.0,1.1921264983540716
140.0,230.0,150.0,1.110316664539794
140.0,230.0,160.0,1.032913407558914
140.0,230.0,170.0,0.9490383953149759
140.0,230.0,180.0,0.8583812049967715
140.0,230.0,190.0,0.5613965250818562
140.0,230.0,200.0,0.41025662572421295
140.0,230.0,210.0,0.3159377163324807
140.0,230.0,220.0,0.1930411284882849
140.0,230.0,230.0,0.21197239582142796
140.0,230.0,240.0,0.18610028848443416
140.0,230.0,250.0,0.0
140.0,230.0,260.0,0.0
140.0,230.0,270.0,0.0027325087792775624
140.0,230.0,280.0,0.01522905034462634
140.0,230.0,290.0,0.06535003828549846
140.0,240.0,0.0,0.04556416468593055
140.0,240.0,10.0,0.007743135592723547
140.0,240.0,20.0,0.0
140.0,240.0,30.0,0.0
140.0,240.0,40.0,0.0991704372901864
140.0,240.0,50.0,0.030986685946761235
140.0,240.0,60.0,0.04305687114940466
140.0,240.0,70.0,0.16800934929214564
140.0,240.0,80.0,0.2922514104254352
140.0,240.0,90.0,0.2665992864101119
140.0,240.0,100.0,0.4863947527956824
140.0,240.0,110.0,0.6732072680060354
140.0,240.0,120.0,0.8002087101270174
140.0,240.0,130.0,0.8958278349638324
140.0,240.0,140.0,0.9789906357980549
140.0,240.0,150.0,0.887461150960033
140.0,240.0,160.0,0.9000739446156886
140.0,240.0,170.0,0.7974048042444878
140.0,240.0,180.0,0.7555580906440035
140.0,240.0,190.0,0.519393050751551
140.0,240.0,200.0,0.32281016731485374
140.0,240.0,210.0,0.21573316429623382
140.0,240.0,220.0,0.0879809358097235
140.0,240.0,230.0,0.2003416833792368
140.0,240.0,240.0,0.0627146865637473
140.0,240.0,250.0,0.08288083803157498
140.0,240.0,260.0,0.0
140.0,240.0,270.0,0.0
140.0,240.0,280.0,0.0
140.0,240.0,290.0,0.0
140.0,250.0,0.0,0.029323711476626945
140.0,250.0,10.0,0.06153346560444337
140.0,250.0,20.0,0.0
140.0,250.0,30.0,0.0
140.0,250.0,40.0,0.019130037673621446
140.0,250.0,50.0,0.07262775064228852
140.0,250.0,60.0,0.0
140.0,250.0,70.0,0.19315759003541005
140.0,250.0,80.0,0.22240914311572438
140.0,250.0,90.0,0.38207767537530934
140.0,250.0,100.0,0.4945708632083093
140.0,250.0,110.0,0.41223045282793225
140.0,250.0,120.0,0.7205437222688602
140.0,250.0,130.0,0.7709644473309207
140.0,250.0,140.0,0.8558990769399611
140.0,250.0,150.0,0.8320448222481042
140.0,250.0,160.0,0.863394227766618
140.0,250.0,170.0,0.7102538363010691
140.0,250.0,180.0,0.5154532029223822
140.0,250.0,190.0,0.5008469871696285
140.0,250.0,200.0,0.27690008811393474
140.0,250.0,210.0,0.2981902384037617
140.0,250.0,220.0,0.08303805908774292
140.0,250.0,230.0,0.027740413973649798
140.0,250.0,240.0,0.09418444704205492
140.0,250.0,250.0,0.12510070524265762
140.0,250.0,260.0,0.0
140.0,250.0,270.0,0.047681056842052094
140.0,250.0,280.0,0.03163581158359884
140.0,250.0,290.0,0.0
140.0,260.0,0.0,0.03038968184836558
140.0,260.0,10.0,0.0
140.0,260.0,20.0,0.0
140.0,260.0,30.0,0.1021397096553319
140.0,260.0,40.0,0.07541015131559718
140.0,260.0,50.0,0.042222960953006976
140.0,260.0,60.0,0.11366981922450481
140.0,260.0,70.0,0.12995463099670035
140.0,260.0,80.0,0.2490637171566736
140.0,260.0,90.0,0.2365491358482411
140.0,260.0,100.0,0.3589455548983809
140.0,260.0,110.0,0.5428570732011933
140.0,260.0,120.0,0.637228826016314
140.0,260.0,130.0,0.7079526789769248
140.0,260.0,140.0,0.6825035907292392
140.0,260.0,150.0,0.6513293199582944
140.0,260.0,160.0,0.7023833660087092
140.0,260.0,170.0,0.6265215064649733
140.0,260.0,180.0,0.5535298806166661
140.0,260.0,190.0,0.44778272951580067
140.0,260.0,200.0,0.25785056196745615
140.0,260.0,210.0,0.08404869054719201
140.0,260.0,220.0,0.04944074572006596
140.0,260.0,230.0,0.0
140.0,260.0,240.0,0.0362218911237288
140.0,260.0,250.0,0.08680467136477513
140.0,260.0,260.0,0.06970577635458279
140.0,260.0,270.0,0.0
140.0,260.0,280.0,0.0
140.0,260.0,290.0,0.011539185594348406
140.0,270.0,0.0,0.022921589866051528
140.0,270.0,10.0,0.04392740890817071
140.0,270.0,20.0,0.0
140.0,270.0,30.0,0.038127508015470594
140.0,270.0,40.0,0.006390711816324319
140.0,270.0,50.0,0.0
140.0,270.0,60.0,0.023856780562330482
140.0,270.0,70.0,0.1530984649101994
140.0,270.0,80.0,0.11406780780152267
140.0,270.0,90.0,0.28609667264804584
140.0,270.0,100.0,0.3072947729749734
140.0,270.0,110.0,0.34000735447712516
140.0,270.0,120.0,0.46438741051472054
140.0,270.0,130.0,0.5189298699790281
140.0,270.0,140.0,0.5490618403918955
140.0,270.0,150.0,0.5852591322374128
140.0,270.0,160.0,0.5731946304233638
140.0,270.0,170.0,0.5102941529570036
140.0,270.0,180.0,0.39883204684480617
140.0,270.0,190.0,0.38428700377956826
140.0,270.0,200.0,0.255569842829599
140.0,270.0,210.0,0.13432187495150455
140.0,270.0,220.0,0.15666078985883317
140.0,270.0,230.0,0.11479658246648908
140.0,270.0,240.0,0.13400565565056255
140.0,270.0,250.0,0.0373703748617078
140.0,270.0,260.0,0.043972730556159204
140.0,270.0,270.0,0.0494746480317106
140.0,270.0,280.0,0.0689553890028684
140.0,270.0,290.0,0.0
140.0,280.0,0.0,0.058401535069288135
140.0,280.0,10.0,0.0
140.0,280.0,20.0,0.003321800665620355
140.0,280.0,30.0,0.013175750065052096
140.0,280.0,40.0,0.029628022658437968
140.0,280.0,50.0,0.0
140.0,280.0,60.0,0.09059656538341418
140.0,280.0,70.0,0.15145882766086696
140.0,280.0,80.0,0.17053456179518034
140.0,280.0,90.0,0.0978170630747215
140.0,280.0,100.0,0.23280647762456766
140.0,280.0,110.0,0.26779206763332
140.0,280.0,120.0,0.35385234023239703
140.0,280.0,130.0,0.430986938845762
140.0,280.0,140.0,0.40780000282772894
140.0,280.0,150.0,0.5553921424699448
140.0,280.0,160.0,0.44747016489080194
140.0,280.0,170.0,0.38474575708252245
140.0,280.0,180.0,0.31668435004913487
140.0,280.0,190.0,0.20707199974815654
140.0,280.0,200.0,0.15389928103493936
140.0,280.0,210.0,0.0669012958562891
140.0,280.0,220.0,0.06849894233301208
140.0,280.0,230.0,0.04630772034164946
140.0,280.0,240.0,0.04155890193332752
140.0,280.0,250.0,0.0
140.0,280.0,260.0,0.014712049779028223
140.0,280.0,270.0,0.0
140.0,280.0,280.0,0.0
140.0,280.0,290.0,0.0
140.0,290.0,0.0,0.010904276383520334
140.0,290.0,10.0,0.0
140.0,290.0,20.0,0.0
140.0,290.0,30.0,0.0
140.0,290.0,40.0,0.01736817939535768
140.0,290.0,50.0,0.0
140.0,290.0,60.0,0.08979801326480664
140.0,290.0,70.0,0.07786596396970538
140.0,290.0,80.0,0.1601137762053532
140.0,290.0,90.0,0.1810034107184345
140.0,290.0,100.0,0.2146888634734621
140.0,290.0,110.0,0.1688307025776402
140.0,290.0,120.0,0.25505540539390437
140.0,290.0,130.0,0.3213412699516426
140.0,290.0,140.0,0.42834772765890605
140.0,290.0,150.0,0.37961020928009676
140.0,290.0,160.0,0.27334015812700685
140.0,290.0,170.0,0.39559613738948296
140.0,290.0,180.0,0.2668617145988158
140.0,290.0,190.0,0.14969599029265596
140.0,290.0,200.0,0.1222536081771164
140.0,290.0,210.0,0.1267852695213726
140.0,290.0,220.0,0.0005913119679979151
140.0,290.0,230.0,0.0
140.0,290.0,240.0,0.05539697522025097
140.0,290.0,250.0,0.0
140.0,290.0,260.0,0.056513496178330694
140.0,290.0,270.0,0.0
140.0,290.0,280.0,0.0
140.0,290.0,290.0,0.0
150.0,0.0,0.0,0.034216570064812914
150.0,0.0,10.0,0.01542457957479115
150.0,0.0,20.0,0.0
150.0,0.0,30.0,0.03235990396838236
150.0,0.0,40.0,0.0
150.0,0.0,50.0,0.0
150.0,0.0,60.0,0.0327073382096716
150.0,0.0,70.0,0.017606370692416468
150.0,0.0,80.0,0.18900240109206828
150.0,0.0,90.0,0.10382394806658791
150.0,0.0,100.0,0.23666202366170636
150.0,0.0,110.0,0.2368262133076557
150.0,0.0,120.0,0.30656271324357554
150.0,0.0,130.0,0.38128539443476045
150.0,0.0,140.0,0.32665654340577427
150.0,0.0,150.0,0.42257569291070834
150.0,0.0,160.0,0.37092486912914224
150.0,0.0,170.0,0.24294200055455922
150.0,0.0,180.0,0.2074885367712793
150.0,0.0,190.0,0.20092233378723498
150.0,0.0,200.0,0.17493101952377657
150.0,0.0,210.0,0.07277808467529223
150.0,0.0,220.0,0.0
150.0,0.0,230.0,0.0
150.0,0.0,240.0,0.01702299541172874
150.0,0.0,250.0,0.08251444263917927
150.0,0.0,260.0,0.0
150.0,0.0,270.0,0.00999153863991491
150.0,0.0,280.0,0.012346838288753527
150.0,0.0,290.0,0.0
150.0,10.0,0.0,0.0
150.0,10.0,10.0,0.015354978242766297
150.0,10.0,20.0,0.0
150.0,10.0,30.0,0.0
150.0,10.0,40.0,0.0022476651382463825
150.0,10.0,50.0,0.015392753367601717
150.0,10.0,60.0,0.09432483601523162
150.0,10.0,70.0,0.10011493073364595
150.0,10.0,80.0,0.1028478433536804
150.0,10.0,90.0,0.2865667970054384
150.0,10.0,100.0,0.31762654527374606
150.0,10.0,110.0,0.31957851311926627
150.0,10.0,120.0,0.36089283987657317
150.0,10.0,130.0,0.4722510495036038
150.0,10.0,140.0,0.5516595411543072
150.0,10.0,150.0,0.36883171217102756
150.0,10.0,160.0,0.4872095556503958
150.0,10.0,170.0,0.338415672073096
150.0,10.0,180.0,0.35095335073097067
150.0,10.0,190.0,0.3229669286300688
150.0,10.0,200.0,0.22897100921889393
150.0,10.0,210.0,0.09424430250682704
150.0,10.0,220.0,0.06583222773777686
150.0,10.0,230.0,0.0612593458230509
150.0,10.0,240.0,0.0
150.0,10.0,250.0,0.03040374647533172
150.0,10.0,260.0,0.0
150.0,10.0,270.0,0.04825305176771891
150.0,10.0,280.0,0.011570814010857805
150.0,10.0,290.0,0.07429366914663783
150.0,20.0,0.0,0.07998801062895952
150.0,20.0,10.0,0.0
150.0,20.0,20.0,0.06406793219044579
150.0,20.0,30.0,0.07476681983453509
150.0,20.0,40.0,0.11034218883536276
150.0,20.0,50.0,0.016757272938080207
150.0,20.0,60.0,0.07417597795271991
150.0,20.0,70.0,0.11542805589051192
150.0,20.0,80.0,0.1104288220737764
150.0,20.0,90.0,0.22023121368662674
150.0,20.0,100.0,0.294531954754429
150.0,20.0,110.0,0.399225198537985
150.0,20.0,120.0,0.4992699843588273
150.0,20.0,130.0,0.615618698886855
150.0,20.0,140.0,0.606799635056672
150.0,20.0,150.0,0.6132400826642902
150.0,20.0,160.0,0.551754965771218
150.0,20.0,170.0,0.4676320482905593
150.0,20.0,180.0,0.4923388031737152
150.0,20.0,190.0,0.36548335058807097
150.0,20.0,200.0,0.18763485721437517
150.0,20.0,210.0,0.09195293257231504
150.0,20.0,220.0,0.06718889434277853
150.0,20.0,230.0,0.1317438819104793
150.0,20.0,240.0,0.0
150.0,20.0,250.0,0.0
150.0,20.0,260.0,0.04825368641726308
150.0,20.0,270.0,0.0
150.0,20.0,280.0,0.0
150.0,20.0,290.0,0.03881648618027281
150.0,30.0,0.0,0.0
150.0,30.0,10.0,0.054864114318624965
150.0,30.0,20.0,0.05142632736939854
150.0,30.0,30.0,0.014438734542718951
150.0,30.0,40.0,0.008768159240917065
150.0,30.0,50.0,0.03371323099400371
150.0,30.0,60.0,0.037102603074905836
150.0,30.0,70.0,0.06404534528359095
150.0,30.0,80.0,0.17018433165514948
150.0,30.0,90.0,0.2584258501157083
150.0,30.0,100.0,0.4423514072244539
150.0,30.0,110.0,0.451374025650497
150.0,30.0,120.0,0.6111723346393083
150.0,30.0,130.0,0.6669493027585415
150.0,30.0,140.0,0.6468997116969311
150.0,30.0,150.0,0.7323844100784644
150.0,30.0,160.0,0.6931828326260975
150.0,30.0,170.0,0.6186496661840786
150.0,30.0,180.0,0.4320674372660223
150.0,30.0,190.0,0.2529489098336698
150.0,30.0,200.0,0.18525230254724634
150.0,30.0,210.0,0.20579876201245903
150.0,30.0,220.0,0.04883593877094858
150.0,30.0,230.0,0.013947089186382718
150.0,30.0,240.0,0.0241877776610814
150.0,30.0,250.0,0.0
150.0,30.0,260.0,0.010289769929064788
150.0,30.0,270.0,0.04528357591403285
150.0,30.0,280.0,0.0
150.0,30.0,290.0,0.0
150.0,40.0,0.0,0.054571691278252954
150.0,40.0,10.0,0.053410807009735196
150.0,40.0,20.0,0.08090315310782424
150.0,40.0,30.0,0.0
150.0,40.0,40.0,0.0
150.0,40.0,50.0,0.0
150.0,40.0,60.0,0.08948748216553665
150.0,40.0,70.0,0.1802961168410711
150.0,40.0,80.0,0.28818210271052225
150.0,40.0,90.0,0.30006720609037696
150.0,40.0,100.0,0.4647566935079826
150.0,40.0,110.0,0.5781647980839166
150.0,40.0,120.0,0.6965460252695458
150.0,40.0,130.0,0.8567360302066676
150.0,40.0,140.0,0.8114373681194531
150.0,40.0,150.0,0.7875979515401579
150.0,40.0,160.0,0.7091578306914531
150.0,40.0,170.0,0.5801957223172364
150.0,40.0,180.0,0.5463648642892702
150.0,40.0,190.0,0.4608156796977356
150.0,40.0,200.0,0.35720757418282645
150.0,40.0,210.0,0.24667876682905243
150.0,40.0,220.0,0.1976101892899928
150.0,40.0,230.0,0.1183742964168057
150.0,40.0,240.0,0.049841750126249876
150.0,40.0,250.0,0.0
150.0,40.0,260.0,0.0
150.0,40.0,270.0,0.0
150.0,40.0,280.0,0.03722508200377685
150.0,40.0,290.0,0.0
150.0,50.0,0.0,0.0
150.0,50.0,10.0,0.0
150.0,50.0,20.0,0.028899496853476436
150.0,50.0,30.0,0.004543981386555811
150.0,50.0,40.0,0.10904346697568972
150.0,50.0,50.0,0.03073311697067548
150.0,50.0,60.0,0.08980615718084016
150.0,50.0,70.0,0.1113854301258426
150.0,50.0,80.0,0.2973992026433535
150.0,50.0,90.0,0.37660407413968533
150.0,50.0,100.0,0.5356480295998056
150.0,50.0,110.0,0.722950923743541
150.0,50.0,120.0,0.7904924687402421
150.0,50.0,130.0,0.8330382229322822
150.0,50.0,140.0,1.0102377528723012
150.0,50.0,150.0,1.1088436619512794
150.0,50.0,160.0,0.8694460295063007
150.0,50.0,170.0,0.770465981231443
150.0,50.0,180.0,0.7136089604511786
150.0,50.0,190.0,0.43905096358361706
150.0,50.0,200.0,0.47333826722817796
150.0,50.0,210.0,0.3475454216508007
150.0,50.0,220.0,0.14869074661255113
150.0,50.0,230.0,0.08784432261993212
150.0,50.0,240.0,0.034943141031837266
150.0,50.0,250.0,0.00802030433731922
150.0,50.0,260.0,0.0
150.0,50.0,270.0,0.0
150.0,50.0,280.0,0.0
150.0,50.0,290.0,0.04589396242047355
150.0,60.0,0.0,0.0
150.0,60.0,10.0,0.005631033261045573
150.0,60.0,20.0,0.06074819803348084
150.0,60.0,30.0,0.06107012852703124
150.0,60.0,40.0,0.0
150.0,60.0,50.0,0.0672778447307464
150.0,60.0,60.0,0.10549982403709551
150.0,60.0,70.0,0.17988925851368798
150.0,60.0,80.0,0.2664982457748772
150.0,60.0,90.0,0.42539633999577875
150.0,60.0,100.0,0.6131304206740329
150.0,60.0,110.0,0.8165411009360563
150.0,60.0,120.0,0.9398231946504423
150.0,60.0,130.0,0.942255704690348
150.0,60.0,140.0,1.1318138359016874
150.0,60.0,150.0,1.2036988751754298
150.0,60.0,160.0,1.0623437711274974
150.0,60.0,170.0,0.8977356023511408
150.0,60.0,180.0,0.753587173072354
150.0,60.0,190.0,0.6046956267740978
150.0,60.0,200.0,0.4686402071524729
150.0,60.0,210.0,0.30935789848132467
150.0,60.0,220.0,0.22953353542398322
150.0,60.0,230.0,0.09700384507686734
150.0,60.0,240.0,0.11469836694752336
150.0,60.0,250.0,0.044781577056967885
150.0,60.0,260.0,0.0
150.0,60.0,270.0,0.00930883237293902
150.0,60.0,280.0,0.0
150.0,60.0,290.0,0.0
150.0,70.0,0.0,0.0
150.0,70.0,10.0,0.020920068383864218
150.0,70.0,20.0,0.05513223617501278
150.0,70.0,30.0,0.023026213663539137
150.0,70.0,40.0,0.021998050077333346
150.0,70.0,50.0,0.09222335169708856
150.0,70.0,60.0,0.15013546634128372
150.0,70.0,70.0,0.2036592578034621
150.0,70.0,80.0,0.39672398706508494
150.0,70.0,90.0,0.49786014579187743
150.0,70.0,100.0,0.7917195527414322
150.0,70.0,110.0,0.8658333696198155
150.0,70.0,120.0,1.096737017884677
150.0,70.0,130.0,1.1446387556411208
150.0,70.0,140.0,1.3019320505887546
150.0,70.0,150.0,1.3074153402007456
150.0,70.0,160.0,1.1949498272643668
150.0,70.0,170.0,1.0131912520436859
150.0,70.0,180.0,0.9043619271893235
150.0,70.0,190.0,0.5434114875125629
150.0,70.0,200.0,0.5544024300908243
150.0,70.0,210.0,0.307350832279201
150.0,70.0,220.0,0.12123512052647731
150.0,70.0,230.0,0.1729308026686247
150.0,70.0,240.0,0.11301683536460624
150.0,70.0,250.0,0.030951887750337664
150.0,70.0,260.0,0.039896141168204405
150.0,70.0,270.0,0.0
150.0,70.0,280.0,0.010772226751878042
150.0,70.0,290.0,0.024875280096416548
150.0,80.0,0.0,0.09920084930002923
150.0,80.0,10.0,0.0
150.0,80.0,20.0,0.06223588100969473
150.0,80.0,30.0,0.10485954839805431
150.0,80.0,40.0,0.049877415335494536
150.0,80.0,50.0,0.1434656820113724
150.0,80.0,60.0,0.0
150.0,80.0,70.0,0.22698652083385107
150.0,80.0,80.0,0.36476081739432253
150.0,80.0,90.0,0.5304399342254886
150.0,80.0,100.0,0.6347569769408112
150.0,80.0,110.0,0.9396290699121079
150.0,80.0,120.0,1.3062892323769675
150.0,80.0,130.0,1.2926701174007078
150.0,80.0,140.0,1.3058676874272348
150.0,80.0,150.0,1.4005662682273357
150.0,80.0,160.0,1.403599883235139
150.0,80.0,170.0,1.1738567502300348
150.0,80.0,180.0,0.9513215623290068
150.0,80.0,190.0,0.7347622805465482
150.0,80.0,200.0,0.6057463411358442
150.0,80.0,210.0,0.39990444928476365
150.0,80.0,220.0,0.15145103430163592
150.0,80.0,230.0,0.07427435718476577
150.0,80.0,240.0,0.12718426852536163
150.0,80.0,250.0,0.0
150.0,80.0,260.0,0.06640395792127624
150.0,80.0,270.0,0.06799804082356191
150.0,80.0,280.0,0.06672921528686523
150.0,80.0,290.0,0.0
150.0,90.0,0.0,0.032337704425323216
150.0,90.0,10.0,0.05862397655263363
150.0,90.0,20.0,0.007480215493522983
150.0,90.0,30.0,0.03453859447092866
150.0,90.0,40.0,0.07044666985768919
150.0,90.0,50.0,0.08788428656377412
150.0,90.0,60.0,0.14409077415624844
150.0,90.0,70.0,0.2907308825594457
150.0,90.0,80.0,0.43629373644141933
150.0,90.0,90.0,0.5951706723955876
150.0,90.0,100.0,0.7988501138154919
150.0,90.0,110.0,1.1508883098147686
150.0,90.0,120.0,1.3821382185248543
150.0,90.0,130.0,1.4990126162484494
150.0,90.0,140.0,1.6157547062296738
150.0,90.0,150.0,1.6085076875167574
150.0,90.0,160.0,1.4424741312629985
150.0,90.0,170.0,1.3835252470376926
150.0,90.0,180.0,1.0464652985119502
150.0,90.0,190.0,0.9002631016342086
150.0,90.0,200.0,0.6382004379056005
150.0,90.0,210.0,0.40848050633691446
150.0,90.0,220.0,0.3512282021847094
150.0,90.0,230.0,0.1167637240833623
150.0,90.0,240.0,0.06847682249309314
150.0,90.0,250.0,0.026048934045252454
150.0,90.0,260.0,0.01728709704996173
150.0,90.0,270.0,0.07523075150433149
150.0,90.0,280.0,0.058016644409471685
150.0,90.0,290.0,0.05452757180083886
150.0,100.0,0.0,0.0
150.0,100.0,10.0,0.0
150.0,100.0,20.0,0.04912012780348002
150.0,100.0,30.0,0.01188843578050628
150.0,100.0,40.0,0.08172069893224723
150.0,100.0,50.0,0.10686078854734606
150.0,100.0,60.0,0.13507443476129577
150.0,100.0,70.0,0.3192824201186698
150.0,100.0,80.0,0.33551188150097977
150.0,100.0,90.0,0.7994028205975584
150.0,100.0,100.0,0.9603481834095368
150.0,100.0,110.0,1.1418478579245188
150.0,100.0,120.0,1.372612308495548
150.0,100.0,130.0,1.5906716581423508
150.0,100.0,140.0,1.6648668278168972
150.0,100.0,150.0,1.6449224310630997
150.0,100.0,160.0,1.6488782998731963
150.0,100.0,170.0,1.376330661170426
150.0,100.0,180.0,1.20333710096612
150.0,100.0,190.0,0.9035191827371452
150.0,100.0,200.0,0.6413045994965407
150.0,100.0,210.0,0.5537009679222051
150.0,100.0,220.0,0.2248727544790925
150.0,100.0,230.0,0.04211554664200612
150.0,100.0,240.0,0.07053090366878324
150.0,100.0,250.0,0.0
150.0,100.0,260.0,0.0
150.0,100.0,270.0,0.06648674964529024
150.0,100.0,280.0,0.1027960399917191
150.0,100.0,290.0,0.03636477924888118
150.0,110.0,0.0,0.01477465331225324
150.0,110.0,10.0,0.018079077969451237
150.0,110.0,20.0,0.0
150.0,110.0,30.0,0.0
150.0,110.0,40.0,0.1500289580243488
150.0,110.0,50.0,0.18709250799474836
150.0,110.0,60.0,0.2597395923850897
150.0,110.0,70.0,0.3128946080815751
150.0,110.0,80.0,0.39817585228064173
150.0,110.0,90.0,0.7499176950101467
150.0,110.0,100.0,0.937761194571143
150.0,110.0,110.0,1.1672924284069706
150.0,110.0,120.0,1.5238889060936205
150.0,110.0,130.0,1.7678499789179418
150.0,110.0,140.0,1.8198431684327916
150.0,110.0,150.0,1.718864824324996
150.0,110.0,160.0,1.6849393538498643
150.0,110.0,170.0,1.5147627540228092
150.0,110.0,180.0,1.249036661232223
150.0,110.0,190.0,0.9302039139424509
150.0,110.0,200.0,0.7174901855936106
150.0,110.0,210.0,0.4124369366058073
150.0,110.0,220.0,0.2807797403296184
150.0,110.0,230.0,0.15921928655112152
150.0,110.0,240.0,0.12019346454687302
150.0,110.0,250.0,0.06643142475658327
150.0,110.0,260.0,0.06936402785106953
150.0,110.0,270.0,0.04622009944436299
150.0,110.0,280.0,0.0
150.0,110.0,290.0,0.10251135238578633
150.0,120.0,0.0,0.09901338981873839
150.0,120.0,10.0,0.059058786365447834
150.0,120.0,20.0,0.10918529845087717
150.0,120.0,30.0,0.07426088959362613
150.0,120.0,40.0,0.14136422357583753
150.0,120.0,50.0,0.1841937790434184
150.0,120.0,60.0,0.10542820123304208
150.0,120.0,70.0,0.33018872341713223
150.0,120.0,80.0,0.5663236396067847
150.0,120.0,90.0,0.755624561663611
150.0,120.0,100.0,1.0105277876962198
150.0,120.0,110.0,1.281007804451286
150.0,120.0,120.0,1.561393310155603
150.0,120.0,130.0,1.816154269399196
150.0,120.0,140.0,1.9159491651498641
150.0,120.0,150.0,1.8760082545991015
150.0,120.0,160.0,1.7591566006833208
150.0,120.0,170.0,1.5924100563863939
150.0,120.0,180.0,1.317826944868397
150.0,120.0,190.0,1.0621991941089244
150.0,120.0,200.0,0.7362376897178274
150.0,120.0,210.0,0.46619926407021745
150.0,120.0,220.0,0.44417400979063854
150.0,120.0,230.0,0.20445907563361768
150.0,120.0,240.0,0.14537273862396605
150.0,120.0,250.0,0.050957168643787465
150.0,120.0,260.0,0.0005470063624137267
150.0,120.0,270.0,0.0
150.0,120.0,280.0,0.10538917704315574
150.0,120.0,290.0,0.0
150.0,130.0,0.0,0.011885033189251121
150.0,130.0,10.0,0.03055453827533264
150.0,130.0,20.0,0.10074890028441466
150.0,130.0,30.0,0.021391908537981272
150.0,130.0,40.0,0.05607846772200127
150.0,130.0,50.0,0.023429933634329866
150.0,130.0,60.0,0.2838066608505955
150.0,130.0,70.0,0.4150064269404054
150.0,130.0,80.0,0.5392986334853037
150.0,130.0,90.0,0.7720855317605698
150.0,130.0,100.0,1.0538800838985711
150.0,130.0,110.0,1.3003949245857056
150.0,130.0,120.0,1.640450678809
150.0,130.0,130.0,1.929835976247687
150.0,130.0,140.0,1.977792607086366
150.0,130.0,150.0,1.9295332651805401
150.0,130.0,160.0,1.8919775837274482
150.0,130.0,170.0,1.5670791567464037
150.0,130.0,180.0,1.3050876522135668
150.0,130.0,190.0,1.0379639973575947
150.0,130.0,200.0,0.7871726128061215
150.0,130.0,210.0,0.4760683128048658
150.0,130.0,220.0,0.28959629485713223
150.0,130.0,230.0,0.18056779448323496
150.0,130.0,240.0,0.09812499970399968
150.0,130.0,250.0,0.1713511197621654
150.0,130.0,260.0,0.0
150.0,130.0,270.0,0.0
150.0,130.0,280.0,0.0
150.0,130.0,290.0,0.0
150.0,140.0,0.0,0.0
150.0,140.0,10.0,0.0
150.0,140.0,20.0,0.07597703291921702
150.0,140.0,30.0,0.13849496954956775
150.0,140.0,40.0,0.02418649406366588
150.0,140.0,50.0,0.07151133879161331
150.0,140.0,60.0,0.16315356663542688
150.0,140.0,70.0,0.298679603175727
150.0,140.0,80.0,0.4553760850831596
150.0,140.0,90.0,0.7628264903556627
150.0,140.0,100.0,1.008860275457895
150.0,140.0,110.0,1.4002477109156521
150.0,140.0,120.0,1.6034586384425034
150.0,140.0,130.0,1.8586591693315029
150.0,140.0,140.0,2.0
150.0,140.0,150.0,1.9605226010674555
150.0,140.0,160.0,1.8518632211614074
150.0,140.0,170.0,1.625584007654354
150.0,140.0,180.0,1.3324109974646237
150.0,140.0,190.0,1.071935446516052
150.0,140.0,200.0,0.7228046608321451
150.0,140.0,210.0,0.48889629484429653
150.0,140.0,220.0,0.26484513424419526
150.0,140.0,230.0,0.28251292659842897
150.0,140.0,240.0,0.07376904968296402
150.0,140.0,250.0,0.05789571660640089
150.0,140.0,260.0,0.05277736040646128
150.0,140.0,270.0,0.06296418633633633
150.0,140.0,280.0,0.06955336796246325
150.0,140.0,290.0,0.06390828159213817
150.0,150.0,0.0,0.014790071156031731
150.0,150.0,10.0,0.002863497260856214
150.0,150.0,20.0,0.006421154276637328
150.0,150.0,30.0,0.06051053675432126
150.0,150.0,40.0,0.05031439896203787
150.0,150.0,50.0,0.08721684140034067
150.0,150.0,60.0,0.2465865163348132
150.0,150.0,70.0,0.22941941212742478
150.0,150.0,80.0,0.5044687091709127
150.0,150.0,90.0,0.7452862409221157
150.0,150.0,100.0,1.0264315585773094
150.0,150.0,110.0,1.3448976313536312
150.0,150.0,120.0,1.6061510545680127
150.0,150.0,130.0,1.8331992535018125
150.0,150.0,140.0,1.9767629347865892
150.0,150.0,150.0,1.9253277751859392
150.0,150.0,160.0,1.832070666180602
150.0,150.0,170.0,1.631762633178537
150.0,150.0,180.0,1.2176262556930557
150.0,150.0,190.0,1.033658233851868
150.0,150.0,200.0,0.7807486725407881
150.0,150.0,210.0,0.5933073729715257
150.0,150.0,220.0,0.42372759841978985
150.0,150.0,230.0,0.2089056531893325
150.0,150.0,240.0,0.08826383569928635
150.0,150.0,250.0,0.043518058390200454
150.0,150.0,260.0,0.051243508053591236
150.0,150.0,270.0,0.0
150.0,150.0,280.0,0.07094902205989131
150.0,150.0,290.0,0.022817061213902135
150.0,160.0,0.0,0.0
150.0,160.0,10.0,0.0
150.0,160.0,20.0,0.0
150.0,160.0,30.0,0.0
150.0,160.0,40.0,0.015208878166009215
150.0,160.0,50.0,0.17071830832193763
150.0,160.0,60.0,0.21482063737584287
150.0,160.0,70.0,0.3125914078499577
150.0,160.0,80.0,0.4836330430187288
150.0,160.0,90.0,0.6673758514988788
150.0,160.0,100.0,0.9447926279754071
150.0,160.0,110.0,1.349758505074046
150.0,160.0,120.0,1.610020887956824
150.0,160.0,130.0,1.829709050703477
150.0,160.0,140.0,1.9394313984067357
150.0,160.0,150.0,2.0
150.0,160.0,160.0,1.779699831025263
150.0,160.0,170.0,1.5422113204922059
150.0,160.0,180.0,1.3053447686479114
150.0,160.0,190.0,1.0542027850931608
150.0,160.0,200.0,0.8125344665073034
150.0,160.0,210.0,0.5045730098082022
150.0,160.0,220.0,0.41206154051383853
150.0,160.0,230.0,0.18615830039899395
150.0,160.0,240.0,0.10024359669385861
150.0,160.0,250.0,0.108438148990888
150.0,160.0,260.0,0.010339656771298448
150.0,160.0,270.0,0.078166706708605
150.0,160.0,280.0,0.0
150.0,160.0,290.0,0.0
150.0,170.0,0.0,0.04942532786322646
150.0,170.0,10.0,0.01534173671531764
150.0,170.0,20.0,0.014946354793373515
150.0,170.0,30.0,0.0
150.0,170.0,40.0,0.06150967947900606
150.0,170.0,50.0,0.06230619808404905
150.0,170.0,60.0,0.17595791414047596
150.0,170.0,70.0,0.34476403116650045
150.0,170.0,80.0,0.5736647258848139
150.0,170.0,90.0,0.6984830514276994
150.0,170.0,100.0,0.993050836044323
150.0,170.0,110.0,1.4011171467123396
150.0,170.0,120.0,1.5561084687245883
150.0,170.0,130.0,1.8162044148778465
150.0,170.0,140.0,1.882515989297127
150.0,170.0,150.0,1.7904016349552163
150.0,170.0,160.0,1.8181850913316333
150.0,170.0,170.0,1.5147284149399904
150.0,170.0,180.0,1.3129033152929206
150.0,170.0,190.0,1.0001607718018157
150.0,170.0,200.0,0.8289077526257715
150.0,170.0,210.0,0.4921063266982486
150.0,170.0,220.0,0.31297019909345974
150.0,170.0,230.0,0.15603117575212955
150.0,170.0,240.0,0.05542035108087498
150.0,170.0,250.0,0.11208080717295701
150.0,170.0,260.0,0.004146494078407781
150.0,170.0,270.0,0.0
150.0,170.0,280.0,0.008187122969864173
150.0,170.0,290.0,0.06142223966659035
150.0,180.0,0.0,0.048877436855021925
150.0,180.0,10.0,0.0015283557955748303
150.0,180.0,20.0,0.0749523786919613
150.0,180.0,30.0,0.0033786131491846047
150.0,180.0,40.0,0.0
150.0,180.0,50.0,0.12135657919645304
150.0,180.0,60.0,0.19718251432414632
150.0,180.0,70.0,0.3410660604707821
150.0,180.0,80.0,0.5059450981203096
150.0,180.0,90.0,0.7486466476093446
150.0,180.0,100.0,1.0030369419445626
150.0,180.0,110.0,1.2236453728267567
150.0,180.0,120.0,1.5241783598513492
150.0,180.0,130.0,1.7445913562929924
150.0,180.0,140.0,1.7827709432494019
150.0,180.0,150.0,1.8422766646611812
150.0,180.0,160.0,1.666438546658836
150.0,180.0,170.0,1.4927574842214704
150.0,180.0,180.0,1.3068777974677648
150.0,180.0,190.0,0.9819321406095924
150.0,180.0,200.0,0.7484422468200598
150.0,180.0,210.0,0.4855076242932491
150.0,180.0,220.0,0.39208102858530025
150.0,180.0,230.0,0.22221529205424467
150.0,180.0,240.0,0.05465238780494419
150.0,180.0,250.0,0.09425379116116189
150.0,180.0,260.0,0.04914613105160645
150.0,180.0,270.0,0.0
150.0,180.0,280.0,0.012817147192861995
150.0,180.0,290.0,0.03472345029302849
150.0,190.0,0.0,0.0
150.0,190.0,10.0,0.043629859816346525
150.0,190.0,20.0,0.11814244796289705
150.0,190.0,30.0,0.0
150.0,190.0,40.0,0.12122983239658991
150.0,190.0,50.0,0.22265853454554002
150.0,190.0,60.0,0.2586973246791805
150.0,190.0,70.0,0.32754130815342364
150.0,190.0,80.0,0.43813951035037213
150.0,190.0,90.0,0.661543236280427
150.0,190.0,100.0,0.8443982188635262
150.0,190.0,110.0,1.1613641013587646
150.0,190.0,120.0,1.3934696767102992
150.0,190.0,130.0,1.5908936319663083
150.0,190.0,140.0,1.6912230077729302
150.0,190.0,150.0,1.667390975224874
150.0,190.0,160.0,1.5769257267476227
150.0,190.0,170.0,1.3451943353363311
150.0,190.0,180.0,1.194003964092261
150.0,190.0,190.0,0.9073175000035177
150.0,190.0,200.0,0.668586656682743
150.0,190.0,210.0,0.4676178058160163
150.0,190.0,220.0,0.17100319664184138
150.0,190.0,230.0,0.15437345678702225
150.0,190.0,240.0,0.15648083020535808
150.0,190.0,250.0,0.1471757431738817
150.0,190.0,260.0,0.046274027347176165
150.0,190.0,270.0,0.07323178667635417
150.0,190.0,280.0,0.0
150.0,190.0,290.0,0.0
150.0,200.0,0.0,0.0
150.0,200.0,10.0,0.0
150.0,200.0,20.0,0.027586358755843636
150.0,200.0,30.0,0.009942721073401039
150.0,200.0,40.0,0.08580990768763104
150.0,200.0,50.0,0.0821264127593066
150.0,200.0,60.0,0.13779779329082897
150.0,200.0,70.0,0.2555267105111026
150.0,200.0,80.0,0.3855951538096033
150.0,200.0,90.0,0.5450822452175875
150.0,200.0,100.0,0.8440949385301207
150.0,200.0,110.0,1.139800888548943
150.0,200.0,120.0,1.3005515077745424
150.0,200.0,130.0,1.461015978452747
150.0,200.0,140.0,1.5437218544931948
150.0,200.0,150.0,1.5559886735489223
150.0,200.0,160.0,1.4129845840032806
150.0,200.0,170.0,1.2165828211694971
150.0,200.0,180.0,0.9996208655403315
150.0,200.0,190.0,0.8577847563074712
150.0,200.0,200.0,0.6093802506571652
150.0,200.0,210.0,0.4826330382910378
150.0,200.0,220.0,0.2780138699270601
150.0,200.0,230.0,0.21855785518065607
150.0,200.0,240.0,0.1616279608701271
150.0,200.0,250.0,0.045460213601998124
150.0,200.0,260.0,0.0
150.0,200.0,270.0,0.006205212441443765
150.0,200.0,280.0,0.05116371583244847
150.0,200.0,290.0,0.0
150.0,210.0,0.0,0.05520216484557144
150.0,210.0,10.0,0.0
150.0,210.0,20.0,0.030534233749008613
150.0,210.0,30.0,0.0570887300738107
150.0,210.0,40.0,0.0
150.0,210.0,50.0,0.10889676095597937
150.0,210.0,60.0,0.07770951464219764
150.0,210.0,70.0,0.1950157862806245
150.0,210.0,80.0,0.4583921456780998
150.0,210.0,90.0,0.5563071160928207
150.0,210.0,100.0,0.6599490202199476
150.0,210.0,110.0,0.9681552373911047
150.0,210.0,120.0,1.1742879327476663
150.0,210.0,130.0,1.2636191820218192
150.0,210.0,140.0,1.5213218634027093
150.0,210.0,150.0,1.476411832007973
150.0,210.0,160.0,1.3257569371980806
150.0,210.0,170.0,1.1896874026608903
150.0,210.0,180.0,0.9152605008101288
150.0,210.0,190.0,0.7628961072618629
150.0,210.0,200.0,0.561142894836354
150.0,210.0,210.0,0.42868083028534826
150.0,210.0,220.0,0.30462715128671813
150.0,210.0,230.0,0.07013050841520227
150.0,210.0,240.0,0.1495345528924411
150.0,210.0,250.0,0.06333481260862361
150.0,210.0,260.0,0.013385360641237364
150.0,210.0,270.0,0.0
150.0,210.0,280.0,0.03760766376098729
150.0,210.0,290.0,0.0
150.0,220.0,0.0,0.0
150.0,220.0,10.0,0.04707796251962866
150.0,220.0,20.0,0.0
150.0,220.0,30.0,0.019259474271811922
150.0,220.0,40.0,0.10527003820988204
150.0,220.0,50.0,0.08085878602281674
150.0,220.0,60.0,0.136397044911671
150.0,220.0,70.0,0.22278429377219416
150.0,220.0,80.0,0.32183743257428893
150.0,220.0,90.0,0.5569897031240292
150.0,220.0,100.0,0.6738938839825628
150.0,220.0,110.0,0.8218229869412614
150.0,220.0,120.0,1.06098772845994
150.0,220.0,130.0,1.276425394009387
150.0,220.0,140.0,1.1886416014610337
150.0,220.0,150.0,1.1731951220931007
150.0,220.0,160.0,1.192741417832747
150.0,220.0,170.0,1.0367322380140365
150.0,220.0,180.0,0.8644265418378427
150.0,220.0,190.0,0.5643626535941434
150.0,220.0,200.0,0.509868288110707
150.0,220.0,210.0,0.4029434296441931
150.0,220.0,220.0,0.2672532271338646
150.0,220.0,230.0,0.10371475162642818
150.0,220.0,240.0,0.06709074295266522
150.0,220.0,250.0,0.04920765598308921
150.0,220.0,260.0,0.0
150.0,220.0,270.0,0.04625038585407876
150.0,220.0,280.0,0.01753938182673514
150.0,220.0,290.0,0.05502760017796286
150.0,230.0,0.0,0.01168697574890795
150.0,230.0,10.0,0.030501119341278977
150.0,230.0,20.0,0.02960467766338199
150.0,230.0,30.0,0.04631429451864873
150.0,230.0,40.0,0.055658030011647576
150.0,230.0,50.0,0.1454729931623876
150.0,230.0,60.0,0.017506149911287336
150.0,230.0,70.0,0.07242556906256326
150.0,230.0,80.0,0.31648492819120805
150.0,230.0,90.0,0.3791359968556109
150.0,230.0,100.0,0.5574079123418306
150.0,230.0,110.0,0.8225548586805921
150.0,230.0,120.0,0.9223494469842457
150.0,230.0,130.0,1.0933014347698404
150.0,230.0,140.0,1.1259749594945274
150.0,230.0,150.0,1.1228832957803372
150.0,230.0,160.0,1.084969995802829
150.0,230.0,170.0,0.9437015817387983
150.0,230.0,180.0,0.7827755739887642
150.0,230.0,190.0,0.5783880637732418
150.0,230.0,200.0,0.4067852873424011
150.0,230.0,210.0,0.3209571386397885
150.0,230.0,220.0,0.18466115315937348
150.0,230.0,230.0,0.11664164202130609
150.0,230.0,240.0,0.10585248114140358
150.0,230.0,250.0,0.026510762902781163
150.0,230.0,260.0,0.006846743922018391
150.0,230.0,270.0,0.052240472167335045
150.0,230.0,280.0,0.026039622835913108
150.0,230.0,290.0,0.0
150.0,240.0,0.0,0.04574605566098224
150.0,240.0,10.0,0.03184258112111011
150.0,240.0,20.0,0.04926460168631471
150.0,240.0,30.0,0.09791668552033485
150.0,240.0,40.0,0.0
150.0,240.0,50.0,0.08990099200920798
150.0,240.0,60.0,0.12803432488270025
150.0,240.0,70.0,0.10080452881397915
150.0,240.0,80.0,0.2212746178871453
150.0,240.0,90.0,0.3133160567209273
150.0,240.0,100.0,0.595589719821777
150.0,240.0,110.0,0.6409311444274428
150.0,240.0,120.0,0.754337466422603
150.0,240.0,130.0,0.9378439269064649
150.0,240.0,140.0,1.0337470189235947
150.0,240.0,150.0,0.9869673742494655
150.0,240.0,160.0,0.9190779198280025
150.0,240.0,170.0,0.7482982327804555
150.0,240.0,180.0,0.7205627014479625
150.0,240.0,190.0,0.5063287197740546
150.0,240.0,200.0,0.41871894154526423
150.0,240.0,210.0,0.24846863999390945
150.0,240.0,220.0,0.19843497546112138
150.0,240.0,230.0,0.1545009173049781
150.0,240.0,240.0,0.048682002964910896
150.0,240.0,250.0,0.06630475772659247
150.0,240.0,260.0,0.10335131894184287
150.0,240.0,270.0,0.04283642037911267
150.0,240.0,280.0,0.0
150.0,240.0,290.0,0.0
150.0,250.0,0.0,0.0
150.0,250.0,10.0,0.08589753608386155
150.0,250.0,20.0,0.0012411834494479882
150.0,250.0,30.0,0.05143709914250082
150.0,250.0,40.0,0.02508312441027693
150.0,250.0,50.0,0.08468371662981708
150.0,250.0,60.0,0.13596131436267758
150.0,250.0,70.0,0.0604899078586017
150.0,250.0,80.0,0.3402411158474865
150.0,250.0,90.0,0.17792730154022743
150.0,250.0,100.0,0.4855207580264981
150.0,250.0,110.0,0.617873917625191
150.0,250.0,120.0,0.6090882899357883
150.0,250.0,130.0,0.7274543101326119
150.0,250.0,140.0,0.7671409552280652
150.0,250.0,150.0,0.7926030210337088
150.0,250.0,160.0,0.7674296376806596
150.0,250.0,170.0,0.7481549363061825
150.0,250.0,180.0,0.6712401570976505
150.0,250.0,190.0,0.5426279016516434
150.0,250.0,200.0,0.32767009348111314
150.0,250.0,210.0,0.2152263665162897
150.0,250.0,220.0,0.1280340154326117
150.0,250.0,230.0,0.10064076360710637
150.0,250.0,240.0,0.07024737808498693
150.0,250.0,250.0,0.03042327899038587
150.0,250.0,260.0,0.0
150.0,250.0,270.0,0.026007477411359475
150.0,250.0,280.0,0.0
150.0,250.0,290.0,0.0
150.0,260.0,0.0,0.01039139276792663
150.0,260.0,10.0,0.0
150.0,260.0,20.0,0.0
150.0,260.0,30.0,0.0
150.0,260.0,40.0,0.0
150.0,260.0,50.0,0.11125329259257472
150.0,260.0,60.0,0.043116238918937136
150.0,260.0,70.0,0.14121528607883693
150.0,260.0,80.0,0.21449895817208187
150.0,260.0,90.0,0.2631892548874472
150.0,260.0,100.0,0.4143393369729274
150.0,260.0,110.0,0.5278029369063567
150.0,260.0,120.0,0.6320721873244768
150.0,260.0,130.0,0.7174756220353545
150.0,260.0,140.0,0.6278027484880456
150.0,260.0,150.0,0.6599567359146423
150.0,260.0,160.0,0.6971193726767965
150.0,260.0,170.0,0.6619569360136759
150.0,260.0,180.0,0.46975780002781203
150.0,260.0,190.0,0.35245380428151873
150.0,260.0,200.0,0.2540876763834992
150.0,260.0,210.0,0.16201973744161172
150.0,260.0,220.0,0.053138450296101106
150.0,260.0,230.0,0.022116509707241633
150.0,260.0,240.0,0.0007626700989086868
150.0,260.0,250.0,0.023866388993611112
150.0,260.0,260.0,0.013825038974984704
150.0,260.0,270.0,0.03775079586272836
150.0,260.0,280.0,0.05997957274240186
150.0,260.0,290.0,0.0
150.0,270.0,0.0,0.0
150.0,270.0,10.0,0.0
150.0,270.0,20.0,0.0
150.0,270.0,30.0,0.0
150.0,270.0,40.0,0.0
150.0,270.0,50.0,0.14691926871820843
150.0,270.0,60.0,0.05724910548230592
150.0,270.0,70.0,0.09366436638634844
150.0,270.0,80.0,0.15004987573546844
150.0,270.0,90.0,0.2503296454192121
150.0,270.0,100.0,0.2727004858880448
150.0,270.0,110.0,0.44413148162046967
150.0,270.0,120.0,0.5296206087602233
150.0,270.0,130.0,0.619096159173588
150.0,270.0,140.0,0.5753869836240609
150.0,270.0,150.0,0.539886225882229
150.0,270.0,160.0,0.4402311282819572
150.0,270.0,170.0,0.518946203580856
150.0,270.0,180.0,0.4021691837282907
150.0,270.0,190.0,0.3220794195575437
150.0,270.0,200.0,0.1870601499496234
150.0,270.0,210.0,0.1565383112396473
150.0,270.0,220.0,0.10758773161173919
150.0,270.0,230.0,0.03637675739392343
150.0,270.0,240.0,0.0
150.0,270.0,250.0,0.00012172868772590204
150.0,270.0,260.0,0.0
150.0,270.0,270.0,0.0
150.0,270.0,280.0,0.006183008146510021
150.0,270.0,290.0,0.07986681181324888
150.0,280.0,0.0,0.04968118729695041
150.0,280.0,10.0,0.047446193143096775
150.0,280.0,20.0,0.0036443989361126462
150.0,280.0,30.0,0.0
150.0,280.0,40.0,0.0064846116823571755
150.0,280.0,50.0,0.09825878436904252
150.0,280.0,60.0,0.04283391340512729
150.0,280.0,70.0,0.09539582567856467
150.0,280.0,80.0,0.1819073622280049
150.0,280.0,90.0,0.14023432080778303
150.0,280.0,100.0,0.21264863710663479
150.0,280.0,110.0,0.3561853537814344
150.0,280.0,120.0,0.3715905990918403
150.0,280.0,130.0,0.49135789936309293
150.0,280.0,140.0,0.4970369982918116
150.0,280.0,150.0,0.49148025720289285
150.0,280.0,160.0,0.4572894234250947
150.0,280.0,170.0,0.4098715979376505
150.0,280.0,180.0,0.2723443362650509
150.0,280.0,190.0,0.22380136755064534
150.0,280.0,200.0,0.21323369114305796
150.0,280.0,210.0,0.17917524047097033
150.0,280.0,220.0,0.027496897640640276
150.0,280.0,230.0,0.04270685330615269
150.0,280.0,240.0,0.04928577565571435
150.0,280.0,250.0,0.0
150.0,280.0,260.0,0.0
150.0,280.0,270.0,0.011984302486639987
150.0,280.0,280.0,0.0
150.0,280.0,290.0,0.04220786273294058
150.0,290.0,0.0,0.0066511985549031205
150.0,290.0,10.0,0.0
150.0,290.0,20.0,0.0
150.0,290.0,30.0,0.03630437775706113
150.0,290.0,40.0,0.0
150.0,290.0,50.0,0.021375723128394218
150.0,290.0,60.0,0.0
150.0,290.0,70.0,0.025514437979864787
150.0,290.0,80.0,0.0910018779155049
150.0,290.0,90.0,0.18568592166366665
150.0,290.0,100.0,0.3569692530547979
150.0,290.0,110.0,0.19272870522137164
150.0,290.0,120.0,0.29813862428956645
150.0,290.0,130.0,0.4112665678885378
150.0,290.0,140.0,0.27146291448514737
150.0,290.0,150.0,0.3470500099871022
150.0,290.0,160.0,0.370684466878594
150.0,290.0,170.0,0.3670161968548157
150.0,290.0,180.0,0.27599854331433754
150.0,290.0,190.0,0.23218621001718592
150.0,290.0,200.0,0.1999198558349846
150.0,290.0,210.0,0.10252438213166862
150.0,290.0,220.0,0.08435362332141826
150.0,290.0,230.0,0.025322944364851482
150.0,290.0,240.0,0.0
150.0,290.0,250.0,0.030911382912896107
150.0,290.0,260.0,0.0
150.0,290.0,270.0,0.0
150.0,290.0,280.0,0.0
150.0,290.0,290.0,0.0
160.0,0.0,0.0,0.0
160.0,0.0,10.0,0.007880146314951752
160.0,0.0,20.0,0.0
160.0,0.0,30.0,0.0
160.0,0.0,40.0,0.0
160.0,0.0,50.0,0.01808775607599239
160.0,0.0,60.0,0.0893653775592727
160.0,0.0,70.0,0.08616451660991487
160.0,0.0,80.0,0.1274240987441853
160.0,0.0,90.0,0.15648622964297465
160.0,0.0,100.0,0.2648796529185932
160.0,0.0,110.0,0.2417500143759751
160.0,0.0,120.0,0.3393738364144762
160.0,0.0,130.0,0.3345750156567653
160.0,0.0,140.0,0.48495928133157096
160.0,0.0,150.0,0.27684897824236077
160.0,0.0,160.0,0.3642135574315988
160.0,0.0,170.0,0.3456583378142234
160.0,0.0,180.0,0.17787526760971967
160.0,0.0,190.0,0.13090015363111906
160.0,0.0,200.0,0.17687921796355552
160.0,0.0,210.0,0.14478146575559744
160.0,0.0,220.0,0.03214556988930497
160.0,0.0,230.0,0.024151135074370538
160.0,0.0,240.0,0.01241127106506689
160.0,0.0,250.0,0.019616615270833738
160.0,0.0,260.0,0.0
160.0,0.0,270.0,0.0015614409330283407
160.0,0.0,280.0,0.0
160.0,0.0,290.0,0.07351605556099416
160.0,10.0,0.0,0.028989136368387347
160.0,10.0,10.0,0.0
160.0,10.0,20.0,0.0
160.0,10.0,30.0,0.08622281847532999
160.0,10.0,40.0,0.0
160.0,10.0,50.0,0.0655102383178073
160.0,10.0,60.0,0.007063219198832377
160.0,10.0,70.0,0.10434890930630386
160.0,10.0,80.0,0.11331845078237945
160.0,10.0,90.0,0.18177521612183045
160.0,10.0,100.0,0.29371893637378077
160.0,10.0,110.0,0.20348279582247997
160.0,10.0,120.0,0.40602770882417877
160.0,10.0,130.0,0.34818201290689604
160.0,10.0,140.0,0.4165928164929761
160.0,10.0,150.0,0.4796809296279419
160.0,10.0,160.0,0.400077680214358
160.0,10.0,170.0,0.3512235708423544
160.0,10.0,180.0,0.377854394888755
160.0,10.0,190.0,0.16812376649174726
160.0,10.0,200.0,0.14919030012939663
160.0,10.0,210.0,0.1438738090773171
160.0,10.0,220.0,0.12364079041964832
160.0,10.0,230.0,0.004469754719097281
160.0,10.0,240.0,0.07450567089228098
160.0,10.0,250.0,0.002644046554861461
160.0,10.0,260.0,0.06509587731251328
160.0,10.0,270.0,0.0
160.0,10.0,280.0,0.0215138167390142
160.0,10.0,290.0,0.0
160.0,20.0,0.0,0.0
160.0,20.0,10.0,0.08942316545674261
160.0,20.0,20.0,0.031132938867801038
160.0,20.0,30.0,0.0
160.0,20.0,40.0,0.0
160.0,20.0,50.0,0.0366327452425978
160.0,20.0,60.0,0.004866006816608717
160.0,20.0,70.0,0.03998529505427003
160.0,20.0,80.0,0.1760269314315102
160.0,20.0,90.0,0.19832751356830383
160.0,20.0,100.0,0.27813942190171265
160.0,20.0,110.0,0.2675139401622417
160.0,20.0,120.0,0.47265482231559064
160.0,20.0,130.0,0.5290359751515507
160.0,20.0,140.0,0.6061317173165368
160.0,20.0,150.0,0.6499593046235262
160.0,20.0,160.0,0.5948124530854401
160.0,20.0,170.0,0.4833665891341534
160.0,20.0,180.0,0.3877932954488951
160.0,20.0,190.0,0.3262809948197002
160.0,20.0,200.0,0.18381201773678804
160.0,20.0,210.0,0.15992658785289984
160.0,20.0,220.0,0.08455257284315089
160.0,20.0,230.0,0.04368627547269946
160.0,20.0,240.0,0.06894699040019724
160.0,20.0,250.0,0.0
160.0,20.0,260.0,0.027072704385421066
160.0,20.0,270.0,0.01447819657358774
160.0,20.0,280.0,0.02131439249860717
160.0,20.0,290.0,0.06009900552895544
160.0,30.0,0.0,0.06777349006945775
160.0,30.0,10.0,0.0
160.0,30.0,20.0,0.010672835522591014
160.0,30.0,30.0,0.007947056869395739
160.0,30.0,40.0,0.0
160.0,30.0,50.0,0.0
160.0,30.0,60.0,0.07262231248257286
160.0,30.0,70.0,0.1211572496505801
160.0,30.0,80.0,0.20064034724518584
160.0,30.0,90.0,0.275970121437551
160.0,30.0,100.0,0.3128308885615123
160.0,30.0,110.0,0.5596911851716317
160.0,30.0,120.0,0.5870640358711524
160.0,30.0,130.0,0.6099623566034675
160.0,30.0,140.0,0.7339642073070698
160.0,30.0,150.0,0.6495274831386427
160.0,30.0,160.0,0.6692500604705691
160.0,30.0,170.0,0.5950289140560214
160.0,30.0,180.0,0.5428413895001133
160.0,30.0,190.0,0.4323973641203068
160.0,30.0,200.0,0.3079382320334718
160.0,30.0,210.0,0.2170452016405781
160.0,30.0,220.0,0.01385041811422831
160.0,30.0,230.0,0.11366460233508935
160.0,30.0,240.0,0.015147847403351192
160.0,30.0,250.0,0.02321132666257196
160.0,30.0,260.0,0.032118667011811486
160.0,30.0,270.0,0.0
160.0,30.0,280.0,0.06203939407426771
160.0,30.0,290.0,0.0
160.0,40.0,0.0,0.0
160.0,40.0,10.0,0.0
160.0,40.0,20.0,0.029084061698583748
160.0,40.0,30.0,0.0
160.0,40.0,40.0,0.055254651990470804
160.0,40.0,50.0,0.06579427808642034
160.0,40.0,60.0,0.028636757009150984
160.0,40.0,70.0,0.1464691271620641
160.0,40.0,80.0,0.1885835093541931
160.0,40.0,90.0,0.4047725474573779
160.0,40.0,100.0,0.5283482714635123
160.0,40.0,110.0,0.5028875484411962
160.0,40.0,120.0,0.725379152060208
160.0,40.0,130.0,0.7668719749866215
160.0,40.0,140.0,0.8669582341677483
160.0,40.0,150.0,0.8899641197100558
160.0,40.0,160.0,0.7459913719449516
160.0,40.0,170.0,0.6285147422807135
160.0,40.0,180.0,0.48763723572557555
160.0,40.0,190.0,0.47254595601635485
160.0,40.0,200.0,0.37549534178868016
160.0,40.0,210.0,0.21752342754774787
160.0,40.0,220.0,0.20453302462258116
160.0,40.0,230.0,0.08409345782494097
160.0,40.0,240.0,0.07771905653484862
160.0,40.0,250.0,0.013794070915089544
160.0,40.0,260.0,0.04098303611680984
160.0,40.0,270.0,0.0
160.0,40.0,280.0,0.0
160.0,40.0,290.0,0.0
160.0,50.0,0.0,0.026525611765808494
160.0,50.0,10.0,0.0
160.0,50.0,20.0,0.02370724488956845
160.0,50.0,30.0,0.0
160.0,50.0,40.0,0.0
160.0,50.0,50.0,0.0
160.0,50.0,60.0,0.04469685873414111
160.0,50.0,70.0,0.238776989315251
160.0,50.0,80.0,0.29873227594204776
160.0,50.0,90.0,0.368154739301717
160.0,50.0,100.0,0.6294816571490695
160.0,50.0,110.0,0.6482531274349321
160.0,50.0,120.0,0.7808753805253646
160.0,50.0,130.0,0.8980420360905389
160.0,50.0,140.0,0.9410757950954758
160.0,50.0,150.0,0.9570397607385424
160.0,50.0,160.0,0.879160824088383
160.0,50.0,170.0,0.7942016326085646
160.0,50.0,180.0,0.6094390553638497
160.0,50.0,190.0,0.443250767729544
160.0,50.0,200.0,0.287434871590184
160.0,50.0,210.0,0.30931347056227565
160.0,50.0,220.0,0.1173471021545458
160.0,50.0,230.0,0.0677915496811213
160.0,50.0,240.0,0.00717072800183869
160.0,50.0,250.0,1.0361070250163723e-05
160.0,50.0,260.0,0.10130804531614934
160.0,50.0,270.0,0.0
160.0,50.0,280.0,0.015334737220507103
160.0,50.0,290.0,0.011018216021280778
160.0,60.0,0.0,0.0
160.0,60.0,10.0,0.0
160.0,60.0,20.0,0.019838196148532307
160.0,60.0,30.0,0.0
160.0,60.0,40.0,0.08568056465898966
160.0,60.0,50.0,0.0
160.0,60.0,60.0,0.0860241956869723
160.0,60.0,70.0,0.14854812305794868
160.0,60.0,80.0,0.3068278010921716
160.0,60.0,90.0,0.4474741274380331
160.0,60.0,100.0,0.5475975848138935
160.0,60.0,110.0,0.7761390340188236
160.0,60.0,120.0,0.9253331402401542
160.0,60.0,130.0,0.9975224610341595
160.0,60.0,140.0,1.132674074203963
160.0,60.0,150.0,1.104038976573584
160.0,60.0,160.0,1.0133757804249652
160.0,60.0,170.0,0.9513591945241928
160.0,60.0,180.0,0.7425856020292328
160.0,60.0,190.0,0.5603328200580086
160.0,60.0,200.0,0.4071796692643133
160.0,60.0,210.0,0.23240422439254232
160.0,60.0,220.0,0.1317697209575725
160.0,60.0,230.0,0.1459889150731516
160.0,60.0,240.0,0.08744684513558207
160.0,60.0,250.0,0.040598549119371045
160.0,60.0,260.0,0.0
160.0,60.0,270.0,0.0
160.0,60.0,280.0,0.10798255734329279
160.0,60.0,290.0,0.02628491007183829
160.0,70.0,0.0,0.019761666830132633
160.0,70.0,10.0,0.004121562870558817
160.0,70.0,20.0,0.0
160.0,70.0,30.0,0.08926325794622678
160.0,70.0,40.0,0.0
160.0,70.0,50.0,0.07182177006912256
160.0,70.0,60.0,0.06665018090545709
160.0,70.0,70.0,0.23021497016414036
160.0,70.0,80.0,0.2635197199234358
160.0,70.0,90.0,0.42825131898572477
160.0,70.0,100.0,0.6130675598467579
160.0,70.0,110.0,0.8753595808474655
160.0,70.0,120.0,1.0775810965811512
160.0,70.0,130.0,1.0739928262052092
160.0,70.0,140.0,1.2597042610983993
160.0,70.0,150.0,1.1395636040176393
160.0,70.0,160.0,1.2100215999757014
160.0,70.0,170.0,1.026339263914519
160.0,70.0,180.0,0.7424182251459338
160.0,70.0,190.0,0.6339056962722865
160.0,70.0,200.0,0.47883047700551656
160.0,70.0,210.0,0.39925510447742457
160.0,70.0,220.0,0.07815433997724014
160.0,70.0,230.0,0.14624641439319985
160.0,70.0,240.0,0.011955505250125092
160.0,70.0,250.0,0.0
160.0,70.0,260.0,0.06246198681297875
160.0,70.0,270.0,0.0
160.0,70.0,280.0,0.0
160.0,70.0,290.0,0.08135271398428676
160.0,80.0,0.0,0.1313800587458553
160.0,80.0,10.0,0.0
160.0,80.0,20.0,0.026091312793743174
160.0,80.0,30.0,0.0
160.0,80.0,40.0,0.0
160.0,80.0,50.0,0.08128553318811989
160.0,80.0,60.0,0.1362883587781509
160.0,80.0,70.0,0.23575893417925614
160.0,80.0,80.0,0.38898442312394577
160.0,80.0,90.0,0.5090690414916601
160.0,80.0,100.0,0.6624353728704532
160.0,80.0,110.0,0.9518913303780319
160.0,80.0,120.0,1.1702670014326668
160.0,80.0,130.0,1.3467599172823526
160.0,80.0,140.0,1.3913293062334433
160.0,80.0,150.0,1.3502239251524042
160.0,80.0,160.0,1.2545289153126427
160.0,80.0,170.0,1.0572900579689426
160.0,80.0,180.0,0.9273266302234492
160.0,80.0,190.0,0.8704633430276985
160.0,80.0,200.0,0.4467974079081665
160.0,80.0,210.0,0.3611822623141977
160.0,80.0,220.0,0.270895836408409
160.0,80.0,230.0,0.18033580740538324
160.0,80.0,240.0,0.05897443398722366
160.0,80.0,250.0,0.045260135998747925
160.0,80.0,260.0,0.02623205036644936
160.0,80.0,270.0,0.030116784257911713
160.0,80.0,280.0,0.04094127031313373
160.0,80.0,290.0,0.0
160.0,90.0,0.0,0.025116882482168576
160.0,90.0,10.0,0.035500696741414116
160.0,90.0,20.0,0.0
160.0,90.0,30.0,0.014272301172514046
160.0,90.0,40.0,0.10429092412531601
160.0,90.0,50.0,0.08918125582685364
160.0,90.0,60.0,0.1444707162426342
160.0,90.0,70.0,0.35630052538123963
160.0,90.0,80.0,0.3882969272195146
160.0,90.0,90.0,0.632275120713754
160.0,90.0,100.0,0.7982628454258973
160.0,90.0,110.0,1.0794185823097844
160.0,90.0,120.0,1.209744611557391
160.0,90.0,130.0,1.453086925832068
160.0,90.0,140.0,1.5046745796971093
160.0,90.0,150.0,1.4680318096564586
160.0,90.0,160.0,1.4874415763908124
160.0,90.0,170.0,1.2063984783996724
160.0,90.0,180.0,1.0523630867224276
160.0,90.0,190.0,0.9211084501408817
160.0,90.0,200.0,0.5328443265141178
160.0,90.0,210.0,0.4549186275479617
160.0,90.0,220.0,0.2407222736396681
160.0,90.0,230.0,0.20837683614875702
160.0,90.0,240.0,0.034724179149746875
160.0,90.0,250.0,0.04010788484178427
160.0,90.0,260.0,0.03648491665668701
160.0,90.0,270.0,0.0
160.0,90.0,280.0,0.011184879384801193
160.0,90.0,290.0,0.06343095909935732
160.0,100.0,0.0,0.050914551815776664
160.0,100.0,10.0,0.00379962398145625
160.0,100.0,20.0,0.05495169230146973
160.0,100.0,30.0,0.003087548090519192
160.0,100.0,40.0,0.050245521147156004
160.0,100.0,50.0,0.07773796212934582
160.0,100.0,60.0,0.2977265379001499
160.0,100.0,70.0,0.29083701325111483
160.0,100.0,80.0,0.39747899523396013
160.0,100.0,90.0,0.5635090969165822
160.0,100.0,100.0,0.8702114200595797
160.0,100.0,110.0,1.0817109392854602
160.0,100.0,120.0,1.313686580093117
160.0,100.0,130.0,1.6167899525777376
160.0,100.0,140.0,1.6603027244287556
160.0,100.0,150.0,1.6259421489696337
160.0,100.0,160.0,1.5838762675573737
160.0,100.0,170.0,1.331898600918494
160.0,100.0,180.0,1.1586772357864663
160.0,100.0,190.0,0.9713683736821438
160.0,100.0,200.0,0.6706767431151981
160.0,100.0,210.0,0.44812312150306055
160.0,100.0,220.0,0.21065761265014785
160.0,100.0,230.0,0.07668024929903353
160.0,100.0,240.0,0.016714763446345662
160.0,100.0,250.0,0.06190988039649567
160.0,100.0,260.0,0.028859061322582643
160.0,100.0,270.0,0.011881473822362036
160.0,100.0,280.0,0.0
160.0,100.0,290.0,0.0
160.0,110.0,0.0,0.0716498610856271
160.0,110.0,10.0,0.0
160.0,110.0,20.0,0.01591628576885137
160.0,110.0,30.0,0.0
160.0,110.0,40.0,0.025823214902030833
160.0,110.0,50.0,0.07078588371652428
160.0,110.0,60.0,0.12825055706853267
160.0,110.0,70.0,0.3231786887116864
160.0,110.0,80.0,0.5686638746109955
160.0,110.0,90.0,0.715966257335135
160.0,110.0,100.0,0.9441882689267495
160.0,110.0,110.0,1.157459928141888
160.0,110.0,120.0,1.504695174793113
160.0,110.0,130.0,1.6557841122369457
160.0,110.0,140.0,1.756969925894859
160.0,110.0,150.0,1.7347756352327224
160.0,110.0,160.0,1.60927536575192
160.0,110.0,170.0,1.3977639908861408
160.0,110.0,180.0,1.1714832246975941
160.0,110.0,190.0,1.054547699878752
160.0,110.0,200.0,0.7111844507197186
160.0,110.0,210.0,0.48680177930819135
160.0,110.0,220.0,0.3142874124976333
160.0,110.0,230.0,0.2514653444120286
160.0,110.0,240.0,0.1605612573101095
160.0,110.0,250.0,0.04911455827695987
160.0,110.0,260.0,0.010884006178039505
160.0,110.0,270.0,0.004576763363707565
160.0,110.0,280.0,0.0
160.0,110.0,290.0,0.009992076194991125
160.0,120.0,0.0,0.03841142046020746
160.0,120.0,10.0,0.09246059221654068
160.0,120.0,20.0,0.0
160.0,120.0,30.0,0.08937804356357595
160.0,120.0,40.0,0.10155855029942146
160.0,120.0,50.0,0.10165993134924019
160.0,120.0,60.0,0.1483139873842818
160.0,120.0,70.0,0.31130131115002563
160.0,120.0,80.0,0.5549197218086335
160.0,120.0,90.0,0.7686717724303199
160.0,120.0,100.0,1.0333766476240311
160.0,120.0,110.0,1.3160257311559789
160.0,120.0,120.0,1.5206349955792364
160.0,120.0,130.0,1.7293785581951915
160.0,120.0,140.0,1.8820747363110957
160.0,120.0,150.0,1.8691165936036955
160.0,120.0,160.0,1.7393285765602107
160.0,120.0,170.0,1.4495524273624496
160.0,120.0,180.0,1.356716379181181
160.0,120.0,190.0,0.9746091142810054
160.0,120.0,200.0,0.656573421540457
160.0,120.0,210.0,0.5456467302856409
160.0,120.0,220.0,0.4371519276426363
160.0,120.0,230.0,0.1362501581149574
160.0,120.0,240.0,0.0840013635506439
160.0,120.0,250.0,0.03252362427008898
160.0,120.0,260.0,0.006851271734497198
160.0,120.0,270.0,0.1452413832535117
160.0,120.0,280.0,0.0
160.0,120.0,290.0,0.0
160.0,130.0,0.0,0.019756772045054827
160.0,130.0,10.0,0.029151991518911582
160.0,130.0,20.0,0.036412883235367
160.0,130.0,30.0,0.013307349180175686
160.0,130.0,40.0,0.07375665761328563
160.0,130.0,50.0,0.1283789695971961
160.0,130.0,60.0,0.21839476370981303
160.0,130.0,70.0,0.30529877940869743
160.0,130.0,80.0,0.5039014305419078
160.0,130.0,90.0,0.7860098607667367
160.0,130.0,100.0,0.9201349679772772
160.0,130.0,110.0,1.3027848860445674
160.0,130.0,120.0,1.5851239657389635
160.0,130.0,130.0,1.7006891153209325
160.0,130.0,140.0,1.8367566565795888
160.0,130.0,150.0,1.938765325945655
160.0,130.0,160.0,1.8913267770806124
160.0,130.0,170.0,1.7188092381439843
160.0,130.0,180.0,1.3114584289435283
160.0,130.0,190.0,1.0053036128507002
160.0,130.0,200.0,0.7676578168532724
160.0,130.0,210.0,0.48847607948973604
160.0,130.0,220.0,0.3511556790312958
160.0,130.0,230.0,0.19507591030464794
160.0,130.0,240.0,0.12388186721520908
160.0,130.0,250.0,0.060620330927110534
160.0,130.0,260.0,0.0
160.0,130.0,270.0,0.07217984605353106
160.0,130.0,280.0,0.02994688480866386
160.0,130.0,290.0,0.0
160.0,140.0,0.0,0.11401992572278168
160.0,140.0,10.0,0.0
160.0,140.0,20.0,0.0
160.0,140.0,30.0,0.07030890078949856
160.0,140.0,40.0,0.1350970999807113
160.0,140.0,50.0,0.1515422246421321
160.0,140.0,60.0,0.17282960519963442
160.0,140.0,70.0,0.3454760730688561
160.0,140.0,80.0,0.5319958098438343
160.0,140.0,90.0,0.778462938605114
160.0,140.0,100.0,1.0818706256679422
160.0,140.0,110.0,1.2727437778473076
160.0,140.0,120.0,1.5898565821537263
160.0,140.0,130.0,1.8152789454754037
160.0,140.0,140.0,1.903137781174041
160.0,140.0,150.0,1.8735779642013022
160.0,140.0,160.0,1.7803022973084912
160.0,140.0,170.0,1.6351650420117616
160.0,140.0,180.0,1.3508475874642871
160.0,140.0,190.0,1.0475127339875465
160.0,140.0,200.0,0.7193118319374688
160.0,140.0,210.0,0.5305585997675502
160.0,140.0,220.0,0.29931271828423406
160.0,140.0,230.0,0.2811068013567865
160.0,140.0,240.0,0.15335693781732862
160.0,140.0,250.0,0.06365306213354012
160.0,140.0,260.0,0.02185444199228672
160.0,140.0,270.0,0.039608678367131195
160.0,140.0,280.0,0.0
160.0,140.0,290.0,0.017561015454816448
160.0,150.0,0.0,0.0
160.0,150.0,10.0,0.10160889614432186
160.0,150.0,20.0,0.0
160.0,150.0,30.0,0.0497877184183865
160.0,150.0,40.0,0.07771741382762694
160.0,150.0,50.0,0.07264964391696879
160.0,150.0,60.0,0.21284032070230216
160.0,150.0,70.0,0.3402511359892907
160.0,150.0,80.0,0.5232843981726031
160.0,150.0,90.0,0.7009646910929397
160.0,150.0,100.0,1.051012898168437
160.0,150.0,110.0,1.3425143560047232
160.0,150.0,120.0,1.5575737045072369
160.0,150.0,130.0,1.8235326683737814
160.0,150.0,140.0,1.9404345394868234
160.0,150.0,150.0,1.88142372323098
160.0,150.0,160.0,1.7995357032981842
160.0,150.0,170.0,1.5325108888613432
160.0,150.0,180.0,1.3353122315546804
160.0,150.0,190.0,1.0099136129131654
160.0,150.0,200.0,0.7434047424744777
160.0,150.0,210.0,0.4293173616565197
160.0,150.0,220.0,0.38838080300465866
160.0,150.0,230.0,0.16059747013896564
160.0,150.0,240.0,0.1524503939006536
160.0,150.0,250.0,0.08666346632990932
160.0,150.0,260.0,0.005462951915845966
160.0,150.0,270.0,0.08426497454592494
160.0,150.0,280.0,0.0
160.0,150.0,290.0,0.0
160.0,160.0,0.0,0.03440883765919021
160.0,160.0,10.0,0.0803245030964142
160.0,160.0,20.0,0.0
160.0,160.0,30.0,0.0
160.0,160.0,40.0,0.05592616659065705
160.0,160.0,50.0,0.13036931464687015
160.0,160.0,60.0,0.2538579359411198
160.0,160.0,70.0,0.32903001146898236
160.0,160.0,80.0,0.5405399617127864
160.0,160.0,90.0,0.7710620121323551
160.0,160.0,100.0,1.0565392935379334
160.0,160.0,110.0,1.2771681982870904
160.0,160.0,120.0,1.5268609967008115
160.0,160.0,130.0,1.7842675005253714
160.0,160.0,140.0,1.9209172070649356
160.0,160.0,150.0,1.8732025480697334
160.0,160.0,160.0,1.8391640069527209
160.0,160.0,170.0,1.6072256167850751
160.0,160.0,180.0,1.2960876453555878
160.0,160.0,190.0,1.027469127534001
160.0,160.0,200.0,0.7149691110847103
160.0,160.0,210.0,0.5730045874392736
160.0,160.0,220.0,0.2853289361131204
160.0,160.0,230.0,0.20476079317163934
160.0,160.0,240.0,0.0472745430708468
160.0,160.0,250.0,0.07971984741752065
160.0,160.0,260.0,0.006520884886313898
160.0,160.0,270.0,0.0
160.0,160.0,280.0,0.006543197441524608
160.0,160.0,290.0,0.06019323845964932
160.0,170.0,0.0,0.0
160.0,170.0,10.0,0.11901568945991482
160.0,170.0,20.0,0.06232079606733
160.0,170.0,30.0,0.006010554998908419
160.0,170.0,40.0,0.030441813061383972
160.0,170.0,50.0,0.055492822259758955
160.0,170.0,60.0,0.06091949104836755
160.0,170.0,70.0,0.22177454811526837
160.0,170.0,80.0,0.558714609104059
160.0,170.0,90.0,0.708276620023077
160.0,170.0,100.0,1.0212173165595106
160.0,170.0,110.0,1.1155610758184678
160.0,170.0,120.0,1.593370104311343
160.0,170.0,130.0,1.6673061902715973
160.0,170.0,140.0,1.7878479238579477
160.0,170.0,150.0,1.892125000328685
160.0,170.0,160.0,1.7570577998181878
160.0,170.0,170.0,1.4595515484606647
160.0,170.0,180.0,1.3157701374146509
160.0,170.0,190.0,0.9692412772831333
160.0,170.0,200.0,0.6793026676686198
160.0,170.0,210.0,0.5076215001104332
160.0,170.0,220.0,0.26674938800143766
160.0,170.0,230.0,0.2168404935402476
160.0,170.0,240.0,0.041679199165889705
160.0,170.0,250.0,0.012869577805339809
160.0,170.0,260.0,0.04341292726697059
160.0,170.0,270.0,0.013144247556838821
160.0,170.0,280.0,0.012666106110956143
160.0,170.0,290.0,0.0
160.0,180.0,0.0,0.0
160.0,180.0,10.0,0.052719243221890116
160.0,180.0,20.0,0.0
160.0,180.0,30.0,0.032370377123130706
160.0,180.0,40.0,0.03882549864200946
160.0,180.0,50.0,0.1979304987625986
160.0,180.0,60.0,0.2880538926784616
160.0,180.0,70.0,0.31703704964642204
160.0,180.0,80.0,0.5576741711721442
160.0,180.0,90.0,0.6550814142558467
160.0,180.0,100.0,1.0548838659940694
160.0,180.0,110.0,1.1881502318183126
160.0,180.0,120.0,1.4496331598646786
160.0,180.0,130.0,1.621763971930964
160.0,180.0,140.0,1.7618958355580674
160.0,180.0,150.0,1.7771721226589012
160.0,180.0,160.0,1.5931512876610294
160.0,180.0,170.0,1.3739127925203407
160.0,180.0,180.0,1.1998606487506442
160.0,180.0,190.0,1.0333999284352113
160.0,180.0,200.0,0.7300002192082947
160.0,180.0,210.0,0.39741003071047826
160.0,180.0,220.0,0.28431591233522613
160.0,180.0,230.0,0.2133070469373481
160.0,180.0,240.0,0.15736302723771572
160.0,180.0,250.0,0.10951571129353768
160.0,180.0,260.0,0.0
160.0,180.0,270.0,0.0
160.0,180.0,280.0,0.0
160.0,180.0,290.0,0.031169887887395394
160.0,190.0,0.0,0.0
160.0,190.0,10.0,0.0
160.0,190.0,20.0,0.04668319966961912
160.0,190.0,30.0,0.0
160.0,190.0,40.0,0.0024968130011748663
160.0,190.0,50.0,0.08386578702000172
160.0,190.0,60.0,0.20488011413462653
160.0,190.0,70.0,0.1830704279147562
160.0,190.0,80.0,0.3929223755671316
160.0,190.0,90.0,0.6377450338569219
160.0,190.0,100.0,0.8898163742756707
160.0,190.0,110.0,1.1545708399279586
160.0,190.0,120.0,1.3034749462311137
160.0,190.0,130.0,1.553515776143987
160.0,190.0,140.0,1.6130443873893041
160.0,190.0,150.0,1.7024857088759904
160.0,190.0,160.0,1.5272890729395858
160.0,190.0,170.0,1.3134538076082791
160.0,190.0,180.0,1.0592204384039747
160.0,190.0,190.0,0.8762157492854511
160.0,190.0,200.0,0.6756010660653995
160.0,190.0,210.0,0.4306442130985329
160.0,190.0,220.0,0.18987923121747446
160.0,190.0,230.0,0.2541276097325049
160.0,190.0,240.0,0.04965525252521529
160.0,190.0,250.0,0.0
160.0,190.0,260.0,0.05934129324366445
160.0,190.0,270.0,0.07558393606069569
160.0,190.0,280.0,0.17244900196096094
160.0,190.0,290.0,0.0
160.0,200.0,0.0,0.0
160.0,200.0,10.0,0.0
160.0,200.0,20.0,0.0
160.0,200.0,30.0,0.07681933374057963
160.0,200.0,40.0,0.0
160.0,200.0,50.0,0.07887537913435914
160.0,200.0,60.0,0.18303026835233382
160.0,200.0,70.0,0.22150135706807333
160.0,200.0,80.0,0.4330761811310737
160.0,200.0,90.0,0.634890100200122
160.0,200.0,100.0,0.8984822897846649
160.0,200.0,110.0,1.0285683861983559
160.0,200.0,120.0,1.2533148948441086
160.0,200.0,130.0,1.3839572939549663
160.0,200.0,140.0,1.4497402302315543
160.0,200.0,150.0,1.5714719725421287
160.0,200.0,160.0,1.3296229498034484
160.0,200.0,170.0,1.259093363486863
160.0,200.0,180.0,1.0113652335884207
160.0,200.0,190.0,0.8431732293312424
160.0,200.0,200.0,0.5758703917389179
160.0,200.0,210.0,0.4498364998662584
160.0,200.0,220.0,0.3143643666859439
160.0,200.0,230.0,0.12438697528152874
160.0,200.0,240.0,0.08542784296961473
160.0,200.0,250.0,0.08271685171223334
160.0,200.0,260.0,0.0
160.0,200.0,270.0,0.00010560470065916136
160.0,200.0,280.0,0.0
160.0,200.0,290.0,0.0
160.0,210.0,0.0,0.03674284877228441
160.0,210.0,10.0,0.018032369306294753
160.0,210.0,20.0,0.10488786276553054
160.0,210.0,30.0,0.015366715948424061
160.0,210.0,40.0,0.043415684374836304
160.0,210.0,50.0,0.17214229998645297
160.0,210.0,60.0,0.17290100077010262
160.0,210.0,70.0,0.24424201476245488
160.0,210.0,80.0,0.3331148784578508
160.0,210.0,90.0,0.5606262785813009
160.0,210.0,100.0,0.7442216428700832
160.0,210.0,110.0,0.9097182801654246
160.0,210.0,120.0,1.171309697959449
160.0,210.0,130.0,1.3346655674076677
160.0,210.0,140.0,1.3231800713999256
160.0,210.0,150.0,1.3903906725013786
160.0,210.0,160.0,1.340848640822257
160.0,210.0,170.0,1.1252049987696793
160.0,210.0,180.0,0.9394197606550501
160.0,210.0,190.0,0.7657786864245053
160.0,210.0,200.0,0.6480731232981622
160.0,210.0,210.0,0.39060669606495774
160.0,210.0,220.0,0.17036673541100683
160.0,210.0,230.0,0.0937334518190138
160.0,210.0,240.0,0.1021423764657292
160.0,210.0,250.0,0.0
160.0,210.0,260.0,0.05962886457971561
160.0,210.0,270.0,0.05077109935571772
160.0,210.0,280.0,0.03348913385255204
160.0,210.0,290.0,0.004705941015400431
160.0,220.0,0.0,0.0
160.0,220.0,10.0,0.0
160.0,220.0,20.0,0.05838549437889247
160.0,220.0,30.0,0.0
160.0,220.0,40.0,0.036750296158563026
160.0,220.0,50.0,0.08076965729186572
160.0,220.0,60.0,0.12122703955028566
160.0,220.0,70.0,0.286246789548541
160.0,220.0,80.0,0.3587952482818494
160.0,220.0,90.0,0.4308083037427922
160.0,220.0,100.0,0.6551270737044953
160.0,220.0,110.0,0.8116664537573256
160.0,220.0,120.0,1.0822904551777761
160.0,220.0,130.0,1.1543091766939966
160.0,220.0,140.0,1.2100630311963214
160.0,220.0,150.0,1.1899835136311767
160.0,220.0,160.0,1.138650833180303
160.0,220.0,170.0,1.0720454895229354
160.0,220.0,180.0,0.8390955867891797
160.0,220.0,190.0,0.7008104935276944
160.0,220.0,200.0,0.4530497185773725
160.0,220.0,210.0,0.3350633851021701
160.0,220.0,220.0,0.24308447283905713
160.0,220.0,230.0,0.026072200543576368
160.0,220.0,240.0,0.009876472835559591
160.0,220.0,250.0,0.07591821712039253
160.0,220.0,260.0,0.0
160.0,220.0,270.0,0.027114007569696813
160.0,220.0,280.0,0.0
160.0,220.0,290.0,0.0
160.0,230.0,0.0,0.0
160.0,230.0,10.0,0.0
160.0,230.0,20.0,0.0
160.0,230.0,30.0,0.06877803848966679
160.0,230.0,40.0,0.006547121651766914
160.0,230.0,50.0,0.13617934464060227
160.0,230.0,60.0,0.10179663293459654
160.0,230.0,70.0,0.10872793580862157
160.0,230.0,80.0,0.2188125733550189
160.0,230.0,90.0,0.41181964865289844
160.0,230.0,100.0,0.5722171225629671
160.0,230.0,110.0,0.7625839235512938
160.0,230.0,120.0,0.9749340623383748
160.0,230.0,130.0,1.0084766219417678
160.0,230.0,140.0,1.0529346851963863
160.0,230.0,150.0,1.1078860091435005
160.0,230.0,160.0,1.111917927849607
160.0,230.0,170.0,0.8749560541194832
160.0,230.0,180.0,0.7370153574645364
160.0,230.0,190.0,0.5970459124145233
160.0,230.0,200.0,0.4795938515650276
160.0,230.0,210.0,0.22624118384262218
160.0,230.0,220.0,0.1795844062277396
160.0,230.0,230.0,0.07679775416426565
160.0,230.0,240.0,0.07105014243470043
160.0,230.0,250.0,0.029331546026452056
160.0,230.0,260.0,0.0
160.0,230.0,270.0,0.0
160.0,230.0,280.0,0.0
160.0,230.0,290.0,0.0
160.0,240.0,0.0,0.042023645704493906
160.0,240.0,10.0,0.03535916770569693
160.0,240.0,20.0,0.0
160.0,240.0,30.0,0.0
160.0,240.0,40.0,0.0
160.0,240.0,50.0,0.06717779665977305
160.0,240.0,60.0,0.07139052074430444
160.0,240.0,70.0,0.1024314545499098
160.0,240.0,80.0,0.2863989368788205
160.0,240.0,90.0,0.29836421720082545
160.0,240.0,100.0,0.4058288840311798
160.0,240.0,110.0,0.6828499024351654
160.0,240.0,120.0,0.8049447305090506
160.0,240.0,130.0,0.8879794216518566
160.0,240.0,140.0,0.9350926786110867
160.0,240.0,150.0,0.9433622628782757
160.0,240.0,160.0,0.92973472698372
160.0,240.0,170.0,0.7363709461158449
160.0,240.0,180.0,0.6736383024950183
160.0,240.0,190.0,0.5223939627474827
160.0,240.0,200.0,0.40330027635243293
160.0,240.0,210.0,0.2112099750603693
160.0,240.0,220.0,0.14563377852891135
160.0,240.0,230.0,0.15858903082004186
160.0,240.0,240.0,0.0
160.0,240.0,250.0,0.002882754793577285
160.0,240.0,260.0,0.09773068593340345
160.0,240.0,270.0,0.043492318387866366
160.0,240.0,280.0,0.01563636399423323
160.0,240.0,290.0,0.058303091185375876
160.0,250.0,0.0,0.0
160.0,250.0,10.0,0.0
160.0,250.0,20.0,0.0
160.0,250.0,30.0,0.02862998009958628
160.0,250.0,40.0,0.1812660896045686
160.0,250.0,50.0,0.0
160.0,250.0,60.0,0.07362882244644028
160.0,250.0,70.0,0.1302820783908482
160.0,250.0,80.0,0.20220371333981932
160.0,250.0,90.0,0.3308092551535759
160.0,250.0,100.0,0.41238747107574353
160.0,250.0,110.0,0.521517333772321
160.0,250.0,120.0,0.6925275233916379
160.0,250.0,130.0,0.6681209713638573
160.0,250.0,140.0,0.8935224477526817
160.0,250.0,150.0,0.8757929077848255
160.0,250.0,160.0,0.7048351032700428
160.0,250.0,170.0,0.6331418951460965
160.0,250.0,180.0,0.5345654645594297
160.0,250.0,190.0,0.43248496365604017
160.0,250.0,200.0,0.266140862621715
160.0,250.0,210.0,0.28063508826253514
160.0,250.0,220.0,0.13533780148632596
160.0,250.0,230.0,0.027169327329123083
160.0,250.0,240.0,0.01548342514955204
160.0,250.0,250.0,0.0
160.0,250.0,260.0,0.0780764169183375
160.0,250.0,270.0,0.004943842419906655
160.0,250.0,280.0,0.0
160.0,250.0,290.0,0.0
160.0,260.0,0.0,0.054873037830292085
160.0,260.0,10.0,0.0
160.0,260.0,20.0,0.0
160.0,260.0,30.0,0.008457703268007209
160.0,260.0,40.0,0.0
160.0,260.0,50.0,0.055112693671767264
160.0,260.0,60.0,0.14191506120220682
160.0,260.0,70.0,0.11931770287993389
160.0,260.0,80.0,0.23252950119145366
160.0,260.0,90.0,0.28577502481613987
160.0,260.0,100.0,0.3131179991343462
160.0,260.0,110.0,0.3777318080579278
160.0,260.0,120.0,0.5731225017236669
160.0,260.0,130.0,0.5951871010095984
160.0,260.0,140.0,0.7480270184476521
160.0,260.0,150.0,0.6838909179027609
160.0,260.0,160.0,0.6480475327343039
160.0,260.0,170.0,0.6226091364456555
160.0,260.0,180.0,0.50264776979691
160.0,260.0,190.0,0.34507046428785454
160.0,260.0,200.0,0.25800453993087924
160.0,260.0,210.0,0.20538203117818915
160.0,260.0,220.0,0.16705029782240438
160.0,260.0,230.0,0.0655051967471351
160.0,260.0,240.0,1.62932280204503e-06
160.0,260.0,250.0,0.07623893904232903
160.0,260.0,260.0,0.0
160.0,260.0,270.0,0.08104165390218919
160.0,260.0,280.0,0.0
160.0,260.0,290.0,0.0
160.0,270.0,0.0,0.051005645256231816
160.0,270.0,10.0,0.0
160.0,270.0,20.0,0.06990136161280876
160.0,270.0,30.0,0.0
160.0,270.0,40.0,0.0
160.0,270.0,50.0,0.0
160.0,270.0,60.0,0.0
160.0,270.0,70.0,0.17823111544457637
160.0,270.0,80.0,0.0786271796351396
160.0,270.0,90.0,0.2283894864664235
160.0,270.0,100.0,0.31405317342753425
160.0,270.0,110.0,0.437971892735471
160.0,270.0,120.0,0.5782570388901461
160.0,270.0,130.0,0.584913454469276
160.0,270.0,140.0,0.6240279441206377
160.0,270.0,150.0,0.4501136409410498
160.0,270.0,160.0,0.6542751374441763
160.0,270.0,170.0,0.5429381215458582
160.0,270.0,180.0,0.3620484235647889
160.0,270.0,190.0,0.344743763272054
160.0,270.0,200.0,0.22385765294663962
160.0,270.0,210.0,0.16911981469951923
160.0,270.0,220.0,0.12555550308129643
160.0,270.0,230.0,0.019643779385216366
160.0,270.0,240.0,0.0
160.0,270.0,250.0,0.0
160.0,270.0,260.0,0.042709097186924214
160.0,270.0,270.0,0.020769313223776294
160.0,270.0,280.0,0.047908247250853915
160.0,270.0,290.0,0.0
160.0,280.0,0.0,0.0
160.0,280.0,10.0,0.07591468215350937
160.0,280.0,20.0,0.06879375744515084
160.0,280.0,30.0,0.04049715776887355
160.0,280.0,40.0,0.009699105186149207
160.0,280.0,50.0,0.07909300900494416
160.0,280.0,60.0,0.038146341606979245
160.0,280.0,70.0,0.11098382086401767
160.0,280.0,80.0,0.18145887763809299
160.0,280.0,90.0,0.11320143430273093
160.0,280.0,100.0,0.1685422407283766
160.0,280.0,110.0,0.39610449159360706
160.0,280.0,120.0,0.4894178826092892
160.0,280.0,130.0,0.37095235214864475
160.0,280.0,140.0,0.3909360494746644
160.0,280.0,150.0,0.49153136181404833
160.0,280.0,160.0,0.4934918820174901
160.0,280.0,170.0,0.39880463682150824
160.0,280.0,180.0,0.3042363998384243
160.0,280.0,190.0,0.20983579069179273
160.0,280.0,200.0,0.15718687729542763
160.0,280.0,210.0,0.114964252674294
160.0,280.0,220.0,0.13597559825902536
160.0,280.0,230.0,0.07299351181481593
160.0,280.0,240.0,0.01395327279908258
160.0,280.0,250.0,0.026598962881217235
160.0,280.0,260.0,0.11557173622366348
160.0,280.0,270.0,0.11507104440905086
160.0,280.0,280.0,0.0
160.0,280.0,290.0,0.02446692573133718
160.0,290.0,0.0,0.0
160.0,290.0,10.0,0.00991015386124707
160.0,290.0,20.0,0.018956360516497035
160.0,290.0,30.0,0.01670138236295306
160.0,290.0,40.0,0.0033026583746783647
160.0,290.0,50.0,0.008896139431485208
160.0,290.0,60.0,0.049363325658619596
160.0,290.0,70.0,0.06643131670092864
160.0,290.0,80.0,0.08445488345333298
160.0,290.0,90.0,0.07797456746679028
160.0,290.0,100.0,0.22375612513760434
160.0,290.0,110.0,0.24806816666862533
160.0,290.0,120.0,0.37375721446604826
160.0,290.0,130.0,0.3680954978690031
160.0,290.0,140.0,0.41656962544760134
160.0,290.0,150.0,0.43306681135023584
160.0,290.0,160.0,0.2807236226634666
160.0,290.0,170.0,0.35716654834128847
160.0,290.0,180.0,0.22615811473802783
160.0,290.0,190.0,0.17809596385627496
160.0,290.0,200.0,0.18192854764344357
160.0,290.0,210.0,0.09759396257641842
160.0,290.0,220.0,0.10534856253988897
160.0,290.0,230.0,0.018232807049900955
160.0,290.0,240.0,0.008594807472306808
160.0,290.0,250.0,0.024282567834964568
160.0,290.0,260.0,0.0
160.0,290.0,270.0,0.006614005082095262
160.0,290.0,280.0,0.02141777755533343
160.0,290.0,290.0,0.0
170.0,0.0,0.0,0.009527396715807462
170.0,0.0,10.0,0.0
170.0,0.0,20.0,0.07139472451160792
170.0,0.0,30.0,0.055695302816906
170.0,0.0,40.0,0.0
170.0,0.0,50.0,0.06180888455498115
170.0,0.0,60.0,0.14776566970314703
170.0,0.0,70.0,0.0
170.0,0.0,80.0,0.15688890049314105
170.0,0.0,90.0,0.16985302507514893
170.0,0.0,100.0,0.20248553752011558
170.0,0.0,110.0,0.19983869592625103
170.0,0.0,120.0,0.25540171571701553
170.0,0.0,130.0,0.20454605690398192
170.0,0.0,140.0,0.41831511805195143
170.0,0.0,150.0,0.3179072085994296
170.0,0.0,160.0,0.38465758935383865
170.0,0.0,170.0,0.3667017864120685
170.0,0.0,180.0,0.20282590620943433
170.0,0.0,190.0,0.2555183545781543
170.0,0.0,200.0,0.043804950527422615
170.0,0.0,210.0,0.0
170.0,0.0,220.0,0.05587596270432957
170.0,0.0,230.0,0.07809561337825835
170.0,0.0,240.0,0.0
170.0,0.0,250.0,0.010081155576261663
170.0,0.0,260.0,0.0239762210151564
170.0,0.0,270.0,0.08463065284869098
170.0,0.0,280.0,0.0
170.0,0.0,290.0,0.018928540096481362
170.0,10.0,0.0,0.0
170.0,10.0,10.0,0.009444967150368088
170.0,10.0,20.0,0.0
170.0,10.0,30.0,0.03623820114677318
170.0,10.0,40.0,0.0
170.0,10.0,50.0,0.0
170.0,10.0,60.0,0.030555891875863606
170.0,10.0,70.0,0.1421281183833625
170.0,10.0,80.0,0.20175979481922146
170.0,10.0,90.0,0.14857930946650505
170.0,10.0,100.0,0.21924187523293293
170.0,10.0,110.0,0.23055459124254984
170.0,10.0,120.0,0.2957011700544763
170.0,10.0,130.0,0.34954386221587624
170.0,10.0,140.0,0.41188612946701453
170.0,10.0,150.0,0.4337169528049999
170.0,10.0,160.0,0.4089166609354109
170.0,10.0,170.0,0.26483932372790975
170.0,10.0,180.0,0.30552613314964466
170.0,10.0,190.0,0.186214867458366
170.0,10.0,200.0,0.26242362499207306
170.0,10.0,210.0,0.08152279252273614
170.0,10.0,220.0,0.07840870721774373
170.0,10.0,230.0,0.0451001150421033
170.0,10.0,240.0,0.013814376428147559
170.0,10.0,250.0,0.0
170.0,10.0,260.0,0.0
170.0,10.0,270.0,0.022829539098789795
170.0,10.0,280.0,0.022650978800611617
170.0,10.0,290.0,0.02055349366107189
170.0,20.0,0.0,0.10204824994101112
170.0,20.0,10.0,0.052273148896577415
170.0,20.0,20.0,0.04344094208457824
170.0,20.0,30.0,0.02102906822643251
170.0,20.0,40.0,0.06648574985625624
170.0,20.0,50.0,0.01416001379696374
170.0,20.0,60.0,0.0488703789614387
170.0,20.0,70.0,0.06453956979359235
170.0,20.0,80.0,0.14188146917920838
170.0,20.0,90.0,0.19281744937166378
170.0,20.0,100.0,0.26928391533609447
170.0,20.0,110.0,0.3496356054901908
170.0,20.0,120.0,0.42753388871191084
170.0,20.0,130.0,0.49223381383430176
170.0,20.0,140.0,0.49628677826668055
170.0,20.0,150.0,0.5896896319895728
170.0,20.0,160.0,0.44518999313066776
170.0,20.0,170.0,0.47535482145070157
170.0,20.0,180.0,0.3838949258326633
170.0,20.0,190.0,0.26478974660701216
170.0,20.0,200.0,0.15413605531377883
170.0,20.0,210.0,0.18825113490036233
170.0,20.0,220.0,0.01788091500032657
170.0,20.0,230.0,0.06881546279348212
170.0,20.0,240.0,0.082829960829903
170.0,20.0,250.0,0.12291461222898113
170.0,20.0,260.0,0.027418854581213653
170.0,20.0,270.0,0.01090409209921582
170.0,20.0,280.0,0.0
170.0,20.0,290.0,0.0
170.0,30.0,0.0,0.020943050314642785
170.0,30.0,10.0,0.05255913149735156
170.0,30.0,20.0,0.0
170.0,30.0,30.0,0.021716850384715543
170.0,30.0,40.0,0.10405077934585835
170.0,30.0,50.0,0.054679173506394604
170.0,30.0,60.0,0.0964687354628316
170.0,30.0,70.0,0.1582252063330951
170.0,30.0,80.0,0.18375252570070724
170.0,30.0,90.0,0.2965734991990641
170.0,30.0,100.0,0.38765397643050964
170.0,30.0,110.0,0.4664454910605423
170.0,30.0,120.0,0.5398998231193295
170.0,30.0,130.0,0.5622404571375383
170.0,30.0,140.0,0.6974777486157459
170.0,30.0,150.0,0.5461752984474523
170.0,30.0,160.0,0.586241077574549
170.0,30.0,170.0,0.5400863333444293
170.0,30.0,180.0,0.44499467812024074
170.0,30.0,190.0,0.3203700548366286
170.0,30.0,200.0,0.1727336835183479
170.0,30.0,210.0,0.21218302765975336
170.0,30.0,220.0,0.18320801683464524
170.0,30.0,230.0,0.04632044013340979
170.0,30.0,240.0,0.05201695608385683
170.0,30.0,250.0,0.09646353460039986
170.0,30.0,260.0,0.016442902041779957
170.0,30.0,270.0,0.014977641825786977
170.0,30.0,280.0,0.0
170.0,30.0,290.0,0.0
170.0,40.0,0.0,0.045476672176396365
170.0,40.0,10.0,0.0
170.0,40.0,20.0,0.04334435450677767
170.0,40.0,30.0,0.036962483249105796
170.0,40.0,40.0,0.0835321970493745
170.0,40.0,50.0,0.08949384669391494
170.0,40.0,60.0,0.10421192984679226
170.0,40.0,70.0,0.08185647372307073
170.0,40.0,80.0,0.23778205175536685
170.0,40.0,90.0,0.358653112595426
170.0,40.0,100.0,0.3759578043798437
170.0,40.0,110.0,0.45133650093088185
170.0,40.0,120.0,0.6534712827695054
170.0,40.0,130.0,0.7352979403144428
170.0,40.0,140.0,0.7546482482294066
170.0,40.0,150.0,0.6908342899275582
170.0,40.0,160.0,0.7501987610609474
170.0,40.0,170.0,0.5827376244451352
170.0,40.0,180.0,0.5062849674135582
170.0,40.0,190.0,0.3844260208966331
170.0,40.0,200.0,0.3794779021943816
170.0,40.0,210.0,0.20611268759173423
170.0,40.0,220.0,0.13529441877862647
170.0,40.0,230.0,0.07927670964908999
170.0,40.0,240.0,0.06846752054886299
170.0,40.0,250.0,0.019926066688975327
170.0,40.0,260.0,0.0579635526591684
170.0,40.0,270.0,0.11802920600315786
170.0,40.0,280.0,0.025967405125225523
170.0,40.0,290.0,0.0
170.0,50.0,0.0,0.06843627409300436
170.0,50.0,10.0,0.014759348724490884
170.0,50.0,20.0,0.0
170.0,50.0,30.0,0.0
170.0,50.0,40.0,0.0915245094923885
170.0,50.0,50.0,0.014763467759041853
170.0,50.0,60.0,0.14283209759472693
170.0,50.0,70.0,0.2720242623750825
170.0,50.0,80.0,0.1711355628418817
170.0,50.0,90.0,0.4529386652892088
170.0,50.0,100.0,0.49996274421749043
170.0,50.0,110.0,0.6509355029772059
170.0,50.0,120.0,0.662931666543136
170.0,50.0,130.0,0.9228812661982961
170.0,50.0,140.0,0.9954045418079057
170.0,50.0,150.0,0.9073534685454681
170.0,50.0,160.0,0.9626029114401468
170.0,50.0,170.0,0.7412811196733572
170.0,50.0,180.0,0.6626389595169312
170.0,50.0,190.0,0.5345215520588615
170.0,50.0,200.0,0.34149742595250965
170.0,50.0,210.0,0.2940279455533035
170.0,50.0,220.0,0.09182159991193638
170.0,50.0,230.0,0.08916891631112621
170.0,50.0,240.0,0.06365592638138604
170.0,50.0,250.0,0.0032570620454797014
170.0,50.0,260.0,0.012211357218313772
170.0,50.0,270.0,0.0
170.0,50.0,280.0,0.0
170.0,50.0,290.0,0.0
170.0,60.0,0.0,0.0
170.0,60.0,10.0,0.0011305594241653397
170.0,60.0,20.0,0.0
170.0,60.0,30.0,0.0
170.0,60.0,40.0,0.011557961467802153
170.0,60.0,50.0,0.0
170.0,60.0,60.0,0.052352767882766
170.0,60.0,70.0,0.15659253534001707
170.0,60.0,80.0,0.26994567783739215
170.0,60.0,90.0,0.3824987174092127
170.0,60.0,100.0,0.544891914335785
170.0,60.0,110.0,0.7337233687019836
170.0,60.0,120.0,0.8582928806651448
170.0,60.0,130.0,0.9260384923996303
170.0,60.0,140.0,1.0587210521014931
170.0,60.0,150.0,1.044641673907495
170.0,60.0,160.0,0.9692522575332161
170.0,60.0,170.0,0.8358069944371017
170.0,60.0,180.0,0.6823725048451977
170.0,60.0,190.0,0.5914399160240728
170.0,60.0,200.0,0.374707850865197
170.0,60.0,210.0,0.24419916276796477
170.0,60.0,220.0,0.2607250138267784
170.0,60.0,230.0,0.10960208111658729
170.0,60.0,240.0,0.10422296936820524
170.0,60.0,250.0,0.11366121586687616
170.0,60.0,260.0,0.08947120461291076
170.0,60.0,270.0,0.0
170.0,60.0,280.0,0.0
170.0,60.0,290.0,0.0
170.0,70.0,0.0,0.016287570747868033
170.0,70.0,10.0,0.1052222069004997
170.0,70.0,20.0,0.0
170.0,70.0,30.0,0.02076642850642197
170.0,70.0,40.0,0.06778122070671339
170.0,70.0,50.0,0.0
170.0,70.0,60.0,0.08071245632570417
170.0,70.0,70.0,0.18960107348589017
170.0,70.0,80.0,0.2748666707500471
170.0,70.0,90.0,0.42961232477452493
170.0,70.0,100.0,0.6024277958860851
170.0,70.0,110.0,0.8487100623660246
170.0,70.0,120.0,0.9340788352783117
170.0,70.0,130.0,1.1298448524268818
170.0,70.0,140.0,1.1508833828252307
170.0,70.0,150.0,1.2072770614333355
170.0,70.0,160.0,1.1175382835742431
170.0,70.0,170.0,0.9582809277334693
170.0,70.0,180.0,0.7580780701576086
170.0,70.0,190.0,0.6768476897220623
170.0,70.0,200.0,0.4145091059591386
170.0,70.0,210.0,0.30759125122117575
170.0,70.0,220.0,0.3771279965600751
170.0,70.0,230.0,0.1613810129200643
170.0,70.0,240.0,0.11787747534197396
170.0,70.0,250.0,0.013538593550290696
170.0,70.0,260.0,0.009563554564182319
170.0,70.0,270.0,0.05072113989778975
170.0,70.0,280.0,0.025051375962194915
170.0,70.0,290.0,0.06330777583864708
170.0,80.0,0.0,0.0
170.0,80.0,10.0,0.0
170.0,80.0,20.0,0.0005951859214738901
170.0,80.0,30.0,0.0
170.0,80.0,40.0,0.05393570162021699
170.0,80.0,50.0,0.1450736266295417
170.0,80.0,60.0,0.20106260485643696
170.0,80.0,70.0,0.17507686507437575
170.0,80.0,80.0,0.3578738422739715
170.0,80.0,90.0,0.4616516361404167
170.0,80.0,100.0,0.6773678076958657
170.0,80.0,110.0,0.8548806430294591
170.0,80.0,120.0,1.1818047081986154
170.0,80.0,130.0,1.2835970350679722
170.0,80.0,140.0,1.2910788491017249
170.0,80.0,150.0,1.4159614083928584
170.0,80.0,160.0,1.186056673473883
170.0,80.0,170.0,1.141323011034238
170.0,80.0,180.0,0.905760664671085
170.0,80.0,190.0,0.530112742358126
170.0,80.0,200.0,0.4781361592200497
170.0,80.0,210.0,0.3000600690680415
170.0,80.0,220.0,0.24333481790691341
170.0,80.0,230.0,0.07473886842886972
170.0,80.0,240.0,0.04332338874957144
170.0,80.0,250.0,0.031036402767260024
170.0,80.0,260.0,0.0
170.0,80.0,270.0,0.0
170.0,80.0,280.0,0.0018693993297670582
170.0,80.0,290.0,0.023322645612176236
170.0,90.0,0.0,0.0
170.0,90.0,10.0,0.0
170.0,90.0,20.0,0.0
170.0,90.0,30.0,0.12663808338302845
170.0,90.0,40.0,0.08490114728443796
170.0,90.0,50.0,0.03398835171098947
170.0,90.0,60.0,0.23539040816726176
170.0,90.0,70.0,0.2520668685242803
170.0,90.0,80.0,0.39923447271662443
170.0,90.0,90.0,0.5715680625531473
170.0,90.0,100.0,0.7219842907145232
170.0,90.0,110.0,0.9374681247199902
170.0,90.0,120.0,1.1698333753087342
170.0,90.0,130.0,1.3340379038159433
170.0,90.0,140.0,1.32310480669808
170.0,90.0,150.0,1.495106607434324
170.0,90.0,160.0,1.3386331588688134
170.0,90.0,170.0,1.2032977865344765
170.0,90.0,180.0,0.9450179063079768
170.0,90.0,190.0,0.7712691989861356
170.0,90.0,200.0,0.4503052419978089
170.0,90.0,210.0,0.43434822347823143
170.0,90.0,220.0,0.2610990315007632
170.0,90.0,230.0,0.16748137201015115
170.0,90.0,240.0,0.08114750713923627
170.0,90.0,250.0,0.01071414715025916
170.0,90.0,260.0,0.036248755726929066
170.0,90.0,270.0,0.0
170.0,90.0,280.0,0.04214240352768241
170.0,90.0,290.0,0.011343667645651005
170.0,100.0,0.0,0.006431015855782703
170.0,100.0,10.0,0.03045419290494203
170.0,100.0,20.0,0.0
170.0,100.0,30.0,0.08505400854285317
170.0,100.0,40.0,0.12562674894495374
170.0,100.0,50.0,0.09433183440492272
170.0,100.0,60.0,0.1537367538895975
170.0,100.0,70.0,0.24144362214928483
170.0,100.0,80.0,0.4204558594776361
170.0,100.0,90.0,0.5658506723528938
170.0,100.0,100.0,0.734884480341808
170.0,100.0,110.0,1.0232225670871269
170.0,100.0,120.0,1.3044861735330147
170.0,100.0,130.0,1.5375211453594222
170.0,100.0,140.0,1.4912350255205944
170.0,100.0,150.0,1.5772108269540663
170.0,100.0,160.0,1.4420227723555776
170.0,100.0,170.0,1.2193719173384734
170.0,100.0,180.0,1.084958367278062
170.0,100.0,190.0,0.8033488565182128
170.0,100.0,200.0,0.6845452217138498
170.0,100.0,210.0,0.37109510574199905
170.0,100.0,220.0,0.1493360658318923
170.0,100.0,230.0,0.1423138273219243
170.0,100.0,240.0,0.0873929650386255
170.0,100.0,250.0,0.0
170.0,100.0,260.0,0.10939322880888301
170.0,100.0,270.0,0.0781457292771001
170.0,100.0,280.0,0.0
170.0,100.0,290.0,0.0
170.0,110.0,0.0,0.0
170.0,110.0,10.0,0.05441487549275688
170.0,110.0,20.0,0.0
170.0,110.0,30.0,0.044356885456117004
170.0,110.0,40.0,0.08834648858805257
170.0,110.0,50.0,0.0008979452321333098
170.0,110.0,60.0,0.08507923850625794
170.0,110.0,70.0,0.36397470126081144
170.0,110.0,80.0,0.4757120903383841
170.0,110.0,90.0,0.6233960153861389
170.0,110.0,100.0,0.8933264926859368
170.0,110.0,110.0,1.1257427187285831
170.0,110.0,120.0,1.3906661064990202
170.0,110.0,130.0,1.5999394551687147
170.0,110.0,140.0,1.68551880159146
170.0,110.0,150.0,1.6718720042250355
170.0,110.0,160.0,1.5184364055060553
170.0,110.0,170.0,1.3175971952251564
170.0,110.0,180.0,1.107713482452368
170.0,110.0,190.0,0.9878912771389897
170.0,110.0,200.0,0.597385957125711
170.0,110.0,210.0,0.41034259362218417
170.0,110.0,220.0,0.1946600850920686
170.0,110.0,230.0,0.13746282562244422
170.0,110.0,240.0,0.09085111229400664
170.0,110.0,250.0,0.12726123516120777
170.0,110.0,260.0,0.0
170.0,110.0,270.0,0.0
170.0,110.0,280.0,0.046513325296746316
170.0,110.0,290.0,0.03174708687027962
170.0,120.0,0.0,0.004436696837937598
170.0,120.0,10.0,0.0
170.0,120.0,20.0,0.0
170.0,120.0,30.0,0.029250754930997453
170.0,120.0,40.0,0.10973838196931103
170.0,120.0,50.0,0.06377075540359722
170.0,120.0,60.0,0.13311200170195767
170.0,120.0,70.0,0.27252004071450014
170.0,120.0,80.0,0.4352436798567855
170.0,120.0,90.0,0.6398869716258226
170.0,120.0,100.0,0.9271536930606604
170.0,120.0,110.0,1.2144407105378539
170.0,120.0,120.0,1.464227840637949
170.0,120.0,130.0,1.678319354894326
170.0,120.0,140.0,1.7438604241599784
170.0,120.0,150.0,1.6911448714689148
170.0,120.0,160.0,1.6219561658110238
170.0,120.0,170.0,1.3805908155558027
170.0,120.0,180.0,1.1883453859934787
170.0,120.0,190.0,0.9751459039618884
170.0,120.0,200.0,0.7060926298272171
170.0,120.0,210.0,0.390759800501916
170.0,120.0,220.0,0.282795597521765
170.0,120.0,230.0,0.24559391638765582
170.0,120.0,240.0,0.011646651098038155
170.0,120.0,250.0,0.018275976923633808
170.0,120.0,260.0,0.0
170.0,120.0,270.0,0.04964624107065902
170.0,120.0,280.0,0.0
170.0,120.0,290.0,0.0
170.0,130.0,0.0,0.0
170.0,130.0,10.0,0.0
170.0,130.0,20.0,0.032940317190445295
170.0,130.0,30.0,0.0
170.0,130.0,40.0,0.0
170.0,130.0,50.0,0.1346338719580078
170.0,130.0,60.0,0.2870125300765432
170.0,130.0,70.0,0.3602280142226714
170.0,130.0,80.0,0.4021715284143315
170.0,130.0,90.0,0.6188992731709424
170.0,130.0,100.0,0.9093169169228068
170.0,130.0,110.0,1.3184327362309485
170.0,130.0,120.0,1.599631238320157
170.0,130.0,130.0,1.6618935570014703
170.0,130.0,140.0,1.830506487807803
170.0,130.0,150.0,1.7736687852659412
170.0,130.0,160.0,1.8192491743765629
170.0,130.0,170.0,1.4710913883168408
170.0,130.0,180.0,1.2146500948272347
170.0,130.0,190.0,0.9229796176073055
170.0,130.0,200.0,0.6677755620714069
170.0,130.0,210.0,0.5241507353765268
170.0,130.0,220.0,0.29220277402522754
170.0,130.0,230.0,0.2525221643386817
170.0,130.0,240.0,0.11964110166109027
170.0,130.0,250.0,0.10642774598776561
170.0,130.0,260.0,0.0
170.0,130.0,270.0,0.0
170.0,130.0,280.0,0.022708078178996394
170.0,130.0,290.0,0.09660074106662857
170.0,140.0,0.0,0.0
170.0,140.0,10.0,0.053950334720596585
170.0,140.0,20.0,0.03714735523175204
170.0,140.0,30.0,0.0035865824677136712
170.0,140.0,40.0,0.06920420112082538
170.0,140.0,50.0,0.17518440267638918
170.0,140.0,60.0,0.1840421763853218
170.0,140.0,70.0,0.36763570909072985
170.0,140.0,80.0,0.4572765842455953
170.0,140.0,90.0,0.6973163624738746
170.0,140.0,100.0,0.9325284605108423
170.0,140.0,110.0,1.2330612965901633
170.0,140.0,120.0,1.5248814067851848
170.0,140.0,130.0,1.7130813988104217
170.0,140.0,140.0,1.8177098983211992
170.0,140.0,150.0,1.775257971775892
170.0,140.0,160.0,1.6936881565116484
170.0,140.0,170.0,1.581401245954733
170.0,140.0,180.0,1.2491312444125569
170.0,140.0,190.0,0.9072404796633096
170.0,140.0,200.0,0.7553863457287651
170.0,140.0,210.0,0.4406164783192866
170.0,140.0,220.0,0.394839731251033
170.0,140.0,230.0,0.2245036268387948
170.0,140.0,240.0,0.05433770477218524
170.0,140.0,250.0,0.05992325530153451
170.0,140.0,260.0,0.06995519243773456
170.0,140.0,270.0,0.08476350140162894
170.0,140.0,280.0,0.05513003753223391
170.0,140.0,290.0,0.0
170.0,150.0,0.0,0.0
170.0,150.0,10.0,0.01771718620502982
170.0,150.0,20.0,0.041808851969269985
170.0,150.0,30.0,0.0
170.0,150.0,40.0,0.09242482281040826
170.0,150.0,50.0,0.032436619375673714
170.0,150.0,60.0,0.25056853841964977
170.0,150.0,70.0,0.35443491809205685
170.0,150.0,80.0,0.5549610198694144
170.0,150.0,90.0,0.7768388437383239
170.0,150.0,100.0,0.9793112834465039
170.0,150.0,110.0,1.2201590486544267
170.0,150.0,120.0,1.4916431058922304
170.0,150.0,130.0,1.6582800770269568
170.0,150.0,140.0,1.7703805038897307
170.0,150.0,150.0,1.7617741188603857
170.0,150.0,160.0,1.7024536156146453
170.0,150.0,170.0,1.5753700890979592
170.0,150.0,180.0,1.3096491203500669
170.0,150.0,190.0,0.9279340631988054
170.0,150.0,200.0,0.6918663971514283
170.0,150.0,210.0,0.4972692960408032
170.0,150.0,220.0,0.2393459254375013
170.0,150.0,230.0,0.2947473465954005
170.0,150.0,240.0,0.02130929725185876
170.0,150.0,250.0,0.040366514459560375
170.0,150.0,260.0,0.00781504466915418
170.0,150.0,270.0,0.1652000933840851
170.0,150.0,280.0,0.0
170.0,150.0,290.0,0.04580544314475347
170.0,160.0,0.0,0.04349750314053837
170.0,160.0,10.0,0.049109631397011945
170.0,160.0,20.0,0.010445774886267193
170.0,160.0,30.0,0.04535967604458438
170.0,160.0,40.0,0.0
170.0,160.0,50.0,0.12183868100663664
170.0,160.0,60.0,0.2581649422265204
170.0,160.0,70.0,0.32976519973743684
170.0,160.0,80.0,0.47647127031953956
170.0,160.0,90.0,0.7253990295555736
170.0,160.0,100.0,1.017220238538743
170.0,160.0,110.0,1.2834799787029572
170.0,160.0,120.0,1.400006987500537
170.0,160.0,130.0,1.6428867253179709
170.0,160.0,140.0,1.774875410933307
170.0,160.0,150.0,1.7736848483642764
170.0,160.0,160.0,1.679090666178417
170.0,160.0,170.0,1.4571685679167223
170.0,160.0,180.0,1.168872187769539
170.0,160.0,190.0,0.9275535352388937
170.0,160.0,200.0,0.6723313955868031
170.0,160.0,210.0,0.44390372503999476
170.0,160.0,220.0,0.31180293318100727
170.0,160.0,230.0,0.18228255337600605
170.0,160.0,240.0,0.0908368521670456
170.0,160.0,250.0,0.15980421981656645
170.0,160.0,260.0,0.007005548780443148
170.0,160.0,270.0,0.0
170.0,160.0,280.0,0.0
170.0,160.0,290.0,0.0
170.0,170.0,0.0,0.0777813289336548
170.0,170.0,10.0,0.029421742595109657
170.0,170.0,20.0,0.07830122757632033
170.0,170.0,30.0,0.0
170.0,170.0,40.0,0.04790330691672621
170.0,170.0,50.0,0.03683147893403488
170.0,170.0,60.0,0.18666869885908258
170.0,170.0,70.0,0.35789185806342244
170.0,170.0,80.0,0.4875470970574174
170.0,170.0,90.0,0.5878393292031462
170.0,170.0,100.0,0.9704641807823986
170.0,170.0,110.0,1.2805043382119456
170.0,170.0,120.0,1.4095560839727175
170.0,170.0,130.0,1.6258102087495825
170.0,170.0,140.0,1.7182899710727688
170.0,170.0,150.0,1.7243387157351797
170.0,170.0,160.0,1.6606754842586429
170.0,170.0,170.0,1.528186911311441
170.0,170.0,180.0,1.1350754401726861
170.0,170.0,190.0,0.9696139616722987
170.0,170.0,200.0,0.6498955221850494
170.0,170.0,210.0,0.39192473796290933
170.0,170.0,220.0,0.27561354313204783
170.0,170.0,230.0,0.19869969059958476
170.0,170.0,240.0,0.11091251160311116
170.0,170.0,250.0,0.11819105242382569
170.0,170.0,260.0,0.05155776525882335
170.0,170.0,270.0,0.04591102225621352
170.0,170.0,280.0,0.06239619664900735
170.0,170.0,290.0,0.0
170.0,180.0,0.0,0.0
170.0,180.0,10.0,0.0
170.0,180.0,20.0,0.0396124925005709
170.0,180.0,30.0,0.0778908660138615
170.0,180.0,40.0,0.0
170.0,180.0,50.0,0.02156876022665985
170.0,180.0,60.0,0.235808912520641
170.0,180.0,70.0,0.28929901637529937
170.0,180.0,80.0,0.4983386579542268
170.0,180.0,90.0,0.6963826730129783
170.0,180.0,100.0,0.8926186198301291
170.0,180.0,110.0,1.0802647273184545
170.0,180.0,120.0,1.3765061792136204
170.0,180.0,130.0,1.431858280782896
170.0,180.0,140.0,1.604042460547526
170.0,180.0,150.0,1.6888822327128974
170.0,180.0,160.0,1.5602276058818847
170.0,180.0,170.0,1.3660798356544765
170.0,180.0,180.0,1.065410063887801
170.0,180.0,190.0,0.9258083975612362
170.0,180.0,200.0,0.7157416180588047
170.0,180.0,210.0,0.43464895861301656
170.0,180.0,220.0,0.3306855738497016
170.0,180.0,230.0,0.15874203709457593
170.0,180.0,240.0,0.16572642996283532
170.0,180.0,250.0,0.019720421497560814
170.0,180.0,260.0,0.07567531945066641
170.0,180.0,270.0,0.0
170.0,180.0,280.0,0.0
170.0,180.0,290.0,0.0542960665830418
170.0,190.0,0.0,0.0
170.0,190.0,10.0,0.024296086174419574
170.0,190.0,20.0,0.04561338043634479
170.0,190.0,30.0,0.0
170.0,190.0,40.0,0.025918238984280733
170.0,190.0,50.0,0.059691521609213635
170.0,190.0,60.0,0.06903738941727926
170.0,190.0,70.0,0.22012440211665385
170.0,190.0,80.0,0.42514286971886983
170.0,190.0,90.0,0.7006620155203847
170.0,190.0,100.0,0.8690225261026013
170.0,190.0,110.0,1.0592987936064628
170.0,190.0,120.0,1.2727447165852537
170.0,190.0,130.0,1.3905613668841388
170.0,190.0,140.0,1.5120873689330419
170.0,190.0,150.0,1.6143988033982462
170.0,190.0,160.0,1.4594980371572035
170.0,190.0,170.0,1.356594069306999
170.0,190.0,180.0,1.050469801419725
170.0,190.0,190.0,0.8181181469850769
170.0,190.0,200.0,0.591909896352028
170.0,190.0,210.0,0.4230669597611413
170.0,190.0,220.0,0.32034889241023556
170.0,190.0,230.0,0.11727360189364741
170.0,190.0,240.0,0.1904406328678208
170.0,190.0,250.0,0.009023322375973836
170.0,190.0,260.0,0.10202246844342751
170.0,190.0,270.0,0.017301306257836067
170.0,190.0,280.0,0.0
170.0,190.0,290.0,0.062230912079043736
170.0,200.0,0.0,0.0
170.0,200.0,10.0,0.0
170.0,200.0,20.0,0.0
170.0,200.0,30.0,0.0
170.0,200.0,40.0,0.0
170.0,200.0,50.0,0.052726035264733996
170.0,200.0,60.0,0.10151724295891207
170.0,200.0,70.0,0.3279628250228129
170.0,200.0,80.0,0.4071802477414216
170.0,200.0,90.0,0.6785578564746175
170.0,200.0,100.0,0.7917912428914967
170.0,200.0,110.0,0.9334380633165779
170.0,200.0,120.0,1.1117394976569608
170.0,200.0,130.0,1.3297647947774731
170.0,200.0,140.0,1.5138610728552857
170.0,200.0,150.0,1.464388382529052
170.0,200.0,160.0,1.4186387034478312
170.0,200.0,170.0,1.2779384918855734
170.0,200.0,180.0,1.0751503637180106
170.0,200.0,190.0,0.7799998925914222
170.0,200.0,200.0,0.4976100023080629
170.0,200.0,210.0,0.4583212750376484
170.0,200.0,220.0,0.2986309129003791
170.0,200.0,230.0,0.1956808315937456
170.0,200.0,240.0,0.19311116141699575
170.0,200.0,250.0,0.02883803876104923
170.0,200.0,260.0,0.04804928952373948
170.0,200.0,270.0,0.0
170.0,200.0,280.0,0.03789093343312878
170.0,200.0,290.0,0.031955174900113986
170.0,210.0,0.0,0.0
170.0,210.0,10.0,0.0
170.0,210.0,20.0,0.0
170.0,210.0,30.0,0.07156598910500786
170.0,210.0,40.0,0.04248048075962445
170.0,210.0,50.0,0.10128360154412373
170.0,210.0,60.0,0.18115674643161522
170.0,210.0,70.0,0.17299146815539226
170.0,210.0,80.0,0.3884424329556662
170.0,210.0,90.0,0.5152794956876915
170.0,210.0,100.0,0.6879221260620041
170.0,210.0,110.0,0.9127722328716719
170.0,210.0,120.0,1.1052184119858082
170.0,210.0,130.0,1.1697348331987472
170.0,210.0,140.0,1.3252743082906027
170.0,210.0,150.0,1.3478105267308973
170.0,210.0,160.0,1.1232504171813738
170.0,210.0,170.0,1.1403969556895241
170.0,210.0,180.0,0.8726991458763064
170.0,210.0,190.0,0.7622675086396742
170.0,210.0,200.0,0.6144924776038028
170.0,210.0,210.0,0.3196239148972624
170.0,210.0,220.0,0.22818828933685015
170.0,210.0,230.0,0.11949109122082704
170.0,210.0,240.0,0.014167822460647156
170.0,210.0,250.0,0.04846095159833658
170.0,210.0,260.0,0.014843463290813087
170.0,210.0,270.0,0.0
170.0,210.0,280.0,0.04260950584099711
170.0,210.0,290.0,0.0
170.0,220.0,0.0,0.02223360021133579
170.0,220.0,10.0,0.0
170.0,220.0,20.0,0.02650161714725654
170.0,220.0,30.0,0.030318318296551496
170.0,220.0,40.0,0.0032439092608646386
170.0,220.0,50.0,0.1265987760975727
170.0,220.0,60.0,0.02816214618661221
170.0,220.0,70.0,0.161546587531815
170.0,220.0,80.0,0.32053268363216264
170.0,220.0,90.0,0.4595347700706302
170.0,220.0,100.0,0.6479112165070509
170.0,220.0,110.0,0.8102331847659175
170.0,220.0,120.0,0.9383870284596687
170.0,220.0,130.0,0.9882178633583174
170.0,220.0,140.0,1.1282157568353874
170.0,220.0,150.0,1.2251685836585229
170.0,220.0,160.0,1.1353613019938367
170.0,220.0,170.0,1.0665725436675397
170.0,220.0,180.0,0.8323142038270007
170.0,220.0,190.0,0.6615786079373378
170.0,220.0,200.0,0.4565512019684339
170.0,220.0,210.0,0.31549331017301196
170.0,220.0,220.0,0.16912247741171846
170.0,220.0,230.0,0.11002077972663382
170.0,220.0,240.0,0.07275670429378352
170.0,220.0,250.0,0.10260936632290915
170.0,220.0,260.0,0.009330952037106755
170.0,220.0,270.0,0.024352646726864123
170.0,220.0,280.0,0.0
170.0,220.0,290.0,0.03691463249252464
170.0,230.0,0.0,0.04640766753720936
170.0,230.0,10.0,0.0
170.0,230.0,20.0,0.0
170.0,230.0,30.0,0.06532843945804734
170.0,230.0,40.0,0.030004321441198148
170.0,230.0,50.0,0.10737577937742873
170.0,230.0,60.0,0.11485627139141648
170.0,230.0,70.0,0.2872684765600868
170.0,230.0,80.0,0.26743527138453005
170.0,230.0,90.0,0.40532000007988234
170.0,230.0,100.0,0.5247319181837767
170.0,230.0,110.0,0.6846691221395306
170.0,230.0,120.0,0.9093803288463218
170.0,230.0,130.0,0.9516758136438931
170.0,230.0,140.0,1.0545186112729585
170.0,230.0,150.0,1.032609335358954
170.0,230.0,160.0,0.9727638542277877
170.0,230.0,170.0,0.8513798681587891
170.0,230.0,180.0,0.737186935953483
170.0,230.0,190.0,0.4978563079687421
170.0,230.0,200.0,0.46425918540953814
170.0,230.0,210.0,0.13916174612099866
170.0,230.0,220.0,0.2779436875373278
170.0,230.0,230.0,0.20630463206036342
170.0,230.0,240.0,0.13117337200667184
170.0,230.0,250.0,0.0
170.0,230.0,260.0,0.0
170.0,230.0,270.0,0.048074223745137167
170.0,230.0,280.0,0.08476984504146158
170.0,230.0,290.0,0.011801537802226654
170.0,240.0,0.0,0.0
170.0,240.0,10.0,0.0
170.0,240.0,20.0,0.07082423806463903
170.0,240.0,30.0,0.04327602309118623
170.0,240.0,40.0,0.017462671234039297
170.0,240.0,50.0,0.03674859130497932
170.0,240.0,60.0,0.12702816683964524
170.0,240.0,70.0,0.1636052040959655
170.0,240.0,80.0,0.23754177004572002
170.0,240.0,90.0,0.3612006189635269
170.0,240.0,100.0,0.3864505477811578
170.0,240.0,110.0,0.6533971766935052
170.0,240.0,120.0,0.7058348548759061
170.0,240.0,130.0,0.8781279232847286
170.0,240.0,140.0,0.926080004328892
170.0,240.0,150.0,1.0277345519421308
170.0,240.0,160.0,0.8959762168848954
170.0,240.0,170.0,0.7177868756461141
170.0,240.0,180.0,0.6599421504893466
170.0,240.0,190.0,0.532284232395945
170.0,240.0,200.0,0.286518918149963
170.0,240.0,210.0,0.25732009234544834
170.0,240.0,220.0,0.1684136340154089
170.0,240.0,230.0,0.056196037436208414
170.0,240.0,240.0,0.04222653529969835
170.0,240.0,250.0,0.10196327451055698
170.0,240.0,260.0,0.0
170.0,240.0,270.0,0.08168529145399177
170.0,240.0,280.0,0.10547200892254822
170.0,240.0,290.0,0.0
170.0,250.0,0.0,0.0
170.0,250.0,10.0,0.006506644825255762
170.0,250.0,20.0,0.05314849716059992
170.0,250.0,30.0,0.0
170.0,250.0,40.0,0.021795642964391546
170.0,250.0,50.0,0.11322622528052487
170.0,250.0,60.0,0.01976114353389727
170.0,250.0,70.0,0.25528634490022084
170.0,250.0,80.0,0.16238592419568754
170.0,250.0,90.0,0.18304173682322067
170.0,250.0,100.0,0.3001377118154
170.0,250.0,110.0,0.5038541628415667
170.0,250.0,120.0,0.6381880874170854
170.0,250.0,130.0,0.6080278505369201
170.0,250.0,140.0,0.7608679094020583
170.0,250.0,150.0,0.8482103620380554
170.0,250.0,160.0,0.7770920230723972
170.0,250.0,170.0,0.6869507398504218
170.0,250.0,180.0,0.5489875745546798
170.0,250.0,190.0,0.434736982237565
170.0,250.0,200.0,0.37992950492082955
170.0,250.0,210.0,0.13429628364717328
170.0,250.0,220.0,0.19070529263841948
170.0,250.0,230.0,0.04533039807512671
170.0,250.0,240.0,0.0
170.0,250.0,250.0,0.11251177330220473
170.0,250.0,260.0,0.027975429891296026
170.0,250.0,270.0,0.04913277324688234
170.0,250.0,280.0,0.06286429726612398
170.0,250.0,290.0,0.0
170.0,260.0,0.0,0.0
170.0,260.0,10.0,0.016492273756435163
170.0,260.0,20.0,0.0
170.0,260.0,30.0,0.00460089782102518
170.0,260.0,40.0,0.058289697808100845
170.0,260.0,50.0,0.057363812895306523
170.0,260.0,60.0,0.08393211772984704
170.0,260.0,70.0,0.15255431371826378
170.0,260.0,80.0,0.21375325762427458
170.0,260.0,90.0,0.24090212332213823
170.0,260.0,100.0,0.34315716764230875
170.0,260.0,110.0,0.5851704622536038
170.0,260.0,120.0,0.5124736872375919
170.0,260.0,130.0,0.6143414999387617
170.0,260.0,140.0,0.7072970202204895
170.0,260.0,150.0,0.6280711592186263
170.0,260.0,160.0,0.6251292581507004
170.0,260.0,170.0,0.4849402846666755
170.0,260.0,180.0,0.4980628477005855
170.0,260.0,190.0,0.39653753123323554
170.0,260.0,200.0,0.20362706519896712
170.0,260.0,210.0,0.17883431058821173
170.0,260.0,220.0,0.14855819854776578
170.0,260.0,230.0,0.0975102129926618
170.0,260.0,240.0,0.011520201642598458
170.0,260.0,250.0,0.0
170.0,260.0,260.0,0.0
170.0,260.0,270.0,0.0
170.0,260.0,280.0,0.0
170.0,260.0,290.0,0.0
170.0,270.0,0.0,0.044486342507086885
170.0,270.0,10.0,0.0
170.0,270.0,20.0,0.02081434963203814
170.0,270.0,30.0,0.0
170.0,270.0,40.0,0.03233007264335041
170.0,270.0,50.0,0.0
170.0,270.0,60.0,0.04310637452708886
170.0,270.0,70.0,0.03884236440523006
170.0,270.0,80.0,0.2126858433003312
170.0,270.0,90.0,0.24277235471836398
170.0,270.0,100.0,0.3442026323063857
170.0,270.0,110.0,0.4257694963421387
170.0,270.0,120.0,0.48806951069201016
170.0,270.0,130.0,0.46978914117329806
170.0,270.0,140.0,0.5705378292717859
170.0,270.0,150.0,0.48842062525084134
170.0,270.0,160.0,0.41654224846678717
170.0,270.0,170.0,0.43044178942567285
170.0,270.0,180.0,0.3311226505794441
170.0,270.0,190.0,0.23497092874383935
170.0,270.0,200.0,0.22609411584691322
170.0,270.0,210.0,0.1525660746691147
170.0,270.0,220.0,0.0633598080209732
170.0,270.0,230.0,0.013002039258429458
170.0,270.0,240.0,0.0
170.0,270.0,250.0,0.0
170.0,270.0,260.0,0.014966217302323736
170.0,270.0,270.0,0.019953369335996746
170.0,270.0,280.0,0.0127765601775962
170.0,270.0,290.0,0.03874026154008406
170.0,280.0,0.0,0.06938290134026467
170.0,280.0,10.0,0.0
170.0,280.0,20.0,0.0
170.0,280.0,30.0,0.029238228088281148
170.0,280.0,40.0,0.04972657730515889
170.0,280.0,50.0,0.08217590410028068
170.0,280.0,60.0,0.0048413414478576736
170.0,280.0,70.0,0.10900354225712575
170.0,280.0,80.0,0.14474774934536366
170.0,280.0,90.0,0.162125649002339
170.0,280.0,100.0,0.2807125857920597
170.0,280.0,110.0,0.2978976479078769
170.0,280.0,120.0,0.2883414966770795
170.0,280.0,130.0,0.36234738524656046
170.0,280.0,140.0,0.4971236848829411
170.0,280.0,150.0,0.4297087561718532
170.0,280.0,160.0,0.5063294215140668
170.0,280.0,170.0,0.30782712284404323
170.0,280.0,180.0,0.3438145543084476
170.0,280.0,190.0,0.31202323216982436
170.0,280.0,200.0,0.17221901879897245
170.0,280.0,210.0,0.03472598695451641
170.0,280.0,220.0,0.14123567767176842
170.0,280.0,230.0,0.07626422016698524
170.0,280.0,240.0,0.0
170.0,280.0,250.0,0.04267654027616738
170.0,280.0,260.0,0.04539294691320657
170.0,280.0,270.0,0.039136232153758936
170.0,280.0,280.0,0.02394273891801261
170.0,280.0,290.0,0.0
170.0,290.0,0.0,0.0
170.0,290.0,10.0,0.1466866987433234
170.0,290.0,20.0,0.013445297296066992
170.0,290.0,30.0,0.11064036819961387
170.0,290.0,40.0,0.0
170.0,290.0,50.0,0.05545757703461826
170.0,290.0,60.0,0.01312495435560303
170.0,290.0,70.0,0.05592693325326971
170.0,290.0,80.0,0.07161758253345928
170.0,290.0,90.0,0.06911088322316784
170.0,290.0,100.0,0.21460870781904606
170.0,290.0,110.0,0.30163037270112764
170.0,290.0,120.0,0.3738643582729194
170.0,290.0,130.0,0.30594057073031966
170.0,290.0,140.0,0.34003532776168194
170.0,290.0,150.0,0.2900689416077117
170.0,290.0,160.0,0.33561841689937266
170.0,290.0,170.0,0.39479323614038164
170.0,290.0,180.0,0.25362391901746284
170.0,290.0,190.0,0.17980026376046637
170.0,290.0,200.0,0.18898758754690292
170.0,290.0,210.0,0.10113850471235754
170.0,290.0,220.0,0.0592454420154282
170.0,290.0,230.0,0.0019304264269389693
170.0,290.0,240.0,0.04432873619095801
170.0,290.0,250.0,0.009271851987368684
170.0,290.0,260.0,0.0
170.0,290.0,270.0,0.0
170.0,290.0,280.0,0.0
170.0,290.0,290.0,0.06627751731856431
180.0,0.0,0.0,0.0
180.0,0.0,10.0,0.0
180.0,0.0,20.0,0.0
180.0,0.0,30.0,0.07514504556280788
180.0,0.0,40.0,0.017285495170240184
180.0,0.0,50.0,0.0055824399344322415
180.0,0.0,60.0,0.04465691697743457
180.0,0.0,70.0,0.0
180.0,0.0,80.0,0.17101975494371324
180.0,0.0,90.0,0.1848441407402951
180.0,0.0,100.0,0.17539489145258289
180.0,0.0,110.0,0.2105765532355036
180.0,0.0,120.0,0.2963952218107383
180.0,0.0,130.0,0.27861935017233896
180.0,0.0,140.0,0.2285980152387152
180.0,0.0,150.0,0.30361042100884433
180.0,0.0,160.0,0.3555478711664129
180.0,0.0,170.0,0.2611636137955601
180.0,0.0,180.0,0.27503067298453204
180.0,0.0,190.0,0.13715076525892297
180.0,0.0,200.0,0.24282332044681754
180.0,0.0,210.0,0.13933196798290584
180.0,0.0,220.0,0.0
180.0,0.0,230.0,0.04368565946789555
180.0,0.0,240.0,0.0
180.0,0.0,250.0,0.0
180.0,0.0,260.0,0.0
180.0,0.0,270.0,0.06157119693020485
180.0,0.0,280.0,0.0
180.0,0.0,290.0,0.0
180.0,10.0,0.0,0.0
180.0,10.0,10.0,0.0
180.0,10.0,20.0,0.0
180.0,10.0,30.0,0.00033375864544104347
180.0,10.0,40.0,0.0
180.0,10.0,50.0,0.0
180.0,10.0,60.0,0.06820423524086217
180.0,10.0,70.0,0.1855474273747938
180.0,10.0,80.0,0.23212637359784932
180.0,10.0,90.0,0.20347088763362042
180.0,10.0,100.0,0.14766632307152502
180.0,10.0,110.0,0.2735009165783583
180.0,10.0,120.0,0.36517562159939876
180.0,10.0,130.0,0.38654074783661735
180.0,10.0,140.0,0.35814455142372525
180.0,10.0,150.0,0.48415542925362964
180.0,10.0,160.0,0.4015815120218261
180.0,10.0,170.0,0.3211742072355413
180.0,10.0,180.0,0.20794548462904844
180.0,10.0,190.0,0.15658753331851624
180.0,10.0,200.0,0.10125482231941013
180.0,10.0,210.0,0.19258952872042545
180.0,10.0,220.0,0.0873091154228771
180.0,10.0,230.0,0.013624712605591255
180.0,10.0,240.0,0.06585900148111799
180.0,10.0,250.0,0.0
180.0,10.0,260.0,0.0
180.0,10.0,270.0,0.0
180.0,10.0,280.0,0.0059157690348996365
180.0,10.0,290.0,0.055476594191773414
180.0,20.0,0.0,0.008209298551395622
180.0,20.0,10.0,0.0
180.0,20.0,20.0,0.0
180.0,20.0,30.0,0.024612751884556763
180.0,20.0,40.0,0.0
180.0,20.0,50.0,0.18073019404123017
180.0,20.0,60.0,0.0435840722912854
180.0,20.0,70.0,0.08061478816263604
180.0,20.0,80.0,0.07343605968983483
180.0,20.0,90.0,0.1118622572997199
180.0,20.0,100.0,0.24924627936231894
180.0,20.0,110.0,0.38561574003681476
180.0,20.0,120.0,0.4113254033081761
180.0,20.0,130.0,0.4296467121096333
180.0,20.0,140.0,0.39090489588874117
180.0,20.0,150.0,0.4545859086003711
180.0,20.0,160.0,0.4210616591366804
180.0,20.0,170.0,0.43646299025532137
180.0,20.0,180.0,0.39579409212893485
180.0,20.0,190.0,0.2297540698320533
180.0,20.0,200.0,0.17490593443011027
180.0,20.0,210.0,0.1446776081370436
180.0,20.0,220.0,0.08400968383841874
180.0,20.0,230.0,0.0
180.0,20.0,240.0,0.005862813813731729
180.0,20.0,250.0,0.060056903148174925
180.0,20.0,260.0,0.05504758065311741
180.0,20.0,270.0,0.0
180.0,20.0,280.0,0.025503646847062106
180.0,20.0,290.0,0.09989456410361011
180.0,30.0,0.0,0.02360108044025502
180.0,30.0,10.0,0.0
180.0,30.0,20.0,0.0
180.0,30.0,30.0,0.01862987053343201
180.0,30.0,40.0,0.0617707930772844
180.0,30.0,50.0,0.03598422029626105
180.0,30.0,60.0,0.08107257517151013
180.0,30.0,70.0,0.12377167431558361
180.0,30.0,80.0,0.09630962167153873
180.0,30.0,90.0,0.1942545735122174
180.0,30.0,100.0,0.3428681943497057
180.0,30.0,110.0,0.3578699374312403
180.0,30.0,120.0,0.4903223266242164
180.0,30.0,130.0,0.5750594126848079
180.0,30.0,140.0,0.7002499856984071
180.0,30.0,150.0,0.5322845960758494
180.0,30.0,160.0,0.647345316516588
180.0,30.0,170.0,0.46430997457260587
180.0,30.0,180.0,0.40874808906546883
180.0,30.0,190.0,0.34883425924394584
180.0,30.0,200.0,0.26433949595949713
180.0,30.0,210.0,0.18327227090075698
180.0,30.0,220.0,0.16065619494824906
180.0,30.0,230.0,0.0
180.0,30.0,240.0,0.019515471790561737
180.0,30.0,250.0,0.0
180.0,30.0,260.0,0.026163285484384197
180.0,30.0,270.0,0.029254114070989035
180.0,30.0,280.0,0.0
180.0,30.0,290.0,0.0
180.0,40.0,0.0,0.027564212072166052
180.0,40.0,10.0,0.09373073457446576
180.0,40.0,20.0,0.0
180.0,40.0,30.0,0.03925968719179977
180.0,40.0,40.0,0.0
180.0,40.0,50.0,0.03829469778965167
180.0,40.0,60.0,0.08599459264477446
180.0,40.0,70.0,0.1233678574856726
180.0,40.0,80.0,0.21239658751541196
180.0,40.0,90.0,0.2542357430367133
180.0,40.0,100.0,0.3945154893375564
180.0,40.0,110.0,0.455459834922895
180.0,40.0,120.0,0.6366754890392682
180.0,40.0,130.0,0.6285216438183846
180.0,40.0,140.0,0.7868454922209402
180.0,40.0,150.0,0.7611870548711792
180.0,40.0,160.0,0.6631330605750112
180.0,40.0,170.0,0.5380251023500954
180.0,40.0,180.0,0.517908598371972
180.0,40.0,190.0,0.3823867180989101
180.0,40.0,200.0,0.33133065568530523
180.0,40.0,210.0,0.13974957537349858
180.0,40.0,220.0,0.05463843502684951
180.0,40.0,230.0,0.0
180.0,40.0,240.0,0.04485259119036601
180.0,40.0,250.0,0.05784134711618556
180.0,40.0,260.0,0.027094940726678007
180.0,40.0,270.0,0.06111388118860334
180.0,40.0,280.0,0.0
180.0,40.0,290.0,0.023351391357366264
180.0,50.0,0.0,0.02900934622694388
180.0,50.0,10.0,0.022204024310313375
180.0,50.0,20.0,0.10571919939728962
180.0,50.0,30.0,0.0
180.0,50.0,40.0,0.00917908001881005
180.0,50.0,50.0,0.0
180.0,50.0,60.0,0.09551752303303171
180.0,50.0,70.0,0.17781946305588173
180.0,50.0,80.0,0.270664593292613
180.0,50.0,90.0,0.258638206688289
180.0,50.0,100.0,0.46049984185449155
180.0,50.0,110.0,0.5686595590249585
180.0,50.0,120.0,0.6181177744117572
180.0,50.0,130.0,0.8041998857162657
180.0,50.0,140.0,0.8491094987354698
180.0,50.0,150.0,0.8428582314243841
180.0,50.0,160.0,0.7168394235985257
180.0,50.0,170.0,0.6792632542930646
180.0,50.0,180.0,0.5610181025041286
180.0,50.0,190.0,0.5033403376122736
180.0,50.0,200.0,0.3723613404092328
180.0,50.0,210.0,0.24446088512572892
180.0,50.0,220.0,0.07783850310018804
180.0,50.0,230.0,0.11331478415005386
180.0,50.0,240.0,0.03384054766915659
180.0,50.0,250.0,0.0
180.0,50.0,260.0,0.001899750435219616
180.0,50.0,270.0,0.06176109009974164
180.0,50.0,280.0,0.0
180.0,50.0,290.0,0.0007528439374889376
180.0,60.0,0.0,0.0
180.0,60.0,10.0,0.0
180.0,60.0,20.0,0.003004180609525799
180.0,60.0,30.0,0.03018560934781091
180.0,60.0,40.0,0.1330257860065515
180.0,60.0,50.0,0.04573207184094448
180.0,60.0,60.0,0.15007221058194448
180.0,60.0,70.0,0.11739324702740893
180.0,60.0,80.0,0.2416645964085079
180.0,60.0,90.0,0.4508659004678642
180.0,60.0,100.0,0.545241931635475
180.0,60.0,110.0,0.6729478449884574
180.0,60.0,120.0,0.7258403396579085
180.0,60.0,130.0,0.9602802911219455
180.0,60.0,140.0,0.9880274564388505
180.0,60.0,150.0,0.8742988546948522
180.0,60.0,160.0,0.9259835442183065
180.0,60.0,170.0,0.7651462560204436
180.0,60.0,180.0,0.6401750375115616
180.0,60.0,190.0,0.5571577921938765
180.0,60.0,200.0,0.34299365117220754
180.0,60.0,210.0,0.27240034704881066
180.0,60.0,220.0,0.05713053555364442
180.0,60.0,230.0,0.13672620608593877
180.0,60.0,240.0,0.05142526965023092
180.0,60.0,250.0,0.0040061662076516825
180.0,60.0,260.0,0.0
180.0,60.0,270.0,0.017736615502942667
180.0,60.0,280.0,1.0601610825923969e-05
180.0,60.0,290.0,0.0
180.0,70.0,0.0,0.0
180.0,70.0,10.0,0.0
180.0,70.0,20.0,0.0
180.0,70.0,30.0,0.04063550344044842
180.0,70.0,40.0,0.06675100904259973
180.0,70.0,50.0,0.053929237437840685
180.0,70.0,60.0,0.08181790574567356
180.0,70.0,70.0,0.19900396231458267
180.0,70.0,80.0,0.2776224266977483
180.0,70.0,90.0,0.42220325918792856
180.0,70.0,100.0,0.5626116970878715
180.0,70.0,110.0,0.7473899656839287
180.0,70.0,120.0,0.8872651824815462
180.0,70.0,130.0,0.9520744788929303
180.0,70.0,140.0,1.069120119294888
180.0,70.0,150.0,1.1487391138455396
180.0,70.0,160.0,1.0367327765610603
180.0,70.0,170.0,0.8191536856093109
180.0,70.0,180.0,0.6514874501471901
180.0,70.0,190.0,0.5315280074483725
180.0,70.0,200.0,0.4342684364969805
180.0,70.0,210.0,0.3315173614460318
180.0,70.0,220.0,0.15443673424364124
180.0,70.0,230.0,0.13521317411486056
180.0,70.0,240.0,0.0
180.0,70.0,250.0,0.0
180.0,70.0,260.0,0.10278671995113656
180.0,70.0,270.0,0.0
180.0,70.0,280.0,0.06537195667329249
180.0,70.0,290.0,0.0
180.0,80.0,0.0,0.047569215858898214
180.0,80.0,10.0,0.1209921698474318
180.0,80.0,20.0,0.04338493142636762
180.0,80.0,30.0,0.13974845660276716
180.0,80.0,40.0,0.09258974768763228
180.0,80.0,50.0,0.00846694458921042
180.0,80.0,60.0,0.09449417233229179
180.0,80.0,70.0,0.18691239308581972
180.0,80.0,80.0,0.34552857297263045
180.0,80.0,90.0,0.4728608337186993
180.0,80.0,100.0,0.6307685564769143
180.0,80.0,110.0,0.8424409029638269
180.0,80.0,120.0,1.003941898172458
180.0,80.0,130.0,1.0560777610167054
180.0,80.0,140.0,1.1628276871752776
180.0,80.0,150.0,1.2619899624452928
180.0,80.0,160.0,1.1353243289477382
180.0,80.0,170.0,1.008321390240405
180.0,80.0,180.0,0.8269283556469373
180.0,80.0,190.0,0.6687889468567582
180.0,80.0,200.0,0.4499782244644865
180.0,80.0,210.0,0.29402691569601247
180.0,80.0,220.0,0.19418608844981897
180.0,80.0,230.0,0.22486642086195602
180.0,80.0,240.0,0.06813278535010915
180.0,80.0,250.0,0.0
180.0,80.0,260.0,0.0
180.0,80.0,270.0,0.012692393795001235
180.0,80.0,280.0,0.06431899883821147
180.0,80.0,290.0,0.0
180.0,90.0,0.0,0.056334262817893076
180.0,90.0,10.0,0.021362557759778467
180.0,90.0,20.0,0.08753431928006493
180.0,90.0,30.0,0.0
180.0,90.0,40.0,0.0
180.0,90.0,50.0,0.08266454947840522
180.0,90.0,60.0,0.17900994484181448
180.0,90.0,70.0,0.1882061003239859
180.0,90.0,80.0,0.38831195090816595
180.0,90.0,90.0,0.5472829028818424
180.0,90.0,100.0,0.6313029458719797
180.0,90.0,110.0,0.94113974703578
180.0,90.0,120.0,1.0923599507501365
180.0,90.0,130.0,1.2858486417721315
180.0,90.0,140.0,1.3075759469353074
180.0,90.0,150.0,1.3009631016949268
180.0,90.0,160.0,1.2824000212347815
180.0,90.0,170.0,1.0886232442602273
180.0,90.0,180.0,0.9665474486851979
180.0,90.0,190.0,0.6302104913159299
180.0,90.0,200.0,0.477897878840449
180.0,90.0,210.0,0.43088263305994645
180.0,90.0,220.0,0.20013581500534489
180.0,90.0,230.0,0.06041869441423632
180.0,90.0,240.0,0.04765515772140416
180.0,90.0,250.0,0.06647048387909471
180.0,90.0,260.0,0.0
180.0,90.0,270.0,0.033456124347638984
180.0,90.0,280.0,0.0
180.0,90.0,290.0,0.0
180.0,100.0,0.0,0.0
180.0,100.0,10.0,0.02090172062610958
180.0,100.0,20.0,0.0
180.0,100.0,30.0,0.040077531845607944
180.0,100.0,40.0,0.0727729992516448
180.0,100.0,50.0,0.09392943338624056
180.0,100.0,60.0,0.11871666930654406
180.0,100.0,70.0,0.227188686660466
180.0,100.0,80.0,0.3991717781794414
180.0,100.0,90.0,0.5263440994550742
180.0,100.0,100.0,0.7895660405146876
180.0,100.0,110.0,1.0534267526736376
180.0,100.0,120.0,1.110551923190426
180.0,100.0,130.0,1.35178288692223
180.0,100.0,140.0,1.3932517701410123
180.0,100.0,150.0,1.4700680390827574
180.0,100.0,160.0,1.4275869389041589
180.0,100.0,170.0,1.2472872920869715
180.0,100.0,180.0,1.0530903384885937
180.0,100.0,190.0,0.7435330233801962
180.0,100.0,200.0,0.5687234167895612
180.0,100.0,210.0,0.46937858803810806
180.0,100.0,220.0,0.3714909198904026
180.0,100.0,230.0,0.2034482142163343
180.0,100.0,240.0,0.04123893627704527
180.0,100.0,250.0,0.11655516067911684
180.0,100.0,260.0,0.019411286202574894
180.0,100.0,270.0,0.0
180.0,100.0,280.0,0.0350920187349962
180.0,100.0,290.0,0.030995469539926088
180.0,110.0,0.0,0.0
180.0,110.0,10.0,0.0
180.0,110.0,20.0,0.08443530695244883
180.0,110.0,30.0,0.0
180.0,110.0,40.0,0.0
180.0,110.0,50.0,0.1342039407311733
180.0,110.0,60.0,0.06350927898934541
180.0,110.0,70.0,0.21588347346674433
180.0,110.0,80.0,0.3808498320579513
180.0,110.0,90.0,0.6071919540521591
180.0,110.0,100.0,0.8298898766324037
180.0,110.0,110.0,0.955521301017302
180.0,110.0,120.0,1.2884523717921559
180.0,110.0,130.0,1.4620502000038085
180.0,110.0,140.0,1.5634211306328871
180.0,110.0,150.0,1.5673616312904604
180.0,110.0,160.0,1.3483260684167777
180.0,110.0,170.0,1.3187600648489461
180.0,110.0,180.0,1.0160487870846562
180.0,110.0,190.0,0.7907441647109072
180.0,110.0,200.0,0.5536246870602409
180.0,110.0,210.0,0.4376216944944912
180.0,110.0,220.0,0.1663631530892109
180.0,110.0,230.0,0.13960532402658996
180.0,110.0,240.0,0.06532366614049274
180.0,110.0,250.0,0.0
180.0,110.0,260.0,0.0
180.0,110.0,270.0,0.0287828521357595
180.0,110.0,280.0,0.0
180.0,110.0,290.0,0.0
180.0,120.0,0.0,0.05954545377496378
180.0,120.0,10.0,0.009860171031855844
180.0,120.0,20.0,0.07205269598662051
180.0,120.0,30.0,0.02868810132674641
180.0,120.0,40.0,0.018591935229194008
180.0,120.0,50.0,0.22767039977219683
180.0,120.0,60.0,0.2143260729570947
180.0,120.0,70.0,0.16534430034446876
180.0,120.0,80.0,0.4441780601009901
180.0,120.0,90.0,0.6722417682547932
180.0,120.0,100.0,0.8065010740081674
180.0,120.0,110.0,1.0928973890886853
180.0,120.0,120.0,1.3559184930455928
180.0,120.0,130.0,1.4898593670092986
180.0,120.0,140.0,1.610426189887447
180.0,120.0,150.0,1.6309342336435966
180.0,120.0,160.0,1.4769968920972925
180.0,120.0,170.0,1.2619488566662924
180.0,120.0,180.0,1.096377435334506
180.0,120.0,190.0,0.7478680079028447
180.0,120.0,200.0,0.66751991135309
180.0,120.0,210.0,0.47785247930267316
180.0,120.0,220.0,0.2984132712067013
180.0,120.0,230.0,0.2326566951426258
180.0,120.0,240.0,0.0911099639937357
180.0,120.0,250.0,0.12988820012305866
180.0,120.0,260.0,0.0
180.0,120.0,270.0,0.0
180.0,120.0,280.0,0.0
180.0,120.0,290.0,0.04814462169400015
180.0,130.0,0.0,0.0
180.0,130.0,10.0,0.0783179181110948
180.0,130.0,20.0,0.03983436943361117
180.0,130.0,30.0,0.0791096709332463
180.0,130.0,40.0,0.0062000093094569594
180.0,130.0,50.0,0.11470452056541859
180.0,130.0,60.0,0.19339346943463417
180.0,130.0,70.0,0.2348647191522758
180.0,130.0,80.0,0.4243838377603772
180.0,130.0,90.0,0.639442176039946
180.0,130.0,100.0,0.8410015543591058
180.0,130.0,110.0,1.0585144103974296
180.0,130.0,120.0,1.392886631414229
180.0,130.0,130.0,1.4928800146330479
180.0,130.0,140.0,1.6873427182149379
180.0,130.0,150.0,1.5779167835392196
180.0,130.0,160.0,1.390569586259379
180.0,130.0,170.0,1.4174534733474298
180.0,130.0,180.0,1.294974569593696
180.0,130.0,190.0,0.9097952893734912
180.0,130.0,200.0,0.6552871509462559
180.0,130.0,210.0,0.42779560495632624
180.0,130.0,220.0,0.22043543741232668
180.0,130.0,230.0,0.09079621088732759
180.0,130.0,240.0,0.07501270620842593
180.0,130.0,250.0,0.0
180.0,130.0,260.0,0.0
180.0,130.0,270.0,0.0004005593932612031
180.0,130.0,280.0,0.0
180.0,130.0,290.0,0.04039719795307861
180.0,140.0,0.0,0.021707856095623937
180.0,140.0,10.0,0.0
180.0,140.0,20.0,0.12418443926281504
180.0,140.0,30.0,0.0
180.0,140.0,40.0,0.05014591489983319
180.0,140.0,50.0,0.038582072655204774
180.0,140.0,60.0,0.22237139303194378
180.0,140.0,70.0,0.23000654219116484
180.0,140.0,80.0,0.4491592562047991
180.0,140.0,90.0,0.6330083022477518
180.0,140.0,100.0,0.9015433464495047
180.0,140.0,110.0,1.2169393460305487
180.0,140.0,120.0,1.3101082755957492
180.0,140.0,130.0,1.5738017839321123
180.0,140.0,140.0,1.6575424188666108
180.0,140.0,150.0,1.6954252361056206
180.0,140.0,160.0,1.5599372180982063
180.0,140.0,170.0,1.421636485276961
180.0,140.0,180.0,1.1185872932081875
180.0,140.0,190.0,0.8936237666950684
180.0,140.0,200.0,0.6462409723143067
180.0,140.0,210.0,0.43192788985633407
180.0,140.0,220.0,0.37646957900237976
180.0,140.0,230.0,0.1451568974127528
180.0,140.0,240.0,0.1609816946528717
180.0,140.0,250.0,0.06523486817237187
180.0,140.0,260.0,0.08462496202853419
180.0,140.0,270.0,0.036288908832758884
180.0,140.0,280.0,0.020596664934387734
180.0,140.0,290.0,0.0
180.0,150.0,0.0,0.0
180.0,150.0,10.0,0.0
180.0,150.0,20.0,0.04933062466486415
180.0,150.0,30.0,0.0
180.0,150.0,40.0,0.08777794758962701
180.0,150.0,50.0,0.10684012718784262
180.0,150.0,60.0,0.09793501327070056
180.0,150.0,70.0,0.3113775792878871
180.0,150.0,80.0,0.4591643417833645
180.0,150.0,90.0,0.613477619806642
180.0,150.0,100.0,0.8002588285174157
180.0,150.0,110.0,1.16247365761268
180.0,150.0,120.0,1.410086259221212
180.0,150.0,130.0,1.5687111589809424
180.0,150.0,140.0,1.6688123389452185
180.0,150.0,150.0,1.7064133901314797
180.0,150.0,160.0,1.6014747155909954
180.0,150.0,170.0,1.3715156741007395
180.0,150.0,180.0,1.1762656840692072
180.0,150.0,190.0,0.9617716878528908
180.0,150.0,200.0,0.5663414598074388
180.0,150.0,210.0,0.477589229162835
180.0,150.0,220.0,0.27709583053552944
180.0,150.0,230.0,0.12673807238161994
180.0,150.0,240.0,0.15272861797321782
180.0,150.0,250.0,0.09564967773451502
180.0,150.0,260.0,0.1257188131157192
180.0,150.0,270.0,0.0
180.0,150.0,280.0,0.0
180.0,150.0,290.0,0.0058275750182924715
180.0,160.0,0.0,0.007338174970705637
180.0,160.0,10.0,0.0
180.0,160.0,20.0,0.05752546267350578
180.0,160.0,30.0,0.0030622798968552405
180.0,160.0,40.0,0.0
180.0,160.0,50.0,0.09445825226256464
180.0,160.0,60.0,0.22630432051379248
180.0,160.0,70.0,0.3476770165920099
180.0,160.0,80.0,0.435435880433673
180.0,160.0,90.0,0.634192952555127
180.0,160.0,100.0,0.9569498808898241
180.0,160.0,110.0,1.0723558453476345
180.0,160.0,120.0,1.3560788148714331
180.0,160.0,130.0,1.588930532062991
180.0,160.0,140.0,1.6393027841832726
180.0,160.0,150.0,1.624208164203281
180.0,160.0,160.0,1.5402550650309437
180.0,160.0,170.0,1.2654802476034286
180.0,160.0,180.0,1.209880620940765
180.0,160.0,190.0,0.8971048685248257
180.0,160.0,200.0,0.678028621382331
180.0,160.0,210.0,0.5268007320080457
180.0,160.0,220.0,0.2424802582089884
180.0,160.0,230.0,0.22808205138459772
180.0,160.0,240.0,0.04448814572044062
180.0,160.0,250.0,0.0
180.0,160.0,260.0,0.018244563189688055
180.0,160.0,270.0,0.0
180.0,160.0,280.0,0.0
180.0,160.0,290.0,0.0
180.0,170.0,0.0,0.0
180.0,170.0,10.0,0.015999240035863647
180.0,170.0,20.0,0.0
180.0,170.0,30.0,0.060172960791774865
180.0,170.0,40.0,0.03183913488913903
180.0,170.0,50.0,0.0
180.0,170.0,60.0,0.13096688511826124
180.0,170.0,70.0,0.2057028238304695
180.0,170.0,80.0,0.4362515089130166
180.0,170.0,90.0,0.5063589484989073
180.0,170.0,100.0,0.815177397057272
180.0,170.0,110.0,1.1451566914808076
180.0,170.0,120.0,1.4060549395016837
180.0,170.0,130.0,1.431312581392222
180.0,170.0,140.0,1.61139791093091
180.0,170.0,150.0,1.5542842707002211
180.0,170.0,160.0,1.5748956393878335
180.0,170.0,170.0,1.3196866572654569
180.0,170.0,180.0,1.1095757969882394
180.0,170.0,190.0,0.8643785623153618
180.0,170.0,200.0,0.5960871488196107
180.0,170.0,210.0,0.4219715570682196
180.0,170.0,220.0,0.3463617188081189
180.0,170.0,230.0,0.14764776604974272
180.0,170.0,240.0,0.053985051327441774
180.0,170.0,250.0,0.1515590610028828
180.0,170.0,260.0,0.033555031195261216
180.0,170.0,270.0,0.023742005760632096
180.0,170.0,280.0,0.0
180.0,170.0,290.0,0.0
180.0,180.0,0.0,0.020636076734617963
180.0,180.0,10.0,0.0
180.0,180.0,20.0,0.0
180.0,180.0,30.0,0.11541258531374837
180.0,180.0,40.0,0.1179040853965201
180.0,180.0,50.0,0.05539059775427526
180.0,180.0,60.0,0.05670243354856003
180.0,180.0,70.0,0.2716906382340479
180.0,180.0,80.0,0.4445142515567823
180.0,180.0,90.0,0.5744288473716149
180.0,180.0,100.0,0.8169464814583455
180.0,180.0,110.0,1.0715413262935825
180.0,180.0,120.0,1.2867287180401559
180.0,180.0,130.0,1.4231240639066824
180.0,180.0,140.0,1.5005660016467557
180.0,180.0,150.0,1.5056125295047056
180.0,180.0,160.0,1.4603892496940085
180.0,180.0,170.0,1.319546398699101
180.0,180.0,180.0,1.0657313570742775
180.0,180.0,190.0,0.8265710878210207
180.0,180.0,200.0,0.5766333725732162
180.0,180.0,210.0,0.39767315701638944
180.0,180.0,220.0,0.31794991306536424
180.0,180.0,230.0,0.22031856152604892
180.0,180.0,240.0,0.18193267397454807
180.0,180.0,250.0,0.13508513102393654
180.0,180.0,260.0,0.0
180.0,180.0,270.0,0.0
180.0,180.0,280.0,0.0010122662430757656
180.0,180.0,290.0,0.0
180.0,190.0,0.0,0.0
180.0,190.0,10.0,0.015248337821426157
180.0,190.0,20.0,0.07497150124457885
180.0,190.0,30.0,0.0
180.0,190.0,40.0,0.0397552386615367
180.0,190.0,50.0,0.0629293124923712
180.0,190.0,60.0,0.11651967669753455
180.0,190.0,70.0,0.29376485270179786
180.0,190.0,80.0,0.4360493662318719
180.0,190.0,90.0,0.5366802316638379
180.0,190.0,100.0,0.7802698568506866
180.0,190.0,110.0,1.0654397625828063
180.0,190.0,120.0,1.2387541147112042
180.0,190.0,130.0,1.3306836447657704
180.0,190.0,140.0,1.3489374375746488
180.0,190.0,150.0,1.4402838183479152
180.0,190.0,160.0,1.2844618424996623
180.0,190.0,170.0,1.242124585974187
180.0,190.0,180.0,1.021000069655878
180.0,190.0,190.0,0.7905236220396185
180.0,190.0,200.0,0.5045473086095429
180.0,190.0,210.0,0.4110791875406599
180.0,190.0,220.0,0.25370268478232344
180.0,190.0,230.0,0.1458225965646053
180.0,190.0,240.0,0.1864625532252496
180.0,190.0,250.0,0.03465750187732553
180.0,190.0,260.0,0.11629291009158263
180.0,190.0,270.0,0.0
180.0,190.0,280.0,0.08642525735335652
180.0,190.0,290.0,0.0
180.0,200.0,0.0,0.009063273064581209
180.0,200.0,10.0,0.005808558589150672
180.0,200.0,20.0,0.0
180.0,200.0,30.0,0.0
180.0,200.0,40.0,0.010446980829402729
180.0,200.0,50.0,0.08122166255263422
180.0,200.0,60.0,0.22274290618286563
180.0,200.0,70.0,0.28589967965323815
180.0,200.0,80.0,0.3316815523779921
180.0,200.0,90.0,0.5403564019573379
180.0,200.0,100.0,0.7444734084466309
180.0,200.0,110.0,0.9207562861571638
180.0,200.0,120.0,1.0940549762364946
180.0,200.0,130.0,1.2284810599680493
180.0,200.0,140.0,1.3337135136968379
180.0,200.0,150.0,1.3077340548184093
180.0,200.0,160.0,1.1855831378596253
180.0,200.0,170.0,1.1229693573412085
180.0,200.0,180.0,0.9080268436538683
180.0,200.0,190.0,0.7671844649723578
180.0,200.0,200.0,0.5564834056924125
180.0,200.0,210.0,0.3587957645333089
180.0,200.0,220.0,0.292502785328791
180.0,200.0,230.0,0.09825094424285474
180.0,200.0,240.0,0.16425592184767387
180.0,200.0,250.0,0.03719959795919074
180.0,200.0,260.0,0.0032808547054875084
180.0,200.0,270.0,0.019501116249220674
180.0,200.0,280.0,0.0
180.0,200.0,290.0,0.0
180.0,210.0,0.0,0.07999329498061468
180.0,210.0,10.0,0.030758101729763516
180.0,210.0,20.0,0.0
180.0,210.0,30.0,0.07536946523837404
180.0,210.0,40.0,0.01001001022523421
180.0,210.0,50.0,0.09292125925570187
180.0,210.0,60.0,0.08950079402867125
180.0,210.0,70.0,0.1938046389260764
180.0,210.0,80.0,0.33906177260742976
180.0,210.0,90.0,0.42796086057648736
180.0,210.0,100.0,0.6294629931831719
180.0,210.0,110.0,0.8632183954645644
180.0,210.0,120.0,0.9771222564622597
180.0,210.0,130.0,1.147720664213617
180.0,210.0,140.0,1.139301099040118
180.0,210.0,150.0,1.1626817294003209
180.0,210.0,160.0,0.9783316766422984
180.0,210.0,170.0,0.9470179021766294
180.0,210.0,180.0,0.8645900987421041
180.0,210.0,190.0,0.740032465926276
180.0,210.0,200.0,0.48233277022177157
180.0,210.0,210.0,0.3166759140506045
180.0,210.0,220.0,0.21573166249661235
180.0,210.0,230.0,0.2108336362248932
180.0,210.0,240.0,0.20447765582325253
180.0,210.0,250.0,0.03778460423890286
180.0,210.0,260.0,0.06292529893552917
180.0,210.0,270.0,0.0
180.0,210.0,280.0,0.012339992311181783
180.0,210.0,290.0,0.0
180.0,220.0,0.0,0.03522248996068672
180.0,220.0,10.0,0.01995075797356993
180.0,220.0,20.0,0.0
180.0,220.0,30.0,0.07736529614694501
180.0,220.0,40.0,0.0
180.0,220.0,50.0,0.09332291155989375
180.0,220.0,60.0,0.11142534397166655
180.0,220.0,70.0,0.19349657243370658
180.0,220.0,80.0,0.30886600213548077
180.0,220.0,90.0,0.34710337684741743
180.0,220.0,100.0,0.5298695232492743
180.0,220.0,110.0,0.7915234201370664
180.0,220.0,120.0,0.9289441180247642
180.0,220.0,130.0,0.9995872149246704
180.0,220.0,140.0,1.1099578632607423
180.0,220.0,150.0,1.1523096168252498
180.0,220.0,160.0,1.1098013639493702
180.0,220.0,170.0,0.901564079196116
180.0,220.0,180.0,0.6807466654127978
180.0,220.0,190.0,0.5643017455440726
180.0,220.0,200.0,0.4274541400136206
180.0,220.0,210.0,0.32297968195881566
180.0,220.0,220.0,0.2173213961939037
180.0,220.0,230.0,0.25098023928681895
180.0,220.0,240.0,0.060049762310461725
180.0,220.0,250.0,0.04208096792089873
180.0,220.0,260.0,0.0
180.0,220.0,270.0,0.0
180.0,220.0,280.0,0.018492338466683203
180.0,220.0,290.0,0.0
180.0,230.0,0.0,0.0457407149338927
180.0,230.0,10.0,0.03623172082286048
180.0,230.0,20.0,0.0
180.0,230.0,30.0,0.0
180.0,230.0,40.0,0.06564161599439879
180.0,230.0,50.0,0.038283831854004184
180.0,230.0,60.0,0.058336795569576314
180.0,230.0,70.0,0.1304372354111498
180.0,230.0,80.0,0.2552386465244058
180.0,230.0,90.0,0.3905317084358212
180.0,230.0,100.0,0.5264230063430909
180.0,230.0,110.0,0.6692933105016614
180.0,230.0,120.0,0.7924570641853869
180.0,230.0,130.0,0.9845943427632076
180.0,230.0,140.0,0.8795286205911435
180.0,230.0,150.0,0.9459599405047419
180.0,230.0,160.0,0.8703893442804577
180.0,230.0,170.0,0.768734873049598
180.0,230.0,180.0,0.6465781832385062
180.0,230.0,190.0,0.42954906106498997
180.0,230.0,200.0,0.2733445370830473
180.0,230.0,210.0,0.2709741434332241
180.0,230.0,220.0,0.19274835055116463
180.0,230.0,230.0,0.15324275393566303
180.0,230.0,240.0,0.0717468869529472
180.0,230.0,250.0,0.000448704908440848
180.0,230.0,260.0,0.015902923471000342
180.0,230.0,270.0,0.0
180.0,230.0,280.0,0.0
180.0,230.0,290.0,0.0
180.0,240.0,0.0,0.050216724175482313
180.0,240.0,10.0,0.03352154819587145
180.0,240.0,20.0,0.04443212390240242
180.0,240.0,30.0,0.0
180.0,240.0,40.0,0.047838096214306916
180.0,240.0,50.0,0.07195145711049736
180.0,240.0,60.0,0.08233183082559754
180.0,240.0,70.0,0.13863196901271463
180.0,240.0,80.0,0.21705220197110292
180.0,240.0,90.0,0.2333084370865485
180.0,240.0,100.0,0.36422270620293296
180.0,240.0,110.0,0.5907203127407877
180.0,240.0,120.0,0.7146983070493442
180.0,240.0,130.0,0.8094428779445694
180.0,240.0,140.0,0.8780598456072835
180.0,240.0,150.0,0.7696377653444235
180.0,240.0,160.0,0.8529819029459806
180.0,240.0,170.0,0.6561295725372238
180.0,240.0,180.0,0.5771390731483874
180.0,240.0,190.0,0.4499760325401079
180.0,240.0,200.0,0.35170895187510853
180.0,240.0,210.0,0.12048333706880648
180.0,240.0,220.0,0.13741914236677905
180.0,240.0,230.0,0.07009834567980548
180.0,240.0,240.0,0.015054306960209943
180.0,240.0,250.0,0.18642092054194878
180.0,240.0,260.0,0.12489029567536489
180.0,240.0,270.0,0.0
180.0,240.0,280.0,0.0004356350247730831
180.0,240.0,290.0,0.0
180.0,250.0,0.0,0.06506985770615221
180.0,250.0,10.0,0.0
180.0,250.0,20.0,0.0
180.0,250.0,30.0,0.07120186070701007
180.0,250.0,40.0,0.056493940952999804
180.0,250.0,50.0,0.014498845269884725
180.0,250.0,60.0,0.09101386588581079
180.0,250.0,70.0,0.007364279355884254
180.0,250.0,80.0,0.10706151722437109
180.0,250.0,90.0,0.24103533640752184
180.0,250.0,100.0,0.39641959763793144
180.0,250.0,110.0,0.557031460076004
180.0,250.0,120.0,0.6450313184884021
180.0,250.0,130.0,0.6432195187159181
180.0,250.0,140.0,0.7647912375064051
180.0,250.0,150.0,0.6484665225444683
180.0,250.0,160.0,0.7353625850085778
180.0,250.0,170.0,0.5750326833452907
180.0,250.0,180.0,0.4728191142450476
180.0,250.0,190.0,0.31182876501851686
180.0,250.0,200.0,0.35875061556657994
180.0,250.0,210.0,0.23691802596501108
180.0,250.0,220.0,0.1222009710755816
180.0,250.0,230.0,0.0
180.0,250.0,240.0,0.08618437242726304
180.0,250.0,250.0,0.0
180.0,250.0,260.0,0.02222852481777208
180.0,250.0,270.0,0.032681103295955846
180.0,250.0,280.0,0.0
180.0,250.0,290.0,0.0
180.0,260.0,0.0,0.0
180.0,260.0,10.0,0.017756293381041604
180.0,260.0,20.0,0.043606017570901205
180.0,260.0,30.0,0.09232564429528865
180.0,260.0,40.0,0.01900215895414537
180.0,260.0,50.0,0.01469985563128609
180.0,260.0,60.0,0.09190505376289142
180.0,260.0,70.0,0.05409449539198154
180.0,260.0,80.0,0.15596488255855914
180.0,260.0,90.0,0.22316989275181182
180.0,260.0,100.0,0.2727507750599316
180.0,260.0,110.0,0.4008084369664422
180.0,260.0,120.0,0.5130175737633277
180.0,260.0,130.0,0.5461894113509468
180.0,260.0,140.0,0.5336880327956748
180.0,260.0,150.0,0.49037745070839356
180.0,260.0,160.0,0.5036270744748369
180.0,260.0,170.0,0.474225766687681
180.0,260.0,180.0,0.3655721723190624
180.0,260.0,190.0,0.311927633509582
180.0,260.0,200.0,0.2650508062263172
180.0,260.0,210.0,0.15210203631535685
180.0,260.0,220.0,0.09155710102829931
180.0,260.0,230.0,0.016022893880793754
180.0,260.0,240.0,0.0012502452201134245
180.0,260.0,250.0,0.0
180.0,260.0,260.0,0.0
180.0,260.0,270.0,0.014690043057919083
180.0,260.0,280.0,0.1634427355763636
180.0,260.0,290.0,0.01467926647270841
180.0,270.0,0.0,0.0
180.0,270.0,10.0,0.036826292030753965
180.0,270.0,20.0,0.06478527017752778
180.0,270.0,30.0,0.026556547575916516
180.0,270.0,40.0,0.024810883284587904
180.0,270.0,50.0,0.0
180.0,270.0,60.0,0.006676058612387577
180.0,270.0,70.0,0.060227398907211446
180.0,270.0,80.0,0.1703767667126453
180.0,270.0,90.0,0.23742016820893228
180.0,270.0,100.0,0.2854963598629222
180.0,270.0,110.0,0.321259221455083
180.0,270.0,120.0,0.4413668121915379
180.0,270.0,130.0,0.42091824743950623
180.0,270.0,140.0,0.510627806766773
180.0,270.0,150.0,0.5295426076876452
180.0,270.0,160.0,0.4368403406419992
180.0,270.0,170.0,0.409230199628206
180.0,270.0,180.0,0.39264347039895586
180.0,270.0,190.0,0.2865717229731392
180.0,270.0,200.0,0.1721048958118941
180.0,270.0,210.0,0.11519172085755056
180.0,270.0,220.0,0.08305699798264003
180.0,270.0,230.0,0.04215751494329288
180.0,270.0,240.0,0.07768980877477388
180.0,270.0,250.0,0.0
180.0,270.0,260.0,0.0
180.0,270.0,270.0,0.05650252833998555
180.0,270.0,280.0,0.0
180.0,270.0,290.0,0.0
180.0,280.0,0.0,0.0
180.0,280.0,10.0,0.03393554945849643
180.0,280.0,20.0,0.02950922817822475
180.0,280.0,30.0,0.02498840607624344
180.0,280.0,40.0,0.0
180.0,280.0,50.0,0.05619024307260269
180.0,280.0,60.0,0.0
180.0,280.0,70.0,0.08842383376945345
180.0,280.0,80.0,0.11362420105102804
180.0,280.0,90.0,0.1402166897037742
180.0,280.0,100.0,0.18251868971915725
180.0,280.0,110.0,0.30131442709715484
180.0,280.0,120.0,0.411282791060291
180.0,280.0,130.0,0.3849212995468769
180.0,280.0,140.0,0.331932176182367
180.0,280.0,150.0,0.47515150128589734
180.0,280.0,160.0,0.3935740721215573
180.0,280.0,170.0,0.38775769699309737
180.0,280.0,180.0,0.2791707252816432
180.0,280.0,190.0,0.21264307327531698
180.0,280.0,200.0,0.13611284519871394
180.0,280.0,210.0,0.14308469464783838
180.0,280.0,220.0,0.13847863985244396
180.0,280.0,230.0,0.059468026297390855
180.0,280.0,240.0,0.029563379822621673
180.0,280.0,250.0,0.03155438197208079
180.0,280.0,260.0,0.0
180.0,280.0,270.0,0.0
180.0,280.0,280.0,0.0
180.0,280.0,290.0,0.0
180.0,290.0,0.0,0.0
180.0,290.0,10.0,0.004450833095923569
180.0,290.0,20.0,0.0
180.0,290.0,30.0,0.0
180.0,290.0,40.0,0.08722472447266044
180.0,290.0,50.0,0.0
180.0,290.0,60.0,0.1069584977877414
180.0,290.0,70.0,0.004295394485124351
180.0,290.0,80.0,0.07787034694305014
180.0,290.0,90.0,0.15993180400823134
180.0,290.0,100.0,0.1705505690825339
180.0,290.0,110.0,0.18696948742442313
180.0,290.0,120.0,0.3188336599453073
180.0,290.0,130.0,0.3243303398718626
180.0,290.0,140.0,0.35251612157950135
180.0,290.0,150.0,0.3089832226282228
180.0,290.0,160.0,0.2067562445825784
180.0,290.0,170.0,0.21308831459680597
180.0,290.0,180.0,0.15946735512886134
180.0,290.0,190.0,0.15320273887529023
180.0,290.0,200.0,0.0528427773730436
180.0,290.0,210.0,0.2272229045448148
180.0,290.0,220.0,0.0
180.0,290.0,230.0,0.05098765031759195
180.0,290.0,240.0,0.04704577811993994
180.0,290.0,250.0,0.0
180.0,290.0,260.0,0.0
180.0,290.0,270.0,0.0
180.0,290.0,280.0,0.0
180.0,290.0,290.0,0.0
190.0,0.0,0.0,0.03526506246005446
190.0,0.0,10.0,0.0
190.0,0.0,20.0,0.0
190.0,0.0,30.0,0.08599646500523196
190.0,0.0,40.0,0.0
190.0,0.0,50.0,0.0
190.0,0.0,60.0,0.0
190.0,0.0,70.0,0.058063191949617766
190.0,0.0,80.0,0.09092546365025489
190.0,0.0,90.0,0.09847617281411043
190.0,0.0,100.0,0.17875260243850805
190.0,0.0,110.0,0.24947390186095472
190.0,0.0,120.0,0.2720522346393456
190.0,0.0,130.0,0.17988372904626826
190.0,0.0,140.0,0.2660598885773135
190.0,0.0,150.0,0.2672854886262509
190.0,0.0,160.0,0.28893284809119635
190.0,0.0,170.0,0.2856945795533867
190.0,0.0,180.0,0.23279311051742066
190.0,0.0,190.0,0.17376992097343932
190.0,0.0,200.0,0.08434564205900481
190.0,0.0,210.0,0.10178827065148423
190.0,0.0,220.0,0.016966665980159785
190.0,0.0,230.0,0.04343308283889335
190.0,0.0,240.0,0.10786929517152288
190.0,0.0,250.0,0.0176852077226429
190.0,0.0,260.0,0.0
190.0,0.0,270.0,0.0
190.0,0.0,280.0,0.0
190.0,0.0,290.0,0.0560629394370344
190.0,10.0,0.0,0.055458599858120204
190.0,10.0,10.0,0.0
190.0,10.0,20.0,0.03714733005368197
190.0,10.0,30.0,0.013334172722698791
190.0,10.0,40.0,0.11179450024036171
190.0,10.0,50.0,0.0190616275305934
190.0,10.0,60.0,0.011397569319997358
190.0,10.0,70.0,0.0
190.0,10.0,80.0,0.1935006735616297
190.0,10.0,90.0,0.19482187491890357
190.0,10.0,100.0,0.18093982186022373
190.0,10.0,110.0,0.25286391504273903
190.0,10.0,120.0,0.247360171285668
190.0,10.0,130.0,0.44255263246646354
190.0,10.0,140.0,0.32670551488404387
190.0,10.0,150.0,0.40324582266325515
190.0,10.0,160.0,0.46235350960609783
190.0,10.0,170.0,0.3848378741317954
190.0,10.0,180.0,0.28633768552049016
190.0,10.0,190.0,0.26252393864314266
190.0,10.0,200.0,0.05682085567804909
190.0,10.0,210.0,0.0882021408300222
190.0,10.0,220.0,0.07207332577126066
190.0,10.0,230.0,0.04167050161794617
190.0,10.0,240.0,0.04313837963000876
190.0,10.0,250.0,0.056467018161162556
190.0,10.0,260.0,0.027096429194142332
190.0,10.0,270.0,0.0
190.0,10.0,280.0,0.027133803239310958
190.0,10.0,290.0,0.051391835046268826
190.0,20.0,0.0,0.038502719940424354
190.0,20.0,10.0,0.10002288217181214
190.0,20.0,20.0,0.0643989976328618
190.0,20.0,30.0,0.0
190.0,20.0,40.0,0.013260648449840427
190.0,20.0,50.0,0.0
190.0,20.0,60.0,0.0
190.0,20.0,70.0,0.04271287359376641
190.0,20.0,80.0,0.0030644523163298326
190.0,20.0,90.0,0.05225894097001468
190.0,20.0,100.0,0.18502040541870116
190.0,20.0,110.0,0.3052272997447511
190.0,20.0,120.0,0.322602547854909
190.0,20.0,130.0,0.4023153288957856
190.0,20.0,140.0,0.31530264132420194
190.0,20.0,150.0,0.46036396401930607
190.0,20.0,160.0,0.4511734173178048
190.0,20.0,170.0,0.3798299880360679
190.0,20.0,180.0,0.25197036509378123
190.0,20.0,190.0,0.21507080502015774
190.0,20.0,200.0,0.1429035961064275
190.0,20.0,210.0,0.056284178797358905
190.0,20.0,220.0,0.13342847239284594
190.0,20.0,230.0,0.0742510693782886
190.0,20.0,240.0,0.0354439528941868
190.0,20.0,250.0,0.07651720406877223
190.0,20.0,260.0,0.010499981234350135
190.0,20.0,270.0,0.08035184112186812
190.0,20.0,280.0,0.0
190.0,20.0,290.0,0.01469722055668953
190.0,30.0,0.0,0.07508078380246586
190.0,30.0,10.0,0.0613373762479877
190.0,30.0,20.0,0.05736161652145326
190.0,30.0,30.0,0.0
190.0,30.0,40.0,0.0
190.0,30.0,50.0,0.0
190.0,30.0,60.0,0.007515068136963073
190.0,30.0,70.0,0.05170427751521953
190.0,30.0,80.0,0.12284849676925745
190.0,30.0,90.0,0.21563517365084087
190.0,30.0,100.0,0.3297219194147747
190.0,30.0,110.0,0.4471598762930316
190.0,30.0,120.0,0.3809651569451049
190.0,30.0,130.0,0.4708780483313359
190.0,30.0,140.0,0.5202069830127647
190.0,30.0,150.0,0.5673594465742896
190.0,30.0,160.0,0.43118836521510234
190.0,30.0,170.0,0.4709747851976114
190.0,30.0,180.0,0.3193838124129422
190.0,30.0,190.0,0.27903654282061585
190.0,30.0,200.0,0.24042433097900368
190.0,30.0,210.0,0.12527492532472986
190.0,30.0,220.0,0.16034325787705084
190.0,30.0,230.0,0.04835388930808528
190.0,30.0,240.0,0.04375349292958573
190.0,30.0,250.0,0.0
190.0,30.0,260.0,0.04442759884479133
190.0,30.0,270.0,0.0
190.0,30.0,280.0,0.055715000779660157
190.0,30.0,290.0,0.002794608770103841
190.0,40.0,0.0,0.021489690357936214
190.0,40.0,10.0,0.0
190.0,40.0,20.0,0.023907337220811915
190.0,40.0,30.0,0.0
190.0,40.0,40.0,0.0
190.0,40.0,50.0,0.07353808646550664
190.0,40.0,60.0,0.09002978946737303
190.0,40.0,70.0,0.07939894999752968
190.0,40.0,80.0,0.11764697962096238
190.0,40.0,90.0,0.2801090045094359
190.0,40.0,100.0,0.23134242610799022
190.0,40.0,110.0,0.5438141697601928
190.0,40.0,120.0,0.49630809640171997
190.0,40.0,130.0,0.6395842059258702
190.0,40.0,140.0,0.6286494475875047
190.0,40.0,150.0,0.6205620052188419
190.0,40.0,160.0,0.6638072238942747
190.0,40.0,170.0,0.5503903880556078
190.0,40.0,180.0,0.4938741300702438
190.0,40.0,190.0,0.3774647995798493
190.0,40.0,200.0,0.2046222171619922
190.0,40.0,210.0,0.17670794684922686
190.0,40.0,220.0,0.16490657265671793
190.0,40.0,230.0,0.08639366639927967
190.0,40.0,240.0,0.10736573398995138
190.0,40.0,250.0,0.03803365906705185
190.0,40.0,260.0,0.01723706364081462
190.0,40.0,270.0,0.0
190.0,40.0,280.0,0.0
190.0,40.0,290.0,0.02344492819883113
190.0,50.0,0.0,0.0
190.0,50.0,10.0,0.0
190.0,50.0,20.0,0.0
190.0,50.0,30.0,0.04237693364926462
190.0,50.0,40.0,0.04196627424039963
190.0,50.0,50.0,0.0
190.0,50.0,60.0,0.07575600584527545
190.0,50.0,70.0,0.2508186258517387
190.0,50.0,80.0,0.18438097475970378
190.0,50.0,90.0,0.24499463040262037
190.0,50.0,100.0,0.38287375211043745
190.0,50.0,110.0,0.5408614795030703
190.0,50.0,120.0,0.661054890187685
190.0,50.0,130.0,0.6646737798618862
190.0,50.0,140.0,0.7985754327744534
190.0,50.0,150.0,0.7440679428955579
190.0,50.0,160.0,0.6955386904756169
190.0,50.0,170.0,0.5751357594693632
190.0,50.0,180.0,0.43702712744681793
190.0,50.0,190.0,0.44107487699158876
190.0,50.0,200.0,0.2911056900968154
190.0,50.0,210.0,0.1904971514065046
190.0,50.0,220.0,0.13301667176239682
190.0,50.0,230.0,0.07411913246345757
190.0,50.0,240.0,0.03554292896363129
190.0,50.0,250.0,0.006303338954934071
190.0,50.0,260.0,0.07359992402781891
190.0,50.0,270.0,0.052648225229438614
190.0,50.0,280.0,0.011211685178075796
190.0,50.0,290.0,0.0
190.0,60.0,0.0,0.0702708329588953
190.0,60.0,10.0,0.0
190.0,60.0,20.0,0.0
190.0,60.0,30.0,0.0
190.0,60.0,40.0,0.03303666719565177
190.0,60.0,50.0,0.08046356705958316
190.0,60.0,60.0,0.21878243008053339
190.0,60.0,70.0,0.27911797586760223
190.0,60.0,80.0,0.29333336464583026
190.0,60.0,90.0,0.33506925175741
190.0,60.0,100.0,0.4069002862962034
190.0,60.0,110.0,0.651629869345747
190.0,60.0,120.0,0.7795398264013887
190.0,60.0,130.0,0.8625965671831118
190.0,60.0,140.0,0.8290840762264556
190.0,60.0,150.0,0.929954682625606
190.0,60.0,160.0,0.8522679062198252
190.0,60.0,170.0,0.6300901903987648
190.0,60.0,180.0,0.5287302198620382
190.0,60.0,190.0,0.42906978634739423
190.0,60.0,200.0,0.374851377690257
190.0,60.0,210.0,0.18963269257876195
190.0,60.0,220.0,0.09226995773718047
190.0,60.0,230.0,0.17095839300194515
190.0,60.0,240.0,0.07321623223683224
190.0,60.0,250.0,0.0
190.0,60.0,260.0,0.06530917014031339
190.0,60.0,270.0,0.10872038051906434
190.0,60.0,280.0,0.10100447694969532
190.0,60.0,290.0,0.025737770138282625
190.0,70.0,0.0,0.008939131054236967
190.0,70.0,10.0,0.0
190.0,70.0,20.0,0.0
190.0,70.0,30.0,0.0
190.0,70.0,40.0,0.010653000372907413
190.0,70.0,50.0,0.08627171941157638
190.0,70.0,60.0,0.09098793618627668
190.0,70.0,70.0,0.1597285145939756
190.0,70.0,80.0,0.2224823314791266
190.0,70.0,90.0,0.36185495196845807
190.0,70.0,100.0,0.5785332125596364
190.0,70.0,110.0,0.6587583718804789
190.0,70.0,120.0,0.7361468284566882
190.0,70.0,130.0,0.8770633474362125
190.0,70.0,140.0,0.9685015538513115
190.0,70.0,150.0,0.9394880808731942
190.0,70.0,160.0,0.846621427208957
190.0,70.0,170.0,0.8526472166204376
190.0,70.0,180.0,0.6811571474534744
190.0,70.0,190.0,0.44976275786019143
190.0,70.0,200.0,0.39984619950446953
190.0,70.0,210.0,0.21586291841924057
190.0,70.0,220.0,0.14008817249024977
190.0,70.0,230.0,0.07596909469009369
190.0,70.0,240.0,0.09187650142480283
190.0,70.0,250.0,0.006414753809594557
190.0,70.0,260.0,0.0
190.0,70.0,270.0,0.15917759033707013
190.0,70.0,280.0,0.0
190.0,70.0,290.0,0.0
190.0,80.0,0.0,0.01762179961951051
190.0,80.0,10.0,0.0
190.0,80.0,20.0,0.0
190.0,80.0,30.0,0.058136618728704834
190.0,80.0,40.0,0.0
190.0,80.0,50.0,0.2274993302603429
190.0,80.0,60.0,0.08744833684791394
190.0,80.0,70.0,0.2479027935941412
190.0,80.0,80.0,0.358161839999784
190.0,80.0,90.0,0.4109917523436302
190.0,80.0,100.0,0.6085437989351734
190.0,80.0,110.0,0.6820399426456906
190.0,80.0,120.0,0.8322157826981457
190.0,80.0,130.0,0.9916194551948769
190.0,80.0,140.0,1.06490185243179
190.0,80.0,150.0,1.028813256366577
190.0,80.0,160.0,0.9902714625844244
190.0,80.0,170.0,0.9872228224984361
190.0,80.0,180.0,0.7273787286543267
190.0,80.0,190.0,0.5491242663010412
190.0,80.0,200.0,0.43601406167360135
190.0,80.0,210.0,0.3051546015286747
190.0,80.0,220.0,0.16259548001802268
190.0,80.0,230.0,0.13464904680172343
190.0,80.0,240.0,0.035107644861494376
190.0,80.0,250.0,0.0871286307308895
190.0,80.0,260.0,0.0
190.0,80.0,270.0,0.038834653515922725
190.0,80.0,280.0,0.0
190.0,80.0,290.0,0.0
190.0,90.0,0.0,0.1013165187032566
190.0,90.0,10.0,0.0178949685702199
190.0,90.0,20.0,0.05923822087979218
190.0,90.0,30.0,0.018494302142588803
190.0,90.0,40.0,0.07413336969748979
190.0,90.0,50.0,0.05478259169720605
190.0,90.0,60.0,0.08758794110913956
190.0,90.0,70.0,0.2555809845451925
190.0,90.0,80.0,0.40429237734363305
190.0,90.0,90.0,0.40912195329900863
190.0,90.0,100.0,0.5725602981197945
190.0,90.0,110.0,0.8625840184912305
190.0,90.0,120.0,1.0521453410597945
190.0,90.0,130.0,1.1411665758176879
190.0,90.0,140.0,1.1874694018944947
190.0,90.0,150.0,1.173222893508948
190.0,90.0,160.0,1.1500760900474134
190.0,90.0,170.0,0.9203453326503225
190.0,90.0,180.0,0.8378912139879013
190.0,90.0,190.0,0.5772122988136175
190.0,90.0,200.0,0.47483726433437085
190.0,90.0,210.0,0.3025402072463945
190.0,90.0,220.0,0.23957257053950828
190.0,90.0,230.0,0.14113236628001244
190.0,90.0,240.0,0.06811020349158871
190.0,90.0,250.0,0.0
190.0,90.0,260.0,0.027501468720650665
190.0,90.0,270.0,0.0
190.0,90.0,280.0,0.05602070954912106
190.0,90.0,290.0,0.0
190.0,100.0,0.0,0.0
190.0,100.0,10.0,0.0
190.0,100.0,20.0,0.016914642890966558
190.0,100.0,30.0,0.00997910129037251
190.0,100.0,40.0,0.0
190.0,100.0,50.0,0.06659403866456724
190.0,100.0,60.0,0.11499103026853603
190.0,100.0,70.0,0.1767868040647398
190.0,100.0,80.0,0.33613743492598913
190.0,100.0,90.0,0.4466882269929505
190.0,100.0,100.0,0.5846435791146423
190.0,100.0,110.0,0.968377618267158
190.0,100.0,120.0,1.1579363974324717
190.0,100.0,130.0,1.1904912177160996
190.0,100.0,140.0,1.2467631544081095
190.0,100.0,150.0,1.298495453644947
190.0,100.0,160.0,1.2335626896920318
190.0,100.0,170.0,1.0527012100621038
190.0,100.0,180.0,0.9111434985655851
190.0,100.0,190.0,0.6680386489992143
190.0,100.0,200.0,0.42444151443323375
190.0,100.0,210.0,0.3556255353000851
190.0,100.0,220.0,0.27939684815609084
190.0,100.0,230.0,0.13944135120629456
190.0,100.0,240.0,0.0
190.0,100.0,250.0,0.08441960470521592
190.0,100.0,260.0,0.0
190.0,100.0,270.0,0.03068800550436141
190.0,100.0,280.0,0.032454976004925085
190.0,100.0,290.0,0.03633790068771167
190.0,110.0,0.0,0.01791247518677825
190.0,110.0,10.0,0.0
190.0,110.0,20.0,0.0008059137708118155
190.0,110.0,30.0,0.022681236257062393
190.0,110.0,40.0,0.0
190.0,110.0,50.0,0.018609486904896555
190.0,110.0,60.0,0.12461701916576019
190.0,110.0,70.0,0.1689379792349258
190.0,110.0,80.0,0.4717803216351818
190.0,110.0,90.0,0.43528695204126605
190.0,110.0,100.0,0.8164491350359689
190.0,110.0,110.0,0.9717760793967389
190.0,110.0,120.0,1.2155570321400044
190.0,110.0,130.0,1.3099079766161206
190.0,110.0,140.0,1.3278610064902643
190.0,110.0,150.0,1.2875293164488684
190.0,110.0,160.0,1.2993479947669635
190.0,110.0,170.0,1.08249522613528
190.0,110.0,180.0,0.9307422624131243
190.0,110.0,190.0,0.7004676702384722
190.0,110.0,200.0,0.4163879014521905
190.0,110.0,210.0,0.3604784250079158
190.0,110.0,220.0,0.27412182679212205
190.0,110.0,230.0,0.1725583563160922
190.0,110.0,240.0,0.09510932581353135
190.0,110.0,250.0,0.02294520486714657
190.0,110.0,260.0,0.011678543296522834
190.0,110.0,270.0,0.04310785417423528
190.0,110.0,280.0,0.0
190.0,110.0,290.0,0.03627377744735796
190.0,120.0,0.0,0.0
190.0,120.0,10.0,0.0
190.0,120.0,20.0,0.0
190.0,120.0,30.0,0.07449047677427498
190.0,120.0,40.0,0.08679163804143453
190.0,120.0,50.0,0.108141989212155
190.0,120.0,60.0,0.09550700020762834
190.0,120.0,70.0,0.2781566845508455
190.0,120.0,80.0,0.3665014737443494
190.0,120.0,90.0,0.4592732757921573
190.0,120.0,100.0,0.7517690779109305
190.0,120.0,110.0,1.0023731348513671
190.0,120.0,120.0,1.2653139487199154
190.0,120.0,130.0,1.3837952613612163
190.0,120.0,140.0,1.4149457730746322
190.0,120.0,150.0,1.3415341241782346
190.0,120.0,160.0,1.336894227377203
190.0,120.0,170.0,1.186531193015561
190.0,120.0,180.0,1.0463513122567416
190.0,120.0,190.0,0.6987303194245931
190.0,120.0,200.0,0.46835103124482996
190.0,120.0,210.0,0.279842397086373
190.0,120.0,220.0,0.3072751190874545
190.0,120.0,230.0,0.05733136356139154
190.0,120.0,240.0,0.09981693840180302
190.0,120.0,250.0,0.013669827225111703
190.0,120.0,260.0,0.0
190.0,120.0,270.0,0.0
190.0,120.0,280.0,0.04007306390000699
190.0,120.0,290.0,0.05063341826130572
190.0,130.0,0.0,0.02236429777117281
190.0,130.0,10.0,0.0
190.0,130.0,20.0,0.02103507302053629
190.0,130.0,30.0,0.06354799709933907
190.0,130.0,40.0,0.00806360260092847
190.0,130.0,50.0,0.11090191920050757
190.0,130.0,60.0,0.1614358015926786
190.0,130.0,70.0,0.2703284877286148
190.0,130.0,80.0,0.3846064398992915
190.0,130.0,90.0,0.5558664803199234
190.0,130.0,100.0,0.806081506465596
190.0,130.0,110.0,0.968700872379607
190.0,130.0,120.0,1.173801439831947
190.0,130.0,130.0,1.436664700200262
190.0,130.0,140.0,1.4614829578822244
190.0,130.0,150.0,1.5249513517464168
190.0,130.0,160.0,1.4169811486312311
190.0,130.0,170.0,1.1439741615527408
190.0,130.0,180.0,1.1067073241413008
190.0,130.0,190.0,0.7894485502075238
190.0,130.0,200.0,0.678389869953024
190.0,130.0,210.0,0.31057369134119733
190.0,130.0,220.0,0.33051061515284225
190.0,130.0,230.0,0.24118439125307817
190.0,130.0,240.0,0.0
190.0,130.0,250.0,0.048766290816031455
190.0,130.0,260.0,0.0
190.0,130.0,270.0,0.03484596946811981
190.0,130.0,280.0,0.0
190.0,130.0,290.0,0.07216818611289652
190.0,140.0,0.0,0.0031210209243942373
190.0,140.0,10.0,0.0
190.0,140.0,20.0,0.0
190.0,140.0,30.0,0.0
190.0,140.0,40.0,0.0895711570385363
190.0,140.0,50.0,0.08316838138748517
190.0,140.0,60.0,0.18899805772621314
190.0,140.0,70.0,0.24356783785679556
190.0,140.0,80.0,0.42519251579250367
190.0,140.0,90.0,0.5948631477027372
190.0,140.0,100.0,0.7250250358314482
190.0,140.0,110.0,1.0002886279310512
190.0,140.0,120.0,1.2573422190383798
190.0,140.0,130.0,1.423760308026901
190.0,140.0,140.0,1.5901433694344058
190.0,140.0,150.0,1.4787628227710845
190.0,140.0,160.0,1.4762230535646421
190.0,140.0,170.0,1.2353008038918805
190.0,140.0,180.0,1.0109746971533653
190.0,140.0,190.0,0.7408648719423689
190.0,140.0,200.0,0.5771282531593565
190.0,140.0,210.0,0.3907454411358779
190.0,140.0,220.0,0.2961064742788577
190.0,140.0,230.0,0.08117274715054953
190.0,140.0,240.0,0.15043790702206392
190.0,140.0,250.0,0.0495503496383376
190.0,140.0,260.0,0.042069682473787895
190.0,140.0,270.0,0.04669607208863564
190.0,140.0,280.0,0.0
190.0,140.0,290.0,0.037492352783614354
190.0,150.0,0.0,0.0
190.0,150.0,10.0,0.04433823950772401
190.0,150.0,20.0,0.0
190.0,150.0,30.0,0.058265254423973
190.0,150.0,40.0,0.06873471815320832
190.0,150.0,50.0,0.13856218755075686
190.0,150.0,60.0,0.28294537455794144
190.0,150.0,70.0,0.23469822215659808
190.0,150.0,80.0,0.3654092651561418
190.0,150.0,90.0,0.5128266828188732
190.0,150.0,100.0,0.7536385197771884
190.0,150.0,110.0,1.0653870262261222
190.0,150.0,120.0,1.2656223402698918
190.0,150.0,130.0,1.4010167496773407
190.0,150.0,140.0,1.4906203835635816
190.0,150.0,150.0,1.484465066271118
190.0,150.0,160.0,1.4039184914414853
190.0,150.0,170.0,1.1613075679387346
190.0,150.0,180.0,0.98440958194207
190.0,150.0,190.0,0.8104307171858365
190.0,150.0,200.0,0.5540091567743136
190.0,150.0,210.0,0.41338177203039744
190.0,150.0,220.0,0.3429768262587741
190.0,150.0,230.0,0.2238344336073666
190.0,150.0,240.0,0.08810004652507446
190.0,150.0,250.0,0.004436970936828474
190.0,150.0,260.0,0.004377309116283534
190.0,150.0,270.0,0.08622444982401087
190.0,150.0,280.0,0.0
190.0,150.0,290.0,0.058796553635248654
190.0,160.0,0.0,0.07569695326753922
190.0,160.0,10.0,0.0
190.0,160.0,20.0,0.0
190.0,160.0,30.0,0.0
190.0,160.0,40.0,0.0035757891687019164
190.0,160.0,50.0,0.10157022367755837
190.0,160.0,60.0,0.21483818344039343
190.0,160.0,70.0,0.2223778569268017
190.0,160.0,80.0,0.44412683242214135
190.0,160.0,90.0,0.539304898737584
190.0,160.0,100.0,0.7844259054939323
190.0,160.0,110.0,0.9686647597183513
190.0,160.0,120.0,1.1901789769443096
190.0,160.0,130.0,1.3999433185170325
190.0,160.0,140.0,1.3607745595660574
190.0,160.0,150.0,1.4946636622428153
190.0,160.0,160.0,1.336353521959663
190.0,160.0,170.0,1.2100591819047315
190.0,160.0,180.0,1.004432897124356
190.0,160.0,190.0,0.8178228944104557
190.0,160.0,200.0,0.5488613551817604
190.0,160.0,210.0,0.3017769064636468
190.0,160.0,220.0,0.1468780110445989
190.0,160.0,230.0,0.21939454762157118
190.0,160.0,240.0,0.07592366664862024
190.0,160.0,250.0,0.01911966035447453
190.0,160.0,260.0,0.0
190.0,160.0,270.0,0.0
190.0,160.0,280.0,0.0
190.0,160.0,290.0,0.06252350735361911
190.0,170.0,0.0,0.0
190.0,170.0,10.0,0.024607844107522522
190.0,170.0,20.0,0.0
190.0,170.0,30.0,0.0
190.0,170.0,40.0,0.026881624468807354
190.0,170.0,50.0,0.0
190.0,170.0,60.0,0.19369501972365122
190.0,170.0,70.0,0.2947008767253577
190.0,170.0,80.0,0.29612403565828105
190.0,170.0,90.0,0.5615977669083287
190.0,170.0,100.0,0.7054759387266244
190.0,170.0,110.0,0.9719713672935032
190.0,170.0,120.0,1.1626015252266892
190.0,170.0,130.0,1.4206552976920874
190.0,170.0,140.0,1.3958320151063173
190.0,170.0,150.0,1.4318594504204807
190.0,170.0,160.0,1.4162647364435992
190.0,170.0,170.0,1.254890295135072
190.0,170.0,180.0,0.9294383694967743
190.0,170.0,190.0,0.6729446422318224
190.0,170.0,200.0,0.5402923561401352
190.0,170.0,210.0,0.39521076218460705
190.0,170.0,220.0,0.26737522798282654
190.0,170.0,230.0,0.10626690584680437
190.0,170.0,240.0,0.09194573026273115
190.0,170.0,250.0,0.0
190.0,170.0,260.0,0.0
190.0,170.0,270.0,0.03746579861113375
190.0,170.0,280.0,0.0
190.0,170.0,290.0,0.022906485370858883
190.0,180.0,0.0,0.0
190.0,180.0,10.0,0.0
190.0,180.0,20.0,0.024344566615205412
190.0,180.0,30.0,0.02198861966906653
190.0,180.0,40.0,0.0
190.0,180.0,50.0,0.1440660793209786
190.0,180.0,60.0,0.06323006575488327
190.0,180.0,70.0,0.1877321722193515
190.0,180.0,80.0,0.30096096742698836
190.0,180.0,90.0,0.5374581989533901
190.0,180.0,100.0,0.7154440944515751
190.0,180.0,110.0,0.9219581120245129
190.0,180.0,120.0,1.1279447472444861
190.0,180.0,130.0,1.2483556197878138
190.0,180.0,140.0,1.344636117252456
190.0,180.0,150.0,1.3209859373112411
190.0,180.0,160.0,1.2580283732832678
190.0,180.0,170.0,1.182803387091064
190.0,180.0,180.0,0.9568036092808959
190.0,180.0,190.0,0.7624497903202456
190.0,180.0,200.0,0.5144645687300836
190.0,180.0,210.0,0.3253141888749791
190.0,180.0,220.0,0.2034551324922131
190.0,180.0,230.0,0.1458664017705835
190.0,180.0,240.0,0.03076218093166596
190.0,180.0,250.0,0.09334735542223979
190.0,180.0,260.0,0.009861848008708436
190.0,180.0,270.0,0.029549612397032656
190.0,180.0,280.0,0.09104775375333342
190.0,180.0,290.0,0.0
190.0,190.0,0.0,0.0
190.0,190.0,10.0,0.028941918139667122
190.0,190.0,20.0,0.0
190.0,190.0,30.0,0.03840251104988651
190.0,190.0,40.0,0.0
190.0,190.0,50.0,0.06954664581481551
190.0,190.0,60.0,0.12971415829091215
190.0,190.0,70.0,0.1990429047878475
190.0,190.0,80.0,0.3881775368297593
190.0,190.0,90.0,0.5468334234862791
190.0,190.0,100.0,0.6172621709924497
190.0,190.0,110.0,0.8768673586896716
190.0,190.0,120.0,0.9467491676582386
190.0,190.0,130.0,1.277376663329195
190.0,190.0,140.0,1.2435531449492643
190.0,190.0,150.0,1.2343753985952914
190.0,190.0,160.0,1.1813688698226188
190.0,190.0,170.0,1.0371538177207607
190.0,190.0,180.0,0.9051695141287033
190.0,190.0,190.0,0.6954747830339052
190.0,190.0,200.0,0.54079916914902
190.0,190.0,210.0,0.4128692343416905
190.0,190.0,220.0,0.12189209578133735
190.0,190.0,230.0,0.06211027425442529
190.0,190.0,240.0,0.0
190.0,190.0,250.0,0.0
190.0,190.0,260.0,0.025754376262567998
190.0,190.0,270.0,0.0
190.0,190.0,280.0,0.0
190.0,190.0,290.0,0.10585588916489481
190.0,200.0,0.0,0.08043534653512113
190.0,200.0,10.0,0.0
190.0,200.0,20.0,0.0
190.0,200.0,30.0,0.05498487058210483
190.0,200.0,40.0,0.0035842783687284885
190.0,200.0,50.0,0.03576343645684631
190.0,200.0,60.0,0.12948681552483615
190.0,200.0,70.0,0.13844571225505106
190.0,200.0,80.0,0.2679214970148894
190.0,200.0,90.0,0.4637021101164775
190.0,200.0,100.0,0.6811574009534926
190.0,200.0,110.0,0.8438682733789687
190.0,200.0,120.0,1.0417319699000172
190.0,200.0,130.0,1.1893034730607837
190.0,200.0,140.0,1.1029864285796909
190.0,200.0,150.0,1.2287758155847501
190.0,200.0,160.0,1.072592612120914
190.0,200.0,170.0,0.8909898788897043
190.0,200.0,180.0,0.9216035208863432
190.0,200.0,190.0,0.6668978010820227
190.0,200.0,200.0,0.46183683621139304
190.0,200.0,210.0,0.36726092327341836
190.0,200.0,220.0,0.18833647604225096
190.0,200.0,230.0,0.07915270704511147
190.0,200.0,240.0,0.08590702181046045
190.0,200.0,250.0,0.007148242667586388
190.0,200.0,260.0,0.0
190.0,200.0,270.0,0.023191022826931935
190.0,200.0,280.0,0.0
190.0,200.0,290.0,0.042055920140456525
190.0,210.0,0.0,0.0
190.0,210.0,10.0,0.0
190.0,210.0,20.0,0.056227843035664374
190.0,210.0,30.0,0.0
190.0,210.0,40.0,0.0
190.0,210.0,50.0,0.03135185291123897
190.0,210.0,60.0,0.07733461625494906
190.0,210.0,70.0,0.20744966589577984
190.0,210.0,80.0,0.2674703733146823
190.0,210.0,90.0,0.3841065163583707
190.0,210.0,100.0,0.5679664154071099
190.0,210.0,110.0,0.7681616806847342
190.0,210.0,120.0,0.8669813101371059
190.0,210.0,130.0,1.0420264284996423
190.0,210.0,140.0,1.0998520733403947
190.0,210.0,150.0,1.031275208590268
190.0,210.0,160.0,1.1025260775011334
190.0,210.0,170.0,0.8754453460564128
190.0,210.0,180.0,0.6944196801372443
190.0,210.0,190.0,0.5692489843587013
190.0,210.0,200.0,0.445853610457309
190.0,210.0,210.0,0.2738460927606165
190.0,210.0,220.0,0.15727498708002183
190.0,210.0,230.0,0.13206506357060524
190.0,210.0,240.0,0.019932978217581512
190.0,210.0,250.0,0.013089715211690021
190.0,210.0,260.0,0.06856902362832082
190.0,210.0,270.0,0.002862799215377067
190.0,210.0,280.0,0.0
190.0,210.0,290.0,0.04917081982441003
190.0,220.0,0.0,0.024366423418095473
190.0,220.0,10.0,0.02747142953909516
190.0,220.0,20.0,0.03189679603967308
190.0,220.0,30.0,0.04116525107014491
190.0,220.0,40.0,0.04290997544201239
190.0,220.0,50.0,0.031029911937794103
190.0,220.0,60.0,0.014998100076400747
190.0,220.0,70.0,0.20168479403202028
190.0,220.0,80.0,0.24838018244382143
190.0,220.0,90.0,0.41627567307916336
190.0,220.0,100.0,0.5412439104931789
190.0,220.0,110.0,0.5833743492369265
190.0,220.0,120.0,0.7985668684544274
190.0,220.0,130.0,0.9271899933624551
190.0,220.0,140.0,1.0046702689428646
190.0,220.0,150.0,0.9328852510403681
190.0,220.0,160.0,0.953421831454176
190.0,220.0,170.0,0.7885755416265683
190.0,220.0,180.0,0.716128572474627
190.0,220.0,190.0,0.5579229474006647
190.0,220.0,200.0,0.42644576287231206
190.0,220.0,210.0,0.26632377852372724
190.0,220.0,220.0,0.19210448449759643
190.0,220.0,230.0,0.091944431958461
190.0,220.0,240.0,0.009963969113252757
190.0,220.0,250.0,0.08303331442646618
190.0,220.0,260.0,0.05118315531154003
190.0,220.0,270.0,0.020606189592272544
190.0,220.0,280.0,0.0036998514477554366
190.0,220.0,290.0,6.648817441827362e-05
190.0,230.0,0.0,0.0
190.0,230.0,10.0,0.011742503519481858
190.0,230.0,20.0,0.0
190.0,230.0,30.0,0.03226962027626909
190.0,230.0,40.0,0.10290565444557155
190.0,230.0,50.0,0.0
190.0,230.0,60.0,0.1014898973021005
190.0,230.0,70.0,0.14690501863516944
190.0,230.0,80.0,0.25819886582396434
190.0,230.0,90.0,0.38754715521046273
190.0,230.0,100.0,0.5033270605380809
190.0,230.0,110.0,0.5450589455757278
190.0,230.0,120.0,0.6423310381660629
190.0,230.0,130.0,0.772147884566691
190.0,230.0,140.0,0.932746325143337
190.0,230.0,150.0,0.8627791819591546
190.0,230.0,160.0,0.8808216096095605
190.0,230.0,170.0,0.6280469061870133
190.0,230.0,180.0,0.581060876827895
190.0,230.0,190.0,0.47301399764821395
190.0,230.0,200.0,0.2959966077025576
190.0,230.0,210.0,0.28968736583886934
190.0,230.0,220.0,0.13656075118748048
190.0,230.0,230.0,0.003984630772117928
190.0,230.0,240.0,0.0049273905860666364
190.0,230.0,250.0,0.0
190.0,230.0,260.0,0.0471940530764406
190.0,230.0,270.0,0.015412278673310749
190.0,230.0,280.0,0.02746884616249998
190.0,230.0,290.0,0.0
190.0,240.0,0.0,0.0
190.0,240.0,10.0,0.021178500629725316
190.0,240.0,20.0,0.03075784967250837
190.0,240.0,30.0,0.005441199352615784
190.0,240.0,40.0,0.02629629148306758
190.0,240.0,50.0,0.060701417248194015
190.0,240.0,60.0,0.09520241234734853
190.0,240.0,70.0,0.17025859608181504
190.0,240.0,80.0,0.19590459158584866
190.0,240.0,90.0,0.3648007555736828
190.0,240.0,100.0,0.3922621919040801
190.0,240.0,110.0,0.4622068578256123
190.0,240.0,120.0,0.6465653480160782
190.0,240.0,130.0,0.6939438517877808
190.0,240.0,140.0,0.7902394967425215
190.0,240.0,150.0,0.6860918644215389
190.0,240.0,160.0,0.5576849561520395
190.0,240.0,170.0,0.5785663799808078
190.0,240.0,180.0,0.5959785689290081
190.0,240.0,190.0,0.48165400774075323
190.0,240.0,200.0,0.23009226754062284
190.0,240.0,210.0,0.17360115753323413
190.0,240.0,220.0,0.07914287192663011
190.0,240.0,230.0,0.06889316573301754
190.0,240.0,240.0,0.09902906045254484
190.0,240.0,250.0,0.008156889366333863
190.0,240.0,260.0,0.06345097607425197
190.0,240.0,270.0,0.003132654448272009
190.0,240.0,280.0,0.0
190.0,240.0,290.0,0.013574894152622436
190.0,250.0,0.0,0.00038814778134450953
190.0,250.0,10.0,0.0
190.0,250.0,20.0,0.042099489767544046
190.0,250.0,30.0,0.013880861938577349
190.0,250.0,40.0,0.0
190.0,250.0,50.0,0.06544037024836945
190.0,250.0,60.0,0.08767408791942087
190.0,250.0,70.0,0.08193552438770173
190.0,250.0,80.0,0.17613644302992645
190.0,250.0,90.0,0.1903967380998178
190.0,250.0,100.0,0.3179788534795526
190.0,250.0,110.0,0.3888852923119409
190.0,250.0,120.0,0.5421041852563829
190.0,250.0,130.0,0.6109874286026694
190.0,250.0,140.0,0.6569905493730159
190.0,250.0,150.0,0.7153799817840533
190.0,250.0,160.0,0.6268719023339077
190.0,250.0,170.0,0.5136370340036376
190.0,250.0,180.0,0.4364963457880883
190.0,250.0,190.0,0.36009476018852515
190.0,250.0,200.0,0.24778670707840578
190.0,250.0,210.0,0.21955198114874844
190.0,250.0,220.0,0.03516916230469848
190.0,250.0,230.0,0.014361807060437472
190.0,250.0,240.0,0.009264306310352827
190.0,250.0,250.0,0.05185573433620548
190.0,250.0,260.0,0.0
190.0,250.0,270.0,0.061179592847332716
190.0,250.0,280.0,0.0
190.0,250.0,290.0,0.0
190.0,260.0,0.0,0.0110648071836273
190.0,260.0,10.0,0.0
190.0,260.0,20.0,0.0
190.0,260.0,30.0,0.0257479949044813
190.0,260.0,40.0,0.025108696701861548
190.0,260.0,50.0,0.0014845199319451705
190.0,260.0,60.0,0.08113797629600795
190.0,260.0,70.0,0.13095360537781403
190.0,260.0,80.0,0.0880209851366277
190.0,260.0,90.0,0.12508192087005846
190.0,260.0,100.0,0.2948898684739827
190.0,260.0,110.0,0.3471368279541012
190.0,260.0,120.0,0.5420586801514629
190.0,260.0,130.0,0.6362500409521232
190.0,260.0,140.0,0.489556251888196
190.0,260.0,150.0,0.6386682480811087
190.0,260.0,160.0,0.5823733380535805
190.0,260.0,170.0,0.5028587330506147
190.0,260.0,180.0,0.36069472220495813
190.0,260.0,190.0,0.33566099924504894
190.0,260.0,200.0,0.16656160425725777
190.0,260.0,210.0,0.15023463150306596
190.0,260.0,220.0,0.11676837141060452
190.0,260.0,230.0,0.07340862855562533
190.0,260.0,240.0,0.06740431917078399
190.0,260.0,250.0,0.014609072938856106
190.0,260.0,260.0,0.0
190.0,260.0,270.0,0.10042618704296455
190.0,260.0,280.0,0.0446386157853309
190.0,260.0,290.0,0.04148844458253287
190.0,270.0,0.0,0.0
190.0,270.0,10.0,0.0
190.0,270.0,20.0,0.0
190.0,270.0,30.0,0.0
190.0,270.0,40.0,0.0
190.0,270.0,50.0,0.04102354450470144
190.0,270.0,60.0,0.048422417249741855
190.0,270.0,70.0,0.07899382495818481
190.0,270.0,80.0,0.13538836721923408
190.0,270.0,90.0,0.05466307928585892
190.0,270.0,100.0,0.19724533325894922
190.0,270.0,110.0,0.3283721665763575
190.0,270.0,120.0,0.2769248792930174
190.0,270.0,130.0,0.5088901764754205
190.0,270.0,140.0,0.4287362537255392
190.0,270.0,150.0,0.4342211165398717
190.0,270.0,160.0,0.38429549776924166
190.0,270.0,170.0,0.4357300471189249
190.0,270.0,180.0,0.38077328106400493
190.0,270.0,190.0,0.22725702281239699
190.0,270.0,200.0,0.24855789250508772
190.0,270.0,210.0,0.17512405596985842
190.0,270.0,220.0,0.17730166696575878
190.0,270.0,230.0,0.0
190.0,270.0,240.0,0.0311258314730095
190.0,270.0,250.0,0.00398080435477945
190.0,270.0,260.0,0.005315391689601592
190.0,270.0,270.0,0.01594483533888205
190.0,270.0,280.0,0.02476083789652042
190.0,270.0,290.0,0.038538924604110465
190.0,280.0,0.0,0.0
190.0,280.0,10.0,0.0
190.0,280.0,20.0,0.0
190.0,280.0,30.0,0.0
190.0,280.0,40.0,0.005071413968560668
190.0,280.0,50.0,0.05612288033000065
190.0,280.0,60.0,0.05173225379366923
190.0,280.0,70.0,0.045156146293004545
190.0,280.0,80.0,0.12816488143575733
190.0,280.0,90.0,0.2635322324435727
190.0,280.0,100.0,0.18471835839348988
190.0,280.0,110.0,0.2771344850820595
190.0,280.0,120.0,0.3407469588473684
190.0,280.0,130.0,0.4403067305757139
190.0,280.0,140.0,0.3992297389337649
190.0,280.0,150.0,0.39232264804175965
190.0,280.0,160.0,0.31632387206856744
190.0,280.0,170.0,0.29250233773342543
190.0,280.0,180.0,0.14867928269345332
190.0,280.0,190.0,0.24514121724130716
190.0,280.0,200.0,0.19203785368824444
190.0,280.0,210.0,0.11860923612941733
190.0,280.0,220.0,0.011831626074815638
190.0,280.0,230.0,0.03776818295073041
190.0,280.0,240.0,0.0
190.0,280.0,250.0,0.06703730496341474
190.0,280.0,260.0,0.0006522246625883929
190.0,280.0,270.0,0.0
190.0,280.0,280.0,0.08190877972112166
190.0,280.0,290.0,0.12355511284209839
190.0,290.0,0.0,0.00692026560495973
190.0,290.0,10.0,0.0
190.0,290.0,20.0,0.0042594453831953216
190.0,290.0,30.0,0.038905447537250844
190.0,290.0,40.0,0.03092561500793955
190.0,290.0,50.0,0.05233156560936769
190.0,290.0,60.0,0.011583823118996351
190.0,290.0,70.0,0.09021730025239683
190.0,290.0,80.0,0.11939076594848166
190.0,290.0,90.0,0.15640650916516566
190.0,290.0,100.0,0.14533845161843803
190.0,290.0,110.0,0.21153786648429387
190.0,290.0,120.0,0.15191367203945846
190.0,290.0,130.0,0.34051903905041064
190.0,290.0,140.0,0.3051447724738577
190.0,290.0,150.0,0.2794121666903523
190.0,290.0,160.0,0.3000302045029254
190.0,290.0,170.0,0.29817672895380287
190.0,290.0,180.0,0.07939029108570583
190.0,290.0,190.0,0.1918523891952658
190.0,290.0,200.0,0.25371740587055924
190.0,290.0,210.0,0.026892721006761676
190.0,290.0,220.0,0.056926420333394796
190.0,290.0,230.0,0.0
190.0,290.0,240.0,0.047360052765628546
190.0,290.0,250.0,0.047389378324328366
190.0,290.0,260.0,0.0
190.0,290.0,270.0,0.0
190.0,290.0,280.0,0.055321354551016756
190.0,290.0,290.0,0.0
200.0,0.0,0.0,0.006847265630855503
200.0,0.0,10.0,0.0
200.0,0.0,20.0,0.020192571503590506
200.0,0.0,30.0,0.046985665964323124
200.0,0.0,40.0,0.0
200.0,0.0,50.0,0.0
200.0,0.0,60.0,0.005087955185426703
200.0,0.0,70.0,0.09605686301964747
200.0,0.0,80.0,0.0951022330004278
200.0,0.0,90.0,0.21910444154027364
200.0,0.0,100.0,0.14668232984469562
200.0,0.0,110.0,0.2279362274982082
200.0,0.0,120.0,0.11783326849732666
200.0,0.0,130.0,0.3074730120082648
200.0,0.0,140.0,0.2598615383570708
200.0,0.0,150.0,0.3190696190877586
200.0,0.0,160.0,0.18511343241266656
200.0,0.0,170.0,0.1878720218788137
200.0,0.0,180.0,0.1943654256876511
200.0,0.0,190.0,0.07663298777984792
200.0,0.0,200.0,0.1107302836925474
200.0,0.0,210.0,0.0750704296967112
200.0,0.0,220.0,0.04469994250519703
200.0,0.0,230.0,0.0
200.0,0.0,240.0,0.0
200.0,0.0,250.0,0.016464744683494542
200.0,0.0,260.0,0.0
200.0,0.0,270.0,0.0
200.0,0.0,280.0,0.0
200.0,0.0,290.0,0.0
200.0,10.0,0.0,0.0058003006401266596
200.0,10.0,10.0,0.0
200.0,10.0,20.0,0.0
200.0,10.0,30.0,0.0
200.0,10.0,40.0,0.0
200.0,10.0,50.0,0.015013053698342948
200.0,10.0,60.0,0.054447780114800705
200.0,10.0,70.0,0.11697400602741576
200.0,10.0,80.0,0.0317163360472677
200.0,10.0,90.0,0.07171944689606145
200.0,10.0,100.0,0.20346109499084267
200.0,10.0,110.0,0.3353446284942584
200.0,10.0,120.0,0.27209806489381605
200.0,10.0,130.0,0.3522094448515027
200.0,10.0,140.0,0.3446192721164907
200.0,10.0,150.0,0.31629922094618196
200.0,10.0,160.0,0.2907336771009291
200.0,10.0,170.0,0.27900297947178493
200.0,10.0,180.0,0.24005448510973487
200.0,10.0,190.0,0.1644720817415587
200.0,10.0,200.0,0.21178833738384956
200.0,10.0,210.0,0.13721970239109083
200.0,10.0,220.0,0.005287989492459032
200.0,10.0,230.0,0.06621755858518644
200.0,10.0,240.0,0.0
200.0,10.0,250.0,0.0946561749768938
200.0,10.0,260.0,0.0
200.0,10.0,270.0,0.0
200.0,10.0,280.0,0.08219485621617703
200.0,10.0,290.0,0.0
200.0,20.0,0.0,0.06579190026052188
200.0,20.0,10.0,0.021513225758736737
200.0,20.0,20.0,0.047709224116500616
200.0,20.0,30.0,0.007203741206313385
200.0,20.0,40.0,0.074228535527377
200.0,20.0,50.0,0.007886635312394799
200.0,20.0,60.0,0.049533683605468684
200.0,20.0,70.0,0.08807951116555107
200.0,20.0,80.0,0.2003236525012288
200.0,20.0,90.0,0.11559592680403796
200.0,20.0,100.0,0.23124410454697905
200.0,20.0,110.0,0.24699808227513764
200.0,20.0,120.0,0.2617747664471837
200.0,20.0,130.0,0.3595770768168618
200.0,20.0,140.0,0.2891156071649127
200.0,20.0,150.0,0.3836445544509101
200.0,20.0,160.0,0.47624647483324256
200.0,20.0,170.0,0.32853060767090103
200.0,20.0,180.0,0.21733375601484167
200.0,20.0,190.0,0.2631310756102928
200.0,20.0,200.0,0.2209041150102692
200.0,20.0,210.0,0.1520232632053976
200.0,20.0,220.0,0.0596334851016921
200.0,20.0,230.0,0.04489527259716371
200.0,20.0,240.0,0.06544914877757009
200.0,20.0,250.0,0.0
200.0,20.0,260.0,0.0
200.0,20.0,270.0,0.033351795068843115
200.0,20.0,280.0,0.0
200.0,20.0,290.0,0.0
200.0,30.0,0.0,0.0
200.0,30.0,10.0,0.002663717948739494
200.0,30.0,20.0,0.030150636946179008
200.0,30.0,30.0,0.0
200.0,30.0,40.0,0.0
200.0,30.0,50.0,0.045495331500139805
200.0,30.0,60.0,0.03148843544636928
200.0,30.0,70.0,0.07707570577874745
200.0,30.0,80.0,0.0879404508535481
200.0,30.0,90.0,0.1468435002462674
200.0,30.0,100.0,0.2516749622475797
200.0,30.0,110.0,0.2827872219042742
200.0,30.0,120.0,0.35325521418493094
200.0,30.0,130.0,0.3976240663437045
200.0,30.0,140.0,0.35532101253294074
200.0,30.0,150.0,0.4614793231735021
200.0,30.0,160.0,0.46563169403299587
200.0,30.0,170.0,0.413143461421596
200.0,30.0,180.0,0.3121925320360978
200.0,30.0,190.0,0.26063472462868376
200.0,30.0,200.0,0.2054063694247735
200.0,30.0,210.0,0.1775713009396125
200.0,30.0,220.0,0.07934696389945316
200.0,30.0,230.0,0.10616257760489542
200.0,30.0,240.0,0.0365416887746576
200.0,30.0,250.0,0.029480884297499056
200.0,30.0,260.0,0.0
200.0,30.0,270.0,0.05847191741132273
200.0,30.0,280.0,0.0
200.0,30.0,290.0,0.015185307760860165
200.0,40.0,0.0,0.07683209051165964
200.0,40.0,10.0,0.007617016510246219
200.0,40.0,20.0,0.0
200.0,40.0,30.0,0.07974795786015541
200.0,40.0,40.0,0.0
200.0,40.0,50.0,0.0681291133323746
200.0,40.0,60.0,0.13461871282992605
200.0,40.0,70.0,0.10502166363878451
200.0,40.0,80.0,0.14227411578891916
200.0,40.0,90.0,0.2595406242730729
200.0,40.0,100.0,0.4051108540000591
200.0,40.0,110.0,0.397197293141603
200.0,40.0,120.0,0.46912294087609263
200.0,40.0,130.0,0.527717238176089
200.0,40.0,140.0,0.5727975580347386
200.0,40.0,150.0,0.5469736260353717
200.0,40.0,160.0,0.511707335734449
200.0,40.0,170.0,0.45366157260176504
200.0,40.0,180.0,0.3298801775037299
200.0,40.0,190.0,0.2948628033993538
200.0,40.0,200.0,0.1800201781298876
200.0,40.0,210.0,0.11797872614206444
200.0,40.0,220.0,0.053890589538616196
200.0,40.0,230.0,0.0022878584683660996
200.0,40.0,240.0,0.04444147850773823
200.0,40.0,250.0,0.0
200.0,40.0,260.0,0.0
200.0,40.0,270.0,0.0
200.0,40.0,280.0,0.0
200.0,40.0,290.0,0.03996661419457182
200.0,50.0,0.0,0.0651032380215396
200.0,50.0,10.0,0.0
200.0,50.0,20.0,0.007292200560314963
200.0,50.0,30.0,0.0014801850519561375
200.0,50.0,40.0,0.04448424146903404
200.0,50.0,50.0,0.0
200.0,50.0,60.0,0.13516848874984655
200.0,50.0,70.0,0.0
200.0,50.0,80.0,0.13528854503511445
200.0,50.0,90.0,0.2654951092024334
200.0,50.0,100.0,0.3715554731378804
200.0,50.0,110.0,0.37223592999828375
200.0,50.0,120.0,0.5593593777329449
200.0,50.0,130.0,0.6085727366329194
200.0,50.0,140.0,0.5855347881194194
200.0,50.0,150.0,0.6081826056173266
200.0,50.0,160.0,0.5610399556437934
200.0,50.0,170.0,0.5547289609824341
200.0,50.0,180.0,0.48197502186913865
200.0,50.0,190.0,0.40008104587487187
200.0,50.0,200.0,0.27340988291065327
200.0,50.0,210.0,0.16931213684869192
200.0,50.0,220.0,0.12914211589718474
200.0,50.0,230.0,0.14608982769571388
200.0,50.0,240.0,0.0
200.0,50.0,250.0,0.08622808537182337
200.0,50.0,260.0,0.08987646080406403
200.0,50.0,270.0,0.03525479666510261
200.0,50.0,280.0,0.0
200.0,50.0,290.0,0.0
200.0,60.0,0.0,0.0
200.0,60.0,10.0,0.0
200.0,60.0,20.0,0.05395990624104341
200.0,60.0,30.0,0.0
200.0,60.0,40.0,0.031340100940430424
200.0,60.0,50.0,0.061178128779341215
200.0,60.0,60.0,0.06018901333273635
200.0,60.0,70.0,0.08788090451611685
200.0,60.0,80.0,0.15747218500392157
200.0,60.0,90.0,0.30047045613178386
200.0,60.0,100.0,0.39534424480714514
200.0,60.0,110.0,0.49820959202808274
200.0,60.0,120.0,0.6097933162037938
200.0,60.0,130.0,0.798208696333568
200.0,60.0,140.0,0.8217018100500384
200.0,60.0,150.0,0.7560742700951085
200.0,60.0,160.0,0.7799709693882491
200.0,60.0,170.0,0.6047092854113078
200.0,60.0,180.0,0.4991688082701836
200.0,60.0,190.0,0.3474670850884056
200.0,60.0,200.0,0.2960192873101704
200.0,60.0,210.0,0.20113904779245284
200.0,60.0,220.0,0.08132449839011485
200.0,60.0,230.0,0.0953237755575427
200.0,60.0,240.0,0.00914864363425811
200.0,60.0,250.0,0.05321768856829745
200.0,60.0,260.0,0.07209508946987767
200.0,60.0,270.0,0.09297728443360177
200.0,60.0,280.0,0.012483220039092552
200.0,60.0,290.0,0.015613546401148847
200.0,70.0,0.0,0.0
200.0,70.0,10.0,0.004830099063797083
200.0,70.0,20.0,0.0009311209494486305
200.0,70.0,30.0,0.0015706270937499434
200.0,70.0,40.0,0.0274651543691867
200.0,70.0,50.0,0.060916226009925384
200.0,70.0,60.0,0.0
200.0,70.0,70.0,0.21223366780540984
200.0,70.0,80.0,0.16940410896522315
200.0,70.0,90.0,0.29833396145322905
200.0,70.0,100.0,0.4100674349547413
200.0,70.0,110.0,0.5943496875409604
200.0,70.0,120.0,0.6454483394405486
200.0,70.0,130.0,0.7887895337391129
200.0,70.0,140.0,0.8794849516737201
200.0,70.0,150.0,0.8404215092953166
200.0,70.0,160.0,0.8415735963534364
200.0,70.0,170.0,0.6867223796031893
200.0,70.0,180.0,0.6235817098491598
200.0,70.0,190.0,0.42581752495993536
200.0,70.0,200.0,0.2972638268487376
200.0,70.0,210.0,0.16111215442045157
200.0,70.0,220.0,0.13620939707235305
200.0,70.0,230.0,0.053080390812522575
200.0,70.0,240.0,0.05917175664162824
200.0,70.0,250.0,0.08957830996775948
200.0,70.0,260.0,0.0
200.0,70.0,270.0,0.12807419711259505
200.0,70.0,280.0,0.0
200.0,70.0,290.0,0.0
200.0,80.0,0.0,0.0
200.0,80.0,10.0,0.0
200.0,80.0,20.0,0.055371330586950276
200.0,80.0,30.0,0.07065094833130094
200.0,80.0,40.0,0.015304468964348299
200.0,80.0,50.0,0.0
200.0,80.0,60.0,0.1129017983585622
200.0,80.0,70.0,0.09184335671795177
200.0,80.0,80.0,0.2020876921253439
200.0,80.0,90.0,0.3442552889350192
200.0,80.0,100.0,0.5180774214989683
200.0,80.0,110.0,0.6188812033053083
200.0,80.0,120.0,0.7222773634057205
200.0,80.0,130.0,0.9343439196724996
200.0,80.0,140.0,0.9468803494841652
200.0,80.0,150.0,0.896940376384012
200.0,80.0,160.0,0.8202794843616625
200.0,80.0,170.0,0.7431009081261344
200.0,80.0,180.0,0.5786089181886785
200.0,80.0,190.0,0.57287285510566
200.0,80.0,200.0,0.34215409321078694
200.0,80.0,210.0,0.23568770664922958
200.0,80.0,220.0,0.13163595977508472
200.0,80.0,230.0,0.15722831918862462
200.0,80.0,240.0,0.04837247897754657
200.0,80.0,250.0,0.0
200.0,80.0,260.0,0.010248153269604092
200.0,80.0,270.0,0.023229332460583896
200.0,80.0,280.0,0.0
200.0,80.0,290.0,0.0767108164896805
200.0,90.0,0.0,0.0
200.0,90.0,10.0,0.0
200.0,90.0,20.0,0.03811855198497747
200.0,90.0,30.0,0.08755430719004073
200.0,90.0,40.0,0.061202502547820545
200.0,90.0,50.0,0.08714910495001497
200.0,90.0,60.0,0.0926628814688126
200.0,90.0,70.0,0.1672904822600542
200.0,90.0,80.0,0.34780361827154616
200.0,90.0,90.0,0.33261657134962497
200.0,90.0,100.0,0.5319322388392488
200.0,90.0,110.0,0.6232149343108003
200.0,90.0,120.0,0.7251410106958736
200.0,90.0,130.0,0.9022874519752334
200.0,90.0,140.0,1.0568913490646048
200.0,90.0,150.0,1.0661199923809375
200.0,90.0,160.0,1.0128311493320792
200.0,90.0,170.0,0.9187638534837557
200.0,90.0,180.0,0.7339187780219741
200.0,90.0,190.0,0.6236240009483908
200.0,90.0,200.0,0.44786728559414485
200.0,90.0,210.0,0.2994107793277995
200.0,90.0,220.0,0.20153500584523357
200.0,90.0,230.0,0.1036491545173253
200.0,90.0,240.0,0.12084181575726094
200.0,90.0,250.0,0.0
200.0,90.0,260.0,0.0
200.0,90.0,270.0,0.05693622388441857
200.0,90.0,280.0,0.01701503308477429
200.0,90.0,290.0,0.058993636790909194
200.0,100.0,0.0,0.0013665672417889183
200.0,100.0,10.0,0.03702376167651397
200.0,100.0,20.0,0.0
200.0,100.0,30.0,0.10198274292743824
200.0,100.0,40.0,0.03307700047552762
200.0,100.0,50.0,0.02108550394896546
200.0,100.0,60.0,0.0846230591873944
200.0,100.0,70.0,0.14703032289803122
200.0,100.0,80.0,0.25328513108858564
200.0,100.0,90.0,0.49294625548024246
200.0,100.0,100.0,0.5901995590508715
200.0,100.0,110.0,0.8260067964640958
200.0,100.0,120.0,0.9434202769331654
200.0,100.0,130.0,1.004738854422935
200.0,100.0,140.0,1.1186272116893972
200.0,100.0,150.0,1.1571209268015339
200.0,100.0,160.0,1.077017956289215
200.0,100.0,170.0,0.9139031627866853
200.0,100.0,180.0,0.7516663624475408
200.0,100.0,190.0,0.516243729349734
200.0,100.0,200.0,0.5131190041793351
200.0,100.0,210.0,0.318686755645884
200.0,100.0,220.0,0.2149113416071699
200.0,100.0,230.0,0.18621994853055737
200.0,100.0,240.0,0.0850737775625562
200.0,100.0,250.0,0.0
200.0,100.0,260.0,0.04391599685302527
200.0,100.0,270.0,0.0
200.0,100.0,280.0,0.0
200.0,100.0,290.0,0.0
200.0,110.0,0.0,0.0
200.0,110.0,10.0,0.0
200.0,110.0,20.0,0.025058053303068602
200.0,110.0,30.0,0.0
200.0,110.0,40.0,0.07537878778715332
200.0,110.0,50.0,0.05083787261060084
200.0,110.0,60.0,0.11191921549596841
200.0,110.0,70.0,0.1741044428488076
200.0,110.0,80.0,0.2368740311655732
200.0,110.0,90.0,0.5357973197794056
200.0,110.0,100.0,0.5627256009889826
200.0,110.0,110.0,0.8182818839456326
200.0,110.0,120.0,0.9460119365359206
200.0,110.0,130.0,1.1570437852713018
200.0,110.0,140.0,1.153933685667596
200.0,110.0,150.0,1.078997944237312
200.0,110.0,160.0,1.1079772415134006
200.0,110.0,170.0,0.9354004778739169
200.0,110.0,180.0,0.7688933556139536
200.0,110.0,190.0,0.6352898428474656
200.0,110.0,200.0,0.46889912743637346
200.0,110.0,210.0,0.332111432473131
200.0,110.0,220.0,0.28284203494678845
200.0,110.0,230.0,0.15573569429665818
200.0,110.0,240.0,0.05492164660211133
200.0,110.0,250.0,0.022580666135072733
200.0,110.0,260.0,0.002476117231921024
200.0,110.0,270.0,0.0
200.0,110.0,280.0,0.0
200.0,110.0,290.0,0.0001235983390473008
200.0,120.0,0.0,0.0
200.0,120.0,10.0,0.05520714480433401
200.0,120.0,20.0,0.0005681704126066587
200.0,120.0,30.0,0.10265599853004927
200.0,120.0,40.0,0.04506324626978043
200.0,120.0,50.0,0.02888245097286439
200.0,120.0,60.0,0.05974571253341013
200.0,120.0,70.0,0.25318988948745824
200.0,120.0,80.0,0.3865366706329717
200.0,120.0,90.0,0.5143098385041334
200.0,120.0,100.0,0.7346649591151749
200.0,120.0,110.0,0.9762186407893664
200.0,120.0,120.0,1.0816791295815849
200.0,120.0,130.0,1.0693509966605432
200.0,120.0,140.0,1.2064553313054929
200.0,120.0,150.0,1.2208398676692729
200.0,120.0,160.0,1.0831305011280299
200.0,120.0,170.0,1.0476645866427607
200.0,120.0,180.0,0.8984702082625561
200.0,120.0,190.0,0.6820407499297643
200.0,120.0,200.0,0.34642867582724746
200.0,120.0,210.0,0.34866325689210964
200.0,120.0,220.0,0.22010043560702405
200.0,120.0,230.0,0.1546115400828224
200.0,120.0,240.0,0.0656693336262214
200.0,120.0,250.0,0.0652536705867944
200.0,120.0,260.0,0.06527489404282466
200.0,120.0,270.0,0.013052577055196838
200.0,120.0,280.0,0.0
200.0,120.0,290.0,0.0
200.0,130.0,0.0,0.0
200.0,130.0,10.0,0.033411757140747865
200.0,130.0,20.0,0.03171851916213195
200.0,130.0,30.0,0.08608731746099993
200.0,130.0,40.0,0.10676887997359699
200.0,130.0,50.0,0.057019493674286895
200.0,130.0,60.0,0.13958839258196995
200.0,130.0,70.0,0.18659707316517998
200.0,130.0,80.0,0.34124096880433674
200.0,130.0,90.0,0.56745144375197
200.0,130.0,100.0,0.7450517710827729
200.0,130.0,110.0,0.7697544901412027
200.0,130.0,120.0,1.0556066561179605
200.0,130.0,130.0,1.160087433383137
200.0,130.0,140.0,1.250054729134482
200.0,130.0,150.0,1.264538636862886
200.0,130.0,160.0,1.2239491177061403
200.0,130.0,170.0,0.9915220555185129
200.0,130.0,180.0,0.8212222968917169
200.0,130.0,190.0,0.7130617117430254
200.0,130.0,200.0,0.5457312407534416
200.0,130.0,210.0,0.33224504724089515
200.0,130.0,220.0,0.27032847451414205
200.0,130.0,230.0,0.1713993299186314
200.0,130.0,240.0,0.11186889312459641
200.0,130.0,250.0,0.09090859422169667
200.0,130.0,260.0,0.0
200.0,130.0,270.0,0.0
200.0,130.0,280.0,0.06401654359639164
200.0,130.0,290.0,0.0
200.0,140.0,0.0,0.0
200.0,140.0,10.0,0.014311491961425917
200.0,140.0,20.0,0.0
200.0,140.0,30.0,0.06335223838177369
200.0,140.0,40.0,0.030598463785525963
200.0,140.0,50.0,0.17107480020387417
200.0,140.0,60.0,0.16896849654008012
200.0,140.0,70.0,0.2518247646399126
200.0,140.0,80.0,0.31007678052766546
200.0,140.0,90.0,0.6105607035867726
200.0,140.0,100.0,0.6678715625502792
200.0,140.0,110.0,0.909395771598593
200.0,140.0,120.0,1.122400138635835
200.0,140.0,130.0,1.1629915946363165
200.0,140.0,140.0,1.2642672282926406
200.0,140.0,150.0,1.318185944437092
200.0,140.0,160.0,1.1811522269620989
200.0,140.0,170.0,1.0931308692103823
200.0,140.0,180.0,0.8672133293553003
200.0,140.0,190.0,0.6602075129432196
200.0,140.0,200.0,0.4598229028049631
200.0,140.0,210.0,0.3696639128151576
200.0,140.0,220.0,0.25293375776885363
200.0,140.0,230.0,0.16003735415975215
200.0,140.0,240.0,0.05584630947434385
200.0,140.0,250.0,0.06302433909696237
200.0,140.0,260.0,0.06113081631005786
200.0,140.0,270.0,0.018469120936495935
200.0,140.0,280.0,0.058138482750077464
200.0,140.0,290.0,0.007536559651202174
200.0,150.0,0.0,0.0
200.0,150.0,10.0,0.02981225985568418
200.0,150.0,20.0,0.0
200.0,150.0,30.0,0.01502988315970577
200.0,150.0,40.0,0.0
200.0,150.0,50.0,0.1247618933146431
200.0,150.0,60.0,0.08648881439039102
200.0,150.0,70.0,0.21377766126949138
200.0,150.0,80.0,0.27413389325967985
200.0,150.0,90.0,0.5526663157359191
200.0,150.0,100.0,0.707839988101095
200.0,150.0,110.0,0.9080451669931908
200.0,150.0,120.0,1.0430941284573192
200.0,150.0,130.0,1.221306264819021
200.0,150.0,140.0,1.4154370170214692
200.0,150.0,150.0,1.2741976038515823
200.0,150.0,160.0,1.2326154713257043
200.0,150.0,170.0,1.1214584796699614
200.0,150.0,180.0,0.9134103088112411
200.0,150.0,190.0,0.7910711591741459
200.0,150.0,200.0,0.48293672875338606
200.0,150.0,210.0,0.38541562050404954
200.0,150.0,220.0,0.2615472423967841
200.0,150.0,230.0,0.19348742922458934
200.0,150.0,240.0,0.09303098257256359
200.0,150.0,250.0,0.007873473762780143
200.0,150.0,260.0,0.02475956726934697
200.0,150.0,270.0,0.04178443427580438
200.0,150.0,280.0,0.0
200.0,150.0,290.0,0.04028754237679456
200.0,160.0,0.0,0.0
200.0,160.0,10.0,0.030930437092507906
200.0,160.0,20.0,0.07553974571535543
200.0,160.0,30.0,0.05584569821099561
200.0,160.0,40.0,0.0
200.0,160.0,50.0,0.01361028388999315
200.0,160.0,60.0,0.09275349632787241
200.0,160.0,70.0,0.282951181987683
200.0,160.0,80.0,0.23694768516390174
200.0,160.0,90.0,0.4186845556455937
200.0,160.0,100.0,0.657481600704412
200.0,160.0,110.0,0.8579656662715698
200.0,160.0,120.0,1.073022923178211
200.0,160.0,130.0,1.130084534197596
200.0,160.0,140.0,1.2521627626120577
200.0,160.0,150.0,1.3319207060268128
200.0,160.0,160.0,1.2661203297918369
200.0,160.0,170.0,1.0765496004108825
200.0,160.0,180.0,0.8812931714904239
200.0,160.0,190.0,0.6841346163403228
200.0,160.0,200.0,0.4436744794458821
200.0,160.0,210.0,0.26511050880679904
200.0,160.0,220.0,0.1548644538067917
200.0,160.0,230.0,0.10739561780773264
200.0,160.0,240.0,0.15514377924526068
200.0,160.0,250.0,0.03817103109643049
200.0,160.0,260.0,0.0
200.0,160.0,270.0,0.08517110975055973
200.0,160.0,280.0,0.05692585337230813
200.0,160.0,290.0,0.0
200.0,170.0,0.0,0.0
200.0,170.0,10.0,0.0
200.0,170.0,20.0,0.02128839139245136
200.0,170.0,30.0,0.056127037865837906
200.0,170.0,40.0,0.015857386899314596
200.0,170.0,50.0,0.03128776105168159
200.0,170.0,60.0,0.19531852905301605
200.0,170.0,70.0,0.3058214839801892
200.0,170.0,80.0,0.29501316232834757
200.0,170.0,90.0,0.5177143856508899
200.0,170.0,100.0,0.6267614690155454
200.0,170.0,110.0,0.8571829350791134
200.0,170.0,120.0,1.020517969993697
200.0,170.0,130.0,1.1018177911636278
200.0,170.0,140.0,1.193794018084541
200.0,170.0,150.0,1.2694801838799983
200.0,170.0,160.0,1.1880906234639008
200.0,170.0,170.0,1.0832371425081426
200.0,170.0,180.0,0.8119482604759617
200.0,170.0,190.0,0.6885061188796381
200.0,170.0,200.0,0.4941444977186736
200.0,170.0,210.0,0.302386446064723
200.0,170.0,220.0,0.3399129486842548
200.0,170.0,230.0,0.1678315872728307
200.0,170.0,240.0,0.06749767023382293
200.0,170.0,250.0,0.0
200.0,170.0,260.0,0.0
200.0,170.0,270.0,0.0
200.0,170.0,280.0,0.08603539191194182
200.0,170.0,290.0,0.10806011738248136
200.0,180.0,0.0,0.0
200.0,180.0,10.0,0.00565871239595109
200.0,180.0,20.0,0.0
200.0,180.0,30.0,0.05498361049933042
200.0,180.0,40.0,0.026257208892770098
200.0,180.0,50.0,0.08202757626944704
200.0,180.0,60.0,0.12228415361385479
200.0,180.0,70.0,0.14619209145841974
200.0,180.0,80.0,0.36379536650021643
200.0,180.0,90.0,0.6035047543441112
200.0,180.0,100.0,0.6097389993640878
200.0,180.0,110.0,0.7385407725400284
200.0,180.0,120.0,0.9658834975888823
200.0,180.0,130.0,1.1023653467364058
200.0,180.0,140.0,1.2363964329795183
200.0,180.0,150.0,1.188189230029266
200.0,180.0,160.0,1.0504918964292431
200.0,180.0,170.0,0.9604709279946291
200.0,180.0,180.0,0.7570419699753992
200.0,180.0,190.0,0.6082758399837045
200.0,180.0,200.0,0.556313277911323
200.0,180.0,210.0,0.38715250945299146
200.0,180.0,220.0,0.2230314623985712
200.0,180.0,230.0,0.1488478350187213
200.0,180.0,240.0,0.07171564532816352
200.0,180.0,250.0,0.007097076954766763
200.0,180.0,260.0,0.019728214777078482
200.0,180.0,270.0,0.0050602623172943595
200.0,180.0,280.0,0.025207590071423227
200.0,180.0,290.0,0.0
200.0,190.0,0.0,0.003975317431213737
200.0,190.0,10.0,0.00014679170318853763
200.0,190.0,20.0,0.025908605245215828
200.0,190.0,30.0,0.033972220805113085
200.0,190.0,40.0,0.004727349851638352
200.0,190.0,50.0,0.012311794136990108
200.0,190.0,60.0,0.06588681579818033
200.0,190.0,70.0,0.173799883411279
200.0,190.0,80.0,0.2588199998316382
200.0,190.0,90.0,0.42057270107729966
200.0,190.0,100.0,0.7149236264357658
200.0,190.0,110.0,0.7560859883748358
200.0,190.0,120.0,0.8909995643041567
200.0,190.0,130.0,0.9971939799903999
200.0,190.0,140.0,1.167793829780889
200.0,190.0,150.0,1.1729970763983617
200.0,190.0,160.0,1.0669969660679732
200.0,190.0,170.0,0.9262489147420219
200.0,190.0,180.0,0.7504399102451481
200.0,190.0,190.0,0.6384263065473686
200.0,190.0,200.0,0.43862454003956536
200.0,190.0,210.0,0.15701592644175302
200.0,190.0,220.0,0.24130211288117573
200.0,190.0,230.0,0.1633866585532174
200.0,190.0,240.0,0.09895989352625494
200.0,190.0,250.0,0.0
200.0,190.0,260.0,0.00831629649672754
200.0,190.0,270.0,0.0
200.0,190.0,280.0,0.0
200.0,190.0,290.0,0.0
200.0,200.0,0.0,0.0
200.0,200.0,10.0,0.07251794593880606
200.0,200.0,20.0,0.0
200.0,200.0,30.0,0.014281465437249109
200.0,200.0,40.0,0.06299007637811493
200.0,200.0,50.0,0.07338607285830949
200.0,200.0,60.0,0.04274182422546555
200.0,200.0,70.0,0.17527281548066512
200.0,200.0,80.0,0.3194138427609616
200.0,200.0,90.0,0.35849519639700334
200.0,200.0,100.0,0.5661992034026452
200.0,200.0,110.0,0.5769049031038391
200.0,200.0,120.0,0.8583381923627421
200.0,200.0,130.0,0.970580369944594
200.0,200.0,140.0,1.0468461126283366
200.0,200.0,150.0,1.1536394489390112
200.0,200.0,160.0,0.9593348245976702
200.0,200.0,170.0,0.8271748570186293
200.0,200.0,180.0,0.7320722875553047
200.0,200.0,190.0,0.5905687898412185
200.0,200.0,200.0,0.4420097271621444
200.0,200.0,210.0,0.1889202750306226
200.0,200.0,220.0,0.14104162128762943
200.0,200.0,230.0,0.009278347540764967
200.0,200.0,240.0,0.03682793887110953
200.0,200.0,250.0,0.07299094324252371
200.0,200.0,260.0,0.05263778093391157
200.0,200.0,270.0,0.0
200.0,200.0,280.0,0.0
200.0,200.0,290.0,0.0
200.0,210.0,0.0,0.02536288839606786
200.0,210.0,10.0,0.0
200.0,210.0,20.0,0.01839194407920042
200.0,210.0,30.0,0.0
200.0,210.0,40.0,0.014100959775014778
200.0,210.0,50.0,0.0260595079871293
200.0,210.0,60.0,0.13300536413338926
200.0,210.0,70.0,0.23893893688400825
200.0,210.0,80.0,0.238272162357649
200.0,210.0,90.0,0.3915718267271981
200.0,210.0,100.0,0.465016308640707
200.0,210.0,110.0,0.6334412306168917
200.0,210.0,120.0,0.7125684542191405
200.0,210.0,130.0,0.8574326430986865
200.0,210.0,140.0,0.9099987818856093
200.0,210.0,150.0,0.8784072221570234
200.0,210.0,160.0,0.8926408432952011
200.0,210.0,170.0,0.7555420526165543
200.0,210.0,180.0,0.6191129956076981
200.0,210.0,190.0,0.5002551044627658
200.0,210.0,200.0,0.40449336231054445
200.0,210.0,210.0,0.30046553750382116
200.0,210.0,220.0,0.03600168422814787
200.0,210.0,230.0,0.060795702414652354
200.0,210.0,240.0,0.05942881767753756
200.0,210.0,250.0,0.05047344727318409
200.0,210.0,260.0,0.007292139012461755
200.0,210.0,270.0,0.008190474399259809
200.0,210.0,280.0,0.02423968463715567
200.0,210.0,290.0,0.08425252187970293
200.0,220.0,0.0,0.07858322539137938
200.0,220.0,10.0,0.027979791802294995
200.0,220.0,20.0,0.0
200.0,220.0,30.0,0.06048676630203012
200.0,220.0,40.0,0.0
200.0,220.0,50.0,0.12096499108433109
200.0,220.0,60.0,0.13614984110758557
200.0,220.0,70.0,0.1594760929817008
200.0,220.0,80.0,0.27215026088134314
200.0,220.0,90.0,0.4364139254342537
200.0,220.0,100.0,0.33885540984135354
200.0,220.0,110.0,0.5573012922734336
200.0,220.0,120.0,0.6966416545570705
200.0,220.0,130.0,0.7867735849161214
200.0,220.0,140.0,0.8156960638410384
200.0,220.0,150.0,0.8343936109857607
200.0,220.0,160.0,0.7707652766092679
200.0,220.0,170.0,0.7581473086687134
200.0,220.0,180.0,0.593794866312162
200.0,220.0,190.0,0.44147055816177666
200.0,220.0,200.0,0.34135779380783315
200.0,220.0,210.0,0.2784215691252
200.0,220.0,220.0,0.14482887653757043
200.0,220.0,230.0,0.0
200.0,220.0,240.0,0.09733326183052249
200.0,220.0,250.0,0.08804649349783703
200.0,220.0,260.0,0.07700879541479205
200.0,220.0,270.0,0.005978537807543215
200.0,220.0,280.0,0.044894943415903145
200.0,220.0,290.0,0.08511583799179087
200.0,230.0,0.0,0.0635661360488137
200.0,230.0,10.0,0.003416900982748103
200.0,230.0,20.0,0.0
200.0,230.0,30.0,0.0
200.0,230.0,40.0,0.029325527737256628
200.0,230.0,50.0,0.007760677352012614
200.0,230.0,60.0,0.08371744570378929
200.0,230.0,70.0,0.09963765126868286
200.0,230.0,80.0,0.18342763405540735
200.0,230.0,90.0,0.20005588248080247
200.0,230.0,100.0,0.4749142349854755
200.0,230.0,110.0,0.5653957275589269
200.0,230.0,120.0,0.5469647243493485
200.0,230.0,130.0,0.7560213504785168
200.0,230.0,140.0,0.7095339965117501
200.0,230.0,150.0,0.7381573335024186
200.0,230.0,160.0,0.6992271568840595
200.0,230.0,170.0,0.6474020882555185
200.0,230.0,180.0,0.5037718596587486
200.0,230.0,190.0,0.3989390359936267
200.0,230.0,200.0,0.2198734607688343
200.0,230.0,210.0,0.2657481508591971
200.0,230.0,220.0,0.0908353905749231
200.0,230.0,230.0,0.12825400594880434
200.0,230.0,240.0,0.0046531705566901435
200.0,230.0,250.0,0.07195327778598709
200.0,230.0,260.0,0.01701244404143302
200.0,230.0,270.0,0.06333691100147673
200.0,230.0,280.0,0.0
200.0,230.0,290.0,0.07605589374179202
200.0,240.0,0.0,0.0027952687704402386
200.0,240.0,10.0,0.0
200.0,240.0,20.0,0.0
200.0,240.0,30.0,0.0
200.0,240.0,40.0,0.0
200.0,240.0,50.0,0.0
200.0,240.0,60.0,0.09168899680685001
200.0,240.0,70.0,0.022621224414880986
200.0,240.0,80.0,0.09531600826336627
200.0,240.0,90.0,0.372797121007558
200.0,240.0,100.0,0.3337895329816139
200.0,240.0,110.0,0.44424181923799355
200.0,240.0,120.0,0.5680688158247793
200.0,240.0,130.0,0.5811090549936704
200.0,240.0,140.0,0.5718629234517403
200.0,240.0,150.0,0.6453538965515846
200.0,240.0,160.0,0.5874061073879602
200.0,240.0,170.0,0.5618833075164925
200.0,240.0,180.0,0.47236505023313446
200.0,240.0,190.0,0.37001777298548777
200.0,240.0,200.0,0.3064638497122729
200.0,240.0,210.0,0.2471347497117433
200.0,240.0,220.0,0.013349557153777683
200.0,240.0,230.0,0.16096813548656336
200.0,240.0,240.0,0.0
200.0,240.0,250.0,0.0
200.0,240.0,260.0,0.0
200.0,240.0,270.0,0.000835510903680536
200.0,240.0,280.0,0.0
200.0,240.0,290.0,0.0
200.0,250.0,0.0,0.011650670864730825
200.0,250.0,10.0,0.0
200.0,250.0,20.0,0.06338290270524789
200.0,250.0,30.0,0.0008975940370827256
200.0,250.0,40.0,0.06445397805379935
200.0,250.0,50.0,0.02209975824894813
200.0,250.0,60.0,0.06303529007473826
200.0,250.0,70.0,0.13960303719052986
200.0,250.0,80.0,0.14664675684109893
200.0,250.0,90.0,0.1891008161748056
200.0,250.0,100.0,0.25240164925243347
200.0,250.0,110.0,0.3550202727941911
200.0,250.0,120.0,0.5447401973386758
200.0,250.0,130.0,0.4773400799356358
200.0,250.0,140.0,0.5019360504119931
200.0,250.0,150.0,0.5602509301383928
200.0,250.0,160.0,0.5690577305638104
200.0,250.0,170.0,0.46473548941437576
200.0,250.0,180.0,0.38763605900125936
200.0,250.0,190.0,0.20735577899727534
200.0,250.0,200.0,0.1911761943779772
200.0,250.0,210.0,0.13269115642326076
200.0,250.0,220.0,0.07273346381094156
200.0,250.0,230.0,0.09807471637777693
200.0,250.0,240.0,0.0
200.0,250.0,250.0,0.02127576351818764
200.0,250.0,260.0,0.0
200.0,250.0,270.0,0.0
200.0,250.0,280.0,0.010523410737203419
200.0,250.0,290.0,0.03877734946422777
200.0,260.0,0.0,0.0
200.0,260.0,10.0,0.06356725617577504
200.0,260.0,20.0,0.0
200.0,260.0,30.0,0.0
200.0,260.0,40.0,0.0
200.0,260.0,50.0,0.05175942856389033
200.0,260.0,60.0,0.05666302514854856
200.0,260.0,70.0,0.0
200.0,260.0,80.0,0.04646913392088389
200.0,260.0,90.0,0.1900307680957584
200.0,260.0,100.0,0.18607861140291246
200.0,260.0,110.0,0.3223587817940686
200.0,260.0,120.0,0.3851771290037045
200.0,260.0,130.0,0.447244589608915
200.0,260.0,140.0,0.4878190687863132
200.0,260.0,150.0,0.44288830761559084
200.0,260.0,160.0,0.4839094230701846
200.0,260.0,170.0,0.381817536963644
200.0,260.0,180.0,0.3765651447619145
200.0,260.0,190.0,0.24189961310100436
200.0,260.0,200.0,0.0960086258152133
200.0,260.0,210.0,0.06387084797253875
200.0,260.0,220.0,0.13394654951704887
200.0,260.0,230.0,0.0
200.0,260.0,240.0,0.0036016315595110773
200.0,260.0,250.0,0.0
200.0,260.0,260.0,0.003961516510992039
200.0,260.0,270.0,0.02264890815536741
200.0,260.0,280.0,0.08694689722725897
200.0,260.0,290.0,0.09220044079278357
200.0,270.0,0.0,0.03340125699716162
200.0,270.0,10.0,0.0
200.0,270.0,20.0,0.0
200.0,270.0,30.0,0.036750855300778304
200.0,270.0,40.0,0.0913302572598482
200.0,270.0,50.0,0.0
200.0,270.0,60.0,0.0
200.0,270.0,70.0,0.09185216113388012
200.0,270.0,80.0,0.07234375988513383
200.0,270.0,90.0,0.14762513999886612
200.0,270.0,100.0,0.14826557496364853
200.0,270.0,110.0,0.22388748870487246
200.0,270.0,120.0,0.3674603706556262
200.0,270.0,130.0,0.46355746531543035
200.0,270.0,140.0,0.3959809927712736
200.0,270.0,150.0,0.35760239576513586
200.0,270.0,160.0,0.3003044930008963
200.0,270.0,170.0,0.33327992444864263
200.0,270.0,180.0,0.28198710937906757
200.0,270.0,190.0,0.18003540790567082
200.0,270.0,200.0,0.195009034978202
200.0,270.0,210.0,0.17928413943035104
200.0,270.0,220.0,0.12108695115197113
200.0,270.0,230.0,0.025671001157317234
200.0,270.0,240.0,0.024970938882145983
200.0,270.0,250.0,0.0
200.0,270.0,260.0,0.0
200.0,270.0,270.0,0.046925720236625376
200.0,270.0,280.0,0.0
200.0,270.0,290.0,0.0
200.0,280.0,0.0,0.025718861737499415
200.0,280.0,10.0,0.019672261044841925
200.0,280.0,20.0,0.01870323478976441
200.0,280.0,30.0,0.0
200.0,280.0,40.0,0.030207789786708343
200.0,280.0,50.0,0.052011532607926514
200.0,280.0,60.0,0.11975063324687243
200.0,280.0,70.0,0.00090409458953946
200.0,280.0,80.0,0.043333434393443185
200.0,280.0,90.0,0.10135481041386937
200.0,280.0,100.0,0.10075890083350603
200.0,280.0,110.0,0.21459271055879603
200.0,280.0,120.0,0.2183538194114249
200.0,280.0,130.0,0.2398749731967625
200.0,280.0,140.0,0.37382656877617554
200.0,280.0,150.0,0.27373290577834125
200.0,280.0,160.0,0.31197289989854254
200.0,280.0,170.0,0.2636874892425535
200.0,280.0,180.0,0.16695899265765005
200.0,280.0,190.0,0.2161400386230723
200.0,280.0,200.0,0.1181172055604884
200.0,280.0,210.0,0.0
200.0,280.0,220.0,0.0
200.0,280.0,230.0,0.0
200.0,280.0,240.0,0.03958255324954696
200.0,280.0,250.0,0.009843845060858409
200.0,280.0,260.0,0.03795291863649948
200.0,280.0,270.0,0.05226765566480772
200.0,280.0,280.0,0.07880396643954976
200.0,280.0,290.0,0.0
200.0,290.0,0.0,0.0
200.0,290.0,10.0,0.030053211817229353
200.0,290.0,20.0,0.0
200.0,290.0,30.0,0.0
200.0,290.0,40.0,0.0
200.0,290.0,50.0,0.1400035945364016
200.0,290.0,60.0,0.054976660394666324
200.0,290.0,70.0,0.035056217569756624
200.0,290.0,80.0,0.15570601563191072
200.0,290.0,90.0,0.14739851978110713
200.0,290.0,100.0,0.20900137963274446
200.0,290.0,110.0,0.26107991114661866
200.0,290.0,120.0,0.31357399671758307
200.0,290.0,130.0,0.23381796327830853
200.0,290.0,140.0,0.2548494201593586
200.0,290.0,150.0,0.24346513737147674
200.0,290.0,160.0,0.22935544771033908
200.0,290.0,170.0,0.20138241943203666
200.0,290.0,180.0,0.16032478289942712
200.0,290.0,190.0,0.0749174394342375
200.0,290.0,200.0,0.07060364831543664
200.0,290.0,210.0,0.024280436729300296
200.0,290.0,220.0,0.0867946682638205
200.0,290.0,230.0,0.0
200.0,290.0,240.0,0.14430906788780204
200.0,290.0,250.0,0.034350794738011774
200.0,290.0,260.0,0.0
200.0,290.0,270.0,0.0057236147726039575
200.0,290.0,280.0,0.0
200.0,290.0,290.0,0.0
210.0,0.0,0.0,0.0
210.0,0.0,10.0,0.027040068094822636
210.0,0.0,20.0,0.08604767194733869
210.0,0.0,30.0,0.0
210.0,0.0,40.0,0.015498376228996951
210.0,0.0,50.0,0.03748036423550507
210.0,0.0,60.0,0.0
210.0,0.0,70.0,0.019635394231251144
210.0,0.0,80.0,0.0
210.0,0.0,90.0,0.04864656098131511
210.0,0.0,100.0,0.03384328930857246
210.0,0.0,110.0,0.08024301949021162
210.0,0.0,120.0,0.19770951566896092
210.0,0.0,130.0,0.19718030966084585
210.0,0.0,140.0,0.23339747800168004
210.0,0.0,150.0,0.23922531719430193
210.0,0.0,160.0,0.12179214863027596
210.0,0.0,170.0,0.10100900074575721
210.0,0.0,180.0,0.14405939047710326
210.0,0.0,190.0,0.08367139450778358
210.0,0.0,200.0,0.09439222872359103
210.0,0.0,210.0,0.005422964424728623
210.0,0.0,220.0,0.0
210.0,0.0,230.0,0.04644447801654865
210.0,0.0,240.0,0.07982711589610308
210.0,0.0,250.0,0.0035629525719106056
210.0,0.0,260.0,0.011606366534073483
210.0,0.0,270.0,0.008300570526725374
210.0,0.0,280.0,0.0
210.0,0.0,290.0,0.0
210.0,10.0,0.0,0.028188140609837993
210.0,10.0,10.0,0.0
210.0,10.0,20.0,0.11003475798857294
210.0,10.0,30.0,0.0
210.0,10.0,40.0,0.015064754387243931
210.0,10.0,50.0,0.09935422395177486
210.0,10.0,60.0,0.0
210.0,10.0,70.0,0.15331720427107406
210.0,10.0,80.0,0.028145280722403035
210.0,10.0,90.0,0.19057173361670077
210.0,10.0,100.0,0.13802813103008651
210.0,10.0,110.0,0.18328693184266098
210.0,10.0,120.0,0.1877310503067299
210.0,10.0,130.0,0.2391341840693958
210.0,10.0,140.0,0.32550079795731957
210.0,10.0,150.0,0.24971045583272922
210.0,10.0,160.0,0.2877700976516021
210.0,10.0,170.0,0.25743225177796614
210.0,10.0,180.0,0.24167946569290416
210.0,10.0,190.0,0.14575144489730976
210.0,10.0,200.0,0.15713543261156465
210.0,10.0,210.0,0.0855101569894746
210.0,10.0,220.0,0.053107560900200045
210.0,10.0,230.0,0.008200149832646952
210.0,10.0,240.0,0.038652216489662695
210.0,10.0,250.0,0.005256223983488108
210.0,10.0,260.0,0.10121199184933627
210.0,10.0,270.0,0.007512857317070611
210.0,10.0,280.0,0.04702121924272264
210.0,10.0,290.0,0.025648653168348773
210.0,20.0,0.0,0.0
210.0,20.0,10.0,0.0
210.0,20.0,20.0,0.0
210.0,20.0,30.0,0.0
210.0,20.0,40.0,0.0
210.0,20.0,50.0,0.03319019302749937
210.0,20.0,60.0,0.0
210.0,20.0,70.0,0.13342700381576036
210.0,20.0,80.0,0.05282308931720445
210.0,20.0,90.0,0.19411175221315075
210.0,20.0,100.0,0.1495132988918896
210.0,20.0,110.0,0.2474240000014296
210.0,20.0,120.0,0.21572220141414114
210.0,20.0,130.0,0.3510159140293501
210.0,20.0,140.0,0.28844886304260636
210.0,20.0,150.0,0.33714884075666707
210.0,20.0,160.0,0.3823056261989269
210.0,20.0,170.0,0.24700019406636825
210.0,20.0,180.0,0.19401076558966063
210.0,20.0,190.0,0.10982380001792096
210.0,20.0,200.0,0.19197334413812117
210.0,20.0,210.0,0.015983859054922694
210.0,20.0,220.0,0.028902063172934703
210.0,20.0,230.0,0.028132635809838623
210.0,20.0,240.0,0.004863736870329326
210.0,20.0,250.0,0.018028209033936857
210.0,20.0,260.0,0.021549480229805726
210.0,20.0,270.0,0.07059090172170755
210.0,20.0,280.0,0.0
210.0,20.0,290.0,0.0
210.0,30.0,0.0,0.0
210.0,30.0,10.0,0.017268060865346886
210.0,30.0,20.0,0.0
210.0,30.0,30.0,0.004353745919474631
210.0,30.0,40.0,0.03459168472492927
210.0,30.0,50.0,0.03922554083397882
210.0,30.0,60.0,0.04384286571144644
210.0,30.0,70.0,0.0926325022724719
210.0,30.0,80.0,0.0
210.0,30.0,90.0,0.06559427191663926
210.0,30.0,100.0,0.25091661060285897
210.0,30.0,110.0,0.31804008184446425
210.0,30.0,120.0,0.2839870070111698
210.0,30.0,130.0,0.38838675868550276
210.0,30.0,140.0,0.29129038194494716
210.0,30.0,150.0,0.3906410388010312
210.0,30.0,160.0,0.3099250195601528
210.0,30.0,170.0,0.28541757632115256
210.0,30.0,180.0,0.16467928916812424
210.0,30.0,190.0,0.24473007697275534
210.0,30.0,200.0,0.1512956561408879
210.0,30.0,210.0,0.16897576721152507
210.0,30.0,220.0,0.07728748386199015
210.0,30.0,230.0,0.10878662342059434
210.0,30.0,240.0,0.03187611834806381
210.0,30.0,250.0,0.0
210.0,30.0,260.0,0.03828746358283889
210.0,30.0,270.0,0.013532290247783851
210.0,30.0,280.0,0.0695010350441517
210.0,30.0,290.0,0.027282384989675643
210.0,40.0,0.0,0.0
210.0,40.0,10.0,0.014574064647963602
210.0,40.0,20.0,0.043070067691642996
210.0,40.0,30.0,0.01262931970418045
210.0,40.0,40.0,0.0390356413313127
210.0,40.0,50.0,0.0
210.0,40.0,60.0,0.05650142614287603
210.0,40.0,70.0,0.05984721270855741
210.0,40.0,80.0,0.06117405301343483
210.0,40.0,90.0,0.21818595867008045
210.0,40.0,100.0,0.294450321744794
210.0,40.0,110.0,0.33353470273992813
210.0,40.0,120.0,0.3994311626438861
210.0,40.0,130.0,0.43180353831234264
210.0,40.0,140.0,0.5337838992661947
210.0,40.0,150.0,0.39783415166732305
210.0,40.0,160.0,0.4325576183065604
210.0,40.0,170.0,0.4015519503129289
210.0,40.0,180.0,0.2553389682610945
210.0,40.0,190.0,0.25938646310315244
210.0,40.0,200.0,0.16969744898671668
210.0,40.0,210.0,0.22257196104138693
210.0,40.0,220.0,0.037037387998015425
210.0,40.0,230.0,0.03222922139824441
210.0,40.0,240.0,0.05063173016973284
210.0,40.0,250.0,0.06733280196751326
210.0,40.0,260.0,0.0
210.0,40.0,270.0,0.0
210.0,40.0,280.0,0.06431587352367717
210.0,40.0,290.0,0.08179297231454075
210.0,50.0,0.0,0.0
210.0,50.0,10.0,0.03790569508877101
210.0,50.0,20.0,0.04279923680610504
210.0,50.0,30.0,0.0
210.0,50.0,40.0,0.0
210.0,50.0,50.0,0.0
210.0,50.0,60.0,0.0199204020550628
210.0,50.0,70.0,0.0993349846046166
210.0,50.0,80.0,0.22043519372702242
210.0,50.0,90.0,0.2893828984484751
210.0,50.0,100.0,0.348375593513319
210.0,50.0,110.0,0.3802928766487023
210.0,50.0,120.0,0.47371707716389383
210.0,50.0,130.0,0.5294618870230942
210.0,50.0,140.0,0.5140382611704729
210.0,50.0,150.0,0.39876730299409413
210.0,50.0,160.0,0.4610984803979581
210.0,50.0,170.0,0.38115952742739906
210.0,50.0,180.0,0.3701209175599067
210.0,50.0,190.0,0.23227186155607804
210.0,50.0,200.0,0.14272653063387453
210.0,50.0,210.0,0.18425263589258378
210.0,50.0,220.0,0.0017756058564366711
210.0,50.0,230.0,0.022836802601960304
210.0,50.0,240.0,0.09507348124098877
210.0,50.0,250.0,0.02379820168993865
210.0,50.0,260.0,0.03232395030500407
210.0,50.0,270.0,0.019167525495296652
210.0,50.0,280.0,0.0
210.0,50.0,290.0,0.10225621912385648
210.0,60.0,0.0,0.0
210.0,60.0,10.0,0.0
210.0,60.0,20.0,0.03883171708050992
210.0,60.0,30.0,0.07840666501250776
210.0,60.0,40.0,0.003736438646605285
210.0,60.0,50.0,0.04821565162252858
210.0,60.0,60.0,0.02192397843157025
210.0,60.0,70.0,0.0
210.0,60.0,80.0,0.15961755844622338
210.0,60.0,90.0,0.32686580183058006
210.0,60.0,100.0,0.319311851000562
210.0,60.0,110.0,0.47958234737084326
210.0,60.0,120.0,0.568785653233274
210.0,60.0,130.0,0.5793940197245755
210.0,60.0,140.0,0.6182667977146165
210.0,60.0,150.0,0.6424407177882046
210.0,60.0,160.0,0.6281326400310259
210.0,60.0,170.0,0.624505190237666
210.0,60.0,180.0,0.42442804451474586
210.0,60.0,190.0,0.3939074502874552
210.0,60.0,200.0,0.21855210354624138
210.0,60.0,210.0,0.18796642072927802
210.0,60.0,220.0,0.084573654236609
210.0,60.0,230.0,0.13429279990120535
210.0,60.0,240.0,0.042216680076085436
210.0,60.0,250.0,0.0
210.0,60.0,260.0,0.0
210.0,60.0,270.0,0.0
210.0,60.0,280.0,0.12523340938976385
210.0,60.0,290.0,0.0497938175934667
210.0,70.0,0.0,0.01573569499670843
210.0,70.0,10.0,0.003381031777452662
210.0,70.0,20.0,0.0
210.0,70.0,30.0,0.019222753045294153
210.0,70.0,40.0,0.02239944378994289
210.0,70.0,50.0,0.047644891171451265
210.0,70.0,60.0,0.1055772627217053
210.0,70.0,70.0,0.14519706008300784
210.0,70.0,80.0,0.11886176903777328
210.0,70.0,90.0,0.2566137092130447
210.0,70.0,100.0,0.36886078114890425
210.0,70.0,110.0,0.4902801976559659
210.0,70.0,120.0,0.6153409424181259
210.0,70.0,130.0,0.6331750412427979
210.0,70.0,140.0,0.7040224305253737
210.0,70.0,150.0,0.7031360275126954
210.0,70.0,160.0,0.7170220121798045
210.0,70.0,170.0,0.5773219201027148
210.0,70.0,180.0,0.48010132832817154
210.0,70.0,190.0,0.30128270623552345
210.0,70.0,200.0,0.27142856977432983
210.0,70.0,210.0,0.13466693088416654
210.0,70.0,220.0,0.10124284136427728
210.0,70.0,230.0,0.0755503681245902
210.0,70.0,240.0,0.10310274861251999
210.0,70.0,250.0,0.03408255342264846
210.0,70.0,260.0,0.04128524275902634
210.0,70.0,270.0,0.0
210.0,70.0,280.0,0.0
210.0,70.0,290.0,0.0
210.0,80.0,0.0,0.051621425470555045
210.0,80.0,10.0,0.0
210.0,80.0,20.0,0.0
210.0,80.0,30.0,0.0
210.0,80.0,40.0,0.0
210.0,80.0,50.0,0.03694469973529142
210.0,80.0,60.0,0.07437116413036272
210.0,80.0,70.0,0.12636414431263998
210.0,80.0,80.0,0.22958580221492125
210.0,80.0,90.0,0.4334566777333949
210.0,80.0,100.0,0.43836074444374784
210.0,80.0,110.0,0.4780180887848382
210.0,80.0,120.0,0.7076745214196931
210.0,80.0,130.0,0.7413254238496301
210.0,80.0,140.0,0.7295252198781358
210.0,80.0,150.0,0.6707832226331524
210.0,80.0,160.0,0.8534126286628752
210.0,80.0,170.0,0.7125749498529411
210.0,80.0,180.0,0.596189404265542
210.0,80.0,190.0,0.3827668624104096
210.0,80.0,200.0,0.3423979344961877
210.0,80.0,210.0,0.25074233762868153
210.0,80.0,220.0,0.03568853051717387
210.0,80.0,230.0,0.020197436166815547
210.0,80.0,240.0,0.06342642042994599
210.0,80.0,250.0,0.08125033251696041
210.0,80.0,260.0,0.0
210.0,80.0,270.0,0.03336841385743612
210.0,80.0,280.0,0.0
210.0,80.0,290.0,0.0
210.0,90.0,0.0,0.0
210.0,90.0,10.0,0.04186828065678523
210.0,90.0,20.0,0.07303284856326608
210.0,90.0,30.0,0.033726273528304596
210.0,90.0,40.0,0.0
210.0,90.0,50.0,0.0
210.0,90.0,60.0,0.1291071755050851
210.0,90.0,70.0,0.18487131135879808
210.0,90.0,80.0,0.26178755593157044
210.0,90.0,90.0,0.3911310758431508
210.0,90.0,100.0,0.5010396316277052
210.0,90.0,110.0,0.5510261155988859
210.0,90.0,120.0,0.6897696944917288
210.0,90.0,130.0,0.8014553322732749
210.0,90.0,140.0,0.8326302224729512
210.0,90.0,150.0,0.884598202089743
210.0,90.0,160.0,0.8078620167296633
210.0,90.0,170.0,0.7690890346348072
210.0,90.0,180.0,0.6459019772015612
210.0,90.0,190.0,0.5382051037114262
210.0,90.0,200.0,0.3491271475614885
210.0,90.0,210.0,0.2628197766732924
210.0,90.0,220.0,0.2354903530311779
210.0,90.0,230.0,0.12221089506779736
210.0,90.0,240.0,0.0
210.0,90.0,250.0,0.046769893412669704
210.0,90.0,260.0,0.04276805281409481
210.0,90.0,270.0,0.0
210.0,90.0,280.0,0.0
210.0,90.0,290.0,0.0
210.0,100.0,0.0,0.04303718900718192
210.0,100.0,10.0,0.03958680173562713
210.0,100.0,20.0,0.06614917648811555
210.0,100.0,30.0,0.0
210.0,100.0,40.0,0.04302559342518761
210.0,100.0,50.0,0.031914185678090734
210.0,100.0,60.0,0.06383642611803003
210.0,100.0,70.0,0.1587168420614169
210.0,100.0,80.0,0.18629493064377203
210.0,100.0,90.0,0.28668860139104424
210.0,100.0,100.0,0.5198930715914953
210.0,100.0,110.0,0.7087079405919651
210.0,100.0,120.0,0.7412740001247978
210.0,100.0,130.0,0.9158709189771915
210.0,100.0,140.0,0.875981926561681
210.0,100.0,150.0,1.0526450580212638
210.0,100.0,160.0,0.8746940152643867
210.0,100.0,170.0,0.8568883611997448
210.0,100.0,180.0,0.6862734151409077
210.0,100.0,190.0,0.48400868952684917
210.0,100.0,200.0,0.40842949558937175
210.0,100.0,210.0,0.313997177582827
210.0,100.0,220.0,0.18732024476752027
210.0,100.0,230.0,0.03966365441010116
210.0,100.0,240.0,0.01671189580085712
210.0,100.0,250.0,0.0492143605673615
210.0,100.0,260.0,0.0
210.0,100.0,270.0,0.0
210.0,100.0,280.0,0.0085096307856529
210.0,100.0,290.0,0.0
210.0,110.0,0.0,0.03616201365559434
210.0,110.0,10.0,0.0
210.0,110.0,20.0,0.0011566784287806659
210.0,110.0,30.0,0.0897125745478401
210.0,110.0,40.0,0.0
210.0,110.0,50.0,0.0
210.0,110.0,60.0,0.09291453521051699
210.0,110.0,70.0,0.1672292513091947
210.0,110.0,80.0,0.20956446904350007
210.0,110.0,90.0,0.3649053343358388
210.0,110.0,100.0,0.4880049429438507
210.0,110.0,110.0,0.6975792549462962
210.0,110.0,120.0,0.7998688887810448
210.0,110.0,130.0,0.9366229651802245
210.0,110.0,140.0,0.9908798623142566
210.0,110.0,150.0,1.0140790288086847
210.0,110.0,160.0,0.9908085504898787
210.0,110.0,170.0,0.8901145577662523
210.0,110.0,180.0,0.7275660547443373
210.0,110.0,190.0,0.5969655963041715
210.0,110.0,200.0,0.47070899356207
210.0,110.0,210.0,0.3129717877635785
210.0,110.0,220.0,0.23238474791699865
210.0,110.0,230.0,0.0763384838774656
210.0,110.0,240.0,0.0
210.0,110.0,250.0,0.0
210.0,110.0,260.0,0.0480984109629662
210.0,110.0,270.0,0.04721895014433053
210.0,110.0,280.0,0.13763172501345494
210.0,110.0,290.0,0.0017711228980699517
210.0,120.0,0.0,0.0
210.0,120.0,10.0,0.0
210.0,120.0,20.0,0.04230902529652828
210.0,120.0,30.0,0.01846481973829336
210.0,120.0,40.0,0.0667676642213785
210.0,120.0,50.0,0.12301234784327858
210.0,120.0,60.0,0.00718892866568073
210.0,120.0,70.0,0.1710929037108539
210.0,120.0,80.0,0.2681749371439668
210.0,120.0,90.0,0.38466576283902854
210.0,120.0,100.0,0.4886099412992294
210.0,120.0,110.0,0.7193424931517377
210.0,120.0,120.0,0.8704142745903655
210.0,120.0,130.0,1.0663101661222079
210.0,120.0,140.0,1.1324114252314679
210.0,120.0,150.0,1.0624642206171142
210.0,120.0,160.0,0.9106484424607549
210.0,120.0,170.0,0.8950012124539386
210.0,120.0,180.0,0.6778139539584485
210.0,120.0,190.0,0.4165788760031335
210.0,120.0,200.0,0.3868767356196809
210.0,120.0,210.0,0.22627996124447933
210.0,120.0,220.0,0.20082188741501233
210.0,120.0,230.0,0.07116918657999263
210.0,120.0,240.0,0.17963306957385244
210.0,120.0,250.0,0.0
210.0,120.0,260.0,0.031035254958650563
210.0,120.0,270.0,0.0
210.0,120.0,280.0,0.06067642487384565
210.0,120.0,290.0,0.029274276789933378
210.0,130.0,0.0,0.10825656784069532
210.0,130.0,10.0,0.06748220774260305
210.0,130.0,20.0,0.04846183366093888
210.0,130.0,30.0,0.023600921528409275
210.0,130.0,40.0,0.03599350959638374
210.0,130.0,50.0,0.10992146585698963
210.0,130.0,60.0,0.15809580201588336
210.0,130.0,70.0,0.1408537327331022
210.0,130.0,80.0,0.30765434515325246
210.0,130.0,90.0,0.44183916893616126
210.0,130.0,100.0,0.5908052702706473
210.0,130.0,110.0,0.6560228931499189
210.0,130.0,120.0,0.9227948503384514
210.0,130.0,130.0,1.022187865943458
210.0,130.0,140.0,1.148234725734741
210.0,130.0,150.0,0.9809438713808282
210.0,130.0,160.0,1.0615973537795822
210.0,130.0,170.0,0.8475862017742976
210.0,130.0,180.0,0.7006935724801504
210.0,130.0,190.0,0.49322976476833486
210.0,130.0,200.0,0.39592798198231965
210.0,130.0,210.0,0.2650110406990336
210.0,130.0,220.0,0.23138676559970503
210.0,130.0,230.0,0.1403347624067244
210.0,130.0,240.0,0.13110529726049183
210.0,130.0,250.0,0.003382710798211855
210.0,130.0,260.0,0.03515417886673066
210.0,130.0,270.0,0.0
210.0,130.0,280.0,0.0
210.0,130.0,290.0,0.0
210.0,140.0,0.0,0.010893228153000239
210.0,140.0,10.0,0.08730585082007623
210.0,140.0,20.0,0.0
210.0,140.0,30.0,0.0774679342672905
210.0,140.0,40.0,0.011257542263225895
210.0,140.0,50.0,0.06731412890955728
210.0,140.0,60.0,0.1251340741354825
210.0,140.0,70.0,0.14230418573925405
210.0,140.0,80.0,0.26410673167308363
210.0,140.0,90.0,0.4329175651518728
210.0,140.0,100.0,0.5772127097969322
210.0,140.0,110.0,0.8021109248217376
210.0,140.0,120.0,0.895965531654186
210.0,140.0,130.0,0.989208661511631
210.0,140.0,140.0,1.0364276192747748
210.0,140.0,150.0,1.129507970011198
210.0,140.0,160.0,1.054186468200702
210.0,140.0,170.0,0.9462034608969978
210.0,140.0,180.0,0.7559398515670182
210.0,140.0,190.0,0.5886066888388467
210.0,140.0,200.0,0.47156645718645324
210.0,140.0,210.0,0.3063109234183273
210.0,140.0,220.0,0.0793607665313647
210.0,140.0,230.0,0.06433041543052656
210.0,140.0,240.0,0.0734712300794011
210.0,140.0,250.0,0.01916810883824076
210.0,140.0,260.0,0.0
210.0,140.0,270.0,0.018415457248925446
210.0,140.0,280.0,0.0
210.0,140.0,290.0,0.02166183528579008
210.0,150.0,0.0,0.019417708493059075
210.0,150.0,10.0,0.020143552827148574
210.0,150.0,20.0,0.006891692756484038
210.0,150.0,30.0,0.0
210.0,150.0,40.0,0.07110740262672899
210.0,150.0,50.0,0.1105313078972528
210.0,150.0,60.0,0.14716273920706247
210.0,150.0,70.0,0.12638512576913746
210.0,150.0,80.0,0.3313183390160061
210.0,150.0,90.0,0.4734860436333317
210.0,150.0,100.0,0.6342055446257249
210.0,150.0,110.0,0.745435661081062
210.0,150.0,120.0,0.9362103305794606
210.0,150.0,130.0,1.0730999555858427
210.0,150.0,140.0,1.1093642246604323
210.0,150.0,150.0,1.0939575652970754
210.0,150.0,160.0,1.0611935441000415
210.0,150.0,170.0,0.9152743792964931
210.0,150.0,180.0,0.7456164514619387
210.0,150.0,190.0,0.5860617332958925
210.0,150.0,200.0,0.4581278263678541
210.0,150.0,210.0,0.31030693765283635
210.0,150.0,220.0,0.21752135728557256
210.0,150.0,230.0,0.11815612915729365
210.0,150.0,240.0,0.06130526232771173
210.0,150.0,250.0,0.0
210.0,150.0,260.0,0.05038386332528108
210.0,150.0,270.0,0.0445850323773958
210.0,150.0,280.0,0.019036798718609152
210.0,150.0,290.0,0.0
210.0,160.0,0.0,0.01908631066096874
210.0,160.0,10.0,0.0
210.0,160.0,20.0,0.0
210.0,160.0,30.0,0.06753914705220317
210.0,160.0,40.0,0.0013822243785669014
210.0,160.0,50.0,0.021258865406522158
210.0,160.0,60.0,0.09800938410778327
210.0,160.0,70.0,0.1682431079282269
210.0,160.0,80.0,0.31887656174767304
210.0,160.0,90.0,0.40031119156968015
210.0,160.0,100.0,0.5446257595113705
210.0,160.0,110.0,0.7357550267479279
210.0,160.0,120.0,0.9644070437426218
210.0,160.0,130.0,0.9697448655804648
210.0,160.0,140.0,1.1324105629642678
210.0,160.0,150.0,0.9881242412005471
210.0,160.0,160.0,1.0226573955647806
210.0,160.0,170.0,0.7638495757506241
210.0,160.0,180.0,0.8518454014902166
210.0,160.0,190.0,0.5637146420582997
210.0,160.0,200.0,0.5813107002191984
210.0,160.0,210.0,0.4267703429381279
210.0,160.0,220.0,0.20643618090977886
210.0,160.0,230.0,0.09228693645790804
210.0,160.0,240.0,0.03121744745844794
210.0,160.0,250.0,0.017374580817569096
210.0,160.0,260.0,0.07314527438323844
210.0,160.0,270.0,0.044776280628787024
210.0,160.0,280.0,0.03437303039903753
210.0,160.0,290.0,0.016725042923330657
210.0,170.0,0.0,0.0
210.0,170.0,10.0,0.0
210.0,170.0,20.0,0.0
210.0,170.0,30.0,0.07774065390724041
210.0,170.0,40.0,0.007490911948453419
210.0,170.0,50.0,0.11358295982770869
210.0,170.0,60.0,0.06836082990685058
210.0,170.0,70.0,0.13330469858909838
210.0,170.0,80.0,0.2975702857477525
210.0,170.0,90.0,0.27784517933388375
210.0,170.0,100.0,0.5481600798662927
210.0,170.0,110.0,0.7960246677161209
210.0,170.0,120.0,0.8481991717176948
210.0,170.0,130.0,0.9737429213225461
210.0,170.0,140.0,1.0663744512272124
210.0,170.0,150.0,1.001821574922114
210.0,170.0,160.0,1.0352585606033315
210.0,170.0,170.0,0.9654771462766191
210.0,170.0,180.0,0.8076197803102886
210.0,170.0,190.0,0.5537003659026918
210.0,170.0,200.0,0.4191127675742803
210.0,170.0,210.0,0.2684976989824833
210.0,170.0,220.0,0.23722240838306421
210.0,170.0,230.0,0.09281564451206836
210.0,170.0,240.0,0.04711989348826723
210.0,170.0,250.0,0.0045658839991065715
210.0,170.0,260.0,0.007883398207461352
210.0,170.0,270.0,0.0
210.0,170.0,280.0,0.0
210.0,170.0,290.0,0.0
210.0,180.0,0.0,0.0
210.0,180.0,10.0,0.05104183320766398
210.0,180.0,20.0,0.0709841889105003
210.0,180.0,30.0,0.0
210.0,180.0,40.0,0.00626814932369647
210.0,180.0,50.0,0.0
210.0,180.0,60.0,0.07850446832022752
210.0,180.0,70.0,0.18654540489660917
210.0,180.0,80.0,0.2937386357592365
210.0,180.0,90.0,0.3691477718631156
210.0,180.0,100.0,0.4416455107971825
210.0,180.0,110.0,0.6857830501120404
210.0,180.0,120.0,0.807762874357933
210.0,180.0,130.0,0.9447123598780062
210.0,180.0,140.0,1.035495639336393
210.0,180.0,150.0,0.9112953298253481
210.0,180.0,160.0,0.9762991802116513
210.0,180.0,170.0,0.8053293536470588
210.0,180.0,180.0,0.7571036764733041
210.0,180.0,190.0,0.531572966355705
210.0,180.0,200.0,0.34861057732869205
210.0,180.0,210.0,0.33097986692703385
210.0,180.0,220.0,0.18943540079229038
210.0,180.0,230.0,0.10946717960740868
210.0,180.0,240.0,0.07940454815332876
210.0,180.0,250.0,0.0938835826165833
210.0,180.0,260.0,0.03521071991019259
210.0,180.0,270.0,0.08562647781393562
210.0,180.0,280.0,0.0
210.0,180.0,290.0,0.0
210.0,190.0,0.0,0.012313982499848114
210.0,190.0,10.0,0.05524408141699205
210.0,190.0,20.0,0.017761981392717934
210.0,190.0,30.0,0.04952339163945125
210.0,190.0,40.0,0.05532854901442617
210.0,190.0,50.0,0.02862264946487666
210.0,190.0,60.0,0.19869589122857068
210.0,190.0,70.0,0.23024690905864015
210.0,190.0,80.0,0.2173995976155509
210.0,190.0,90.0,0.35997586554494715
210.0,190.0,100.0,0.4497370586004279
210.0,190.0,110.0,0.7212573439082475
210.0,190.0,120.0,0.8185509102154594
210.0,190.0,130.0,0.8581224787804768
210.0,190.0,140.0,0.9802916211925926
210.0,190.0,150.0,0.9323843244764181
210.0,190.0,160.0,0.8095715861923345
210.0,190.0,170.0,0.7666480458688015
210.0,190.0,180.0,0.7399673862134213
210.0,190.0,190.0,0.4631194909725347
210.0,190.0,200.0,0.2914773750655026
210.0,190.0,210.0,0.18766129391264336
210.0,190.0,220.0,0.0705636608337699
210.0,190.0,230.0,0.126205248888956
210.0,190.0,240.0,0.14486672525322333
210.0,190.0,250.0,0.03319956514620542
210.0,190.0,260.0,0.0
210.0,190.0,270.0,0.0
210.0,190.0,280.0,0.04509422913618662
210.0,190.0,290.0,0.035255620889917225
210.0,200.0,0.0,0.0
210.0,200.0,10.0,0.0
210.0,200.0,20.0,0.0
210.0,200.0,30.0,0.009077431716353227
210.0,200.0,40.0,0.06662283233715488
210.0,200.0,50.0,0.06283702329035983
210.0,200.0,60.0,0.10347715682522493
210.0,200.0,70.0,0.16356827261500806
210.0,200.0,80.0,0.2637570150292418
210.0,200.0,90.0,0.3050683939445465
210.0,200.0,100.0,0.4613267138225562
210.0,200.0,110.0,0.6068464606589975
210.0,200.0,120.0,0.7666785483515101
210.0,200.0,130.0,0.8862523966158496
210.0,200.0,140.0,0.8525474017430709
210.0,200.0,150.0,0.9697609361829037
210.0,200.0,160.0,0.8300192207335576
210.0,200.0,170.0,0.7916695278481639
210.0,200.0,180.0,0.6630483245929745
210.0,200.0,190.0,0.4667184373403269
210.0,200.0,200.0,0.39552928161158174
210.0,200.0,210.0,0.22441100691904423
210.0,200.0,220.0,0.14472899180463739
210.0,200.0,230.0,0.09572453555074004
210.0,200.0,240.0,0.0880053521860024
210.0,200.0,250.0,0.05071522151111313
210.0,200.0,260.0,0.0
210.0,200.0,270.0,0.0
210.0,200.0,280.0,0.0
210.0,200.0,290.0,0.05585642384217182
210.0,210.0,0.0,0.0030636352320946867
210.0,210.0,10.0,0.0
210.0,210.0,20.0,0.0
210.0,210.0,30.0,0.0
210.0,210.0,40.0,0.034697079746638895
210.0,210.0,50.0,0.10009412730842698
210.0,210.0,60.0,0.024709383215131817
210.0,210.0,70.0,0.09383574006894145
210.0,210.0,80.0,0.27182022964893054
210.0,210.0,90.0,0.29035422282238066
210.0,210.0,100.0,0.5598752431862771
210.0,210.0,110.0,0.5328893563785266
210.0,210.0,120.0,0.6123742873582421
210.0,210.0,130.0,0.7324804947102949
210.0,210.0,140.0,0.7750075105587777
210.0,210.0,150.0,0.8203516754768574
210.0,210.0,160.0,0.6573561904166435
210.0,210.0,170.0,0.6831777037462926
210.0,210.0,180.0,0.4950639055123671
210.0,210.0,190.0,0.4583959144554936
210.0,210.0,200.0,0.3070875122258971
210.0,210.0,210.0,0.20565501793622726
210.0,210.0,220.0,0.14137707307793249
210.0,210.0,230.0,0.0
210.0,210.0,240.0,0.057168930128537784
210.0,210.0,250.0,0.07935369730222686
210.0,210.0,260.0,0.05230200369097638
210.0,210.0,270.0,0.0
210.0,210.0,280.0,0.02193243040585264
210.0,210.0,290.0,0.0
210.0,220.0,0.0,0.0612072254326892
210.0,220.0,10.0,0.03149691463348503
210.0,220.0,20.0,0.0
210.0,220.0,30.0,0.040369640995840395
210.0,220.0,40.0,0.0
210.0,220.0,50.0,0.0
210.0,220.0,60.0,0.11472426643492596
210.0,220.0,70.0,0.13887551782627744
210.0,220.0,80.0,0.22513465838587965
210.0,220.0,90.0,0.33191473324497917
210.0,220.0,100.0,0.4316102995750925
210.0,220.0,110.0,0.4986252927840651
210.0,220.0,120.0,0.552879208515717
210.0,220.0,130.0,0.6414030337225158
210.0,220.0,140.0,0.7601770823695154
210.0,220.0,150.0,0.7017376849813832
210.0,220.0,160.0,0.6793803915538695
210.0,220.0,170.0,0.611040939590105
210.0,220.0,180.0,0.5139395397582109
210.0,220.0,190.0,0.3871734425055697
210.0,220.0,200.0,0.29324196917834083
210.0,220.0,210.0,0.2568802664486613
210.0,220.0,220.0,0.17786763462550637
210.0,220.0,230.0,0.10176305723339944
210.0,220.0,240.0,0.0
210.0,220.0,250.0,0.06389611475603012
210.0,220.0,260.0,0.0
210.0,220.0,270.0,0.0
210.0,220.0,280.0,0.0
210.0,220.0,290.0,0.023399558297441215
210.0,230.0,0.0,0.04008305713580934
210.0,230.0,10.0,0.0
210.0,230.0,20.0,0.0036511570768331084
210.0,230.0,30.0,0.027852986611818342
210.0,230.0,40.0,0.023628436868022542
210.0,230.0,50.0,0.12247822243006741
210.0,230.0,60.0,0.0
210.0,230.0,70.0,0.13447268904226645
210.0,230.0,80.0,0.22796809395718676
210.0,230.0,90.0,0.24866268703813338
210.0,230.0,100.0,0.3318029272893292
210.0,230.0,110.0,0.41376706325017376
210.0,230.0,120.0,0.5757593574475102
210.0,230.0,130.0,0.5780821166807414
210.0,230.0,140.0,0.6175670885184157
210.0,230.0,150.0,0.5845645793775166
210.0,230.0,160.0,0.7193979282341563
210.0,230.0,170.0,0.47610270204420796
210.0,230.0,180.0,0.45395330707201437
210.0,230.0,190.0,0.38681154498140186
210.0,230.0,200.0,0.24568066653298917
210.0,230.0,210.0,0.11843605759210427
210.0,230.0,220.0,0.0515657236281893
210.0,230.0,230.0,0.18531465343903525
210.0,230.0,240.0,0.0
210.0,230.0,250.0,0.054718175016496964
210.0,230.0,260.0,0.04088835869559783
210.0,230.0,270.0,0.016828321305690366
210.0,230.0,280.0,0.055242938332310414
210.0,230.0,290.0,0.017245395318510368
210.0,240.0,0.0,0.0
210.0,240.0,10.0,0.0
210.0,240.0,20.0,0.030189341888989696
210.0,240.0,30.0,0.02272864059824912
210.0,240.0,40.0,0.03626628571219739
210.0,240.0,50.0,0.084398048169192
210.0,240.0,60.0,0.0
210.0,240.0,70.0,0.0918259055498801
210.0,240.0,80.0,0.19587523130504175
210.0,240.0,90.0,0.26746180720133034
210.0,240.0,100.0,0.30729300211134236
210.0,240.0,110.0,0.3952209105149896
210.0,240.0,120.0,0.4373906053197097
210.0,240.0,130.0,0.47211271152439455
210.0,240.0,140.0,0.48732668621813
210.0,240.0,150.0,0.5504299668476358
210.0,240.0,160.0,0.5575474696145566
210.0,240.0,170.0,0.4921836758044838
210.0,240.0,180.0,0.4058763329790154
210.0,240.0,190.0,0.32741434643097517
210.0,240.0,200.0,0.2039954169266645
210.0,240.0,210.0,0.09574540893409841
210.0,240.0,220.0,0.08479189212683516
210.0,240.0,230.0,0.019988882336031404
210.0,240.0,240.0,0.0
210.0,240.0,250.0,0.01641335079587791
210.0,240.0,260.0,0.0
210.0,240.0,270.0,0.0
210.0,240.0,280.0,0.0038796615334697818
210.0,240.0,290.0,0.0
210.0,250.0,0.0,0.0028591331325786146
210.0,250.0,10.0,0.04430698217017432
210.0,250.0,20.0,0.03725834933842286
210.0,250.0,30.0,0.04725812533426389
210.0,250.0,40.0,0.0
210.0,250.0,50.0,0.13399340168242568
210.0,250.0,60.0,0.0883115792742551
210.0,250.0,70.0,0.07073194134966238
210.0,250.0,80.0,0.1253051974760101
210.0,250.0,90.0,0.21386718792786513
210.0,250.0,100.0,0.2434088306496813
210.0,250.0,110.0,0.23575506513697578
210.0,250.0,120.0,0.42374878829090123
210.0,250.0,130.0,0.3841637103911849
210.0,250.0,140.0,0.5141853512971811
210.0,250.0,150.0,0.529691334860136
210.0,250.0,160.0,0.36708214760840135
210.0,250.0,170.0,0.3197494733913429
210.0,250.0,180.0,0.2639266060496083
210.0,250.0,190.0,0.23095585036220487
210.0,250.0,200.0,0.22255669365162073
210.0,250.0,210.0,0.16043159893734663
210.0,250.0,220.0,0.08628088433410407
210.0,250.0,230.0,0.06002877726727428
210.0,250.0,240.0,0.0
210.0,250.0,250.0,0.06561132007519303
210.0,250.0,260.0,0.03914845031190143
210.0,250.0,270.0,0.0
210.0,250.0,280.0,0.01713159035060359
210.0,250.0,290.0,0.0
210.0,260.0,0.0,0.0
210.0,260.0,10.0,0.0
210.0,260.0,20.0,0.0
210.0,260.0,30.0,0.037416969896876054
210.0,260.0,40.0,0.07114990047066977
210.0,260.0,50.0,0.010150000983079974
210.0,260.0,60.0,0.0
210.0,260.0,70.0,0.09444668468018196
210.0,260.0,80.0,0.15645271376718223
210.0,260.0,90.0,0.15723763811718183
210.0,260.0,100.0,0.17391960809147142
210.0,260.0,110.0,0.30955478282351356
210.0,260.0,120.0,0.3301378840711774
210.0,260.0,130.0,0.4055422731567733
210.0,260.0,140.0,0.45222887905092074
210.0,260.0,150.0,0.35212932307378064
210.0,260.0,160.0,0.35040551316101826
210.0,260.0,170.0,0.35755107466193464
210.0,260.0,180.0,0.37397752558422326
210.0,260.0,190.0,0.1002881447742284
210.0,260.0,200.0,0.10170697965658042
210.0,260.0,210.0,0.1344028428075403
210.0,260.0,220.0,0.11689437344860698
210.0,260.0,230.0,0.0
210.0,260.0,240.0,0.060454016069803024
210.0,260.0,250.0,0.0
210.0,260.0,260.0,0.09678105482377466
210.0,260.0,270.0,0.06886427694958948
210.0,260.0,280.0,0.006695551539608201
210.0,260.0,290.0,0.0
210.0,270.0,0.0,0.0
210.0,270.0,10.0,0.06868968862779201
210.0,270.0,20.0,0.018223956206606995
210.0,270.0,30.0,0.047762565202394025
210.0,270.0,40.0,0.023022716986231546
210.0,270.0,50.0,0.0
210.0,270.0,60.0,0.0
210.0,270.0,70.0,0.0933614126945169
210.0,270.0,80.0,0.09234862982671262
210.0,270.0,90.0,0.0890052297111624
210.0,270.0,100.0,0.10709220592305961
210.0,270.0,110.0,0.2772196396135316
210.0,270.0,120.0,0.1495613094414281
210.0,270.0,130.0,0.31753117542343273
210.0,270.0,140.0,0.3756813963351708
210.0,270.0,150.0,0.2700051692867019
210.0,270.0,160.0,0.23514068428233148
210.0,270.0,170.0,0.16794362535879004
210.0,270.0,180.0,0.23457153336428915
210.0,270.0,190.0,0.2024209656725416
210.0,270.0,200.0,0.09752720184590444
210.0,270.0,210.0,0.11980934318762067
210.0,270.0,220.0,0.03172466370697845
210.0,270.0,230.0,0.03268734857132337
210.0,270.0,240.0,0.012700611141028613
210.0,270.0,250.0,0.047066764477356
210.0,270.0,260.0,0.004877595665010858
210.0,270.0,270.0,0.0
210.0,270.0,280.0,0.0
210.0,270.0,290.0,0.04533802859611928
210.0,280.0,0.0,0.08220289296892612
210.0,280.0,10.0,0.14259429206382349
210.0,280.0,20.0,0.0
210.0,280.0,30.0,0.015024618919703778
210.0,280.0,40.0,0.0
210.0,280.0,50.0,0.0
210.0,280.0,60.0,0.12571378515281956
210.0,280.0,70.0,0.06365140532929012
210.0,280.0,80.0,0.0678074802650401
210.0,280.0,90.0,0.12760908772100785
210.0,280.0,100.0,0.18894246856880687
210.0,280.0,110.0,0.22314733714884916
210.0,280.0,120.0,0.1546019740896442
210.0,280.0,130.0,0.2727965972504024
210.0,280.0,140.0,0.15483203896536746
210.0,280.0,150.0,0.285627390185653
210.0,280.0,160.0,0.28104103118955664
210.0,280.0,170.0,0.22156469126309597
210.0,280.0,180.0,0.20346206741991407
210.0,280.0,190.0,0.10341581446417067
210.0,280.0,200.0,0.039612046095057196
210.0,280.0,210.0,0.11773308682305027
210.0,280.0,220.0,0.0
210.0,280.0,230.0,0.0
210.0,280.0,240.0,0.0
210.0,280.0,250.0,0.014482082334732718
210.0,280.0,260.0,0.0
210.0,280.0,270.0,0.031996450505092984
210.0,280.0,280.0,0.0
210.0,280.0,290.0,0.0
210.0,290.0,0.0,0.0
210.0,290.0,10.0,0.0
210.0,290.0,20.0,0.030596369884836747
210.0,290.0,30.0,0.03791002531883379
210.0,290.0,40.0,0.0
210.0,290.0,50.0,0.03087888872189802
210.0,290.0,60.0,0.025008756927098582
210.0,290.0,70.0,0.009918973701510875
210.0,290.0,80.0,0.0549899299170231
210.0,290.0,90.0,0.0893974377680459
210.0,290.0,100.0,0.15378774198174613
210.0,290.0,110.0,0.08799052171928382
210.0,290.0,120.0,0.3215978068795342
210.0,290.0,130.0,0.20273018431337567
210.0,290.0,140.0,0.17481742685403606
210.0,290.0,150.0,0.3618963095194309
210.0,290.0,160.0,0.2595164625228768
210.0,290.0,170.0,0.19634327392919526
210.0,290.0,180.0,0.11072029605374559
210.0,290.0,190.0,0.06293621976074412
210.0,290.0,200.0,0.06247585145525564
210.0,290.0,210.0,0.07156815127857873
210.0,290.0,220.0,0.054587663594425156
210.0,290.0,230.0,0.0574463419390088
210.0,290.0,240.0,0.06469013405776933
210.0,290.0,250.0,0.10268488086330656
210.0,290.0,260.0,0.0
210.0,290.0,270.0,0.0
210.0,290.0,280.0,0.0
210.0,290.0,290.0,0.0606707581461556
220.0,0.0,0.0,0.0
220.0,0.0,10.0,0.0
220.0,0.0,20.0,0.0
220.0,0.0,30.0,0.0
220.0,0.0,40.0,0.0
220.0,0.0,50.0,0.07369540732435484
220.0,0.0,60.0,0.05581324057648236
220.0,0.0,70.0,0.0
220.0,0.0,80.0,0.014654180467990892
220.0,0.0,90.0,0.0
220.0,0.0,100.0,0.0876948611685294
220.0,0.0,110.0,0.08677284922030858
220.0,0.0,120.0,0.12877615193212372
220.0,0.0,130.0,0.20438078341695426
220.0,0.0,140.0,0.15705964310752385
220.0,0.0,150.0,0.19878778125850508
220.0,0.0,160.0,0.22407453709587988
220.0,0.0,170.0,0.1309662122772039
220.0,0.0,180.0,0.07670006186811384
220.0,0.0,190.0,0.10394384354188585
220.0,0.0,200.0,0.031017662993217426
220.0,0.0,210.0,0.011154357621906384
220.0,0.0,220.0,0.10988532343788428
220.0,0.0,230.0,0.03146165902202731
220.0,0.0,240.0,0.02138539658601887
220.0,0.0,250.0,0.004635952544285
220.0,0.0,260.0,0.03981120240678816
220.0,0.0,270.0,0.0
220.0,0.0,280.0,0.06870535434298013
220.0,0.0,290.0,0.04369847242463931
220.0,10.0,0.0,0.0921725241729993
220.0,10.0,10.0,0.0
220.0,10.0,20.0,0.0
220.0,10.0,30.0,0.0
220.0,10.0,40.0,0.0
220.0,10.0,50.0,0.1017632835031435
220.0,10.0,60.0,0.010306268601192008
220.0,10.0,70.0,0.014468587661485451
220.0,10.0,80.0,0.12671666426549902
220.0,10.0,90.0,0.12755941182460065
220.0,10.0,100.0,0.1677486045361818
220.0,10.0,110.0,0.21582088983426817
220.0,10.0,120.0,0.09837432529536952
220.0,10.0,130.0,0.20835316045529076
220.0,10.0,140.0,0.14749164725297845
220.0,10.0,150.0,0.21825575447181927
220.0,10.0,160.0,0.14041728568330464
220.0,10.0,170.0,0.2649051003625817
220.0,10.0,180.0,0.1838395705260906
220.0,10.0,190.0,0.10735806390066151
220.0,10.0,200.0,0.08823638757799529
220.0,10.0,210.0,0.09517578284097349
220.0,10.0,220.0,0.10675926028491195
220.0,10.0,230.0,0.0
220.0,10.0,240.0,0.10844122497297284
220.0,10.0,250.0,0.0563794770597038
220.0,10.0,260.0,0.0
220.0,10.0,270.0,0.0
220.0,10.0,280.0,0.0
220.0,10.0,290.0,0.0
220.0,20.0,0.0,0.0
220.0,20.0,10.0,0.0
220.0,20.0,20.0,0.04412155423143967
220.0,20.0,30.0,0.0
220.0,20.0,40.0,0.04021818086669083
220.0,20.0,50.0,0.020389057550457067
220.0,20.0,60.0,0.046767194547424965
220.0,20.0,70.0,0.0
220.0,20.0,80.0,0.1041137280565256
220.0,20.0,90.0,0.132962996945651
220.0,20.0,100.0,0.07338624894398561
220.0,20.0,110.0,0.23274806313900365
220.0,20.0,120.0,0.21725441140473423
220.0,20.0,130.0,0.2737534317476162
220.0,20.0,140.0,0.30241791247691424
220.0,20.0,150.0,0.193941926601701
220.0,20.0,160.0,0.22690089471098357
220.0,20.0,170.0,0.23862297989593254
220.0,20.0,180.0,0.13040171581486093
220.0,20.0,190.0,0.1270054571899289
220.0,20.0,200.0,0.13483951456851484
220.0,20.0,210.0,0.02021408950550886
220.0,20.0,220.0,0.0
220.0,20.0,230.0,0.0592803656732034
220.0,20.0,240.0,0.05046496405316418
220.0,20.0,250.0,0.026748436203384476
220.0,20.0,260.0,0.15871570639834442
220.0,20.0,270.0,0.0011229341729634369
220.0,20.0,280.0,0.011266351452575417
220.0,20.0,290.0,0.0
220.0,30.0,0.0,0.015765356995285657
220.0,30.0,10.0,0.0
220.0,30.0,20.0,0.0
220.0,30.0,30.0,0.0020959929756659244
220.0,30.0,40.0,0.02695649154621926
220.0,30.0,50.0,0.05634096952198479
220.0,30.0,60.0,0.062377131567404154
220.0,30.0,70.0,0.020530609915113227
220.0,30.0,80.0,0.14351397215811848
220.0,30.0,90.0,0.17929070220251045
220.0,30.0,100.0,0.20048666485215022
220.0,30.0,110.0,0.2173510095195944
220.0,30.0,120.0,0.3171562896470259
220.0,30.0,130.0,0.3183154010274719
220.0,30.0,140.0,0.3397651630491211
220.0,30.0,150.0,0.31468964898968654
220.0,30.0,160.0,0.23333429742974118
220.0,30.0,170.0,0.31925252311788455
220.0,30.0,180.0,0.1834990549805915
220.0,30.0,190.0,0.1436470026793995
220.0,30.0,200.0,0.1926795664580625
220.0,30.0,210.0,0.11851835810507648
220.0,30.0,220.0,0.007268576551394172
220.0,30.0,230.0,0.043731229619902674
220.0,30.0,240.0,0.029715189582495666
220.0,30.0,250.0,0.0
220.0,30.0,260.0,0.021664121157966808
220.0,30.0,270.0,0.0
220.0,30.0,280.0,0.0
220.0,30.0,290.0,0.0
220.0,40.0,0.0,0.0
220.0,40.0,10.0,0.0
220.0,40.0,20.0,0.03368098341838275
220.0,40.0,30.0,0.02380900922403194
220.0,40.0,40.0,0.0
220.0,40.0,50.0,0.049408995749153056
220.0,40.0,60.0,0.06422552983121216
220.0,40.0,70.0,0.1320249430636588
220.0,40.0,80.0,0.06811626317974379
220.0,40.0,90.0,0.10597963738749397
220.0,40.0,100.0,0.18154766561871874
220.0,40.0,110.0,0.20697914322442273
220.0,40.0,120.0,0.2878713503377059
220.0,40.0,130.0,0.35414121089545475
220.0,40.0,140.0,0.3496614114552765
220.0,40.0,150.0,0.3554545141337474
220.0,40.0,160.0,0.25515958402558286
220.0,40.0,170.0,0.3383095656811333
220.0,40.0,180.0,0.3106842351801064
220.0,40.0,190.0,0.13004324696229677
220.0,40.0,200.0,0.18502167492426688
220.0,40.0,210.0,0.24131506375430972
220.0,40.0,220.0,0.0
220.0,40.0,230.0,0.03845369667207802
220.0,40.0,240.0,0.0
220.0,40.0,250.0,0.0
220.0,40.0,260.0,0.0017588613836816997
220.0,40.0,270.0,0.0
220.0,40.0,280.0,0.06516682193566578
220.0,40.0,290.0,0.0
220.0,50.0,0.0,0.0
220.0,50.0,10.0,0.0037485280144095414
220.0,50.0,20.0,0.0
220.0,50.0,30.0,0.009616870271504818
220.0,50.0,40.0,0.0
220.0,50.0,50.0,0.07818294224094098
220.0,50.0,60.0,0.011297226066553284
220.0,50.0,70.0,0.1435160462205372
220.0,50.0,80.0,0.15738176935435677
220.0,50.0,90.0,0.07068575738646926
220.0,50.0,100.0,0.15377400994506935
220.0,50.0,110.0,0.2892015479620857
220.0,50.0,120.0,0.39420327640308267
220.0,50.0,130.0,0.4297892750640167
220.0,50.0,140.0,0.41404702419356854
220.0,50.0,150.0,0.49296621691810266
220.0,50.0,160.0,0.43107701757400035
220.0,50.0,170.0,0.37448885876214216
220.0,50.0,180.0,0.3103860135159877
220.0,50.0,190.0,0.2823656808069954
220.0,50.0,200.0,0.15813352878562545
220.0,50.0,210.0,0.16661406989538785
220.0,50.0,220.0,0.07178954781823116
220.0,50.0,230.0,0.01832825780371149
220.0,50.0,240.0,0.014768048001392437
220.0,50.0,250.0,0.0
220.0,50.0,260.0,0.07125106325429821
220.0,50.0,270.0,0.0
220.0,50.0,280.0,0.0
220.0,50.0,290.0,0.00508207606838083
220.0,60.0,0.0,0.0
220.0,60.0,10.0,0.0
220.0,60.0,20.0,0.020936763023829776
220.0,60.0,30.0,0.0
220.0,60.0,40.0,0.037711363672063555
220.0,60.0,50.0,0.1566138167017006
220.0,60.0,60.0,0.0
220.0,60.0,70.0,0.010881471378323349
220.0,60.0,80.0,0.19030000108069572
220.0,60.0,90.0,0.2279930743718342
220.0,60.0,100.0,0.2750995509386735
220.0,60.0,110.0,0.3081169545376582
220.0,60.0,120.0,0.3687505418165609
220.0,60.0,130.0,0.4670613901686971
220.0,60.0,140.0,0.5003109895480027
220.0,60.0,150.0,0.5496310663474915
220.0,60.0,160.0,0.4589670370716267
220.0,60.0,170.0,0.5227901318223105
220.0,60.0,180.0,0.31121153326830314
220.0,60.0,190.0,0.13718912093853597
220.0,60.0,200.0,0.1778924876842949
220.0,60.0,210.0,0.12214000649026235
220.0,60.0,220.0,0.151974170583354
220.0,60.0,230.0,0.04020319830569662
220.0,60.0,240.0,0.0
220.0,60.0,250.0,0.10496562672462693
220.0,60.0,260.0,0.0
220.0,60.0,270.0,0.0
220.0,60.0,280.0,0.04997417644425673
220.0,60.0,290.0,0.0
220.0,70.0,0.0,0.0999381351426413
220.0,70.0,10.0,0.0
220.0,70.0,20.0,0.0
220.0,70.0,30.0,0.012552326991665174
220.0,70.0,40.0,0.10057311897349926
220.0,70.0,50.0,0.15638914917182395
220.0,70.0,60.0,0.09586371042011685
220.0,70.0,70.0,0.049653695315441226
220.0,70.0,80.0,0.21930208620080288
220.0,70.0,90.0,0.21011672539866932
220.0,70.0,100.0,0.2818105059438666
220.0,70.0,110.0,0.431658379969081
220.0,70.0,120.0,0.4949089817710054
220.0,70.0,130.0,0.4759693175503196
220.0,70.0,140.0,0.5258004109993569
220.0,70.0,150.0,0.5977848138166738
220.0,70.0,160.0,0.6202208082136625
220.0,70.0,170.0,0.4966295034316562
220.0,70.0,180.0,0.5120003675645284
220.0,70.0,190.0,0.27982495171643523
220.0,70.0,200.0,0.2784182603792326
220.0,70.0,210.0,0.1788993296848001
220.0,70.0,220.0,0.16574513427219661
220.0,70.0,230.0,0.014490329137151398
220.0,70.0,240.0,0.07749024018574663
220.0,70.0,250.0,0.0
220.0,70.0,260.0,0.09808170825616953
220.0,70.0,270.0,0.0527072925888013
220.0,70.0,280.0,0.0
220.0,70.0,290.0,0.0
220.0,80.0,0.0,0.0
220.0,80.0,10.0,0.096028703642003
220.0,80.0,20.0,0.08307314412894859
220.0,80.0,30.0,0.0
220.0,80.0,40.0,0.0
220.0,80.0,50.0,0.018007984747296285
220.0,80.0,60.0,0.04285548702141745
220.0,80.0,70.0,0.14605845462535655
220.0,80.0,80.0,0.1451097681189022
220.0,80.0,90.0,0.30150786712941313
220.0,80.0,100.0,0.3934086731758838
220.0,80.0,110.0,0.4253278222024805
220.0,80.0,120.0,0.5558088382558125
220.0,80.0,130.0,0.6137838175133621
220.0,80.0,140.0,0.6287618041856391
220.0,80.0,150.0,0.5990329633216488
220.0,80.0,160.0,0.5671109788557359
220.0,80.0,170.0,0.5698507308686309
220.0,80.0,180.0,0.4434235317526162
220.0,80.0,190.0,0.3778613328647086
220.0,80.0,200.0,0.24518956489353558
220.0,80.0,210.0,0.09564123286904538
220.0,80.0,220.0,0.0961261510727307
220.0,80.0,230.0,0.11316638367980392
220.0,80.0,240.0,0.0
220.0,80.0,250.0,0.08409476191786047
220.0,80.0,260.0,0.0
220.0,80.0,270.0,0.10721410350108256
220.0,80.0,280.0,0.046594145610808296
220.0,80.0,290.0,0.0
220.0,90.0,0.0,0.0
220.0,90.0,10.0,0.0
220.0,90.0,20.0,0.0
220.0,90.0,30.0,0.0
220.0,90.0,40.0,0.045420811995133654
220.0,90.0,50.0,0.0
220.0,90.0,60.0,0.05361414420260158
220.0,90.0,70.0,0.0777874997218037
220.0,90.0,80.0,0.20965900014530597
220.0,90.0,90.0,0.267158089367055
220.0,90.0,100.0,0.3790273683375875
220.0,90.0,110.0,0.4912730144411544
220.0,90.0,120.0,0.5644718342701879
220.0,90.0,130.0,0.5537945284652893
220.0,90.0,140.0,0.6841135707448353
220.0,90.0,150.0,0.7860654008088611
220.0,90.0,160.0,0.6898739350108585
220.0,90.0,170.0,0.5420660093591516
220.0,90.0,180.0,0.511535021213643
220.0,90.0,190.0,0.37583614376922825
220.0,90.0,200.0,0.28076936669814734
220.0,90.0,210.0,0.16291564825452856
220.0,90.0,220.0,0.10233979615720709
220.0,90.0,230.0,0.11109693791958067
220.0,90.0,240.0,0.0
220.0,90.0,250.0,0.04068968152128169
220.0,90.0,260.0,0.0
220.0,90.0,270.0,0.07019027283137581
220.0,90.0,280.0,0.03174544138082672
220.0,90.0,290.0,0.0
220.0,100.0,0.0,0.0
220.0,100.0,10.0,0.007934477271744626
220.0,100.0,20.0,0.008075454333787549
220.0,100.0,30.0,0.0
220.0,100.0,40.0,0.07793876521079325
220.0,100.0,50.0,0.12651431141660865
220.0,100.0,60.0,0.10830662243816497
220.0,100.0,70.0,0.08184330022075924
220.0,100.0,80.0,0.19316947308231555
220.0,100.0,90.0,0.2126015328693797
220.0,100.0,100.0,0.4102050174811433
220.0,100.0,110.0,0.6146173447448869
220.0,100.0,120.0,0.6422990383454636
220.0,100.0,130.0,0.7846597177970457
220.0,100.0,140.0,0.7381051368819597
220.0,100.0,150.0,0.6714564890321139
220.0,100.0,160.0,0.7244257109307262
220.0,100.0,170.0,0.5753864696676487
220.0,100.0,180.0,0.5053850526978898
220.0,100.0,190.0,0.38915716164942016
220.0,100.0,200.0,0.39749949810184115
220.0,100.0,210.0,0.18450022004048175
220.0,100.0,220.0,0.13389044927123125
220.0,100.0,230.0,0.0
220.0,100.0,240.0,0.07725333464216923
220.0,100.0,250.0,0.0
220.0,100.0,260.0,0.0
220.0,100.0,270.0,0.0
220.0,100.0,280.0,0.0
220.0,100.0,290.0,0.006752486760115214
220.0,110.0,0.0,0.0
220.0,110.0,10.0,0.0
220.0,110.0,20.0,0.0
220.0,110.0,30.0,0.0
220.0,110.0,40.0,0.05149698181467044
220.0,110.0,50.0,0.08204219427687282
220.0,110.0,60.0,0.07020475757587172
220.0,110.0,70.0,0.18527910850599694
220.0,110.0,80.0,0.14397842921132573
220.0,110.0,90.0,0.32675649677313073
220.0,110.0,100.0,0.4799336823195334
220.0,110.0,110.0,0.5268529374748819
220.0,110.0,120.0,0.7836650051848623
220.0,110.0,130.0,0.7772598160043415
220.0,110.0,140.0,0.7839891516490414
220.0,110.0,150.0,0.885959145355171
220.0,110.0,160.0,0.6366064368319415
220.0,110.0,170.0,0.7277981360318948
220.0,110.0,180.0,0.512629760273655
220.0,110.0,190.0,0.414784407829045
220.0,110.0,200.0,0.3197374799783729
220.0,110.0,210.0,0.2332783836376966
220.0,110.0,220.0,0.09610733054924599
220.0,110.0,230.0,0.05835647478958336
220.0,110.0,240.0,0.10359193466807376
220.0,110.0,250.0,0.014012027131095818
220.0,110.0,260.0,0.0
220.0,110.0,270.0,0.0
220.0,110.0,280.0,0.0
220.0,110.0,290.0,0.003492846005504688
220.0,120.0,0.0,0.0038119220906863618
220.0,120.0,10.0,0.05739310905452283
220.0,120.0,20.0,0.0
220.0,120.0,30.0,0.0
220.0,120.0,40.0,0.005064182603017449
220.0,120.0,50.0,0.023975407851268563
220.0,120.0,60.0,0.0
220.0,120.0,70.0,0.11858414984797924
220.0,120.0,80.0,0.2946982385949372
220.0,120.0,90.0,0.3879495155663923
220.0,120.0,100.0,0.5171887368509223
220.0,120.0,110.0,0.6218418161869237
220.0,120.0,120.0,0.7228399128644549
220.0,120.0,130.0,0.8225206055743557
220.0,120.0,140.0,0.845420748316055
220.0,120.0,150.0,0.8578773090744414
220.0,120.0,160.0,0.9481280182819036
220.0,120.0,170.0,0.7828368492342829
220.0,120.0,180.0,0.6625839338608357
220.0,120.0,190.0,0.40065546134131863
220.0,120.0,200.0,0.33387301710064465
220.0,120.0,210.0,0.22324196855720763
220.0,120.0,220.0,0.18360118943755727
220.0,120.0,230.0,0.046986007049923804
220.0,120.0,240.0,0.14359517660879065
220.0,120.0,250.0,0.0
220.0,120.0,260.0,0.0
220.0,120.0,270.0,0.0073139484899160615
220.0,120.0,280.0,0.03680091716971481
220.0,120.0,290.0,0.0
220.0,130.0,0.0,0.0
220.0,130.0,10.0,0.016049536718803187
220.0,130.0,20.0,0.06644225596691943
220.0,130.0,30.0,0.036603179346729575
220.0,130.0,40.0,0.11199769145571563
220.0,130.0,50.0,0.03075736389381918
220.0,130.0,60.0,0.1529597509022827
220.0,130.0,70.0,0.13067030070999874
220.0,130.0,80.0,0.2764381555482881
220.0,130.0,90.0,0.3281363301641867
220.0,130.0,100.0,0.4521051771474281
220.0,130.0,110.0,0.5942006623902322
220.0,130.0,120.0,0.8276313594319928
220.0,130.0,130.0,0.9212316332414575
220.0,130.0,140.0,0.91049107850747
220.0,130.0,150.0,0.9204937050984943
220.0,130.0,160.0,0.8659386195859834
220.0,130.0,170.0,0.7399657846001223
220.0,130.0,180.0,0.6057648226979498
220.0,130.0,190.0,0.44079302569088785
220.0,130.0,200.0,0.37568764087983475
220.0,130.0,210.0,0.2393088636159032
220.0,130.0,220.0,0.12766661267865262
220.0,130.0,230.0,0.15153057951616922
220.0,130.0,240.0,0.15602914813138308
220.0,130.0,250.0,0.023013543338552822
220.0,130.0,260.0,0.11332556772857999
220.0,130.0,270.0,0.0493046010261883
220.0,130.0,280.0,0.07195399096700214
220.0,130.0,290.0,0.0
220.0,140.0,0.0,0.05240673861129002
220.0,140.0,10.0,0.002131530468148403
220.0,140.0,20.0,0.014651586521622932
220.0,140.0,30.0,0.06648581674883276
220.0,140.0,40.0,0.0
220.0,140.0,50.0,0.09488755464279869
220.0,140.0,60.0,0.11290870852639677
220.0,140.0,70.0,0.12288274390582857
220.0,140.0,80.0,0.2080608640019127
220.0,140.0,90.0,0.39172659109012525
220.0,140.0,100.0,0.5396510686305057
220.0,140.0,110.0,0.5657358132220164
220.0,140.0,120.0,0.8014295444235268
220.0,140.0,130.0,0.7845624172922624
220.0,140.0,140.0,0.9027184989080577
220.0,140.0,150.0,0.8463451676551753
220.0,140.0,160.0,0.823597458316501
220.0,140.0,170.0,0.7718082756582786
220.0,140.0,180.0,0.655803276625001
220.0,140.0,190.0,0.43974088968738184
220.0,140.0,200.0,0.3814595469062543
220.0,140.0,210.0,0.25661427582881996
220.0,140.0,220.0,0.200756317560699
220.0,140.0,230.0,0.025507912353683673
220.0,140.0,240.0,0.12527394249845336
220.0,140.0,250.0,0.0
220.0,140.0,260.0,0.04632990741841497
220.0,140.0,270.0,0.0030483504585717552
220.0,140.0,280.0,0.0
220.0,140.0,290.0,0.015182949496107913
220.0,150.0,0.0,0.0
220.0,150.0,10.0,0.0
220.0,150.0,20.0,0.0
220.0,150.0,30.0,0.0
220.0,150.0,40.0,0.0
220.0,150.0,50.0,0.08951202297683068
220.0,150.0,60.0,0.1537952056287339
220.0,150.0,70.0,0.16098599894310545
220.0,150.0,80.0,0.2368974719911338
220.0,150.0,90.0,0.3114629818924381
220.0,150.0,100.0,0.4420301852355689
220.0,150.0,110.0,0.6046809744976981
220.0,150.0,120.0,0.7995788965108109
220.0,150.0,130.0,0.8408654667115989
220.0,150.0,140.0,0.9258874951319017
220.0,150.0,150.0,1.0135732698930615
220.0,150.0,160.0,0.8133192199539735
220.0,150.0,170.0,0.7751827602811198
220.0,150.0,180.0,0.5790231785449427
220.0,150.0,190.0,0.4658891769912232
220.0,150.0,200.0,0.41440045583429225
220.0,150.0,210.0,0.278641945821948
220.0,150.0,220.0,0.13395262484423254
220.0,150.0,230.0,0.08873282026704819
220.0,150.0,240.0,0.06974736928889017
220.0,150.0,250.0,0.06845776631648984
220.0,150.0,260.0,0.026824703729030203
220.0,150.0,270.0,0.007131680232271311
220.0,150.0,280.0,0.0019207395894231686
220.0,150.0,290.0,0.0
220.0,160.0,0.0,0.07756559072062402
220.0,160.0,10.0,0.00042495832126254653
220.0,160.0,20.0,0.0
220.0,160.0,30.0,0.0
220.0,160.0,40.0,0.06046156365312225
220.0,160.0,50.0,0.0
220.0,160.0,60.0,0.14397705539669767
220.0,160.0,70.0,0.09612851217645196
220.0,160.0,80.0,0.1897842612674893
220.0,160.0,90.0,0.4146106708241164
220.0,160.0,100.0,0.49469839501386914
220.0,160.0,110.0,0.6214956097788542
220.0,160.0,120.0,0.7254222880493669
220.0,160.0,130.0,0.7917646795639832
220.0,160.0,140.0,0.9425647730674732
220.0,160.0,150.0,0.8775604427615227
220.0,160.0,160.0,0.7942942007828186
220.0,160.0,170.0,0.7306762405999285
220.0,160.0,180.0,0.6280605704846474
220.0,160.0,190.0,0.4852000665323828
220.0,160.0,200.0,0.34775336537824736
220.0,160.0,210.0,0.1949675054142802
220.0,160.0,220.0,0.15521209738793817
220.0,160.0,230.0,0.1302835256585797
220.0,160.0,240.0,0.03011919925448371
220.0,160.0,250.0,0.014181707969412208
220.0,160.0,260.0,0.11986166643134319
220.0,160.0,270.0,0.011507361376410457
220.0,160.0,280.0,0.0
220.0,160.0,290.0,0.04762299509028764
220.0,170.0,0.0,0.021919567949434532
220.0,170.0,10.0,0.056665912191682065
220.0,170.0,20.0,0.045952421538149865
220.0,170.0,30.0,0.0
220.0,170.0,40.0,0.031382000965393994
220.0,170.0,50.0,0.01737198233954978
220.0,170.0,60.0,0.13740887206231409
220.0,170.0,70.0,0.18160474652325936
220.0,170.0,80.0,0.28041488545532206
220.0,170.0,90.0,0.3224397820676674
220.0,170.0,100.0,0.4857971498095419
220.0,170.0,110.0,0.616183417357018
220.0,170.0,120.0,0.7034341566995671
220.0,170.0,130.0,0.8054373339810965
220.0,170.0,140.0,0.832765926249914
220.0,170.0,150.0,0.8637621323236833
220.0,170.0,160.0,0.8316580038294848
220.0,170.0,170.0,0.7204484310955628
220.0,170.0,180.0,0.5791683393978065
220.0,170.0,190.0,0.4176613522703627
220.0,170.0,200.0,0.3659406092241023
220.0,170.0,210.0,0.22133356876967145
220.0,170.0,220.0,0.12855032604554636
220.0,170.0,230.0,0.24274422623509853
220.0,170.0,240.0,0.11421492149489695
220.0,170.0,250.0,0.024067727262457362
220.0,170.0,260.0,0.027885164300674878
220.0,170.0,270.0,0.0
220.0,170.0,280.0,0.0
220.0,170.0,290.0,0.0
220.0,180.0,0.0,0.02844372481249731
220.0,180.0,10.0,0.045565663883294194
220.0,180.0,20.0,0.026762487599248812
220.0,180.0,30.0,0.0
220.0,180.0,40.0,0.08883183673051467
220.0,180.0,50.0,0.048569303528387994
220.0,180.0,60.0,0.05276893757694542
220.0,180.0,70.0,0.12701624204488757
220.0,180.0,80.0,0.20701895015045368
220.0,180.0,90.0,0.36641222387131733
220.0,180.0,100.0,0.44502909412252034
220.0,180.0,110.0,0.5214779419766984
220.0,180.0,120.0,0.6733144808297032
220.0,180.0,130.0,0.8503884994477905
220.0,180.0,140.0,0.8593428109762028
220.0,180.0,150.0,0.8557159648661344
220.0,180.0,160.0,0.8618891151319056
220.0,180.0,170.0,0.6196845926382474
220.0,180.0,180.0,0.5993003750481812
220.0,180.0,190.0,0.3256657831298659
220.0,180.0,200.0,0.23924354808081222
220.0,180.0,210.0,0.16507745739530927
220.0,180.0,220.0,0.14733682610159218
220.0,180.0,230.0,0.05833409035165783
220.0,180.0,240.0,0.14487504832361559
220.0,180.0,250.0,0.055191851836050146
220.0,180.0,260.0,0.06619878149981841
220.0,180.0,270.0,0.0
220.0,180.0,280.0,0.0
220.0,180.0,290.0,0.0673437309823291
220.0,190.0,0.0,0.0
220.0,190.0,10.0,0.044082802435424034
220.0,190.0,20.0,0.0
220.0,190.0,30.0,0.0
220.0,190.0,40.0,0.0
220.0,190.0,50.0,0.16588868060857628
220.0,190.0,60.0,0.10189347073406961
220.0,190.0,70.0,0.16089744099014225
220.0,190.0,80.0,0.21943372270402117
220.0,190.0,90.0,0.3239557521630484
220.0,190.0,100.0,0.44295575354337646
220.0,190.0,110.0,0.5741466095421259
220.0,190.0,120.0,0.6862519981888975
220.0,190.0,130.0,0.6708060124952214
220.0,190.0,140.0,0.8825738702205679
220.0,190.0,150.0,0.6845250171158508
220.0,190.0,160.0,0.7159998163389685
220.0,190.0,170.0,0.6529528636428744
220.0,190.0,180.0,0.5289351080956
220.0,190.0,190.0,0.40844870415939255
220.0,190.0,200.0,0.2197025751061389
220.0,190.0,210.0,0.2656328421124105
220.0,190.0,220.0,0.20747237501098417
220.0,190.0,230.0,0.03836397171024957
220.0,190.0,240.0,0.10711840764161448
220.0,190.0,250.0,0.08066424049396749
220.0,190.0,260.0,0.0
220.0,190.0,270.0,0.014092401437273142
220.0,190.0,280.0,0.0
220.0,190.0,290.0,0.0008233188395907658
220.0,200.0,0.0,0.0
220.0,200.0,10.0,0.0
220.0,200.0,20.0,0.0
220.0,200.0,30.0,0.14981609562185133
220.0,200.0,40.0,0.0
220.0,200.0,50.0,0.026994150605409307
220.0,200.0,60.0,0.12119486192760781
220.0,200.0,70.0,0.16057509784662022
220.0,200.0,80.0,0.13441302629733493
220.0,200.0,90.0,0.18759510120942863
220.0,200.0,100.0,0.43030854456238765
220.0,200.0,110.0,0.4246536581017881
220.0,200.0,120.0,0.5576559520731978
220.0,200.0,130.0,0.6513076526435321
220.0,200.0,140.0,0.6986802573888576
220.0,200.0,150.0,0.6787318055778854
220.0,200.0,160.0,0.6055560240865628
220.0,200.0,170.0,0.5284253506962955
220.0,200.0,180.0,0.505600617753661
220.0,200.0,190.0,0.40322514561077744
220.0,200.0,200.0,0.18668530584033857
220.0,200.0,210.0,0.18169642599333982
220.0,200.0,220.0,0.06610101343497606
220.0,200.0,230.0,0.04823844886040092
220.0,200.0,240.0,0.08720731576801431
220.0,200.0,250.0,0.018999880390888443
220.0,200.0,260.0,0.0
220.0,200.0,270.0,0.022681923630663375
220.0,200.0,280.0,0.06182758679389021
220.0,200.0,290.0,0.012422645013161303
220.0,210.0,0.0,0.022750008572277602
220.0,210.0,10.0,0.10241677980103682
220.0,210.0,20.0,0.06869631007999903
220.0,210.0,30.0,0.0
220.0,210.0,40.0,0.01982218116317578
220.0,210.0,50.0,0.04158270666323328
220.0,210.0,60.0,0.05697061306117042
220.0,210.0,70.0,0.1531507888644832
220.0,210.0,80.0,0.15436084898695487
220.0,210.0,90.0,0.2270274019025589
220.0,210.0,100.0,0.3205320342215509
220.0,210.0,110.0,0.4173609619649419
220.0,210.0,120.0,0.5694737346390656
220.0,210.0,130.0,0.5256699575040981
220.0,210.0,140.0,0.6516941596230268
220.0,210.0,150.0,0.6726552536745672
220.0,210.0,160.0,0.5754805606708423
220.0,210.0,170.0,0.5478467402742249
220.0,210.0,180.0,0.49456166165926235
220.0,210.0,190.0,0.47794994521920864
220.0,210.0,200.0,0.3220284111785852
220.0,210.0,210.0,0.12271543781189827
220.0,210.0,220.0,0.08759420941335327
220.0,210.0,230.0,0.0
220.0,210.0,240.0,0.005114156559511376
220.0,210.0,250.0,0.011063650470253466
220.0,210.0,260.0,0.03560321531025461
220.0,210.0,270.0,0.016978917422548853
220.0,210.0,280.0,0.0
220.0,210.0,290.0,0.006508086943196592
220.0,220.0,0.0,0.04240186921139709
220.0,220.0,10.0,0.03553953737663328
220.0,220.0,20.0,0.0
220.0,220.0,30.0,0.06286590448129738
220.0,220.0,40.0,0.0
220.0,220.0,50.0,0.0
220.0,220.0,60.0,0.008994437005427888
220.0,220.0,70.0,0.029454587469845944
220.0,220.0,80.0,0.19061532457055935
220.0,220.0,90.0,0.29454531962682895
220.0,220.0,100.0,0.36025030043003253
220.0,220.0,110.0,0.4075770566518944
220.0,220.0,120.0,0.5049627059077932
220.0,220.0,130.0,0.5289935114810179
220.0,220.0,140.0,0.6164312722501768
220.0,220.0,150.0,0.5921670300887119
220.0,220.0,160.0,0.5983055240440817
220.0,220.0,170.0,0.45233239232398165
220.0,220.0,180.0,0.4184912063568926
220.0,220.0,190.0,0.24057138257696453
220.0,220.0,200.0,0.24195633964972238
220.0,220.0,210.0,0.10804026864447164
220.0,220.0,220.0,0.1550151394543866
220.0,220.0,230.0,0.07413794899973593
220.0,220.0,240.0,0.03668427926204879
220.0,220.0,250.0,0.034563838770021
220.0,220.0,260.0,0.0
220.0,220.0,270.0,0.008509075934645588
220.0,220.0,280.0,0.0
220.0,220.0,290.0,0.027258407619864308
220.0,230.0,0.0,0.0
220.0,230.0,10.0,0.016444804371312613
220.0,230.0,20.0,0.06240928078342648
220.0,230.0,30.0,0.0
220.0,230.0,40.0,0.06011661318741951
220.0,230.0,50.0,0.0
220.0,230.0,60.0,0.05483211141196557
220.0,230.0,70.0,0.04316455964064295
220.0,230.0,80.0,0.158125735280316
220.0,230.0,90.0,0.1363132683580972
220.0,230.0,100.0,0.2625144010788075
220.0,230.0,110.0,0.29919509213185785
220.0,230.0,120.0,0.49792553840992687
220.0,230.0,130.0,0.509563459355497
220.0,230.0,140.0,0.49983184765484145
220.0,230.0,150.0,0.5084360063130802
220.0,230.0,160.0,0.5023184952037587
220.0,230.0,170.0,0.3931710545604043
220.0,230.0,180.0,0.36786425670012574
220.0,230.0,190.0,0.36331303726162173
220.0,230.0,200.0,0.10100754794721267
220.0,230.0,210.0,0.12447484235129055
220.0,230.0,220.0,0.09541944873872539
220.0,230.0,230.0,0.05533761812044195
220.0,230.0,240.0,0.0
220.0,230.0,250.0,0.0
220.0,230.0,260.0,0.002174521141454373
220.0,230.0,270.0,0.0
220.0,230.0,280.0,0.09172995691847594
220.0,230.0,290.0,0.004856540165210401
220.0,240.0,0.0,0.0
220.0,240.0,10.0,0.0
220.0,240.0,20.0,0.03435380014172323
220.0,240.0,30.0,0.0
220.0,240.0,40.0,0.0
220.0,240.0,50.0,0.07049304484088192
220.0,240.0,60.0,0.0
220.0,240.0,70.0,0.047021150605697254
220.0,240.0,80.0,0.08716129928056318
220.0,240.0,90.0,0.170944683981855
220.0,240.0,100.0,0.22333806022345828
220.0,240.0,110.0,0.4098959029865297
220.0,240.0,120.0,0.3424914250264702
220.0,240.0,130.0,0.47493421712704037
220.0,240.0,140.0,0.4110613067089989
220.0,240.0,150.0,0.4685399509094479
220.0,240.0,160.0,0.35742925600214787
220.0,240.0,170.0,0.38325709257694013
220.0,240.0,180.0,0.27728611727962527
220.0,240.0,190.0,0.20685135285496808
220.0,240.0,200.0,0.1691132175277588
220.0,240.0,210.0,0.12285217709267485
220.0,240.0,220.0,0.13925073982429242
220.0,240.0,230.0,0.05537819904784946
220.0,240.0,240.0,0.11878042898262312
220.0,240.0,250.0,0.03181688542027496
220.0,240.0,260.0,0.004768440603612362
220.0,240.0,270.0,0.0
220.0,240.0,280.0,0.0
220.0,240.0,290.0,0.0
220.0,250.0,0.0,0.0
220.0,250.0,10.0,0.0
220.0,250.0,20.0,0.05112185341577845
220.0,250.0,30.0,0.026193000077003252
220.0,250.0,40.0,0.02878893291926904
220.0,250.0,50.0,0.16262689948193249
220.0,250.0,60.0,0.044239902391287104
220.0,250.0,70.0,0.04283953596787311
220.0,250.0,80.0,0.0437827603029015
220.0,250.0,90.0,0.1438050100582608
220.0,250.0,100.0,0.14307276549324507
220.0,250.0,110.0,0.20340675788581772
220.0,250.0,120.0,0.3962501675616339
220.0,250.0,130.0,0.4522091185654458
220.0,250.0,140.0,0.4295317641839302
220.0,250.0,150.0,0.3227558702200112
220.0,250.0,160.0,0.3666025468829287
220.0,250.0,170.0,0.341460567342145
220.0,250.0,180.0,0.2246354184372384
220.0,250.0,190.0,0.29505866567307315
220.0,250.0,200.0,0.19745372817447193
220.0,250.0,210.0,0.05165367240202162
220.0,250.0,220.0,0.04896757959920521
220.0,250.0,230.0,0.0
220.0,250.0,240.0,0.07444401060370993
220.0,250.0,250.0,0.0
220.0,250.0,260.0,0.0030600933560762295
220.0,250.0,270.0,0.015095608312909126
220.0,250.0,280.0,0.0
220.0,250.0,290.0,0.00851238252142212
220.0,260.0,0.0,0.0
220.0,260.0,10.0,0.045755698050015184
220.0,260.0,20.0,0.0
220.0,260.0,30.0,0.0
220.0,260.0,40.0,0.0
220.0,260.0,50.0,0.0
220.0,260.0,60.0,0.08973680691627936
220.0,260.0,70.0,0.0
220.0,260.0,80.0,0.09731920010583518
220.0,260.0,90.0,0.09197263494595254
220.0,260.0,100.0,0.08469799802776806
220.0,260.0,110.0,0.2579219957002892
220.0,260.0,120.0,0.23745608952669572
220.0,260.0,130.0,0.27513834834539425
220.0,260.0,140.0,0.31690358196435864
220.0,260.0,150.0,0.28660747768904515
220.0,260.0,160.0,0.2848694979784734
220.0,260.0,170.0,0.2925284629708248
220.0,260.0,180.0,0.20085442050317834
220.0,260.0,190.0,0.17749519808881134
220.0,260.0,200.0,0.08547143238988347
220.0,260.0,210.0,0.056161482508882116
220.0,260.0,220.0,0.0
220.0,260.0,230.0,0.04918737530892017
220.0,260.0,240.0,0.02277732031058757
220.0,260.0,250.0,0.038231712046536664
220.0,260.0,260.0,0.017827414181180255
220.0,260.0,270.0,0.0
220.0,260.0,280.0,0.008137012003934177
220.0,260.0,290.0,0.0
220.0,270.0,0.0,0.05931734253836455
220.0,270.0,10.0,0.02735269330696742
220.0,270.0,20.0,0.05811002944170792
220.0,270.0,30.0,0.0
220.0,270.0,40.0,0.0
220.0,270.0,50.0,0.05098469819842122
220.0,270.0,60.0,0.04345814588887052
220.0,270.0,70.0,0.04721367726156124
220.0,270.0,80.0,0.021124358033578518
220.0,270.0,90.0,0.10947599159195207
220.0,270.0,100.0,0.1677998031266533
220.0,270.0,110.0,0.1328097972733348
220.0,270.0,120.0,0.3173610197399839
220.0,270.0,130.0,0.34857550939693305
220.0,270.0,140.0,0.34328253788603225
220.0,270.0,150.0,0.25885272916313096
220.0,270.0,160.0,0.1864980509918524
220.0,270.0,170.0,0.2130864771467117
220.0,270.0,180.0,0.13769260078152212
220.0,270.0,190.0,0.19144965012763637
220.0,270.0,200.0,0.07585463763373296
220.0,270.0,210.0,0.051555443496863085
220.0,270.0,220.0,0.08419806901993104
220.0,270.0,230.0,0.08812551568939145
220.0,270.0,240.0,0.03015721050749292
220.0,270.0,250.0,0.06361791940106414
220.0,270.0,260.0,0.01102259615881296
220.0,270.0,270.0,0.0
220.0,270.0,280.0,0.055063171421923685
220.0,270.0,290.0,0.0
220.0,280.0,0.0,0.0017412889164799626
220.0,280.0,10.0,0.0373536895790775
220.0,280.0,20.0,0.04944327969899008
220.0,280.0,30.0,0.0020422990628283706
220.0,280.0,40.0,0.05908543919341996
220.0,280.0,50.0,0.0
220.0,280.0,60.0,0.0
220.0,280.0,70.0,0.004619663448841772
220.0,280.0,80.0,0.045202451429191125
220.0,280.0,90.0,0.03831650839067807
220.0,280.0,100.0,0.15999536650100488
220.0,280.0,110.0,0.13961491075334975
220.0,280.0,120.0,0.1491320562187824
220.0,280.0,130.0,0.1240717650254411
220.0,280.0,140.0,0.22845288898468016
220.0,280.0,150.0,0.16778281502758688
220.0,280.0,160.0,0.22670525368589345
220.0,280.0,170.0,0.24582462215899087
220.0,280.0,180.0,0.14715744640513895
220.0,280.0,190.0,0.1954094734124071
220.0,280.0,200.0,0.18037526533575138
220.0,280.0,210.0,0.01922120856146472
220.0,280.0,220.0,0.01308313246575266
220.0,280.0,230.0,0.07729911350992501
220.0,280.0,240.0,0.0
220.0,280.0,250.0,0.0
220.0,280.0,260.0,0.043633397593004206
220.0,280.0,270.0,0.011224673344335632
220.0,280.0,280.0,0.0
220.0,280.0,290.0,0.02951644835041991
220.0,290.0,0.0,0.0
220.0,290.0,10.0,0.0
220.0,290.0,20.0,0.022572079660878375
220.0,290.0,30.0,0.04764270979910212
220.0,290.0,40.0,0.0
220.0,290.0,50.0,0.04637707028467626
220.0,290.0,60.0,0.021419853160469883
220.0,290.0,70.0,0.0
220.0,290.0,80.0,0.0
220.0,290.0,90.0,0.11191363152795916
220.0,290.0,100.0,0.12409718766903305
220.0,290.0,110.0,0.1992238619123835
220.0,290.0,120.0,0.1612758856534993
220.0,290.0,130.0,0.1315114095669097
220.0,290.0,140.0,0.15891920070558474
220.0,290.0,150.0,0.09840827611028424
220.0,290.0,160.0,0.16921969328556136
220.0,290.0,170.0,0.13961700940213492
220.0,290.0,180.0,0.16362540539332074
220.0,290.0,190.0,0.054249961069384234
220.0,290.0,200.0,0.06106297783028466
220.0,290.0,210.0,0.08694492652033808
220.0,290.0,220.0,0.08255119555248258
220.0,290.0,230.0,0.04220072163719549
220.0,290.0,240.0,0.03250697683191174
220.0,290.0,250.0,0.0
220.0,290.0,260.0,0.04331579711595794
220.0,290.0,270.0,0.0
220.0,290.0,280.0,0.0
220.0,290.0,290.0,0.0
230.0,0.0,0.0,0.0
230.0,0.0,10.0,0.0
230.0,0.0,20.0,0.07172160789076681
230.0,0.0,30.0,0.058148584924983475
230.0,0.0,40.0,0.0
230.0,0.0,50.0,0.037760189607881314
230.0,0.0,60.0,0.005178045881073984
230.0,0.0,70.0,0.0
230.0,0.0,80.0,0.05943650299715689
230.0,0.0,90.0,0.06354633950258858
230.0,0.0,100.0,0.15301768991942
230.0,0.0,110.0,0.10518741188071275
230.0,0.0,120.0,0.16781017492966982
230.0,0.0,130.0,0.021000986191943252
230.0,0.0,140.0,0.16190197418493185
230.0,0.0,150.0,0.10078508081602366
230.0,0.0,160.0,0.14599315748265831
230.0,0.0,170.0,0.09528438747988337
230.0,0.0,180.0,0.0767454139524383
230.0,0.0,190.0,0.11113012405980208
230.0,0.0,200.0,0.02443100709895325
230.0,0.0,210.0,0.0
230.0,0.0,220.0,0.029670963114733696
230.0,0.0,230.0,0.01906654745094218
230.0,0.0,240.0,0.03399645932118188
230.0,0.0,250.0,0.0
230.0,0.0,260.0,0.04844628580150991
230.0,0.0,270.0,0.0
230.0,0.0,280.0,0.026723120521426516
230.0,0.0,290.0,0.0
230.0,10.0,0.0,0.09169503859419748
230.0,10.0,10.0,0.0
230.0,10.0,20.0,0.0
230.0,10.0,30.0,0.0
230.0,10.0,40.0,0.0
230.0,10.0,50.0,0.004188855571133884
230.0,10.0,60.0,0.040883005535692976
230.0,10.0,70.0,0.0
230.0,10.0,80.0,0.06182405206967601
230.0,10.0,90.0,0.08674637342849714
230.0,10.0,100.0,0.044728367191291696
230.0,10.0,110.0,0.1257732302011295
230.0,10.0,120.0,0.13516245989950088
230.0,10.0,130.0,0.14210947090331014
230.0,10.0,140.0,0.15384528915376638
230.0,10.0,150.0,0.1808059798027901
230.0,10.0,160.0,0.15807745566182116
230.0,10.0,170.0,0.24696120650471326
230.0,10.0,180.0,0.03608056132380265
230.0,10.0,190.0,0.1283585359886141
230.0,10.0,200.0,0.0446555339842231
230.0,10.0,210.0,0.0
230.0,10.0,220.0,0.0
230.0,10.0,230.0,0.07630852758759149
230.0,10.0,240.0,0.05364599188911847
230.0,10.0,250.0,0.0
230.0,10.0,260.0,0.0
230.0,10.0,270.0,0.05004307663456244
230.0,10.0,280.0,0.0
230.0,10.0,290.0,0.0
230.0,20.0,0.0,0.03512568624716251
230.0,20.0,10.0,0.0
230.0,20.0,20.0,0.035237755888100235
230.0,20.0,30.0,0.0
230.0,20.0,40.0,0.0
230.0,20.0,50.0,0.05183803030745197
230.0,20.0,60.0,0.0
230.0,20.0,70.0,0.020786880924850246
230.0,20.0,80.0,0.021834030672641058
230.0,20.0,90.0,0.06594212408707119
230.0,20.0,100.0,0.10105149250839078
230.0,20.0,110.0,0.0963086016820375
230.0,20.0,120.0,0.13850572524000535
230.0,20.0,130.0,0.16197499431786724
230.0,20.0,140.0,0.25555193669236476
230.0,20.0,150.0,0.19684764328536322
230.0,20.0,160.0,0.347417122047296
230.0,20.0,170.0,0.19879659931598598
230.0,20.0,180.0,0.1160846251659716
230.0,20.0,190.0,0.10156641767607011
230.0,20.0,200.0,0.0188016412002196
230.0,20.0,210.0,0.0
230.0,20.0,220.0,0.0
230.0,20.0,230.0,0.1182803342028427
230.0,20.0,240.0,0.0
230.0,20.0,250.0,0.0
230.0,20.0,260.0,0.016151510267652602
230.0,20.0,270.0,0.0
230.0,20.0,280.0,0.0023208360975235176
230.0,20.0,290.0,0.0
230.0,30.0,0.0,0.0344521506449749
230.0,30.0,10.0,0.11413909709839665
230.0,30.0,20.0,0.0
230.0,30.0,30.0,0.04515666433222605
230.0,30.0,40.0,0.0
230.0,30.0,50.0,0.029918750561341946
230.0,30.0,60.0,0.049356257451654145
230.0,30.0,70.0,0.1601679843513789
230.0,30.0,80.0,0.0
230.0,30.0,90.0,0.022382663994119284
230.0,30.0,100.0,0.13305221665784472
230.0,30.0,110.0,0.19267641739673358
230.0,30.0,120.0,0.23897084891734272
230.0,30.0,130.0,0.26540611946817183
230.0,30.0,140.0,0.1485770181328695
230.0,30.0,150.0,0.24111224672323703
230.0,30.0,160.0,0.2958550195483082
230.0,30.0,170.0,0.10908600807243354
230.0,30.0,180.0,0.17908938203763505
230.0,30.0,190.0,0.09266443558197135
230.0,30.0,200.0,0.08092218669186324
230.0,30.0,210.0,0.08034078322046108
230.0,30.0,220.0,0.04554967315924211
230.0,30.0,230.0,0.009512335436879203
230.0,30.0,240.0,0.07704039360200571
230.0,30.0,250.0,0.07911985475665413
230.0,30.0,260.0,0.09644437274874298
230.0,30.0,270.0,0.009662760799240272
230.0,30.0,280.0,0.05072685149612125
230.0,30.0,290.0,0.0
230.0,40.0,0.0,0.0
230.0,40.0,10.0,0.013958382860559754
230.0,40.0,20.0,0.0167361812094474
230.0,40.0,30.0,0.0
230.0,40.0,40.0,0.0
230.0,40.0,50.0,0.0
230.0,40.0,60.0,0.11593186093394355
230.0,40.0,70.0,0.0
230.0,40.0,80.0,0.06139255080554777
230.0,40.0,90.0,0.10322148918016741
230.0,40.0,100.0,0.16844108647331407
230.0,40.0,110.0,0.17320496061264665
230.0,40.0,120.0,0.1868089140554164
230.0,40.0,130.0,0.2753072008517011
230.0,40.0,140.0,0.29636754896772427
230.0,40.0,150.0,0.2709730533466002
230.0,40.0,160.0,0.27883125490285227
230.0,40.0,170.0,0.31426841008353734
230.0,40.0,180.0,0.1485875884063183
230.0,40.0,190.0,0.19536132394391295
230.0,40.0,200.0,0.15260665327205636
230.0,40.0,210.0,0.08675704304126165
230.0,40.0,220.0,0.12278779928155356
230.0,40.0,230.0,0.050041548899514884
230.0,40.0,240.0,0.061714580765059604
230.0,40.0,250.0,0.0
230.0,40.0,260.0,0.005781494471308957
230.0,40.0,270.0,0.036973654623526
230.0,40.0,280.0,0.0
230.0,40.0,290.0,0.0
230.0,50.0,0.0,0.0
230.0,50.0,10.0,0.018146046346154625
230.0,50.0,20.0,0.07451289987698186
230.0,50.0,30.0,0.02913335155650032
230.0,50.0,40.0,0.11732165662367512
230.0,50.0,50.0,0.04026325140957297
230.0,50.0,60.0,0.03456121210424967
230.0,50.0,70.0,0.0259422312394652
230.0,50.0,80.0,0.07602448902580458
230.0,50.0,90.0,0.12858810906497206
230.0,50.0,100.0,0.03888297647981809
230.0,50.0,110.0,0.2973361946493068
230.0,50.0,120.0,0.28935764297903255
230.0,50.0,130.0,0.3346063001954903
230.0,50.0,140.0,0.4430250262764969
230.0,50.0,150.0,0.3560151952935395
230.0,50.0,160.0,0.28870655886075397
230.0,50.0,170.0,0.24967616157894415
230.0,50.0,180.0,0.16524225194961767
230.0,50.0,190.0,0.27185591032849077
230.0,50.0,200.0,0.17002580367922782
230.0,50.0,210.0,0.10778262605970812
230.0,50.0,220.0,0.13878772429488673
230.0,50.0,230.0,0.03127471846259538
230.0,50.0,240.0,0.0
230.0,50.0,250.0,0.018970356728290887
230.0,50.0,260.0,0.07027555758708201
230.0,50.0,270.0,0.0
230.0,50.0,280.0,0.0
230.0,50.0,290.0,0.0009397563274375673
230.0,60.0,0.0,0.0
230.0,60.0,10.0,0.028579910040376362
230.0,60.0,20.0,0.06706498513463291
230.0,60.0,30.0,0.0
230.0,60.0,40.0,0.0
230.0,60.0,50.0,0.07806545187208046
230.0,60.0,60.0,0.029257191172336973
230.0,60.0,70.0,0.09096540438842263
230.0,60.0,80.0,0.14826410412131813
230.0,60.0,90.0,0.1653234301253381
230.0,60.0,100.0,0.2523322940138163
230.0,60.0,110.0,0.29692463085993553
230.0,60.0,120.0,0.4458062674687381
230.0,60.0,130.0,0.4058831062689986
230.0,60.0,140.0,0.452203625700343
230.0,60.0,150.0,0.4201715558337646
230.0,60.0,160.0,0.37701200469713786
230.0,60.0,170.0,0.3183861403367017
230.0,60.0,180.0,0.23667229324785732
230.0,60.0,190.0,0.21521710474359315
230.0,60.0,200.0,0.07694222846157649
230.0,60.0,210.0,0.1703382442473405
230.0,60.0,220.0,0.08074965870813659
230.0,60.0,230.0,0.0
230.0,60.0,240.0,0.0822480168790666
230.0,60.0,250.0,0.07669878068453245
230.0,60.0,260.0,0.0
230.0,60.0,270.0,0.013502090031098526
230.0,60.0,280.0,0.0
230.0,60.0,290.0,0.0
230.0,70.0,0.0,0.0
230.0,70.0,10.0,0.08310777001162739
230.0,70.0,20.0,0.0
230.0,70.0,30.0,0.0
230.0,70.0,40.0,0.05943051837422607
230.0,70.0,50.0,0.0
230.0,70.0,60.0,0.05148437527045516
230.0,70.0,70.0,0.09812332077262173
230.0,70.0,80.0,0.12668105760726345
230.0,70.0,90.0,0.15324715282517956
230.0,70.0,100.0,0.21604512785623073
230.0,70.0,110.0,0.32391632032882356
230.0,70.0,120.0,0.40471361848777226
230.0,70.0,130.0,0.4352380420191654
230.0,70.0,140.0,0.5529212370082368
230.0,70.0,150.0,0.4708166498912685
230.0,70.0,160.0,0.4979446859537813
230.0,70.0,170.0,0.3484984535590482
230.0,70.0,180.0,0.27441310319510565
230.0,70.0,190.0,0.296946820984879
230.0,70.0,200.0,0.1950076028851534
230.0,70.0,210.0,0.1189631046220611
230.0,70.0,220.0,0.13548267105364992
230.0,70.0,230.0,0.11448878138850244
230.0,70.0,240.0,0.05857166157749612
230.0,70.0,250.0,0.06347015252143409
230.0,70.0,260.0,0.0
230.0,70.0,270.0,0.09525770407571241
230.0,70.0,280.0,0.0
230.0,70.0,290.0,0.0198853710411545
230.0,80.0,0.0,0.0
230.0,80.0,10.0,0.0
230.0,80.0,20.0,0.061487045593821024
230.0,80.0,30.0,0.0
230.0,80.0,40.0,0.034994694923988864
230.0,80.0,50.0,0.0
230.0,80.0,60.0,0.0
230.0,80.0,70.0,0.033599481659219124
230.0,80.0,80.0,0.1558290554872236
230.0,80.0,90.0,0.20626141519818816
230.0,80.0,100.0,0.3077340397115547
230.0,80.0,110.0,0.38906021713486943
230.0,80.0,120.0,0.42962988998394214
230.0,80.0,130.0,0.543711414835622
230.0,80.0,140.0,0.6119273857553147
230.0,80.0,150.0,0.5877739742308435
230.0,80.0,160.0,0.5166487401970697
230.0,80.0,170.0,0.5051225356243289
230.0,80.0,180.0,0.3115961036753455
230.0,80.0,190.0,0.2932281956895918
230.0,80.0,200.0,0.2508072695983938
230.0,80.0,210.0,0.24861448195553562
230.0,80.0,220.0,0.12135014540653258
230.0,80.0,230.0,0.04798520954668697
230.0,80.0,240.0,0.02180825345085597
230.0,80.0,250.0,0.0
230.0,80.0,260.0,0.0
230.0,80.0,270.0,0.0015714173272901263
230.0,80.0,280.0,0.03808996261488669
230.0,80.0,290.0,0.0
230.0,90.0,0.0,0.0
230.0,90.0,10.0,0.02955477311866058
230.0,90.0,20.0,5.35001183316541e-05
230.0,90.0,30.0,0.04942409488335849
230.0,90.0,40.0,0.08547770739229399
230.0,90.0,50.0,0.037560059556374224
230.0,90.0,60.0,0.0
230.0,90.0,70.0,0.09733117724454202
230.0,90.0,80.0,0.1627169246206232
230.0,90.0,90.0,0.24479110249113445
230.0,90.0,100.0,0.2585120719082056
230.0,90.0,110.0,0.45177301660799507
230.0,90.0,120.0,0.4951936390294803
230.0,90.0,130.0,0.5581782421079229
230.0,90.0,140.0,0.5860846253774928
230.0,90.0,150.0,0.5258463591256561
230.0,90.0,160.0,0.5451271693546363
230.0,90.0,170.0,0.4943733841001851
230.0,90.0,180.0,0.34890977709512166
230.0,90.0,190.0,0.26426010437594594
230.0,90.0,200.0,0.12109612333020137
230.0,90.0,210.0,0.020593913131127822
230.0,90.0,220.0,0.1364667447824006
230.0,90.0,230.0,0.0
230.0,90.0,240.0,0.13351928118929463
230.0,90.0,250.0,0.0
230.0,90.0,260.0,0.03490290701241632
230.0,90.0,270.0,0.0
230.0,90.0,280.0,0.0
230.0,90.0,290.0,0.0
230.0,100.0,0.0,0.0
230.0,100.0,10.0,0.0
230.0,100.0,20.0,0.0
230.0,100.0,30.0,0.0
230.0,100.0,40.0,0.0
230.0,100.0,50.0,0.04885607235355438
230.0,100.0,60.0,0.021793643228385493
230.0,100.0,70.0,0.0960541958181924
230.0,100.0,80.0,0.19138693215170563
230.0,100.0,90.0,0.1625165535669665
230.0,100.0,100.0,0.31453470921472654
230.0,100.0,110.0,0.35588572179471756
230.0,100.0,120.0,0.503486139433173
230.0,100.0,130.0,0.6623061026967587
230.0,100.0,140.0,0.6147639561884544
230.0,100.0,150.0,0.5716064260586406
230.0,100.0,160.0,0.5806176825699282
230.0,100.0,170.0,0.6006467123432738
230.0,100.0,180.0,0.4252825221542023
230.0,100.0,190.0,0.34644604693676695
230.0,100.0,200.0,0.20354284383782034
230.0,100.0,210.0,0.11183910919490939
230.0,100.0,220.0,0.03275413797211138
230.0,100.0,230.0,0.13808913571462675
230.0,100.0,240.0,0.07829365534389106
230.0,100.0,250.0,0.014372388254014157
230.0,100.0,260.0,0.04052881568525557
230.0,100.0,270.0,0.0
230.0,100.0,280.0,0.0
230.0,100.0,290.0,0.03313436630497864
230.0,110.0,0.0,0.0
230.0,110.0,10.0,0.0
230.0,110.0,20.0,0.0
230.0,110.0,30.0,0.0
230.0,110.0,40.0,0.006321164429528684
230.0,110.0,50.0,0.09240238739296477
230.0,110.0,60.0,0.19267147953842703
230.0,110.0,70.0,0.10742066129492317
230.0,110.0,80.0,0.1457459043319633
230.0,110.0,90.0,0.2953636446646382
230.0,110.0,100.0,0.23488520706471583
230.0,110.0,110.0,0.4218861044782926
230.0,110.0,120.0,0.577657913591948
230.0,110.0,130.0,0.5874681541216401
230.0,110.0,140.0,0.6959363132426357
230.0,110.0,150.0,0.5849952085918
230.0,110.0,160.0,0.6176068939508232
230.0,110.0,170.0,0.5567105488729647
230.0,110.0,180.0,0.5644754518806893
230.0,110.0,190.0,0.42798561990981
230.0,110.0,200.0,0.27816724981327035
230.0,110.0,210.0,0.18773923409045057
230.0,110.0,220.0,0.1713565763613639
230.0,110.0,230.0,0.2484520286245901
230.0,110.0,240.0,0.03355773116219282
230.0,110.0,250.0,0.09667859685372449
230.0,110.0,260.0,0.0
230.0,110.0,270.0,0.0
230.0,110.0,280.0,0.0
230.0,110.0,290.0,0.11715677431700688
230.0,120.0,0.0,0.021682086431265304
230.0,120.0,10.0,0.0
230.0,120.0,20.0,0.0
230.0,120.0,30.0,0.03816214198646142
230.0,120.0,40.0,0.0020630068683519347
230.0,120.0,50.0,0.08855814952152904
230.0,120.0,60.0,0.03488243994789055
230.0,120.0,70.0,0.05237722553580351
230.0,120.0,80.0,0.0798439245951495
230.0,120.0,90.0,0.2870168558564323
230.0,120.0,100.0,0.3665193741922138
230.0,120.0,110.0,0.5518559893457264
230.0,120.0,120.0,0.5085754064672593
230.0,120.0,130.0,0.6200790360066678
230.0,120.0,140.0,0.6558946186652334
230.0,120.0,150.0,0.7900376986185146
230.0,120.0,160.0,0.7009724325375044
230.0,120.0,170.0,0.5481014432134002
230.0,120.0,180.0,0.5135211587021432
230.0,120.0,190.0,0.33638673704456346
230.0,120.0,200.0,0.24159986432862393
230.0,120.0,210.0,0.17130989157431029
230.0,120.0,220.0,0.12835501413948666
230.0,120.0,230.0,0.09130297085595779
230.0,120.0,240.0,0.0
230.0,120.0,250.0,0.0
230.0,120.0,260.0,0.02186446491531862
230.0,120.0,270.0,0.019134387416896662
230.0,120.0,280.0,0.07044227418495136
230.0,120.0,290.0,0.025748439126252815
230.0,130.0,0.0,0.003577094647990331
230.0,130.0,10.0,0.03744119794877626
230.0,130.0,20.0,0.0
230.0,130.0,30.0,0.0
230.0,130.0,40.0,0.06400741497123011
230.0,130.0,50.0,0.0
230.0,130.0,60.0,0.07924327873483118
230.0,130.0,70.0,0.23602671107922263
230.0,130.0,80.0,0.15811111804159772
230.0,130.0,90.0,0.21787836445968906
230.0,130.0,100.0,0.5154777700691906
230.0,130.0,110.0,0.5021481221273739
230.0,130.0,120.0,0.6243170390329994
230.0,130.0,130.0,0.7041062965324529
230.0,130.0,140.0,0.7367604492913036
230.0,130.0,150.0,0.7217421618772248
230.0,130.0,160.0,0.6622628393702786
230.0,130.0,170.0,0.6466205818607826
230.0,130.0,180.0,0.4463655764875072
230.0,130.0,190.0,0.32428607832987666
230.0,130.0,200.0,0.29326950456973977
230.0,130.0,210.0,0.2179746342882803
230.0,130.0,220.0,0.07152711581022764
230.0,130.0,230.0,0.017300025806705886
230.0,130.0,240.0,0.09828142913080448
230.0,130.0,250.0,0.02190270234423373
230.0,130.0,260.0,0.007407000430313519
230.0,130.0,270.0,0.020929925520500013
230.0,130.0,280.0,0.0
230.0,130.0,290.0,0.0
230.0,140.0,0.0,0.06640230978506752
230.0,140.0,10.0,0.0
230.0,140.0,20.0,0.0
230.0,140.0,30.0,0.0505488396267011
230.0,140.0,40.0,0.011931542331683698
230.0,140.0,50.0,0.0008318763895061795
230.0,140.0,60.0,0.016556132105157557
230.0,140.0,70.0,0.11943668480669466
230.0,140.0,80.0,0.1675876078054222
230.0,140.0,90.0,0.26529491227072666
230.0,140.0,100.0,0.37782893304661447
230.0,140.0,110.0,0.5220922362003888
230.0,140.0,120.0,0.6464947756003581
230.0,140.0,130.0,0.6761377847612018
230.0,140.0,140.0,0.5982453019749168
230.0,140.0,150.0,0.6859057826788397
230.0,140.0,160.0,0.7177924308633662
230.0,140.0,170.0,0.628236944983429
230.0,140.0,180.0,0.4846171846055779
230.0,140.0,190.0,0.3707269654244564
230.0,140.0,200.0,0.28118606460920603
230.0,140.0,210.0,0.14686722979060712
230.0,140.0,220.0,0.0969216381312249
230.0,140.0,230.0,0.09208622304345926
230.0,140.0,240.0,0.024434114982387976
230.0,140.0,250.0,0.012741584483103164
230.0,140.0,260.0,0.019781265305386604
230.0,140.0,270.0,0.004700910898495128
230.0,140.0,280.0,0.0
230.0,140.0,290.0,0.024802236603906062
230.0,150.0,0.0,0.027213101459661222
230.0,150.0,10.0,0.0
230.0,150.0,20.0,0.0
230.0,150.0,30.0,0.01933808051383714
230.0,150.0,40.0,0.001504035167338054
230.0,150.0,50.0,0.008220025818727779
230.0,150.0,60.0,0.054645190271628064
230.0,150.0,70.0,0.18652155489318012
230.0,150.0,80.0,0.21556240936894946
230.0,150.0,90.0,0.23221408624245668
230.0,150.0,100.0,0.4401690048647633
230.0,150.0,110.0,0.5979174354049498
230.0,150.0,120.0,0.5463642695684265
230.0,150.0,130.0,0.6779250987152441
230.0,150.0,140.0,0.7889329184207646
230.0,150.0,150.0,0.676172183840184
230.0,150.0,160.0,0.6705806913614264
230.0,150.0,170.0,0.5331073962225826
230.0,150.0,180.0,0.4981154126978217
230.0,150.0,190.0,0.3937291292076743
230.0,150.0,200.0,0.25824434547614294
230.0,150.0,210.0,0.198627875543907
230.0,150.0,220.0,0.13656933592982756
230.0,150.0,230.0,0.1592507598816623
230.0,150.0,240.0,0.015532572011053222
230.0,150.0,250.0,0.08144565561567035
230.0,150.0,260.0,0.09933848449856177
230.0,150.0,270.0,0.0
230.0,150.0,280.0,0.0
230.0,150.0,290.0,0.012155431402442721
230.0,160.0,0.0,0.05151506891054607
230.0,160.0,10.0,0.04387432247713277
230.0,160.0,20.0,0.0
230.0,160.0,30.0,0.018245954780908392
230.0,160.0,40.0,0.0
230.0,160.0,50.0,0.04535242324423564
230.0,160.0,60.0,0.06701201601764901
230.0,160.0,70.0,0.10921697245672049
230.0,160.0,80.0,0.18586561031325863
230.0,160.0,90.0,0.38181287115889134
230.0,160.0,100.0,0.35990066559998296
230.0,160.0,110.0,0.5593044631250622
230.0,160.0,120.0,0.5354056662155707
230.0,160.0,130.0,0.6062557380229396
230.0,160.0,140.0,0.6943070876677445
230.0,160.0,150.0,0.7410859023401087
230.0,160.0,160.0,0.6758291941622602
230.0,160.0,170.0,0.6502813154080632
230.0,160.0,180.0,0.4443880346594624
230.0,160.0,190.0,0.4352733510474625
230.0,160.0,200.0,0.2852537799868702
230.0,160.0,210.0,0.23172804968755797
230.0,160.0,220.0,0.08958497514313572
230.0,160.0,230.0,0.1626511291875477
230.0,160.0,240.0,0.0
230.0,160.0,250.0,0.05050323874406693
230.0,160.0,260.0,0.0
230.0,160.0,270.0,0.0
230.0,160.0,280.0,0.0
230.0,160.0,290.0,0.06738132986019524
230.0,170.0,0.0,0.0
230.0,170.0,10.0,0.0
230.0,170.0,20.0,0.12063992951978644
230.0,170.0,30.0,0.0
230.0,170.0,40.0,0.06550942852148203
230.0,170.0,50.0,0.0
230.0,170.0,60.0,0.09366718695387087
230.0,170.0,70.0,0.09036887080796407
230.0,170.0,80.0,0.16337857728978483
230.0,170.0,90.0,0.21314752804162151
230.0,170.0,100.0,0.33322653167015087
230.0,170.0,110.0,0.3844691152502042
230.0,170.0,120.0,0.5293355347828276
230.0,170.0,130.0,0.6089992734143929
230.0,170.0,140.0,0.7327062574029385
230.0,170.0,150.0,0.6971833504675322
230.0,170.0,160.0,0.6653015563249847
230.0,170.0,170.0,0.5517138587180006
230.0,170.0,180.0,0.3484646268958109
230.0,170.0,190.0,0.2922401375800987
230.0,170.0,200.0,0.2536197561866889
230.0,170.0,210.0,0.23602417602890108
230.0,170.0,220.0,0.007118645234287818
230.0,170.0,230.0,0.02211354657016721
230.0,170.0,240.0,0.07059234042079508
230.0,170.0,250.0,0.0734133051974986
230.0,170.0,260.0,0.0
230.0,170.0,270.0,0.0
230.0,170.0,280.0,0.0
230.0,170.0,290.0,0.06862603793752552
230.0,180.0,0.0,0.045312846099024966
230.0,180.0,10.0,0.0
230.0,180.0,20.0,0.0999925045001026
230.0,180.0,30.0,0.0
230.0,180.0,40.0,0.02045997331929767
230.0,180.0,50.0,0.009502194028828369
230.0,180.0,60.0,0.06790524932748102
230.0,180.0,70.0,0.12735876567052293
230.0,180.0,80.0,0.09559787177633391
230.0,180.0,90.0,0.2966005249665628
230.0,180.0,100.0,0.36488174030252685
230.0,180.0,110.0,0.5323645482543498
230.0,180.0,120.0,0.6062541396967284
230.0,180.0,130.0,0.6285354106531444
230.0,180.0,140.0,0.6070922111102461
230.0,180.0,150.0,0.6511163698412209
230.0,180.0,160.0,0.5591661455679894
230.0,180.0,170.0,0.5605639866381944
230.0,180.0,180.0,0.48622920394688196
230.0,180.0,190.0,0.33589010591921564
230.0,180.0,200.0,0.28434778686700773
230.0,180.0,210.0,0.22200543871245634
230.0,180.0,220.0,0.13482139208449365
230.0,180.0,230.0,0.09594368426380633
230.0,180.0,240.0,0.04491153127463353
230.0,180.0,250.0,0.02745385918116569
230.0,180.0,260.0,0.06497196607804825
230.0,180.0,270.0,0.0
230.0,180.0,280.0,0.03956637308612547
230.0,180.0,290.0,0.053007081027959015
230.0,190.0,0.0,0.012615533003254374
230.0,190.0,10.0,0.02510197158398575
230.0,190.0,20.0,0.04597694164459173
230.0,190.0,30.0,0.0029928253089950545
230.0,190.0,40.0,0.0
230.0,190.0,50.0,0.007030200707069702
230.0,190.0,60.0,0.0730351357920476
230.0,190.0,70.0,0.0861057082069907
230.0,190.0,80.0,0.1515409501613753
230.0,190.0,90.0,0.30930000908669286
230.0,190.0,100.0,0.3859653887224346
230.0,190.0,110.0,0.40842631005240576
230.0,190.0,120.0,0.5488494626719421
230.0,190.0,130.0,0.5373881393608299
230.0,190.0,140.0,0.5850360705784978
230.0,190.0,150.0,0.49504947539222643
230.0,190.0,160.0,0.6046099675488468
230.0,190.0,170.0,0.5372683094410776
230.0,190.0,180.0,0.33332841618487324
230.0,190.0,190.0,0.323782117355203
230.0,190.0,200.0,0.1775838604829213
230.0,190.0,210.0,0.14182262197307538
230.0,190.0,220.0,0.07023562140698997
230.0,190.0,230.0,0.11784911808212595
230.0,190.0,240.0,0.035817842546641755
230.0,190.0,250.0,0.0
230.0,190.0,260.0,0.0
230.0,190.0,270.0,0.0
230.0,190.0,280.0,0.0
230.0,190.0,290.0,0.013398104515559419
230.0,200.0,0.0,0.0
230.0,200.0,10.0,0.0032706601934709314
230.0,200.0,20.0,0.0
230.0,200.0,30.0,0.0
230.0,200.0,40.0,0.0
230.0,200.0,50.0,0.08459349501382506
230.0,200.0,60.0,0.009302199836320642
230.0,200.0,70.0,0.0807004881905336
230.0,200.0,80.0,0.1583584507187122
230.0,200.0,90.0,0.1926407452143286
230.0,200.0,100.0,0.300777091071449
230.0,200.0,110.0,0.34252017611044894
230.0,200.0,120.0,0.3911716015316043
230.0,200.0,130.0,0.49997643372585243
230.0,200.0,140.0,0.6071154053860206
230.0,200.0,150.0,0.5160341529506464
230.0,200.0,160.0,0.590411452049535
230.0,200.0,170.0,0.496212885866773
230.0,200.0,180.0,0.3994699126184134
230.0,200.0,190.0,0.2632345268737367
230.0,200.0,200.0,0.24896250692007943
230.0,200.0,210.0,0.11916947956633483
230.0,200.0,220.0,0.10284583832323996
230.0,200.0,230.0,0.04837226487425442
230.0,200.0,240.0,0.027208663518030116
230.0,200.0,250.0,0.0
230.0,200.0,260.0,0.07222297196550487
230.0,200.0,270.0,0.0
230.0,200.0,280.0,0.0
230.0,200.0,290.0,0.026313942245963964
230.0,210.0,0.0,0.09726383974225541
230.0,210.0,10.0,0.06085707561992261
230.0,210.0,20.0,0.04413984117637867
230.0,210.0,30.0,0.1049846246347528
230.0,210.0,40.0,0.028368666655581475
230.0,210.0,50.0,0.042720343634150636
230.0,210.0,60.0,0.10280597938537803
230.0,210.0,70.0,0.09665605389599213
230.0,210.0,80.0,0.1033885485781377
230.0,210.0,90.0,0.18976618500381923
230.0,210.0,100.0,0.3300242140165562
230.0,210.0,110.0,0.40499715159672645
230.0,210.0,120.0,0.4353616460068377
230.0,210.0,130.0,0.4333593164114554
230.0,210.0,140.0,0.5029317771007259
230.0,210.0,150.0,0.4968595341470686
230.0,210.0,160.0,0.4493795753303624
230.0,210.0,170.0,0.379601673482575
230.0,210.0,180.0,0.3403331887290548
230.0,210.0,190.0,0.2658673406091681
230.0,210.0,200.0,0.259981336737377
230.0,210.0,210.0,0.15706911843692456
230.0,210.0,220.0,0.18979953581527187
230.0,210.0,230.0,0.02351779518869746
230.0,210.0,240.0,0.03867708639773779
230.0,210.0,250.0,0.015417255243445244
230.0,210.0,260.0,0.013282599754630857
230.0,210.0,270.0,0.08354285488717401
230.0,210.0,280.0,0.02136304372845245
230.0,210.0,290.0,0.0
230.0,220.0,0.0,0.04676717383384926
230.0,220.0,10.0,0.0
230.0,220.0,20.0,0.0
230.0,220.0,30.0,0.0
230.0,220.0,40.0,0.005632975177215487
230.0,220.0,50.0,0.045416749305962595
230.0,220.0,60.0,0.028283791191459823
230.0,220.0,70.0,0.10689410280680034
230.0,220.0,80.0,0.1067625171719438
230.0,220.0,90.0,0.1451151622669128
230.0,220.0,100.0,0.36697759703019445
230.0,220.0,110.0,0.34229897278422905
230.0,220.0,120.0,0.3365510070013877
230.0,220.0,130.0,0.3951260446921413
230.0,220.0,140.0,0.46157764368752574
230.0,220.0,150.0,0.47557925929345657
230.0,220.0,160.0,0.3700726895797684
230.0,220.0,170.0,0.3620918124296659
230.0,220.0,180.0,0.3788421185113626
230.0,220.0,190.0,0.27395191440188205
230.0,220.0,200.0,0.19776706628886387
230.0,220.0,210.0,0.15609354343784623
230.0,220.0,220.0,0.08093754426311547
230.0,220.0,230.0,0.06028149589427572
230.0,220.0,240.0,0.022178051183856937
230.0,220.0,250.0,0.06066129712357554
230.0,220.0,260.0,0.0
230.0,220.0,270.0,0.0
230.0,220.0,280.0,0.049626340557078444
230.0,220.0,290.0,0.007644162639433347
230.0,230.0,0.0,0.0
230.0,230.0,10.0,0.08495512680188072
230.0,230.0,20.0,0.0
230.0,230.0,30.0,0.0034182661250653436
230.0,230.0,40.0,0.0
230.0,230.0,50.0,0.04293334859999824
230.0,230.0,60.0,0.09268203437480399
230.0,230.0,70.0,0.10089278893496612
230.0,230.0,80.0,0.07280655277061229
230.0,230.0,90.0,0.19322269229061528
230.0,230.0,100.0,0.2009929328218267
230.0,230.0,110.0,0.3406209834972167
230.0,230.0,120.0,0.28738669924550797
230.0,230.0,130.0,0.46762933559838854
230.0,230.0,140.0,0.46061944433781504
230.0,230.0,150.0,0.39427938822057335
230.0,230.0,160.0,0.4086635528415553
230.0,230.0,170.0,0.3397379692799237
230.0,230.0,180.0,0.256041652293142
230.0,230.0,190.0,0.18468403054433483
230.0,230.0,200.0,0.19977660550762777
230.0,230.0,210.0,0.10547888550753914
230.0,230.0,220.0,0.11786293897471746
230.0,230.0,230.0,0.0018589646456497397
230.0,230.0,240.0,0.0662732639403897
230.0,230.0,250.0,0.006696432479005072
230.0,230.0,260.0,0.00012269234324473535
230.0,230.0,270.0,0.0
230.0,230.0,280.0,0.047064620298800236
230.0,230.0,290.0,0.06617891561577081
230.0,240.0,0.0,0.0
230.0,240.0,10.0,0.1265301134787349
230.0,240.0,20.0,0.0
230.0,240.0,30.0,0.0
230.0,240.0,40.0,0.014059159253588666
230.0,240.0,50.0,0.0
230.0,240.0,60.0,0.0
230.0,240.0,70.0,0.05634154769885269
230.0,240.0,80.0,0.14028771104166626
230.0,240.0,90.0,0.14103954847691416
230.0,240.0,100.0,0.18179262082926453
230.0,240.0,110.0,0.4128274715281008
230.0,240.0,120.0,0.23681834072301192
230.0,240.0,130.0,0.3678070876777326
230.0,240.0,140.0,0.32603960036580837
230.0,240.0,150.0,0.33296391406931447
230.0,240.0,160.0,0.33252176769948627
230.0,240.0,170.0,0.39274112520241256
230.0,240.0,180.0,0.38437980706666164
230.0,240.0,190.0,0.08650437947969548
230.0,240.0,200.0,0.19011808661606167
230.0,240.0,210.0,0.12685795983729797
230.0,240.0,220.0,0.07415203308845383
230.0,240.0,230.0,0.12542982712137882
230.0,240.0,240.0,0.028401612442400324
230.0,240.0,250.0,0.0
230.0,240.0,260.0,0.04034349177715458
230.0,240.0,270.0,0.0
230.0,240.0,280.0,0.0
230.0,240.0,290.0,0.0
230.0,250.0,0.0,0.05892541809587547
230.0,250.0,10.0,0.06667949180386837
230.0,250.0,20.0,0.015587187314661157
230.0,250.0,30.0,0.0
230.0,250.0,40.0,0.00442435245970195
230.0,250.0,50.0,0.06981579757987683
230.0,250.0,60.0,0.0
230.0,250.0,70.0,0.001181318491430397
230.0,250.0,80.0,0.09093174924068076
230.0,250.0,90.0,0.10722103230488421
230.0,250.0,100.0,0.14576241734821782
230.0,250.0,110.0,0.19922983740302003
230.0,250.0,120.0,0.23933106721967057
230.0,250.0,130.0,0.22999942269357543
230.0,250.0,140.0,0.3395169524122691
230.0,250.0,150.0,0.26419039937164546
230.0,250.0,160.0,0.2883648576460783
230.0,250.0,170.0,0.18882004855658963
230.0,250.0,180.0,0.2476557233211829
230.0,250.0,190.0,0.18625282321709735
230.0,250.0,200.0,0.08540400461883521
230.0,250.0,210.0,0.05087005697168086
230.0,250.0,220.0,0.05412580209331756
230.0,250.0,230.0,0.12516510888911142
230.0,250.0,240.0,0.04998483995214589
230.0,250.0,250.0,0.025478652231845474
230.0,250.0,260.0,0.04702091730466794
230.0,250.0,270.0,0.0
230.0,250.0,280.0,0.023711787843000206
230.0,250.0,290.0,0.0
230.0,260.0,0.0,0.0027175731723069587
230.0,260.0,10.0,0.0
230.0,260.0,20.0,0.0
230.0,260.0,30.0,0.0
230.0,260.0,40.0,0.026260146097689188
230.0,260.0,50.0,0.0354270146289897
230.0,260.0,60.0,0.0628888874467823
230.0,260.0,70.0,0.06081175573497767
230.0,260.0,80.0,0.14134182182242386
230.0,260.0,90.0,0.14111814800622252
230.0,260.0,100.0,0.1521094622345905
230.0,260.0,110.0,0.19543993993654502
230.0,260.0,120.0,0.26395765873953314
230.0,260.0,130.0,0.22173014482115383
230.0,260.0,140.0,0.23826818118167936
230.0,260.0,150.0,0.19726979830883737
230.0,260.0,160.0,0.23950033817386682
230.0,260.0,170.0,0.2787234187977487
230.0,260.0,180.0,0.10968880772847335
230.0,260.0,190.0,0.07757072573683726
230.0,260.0,200.0,0.1325905318360568
230.0,260.0,210.0,0.2049497940277215
230.0,260.0,220.0,0.11786939563779479
230.0,260.0,230.0,0.02126883218892526
230.0,260.0,240.0,0.00674820661256138
230.0,260.0,250.0,0.0
230.0,260.0,260.0,0.08209358441734228
230.0,260.0,270.0,0.04163615833510738
230.0,260.0,280.0,0.0
230.0,260.0,290.0,0.020660184009226035
230.0,270.0,0.0,0.0
230.0,270.0,10.0,0.0
230.0,270.0,20.0,0.03206468389477232
230.0,270.0,30.0,0.0
230.0,270.0,40.0,0.029354327769693506
230.0,270.0,50.0,0.0
230.0,270.0,60.0,0.0031654617467572824
230.0,270.0,70.0,0.0
230.0,270.0,80.0,0.050422674166061124
230.0,270.0,90.0,0.1419937665877917
230.0,270.0,100.0,0.14899821692933926
230.0,270.0,110.0,0.18148249397866445
230.0,270.0,120.0,0.19579994878531298
230.0,270.0,130.0,0.2023010767991808
230.0,270.0,140.0,0.1603048396115921
230.0,270.0,150.0,0.2592606013176209
230.0,270.0,160.0,0.1709074892471372
230.0,270.0,170.0,0.06978202091002697
230.0,270.0,180.0,0.10155356758327139
230.0,270.0,190.0,0.09640604672891653
230.0,270.0,200.0,0.1165396988012658
230.0,270.0,210.0,0.10290074227649419
230.0,270.0,220.0,0.0630897004676152
230.0,270.0,230.0,0.053081001311906365
230.0,270.0,240.0,0.054609018913723946
230.0,270.0,250.0,0.0
230.0,270.0,260.0,0.0
230.0,270.0,270.0,0.006283425535116086
230.0,270.0,280.0,0.01370141516533947
230.0,270.0,290.0,0.0
230.0,280.0,0.0,0.05792499339742958
230.0,280.0,10.0,0.0
230.0,280.0,20.0,0.011280466156622898
230.0,280.0,30.0,0.0
230.0,280.0,40.0,0.007844576456383848
230.0,280.0,50.0,0.0
230.0,280.0,60.0,0.0076279577712918475
230.0,280.0,70.0,0.034332893468199115
230.0,280.0,80.0,0.05157744431936992
230.0,280.0,90.0,0.10001574714159665
230.0,280.0,100.0,0.10753629868867098
230.0,280.0,110.0,0.1431619787974329
230.0,280.0,120.0,0.2236350031760111
230.0,280.0,130.0,0.10541604405665879
230.0,280.0,140.0,0.19467012894597602
230.0,280.0,150.0,0.14708526407817601
230.0,280.0,160.0,0.15780559426264398
230.0,280.0,170.0,0.15360426788791126
230.0,280.0,180.0,0.1511071013425506
230.0,280.0,190.0,0.10545355863951397
230.0,280.0,200.0,0.0
230.0,280.0,210.0,0.1437646773405134
230.0,280.0,220.0,0.02223280974248502
230.0,280.0,230.0,0.06482838995174298
230.0,280.0,240.0,0.0
230.0,280.0,250.0,0.0
230.0,280.0,260.0,0.0
230.0,280.0,270.0,0.053750024103987395
230.0,280.0,280.0,0.03184825470103312
230.0,280.0,290.0,0.0
230.0,290.0,0.0,0.0
230.0,290.0,10.0,0.0
230.0,290.0,20.0,0.03407347052261531
230.0,290.0,30.0,0.07989863925178224
230.0,290.0,40.0,0.0
230.0,290.0,50.0,0.020626244904912036
230.0,290.0,60.0,0.0
230.0,290.0,70.0,0.0
230.0,290.0,80.0,0.09860002765558964
230.0,290.0,90.0,0.19688889740077842
230.0,290.0,100.0,0.13660452647604782
230.0,290.0,110.0,0.09095127149861511
230.0,290.0,120.0,0.13887388554199714
230.0,290.0,130.0,0.20804504302347937
230.0,290.0,140.0,0.15849600411827425
230.0,290.0,150.0,0.15102407727621434
230.0,290.0,160.0,0.1659215957157082
230.0,290.0,170.0,0.17734094313388143
230.0,290.0,180.0,0.14988648388799128
230.0,290.0,190.0,0.039943917529192845
230.0,290.0,200.0,0.08736981112612957
230.0,290.0,210.0,0.011571301808358445
230.0,290.0,220.0,0.010935982971601598
230.0,290.0,230.0,0.03167352731952194
230.0,290.0,240.0,0.017340902151206556
230.0,290.0,250.0,0.0
230.0,290.0,260.0,0.013254371250688589
230.0,290.0,270.0,0.013125810209810001
230.0,290.0,280.0,0.0
230.0,290.0,290.0,0.012287046096894273
240.0,0.0,0.0,0.06487863392009705
240.0,0.0,10.0,0.0
240.0,0.0,20.0,0.015652338940170242
240.0,0.0,30.0,0.0
240.0,0.0,40.0,0.05706536189444277
240.0,0.0,50.0,0.04784816344675203
240.0,0.0,60.0,0.0
240.0,0.0,70.0,0.12153263568843266
240.0,0.0,80.0,0.0
240.0,0.0,90.0,0.0
240.0,0.0,100.0,0.09121951779374743
240.0,0.0,110.0,0.08100256487906263
240.0,0.0,120.0,0.11125218006792421
240.0,0.0,130.0,0.0594865887028427
240.0,0.0,140.0,0.12283017851043194
240.0,0.0,150.0,0.0903653499184279
240.0,0.0,160.0,0.1512669580217238
240.0,0.0,170.0,0.08863612195181655
240.0,0.0,180.0,0.04736849304673563
240.0,0.0,190.0,0.018435553241712227
240.0,0.0,200.0,0.12575436247203137
240.0,0.0,210.0,0.017806548973172624
240.0,0.0,220.0,0.04918372806857267
240.0,0.0,230.0,0.045722462138498746
240.0,0.0,240.0,0.0024534662951203783
240.0,0.0,250.0,0.0
240.0,0.0,260.0,0.0
240.0,0.0,270.0,0.0
240.0,0.0,280.0,0.0
240.0,0.0,290.0,0.054085794317090076
240.0,10.0,0.0,0.031990034050680835
240.0,10.0,10.0,0.02110139875722617
240.0,10.0,20.0,0.0
240.0,10.0,30.0,0.0
240.0,10.0,40.0,0.08689450394896146
240.0,10.0,50.0,0.0
240.0,10.0,60.0,0.0
240.0,10.0,70.0,0.07531601800957169
240.0,10.0,80.0,0.0
240.0,10.0,90.0,0.12876277095483002
240.0,10.0,100.0,0.11074225578996894
240.0,10.0,110.0,0.08955918407536596
240.0,10.0,120.0,0.14816112421133212
240.0,10.0,130.0,0.14845075534384836
240.0,10.0,140.0,0.1651849053227288
240.0,10.0,150.0,0.07223586879893935
240.0,10.0,160.0,0.08875966076257125
240.0,10.0,170.0,0.015211053342206043
240.0,10.0,180.0,0.15147191163984303
240.0,10.0,190.0,0.012404801931626214
240.0,10.0,200.0,0.08923148190287564
240.0,10.0,210.0,0.10325485693144573
240.0,10.0,220.0,0.0
240.0,10.0,230.0,0.0
240.0,10.0,240.0,0.0
240.0,10.0,250.0,0.0
240.0,10.0,260.0,0.0
240.0,10.0,270.0,0.10269272686286715
240.0,10.0,280.0,0.0
240.0,10.0,290.0,0.0
240.0,20.0,0.0,0.0
240.0,20.0,10.0,0.039046063191490676
240.0,20.0,20.0,0.04257660546887014
240.0,20.0,30.0,0.03160977796165575
240.0,20.0,40.0,0.031034062043466926
240.0,20.0,50.0,0.06427749592293985
240.0,20.0,60.0,0.09220383754219437
240.0,20.0,70.0,0.05682286800799473
240.0,20.0,80.0,0.0832219432916618
240.0,20.0,90.0,0.11883955117494371
240.0,20.0,100.0,0.096124660668889
240.0,20.0,110.0,0.12390900773373423
240.0,20.0,120.0,0.0947854188219242
240.0,20.0,130.0,0.1472206910013059
240.0,20.0,140.0,0.10681629634462064
240.0,20.0,150.0,0.1840514837306162
240.0,20.0,160.0,0.17124596261229835
240.0,20.0,170.0,0.15635878987170015
240.0,20.0,180.0,0.133039221525156
240.0,20.0,190.0,0.0860547229851433
240.0,20.0,200.0,0.0
240.0,20.0,210.0,0.0024229136789520184
240.0,20.0,220.0,0.06615696818656495
240.0,20.0,230.0,0.0
240.0,20.0,240.0,0.0
240.0,20.0,250.0,0.025449302354935227
240.0,20.0,260.0,0.049800364255052694
240.0,20.0,270.0,0.04022472850249486
240.0,20.0,280.0,0.0
240.0,20.0,290.0,0.0
240.0,30.0,0.0,0.0
240.0,30.0,10.0,0.0
240.0,30.0,20.0,0.0
240.0,30.0,30.0,0.0
240.0,30.0,40.0,0.051217143796759866
240.0,30.0,50.0,0.0
240.0,30.0,60.0,0.12108436596454714
240.0,30.0,70.0,0.07384503122992454
240.0,30.0,80.0,0.047069874414611114
240.0,30.0,90.0,0.1054527113547627
240.0,30.0,100.0,0.06528511715411989
240.0,30.0,110.0,0.18508978288451813
240.0,30.0,120.0,0.17345294789356797
240.0,30.0,130.0,0.04615367201217696
240.0,30.0,140.0,0.2513222429662922
240.0,30.0,150.0,0.23049932541061896
240.0,30.0,160.0,0.14076553162493588
240.0,30.0,170.0,0.11584828800802384
240.0,30.0,180.0,0.09700764929425268
240.0,30.0,190.0,0.10765734861127292
240.0,30.0,200.0,0.12724249026798307
240.0,30.0,210.0,0.0
240.0,30.0,220.0,0.007442374525750299
240.0,30.0,230.0,0.04368867000308675
240.0,30.0,240.0,0.0
240.0,30.0,250.0,0.0
240.0,30.0,260.0,0.044376168978447254
240.0,30.0,270.0,0.0
240.0,30.0,280.0,0.0013970484706069136
240.0,30.0,290.0,0.06603990107518903
240.0,40.0,0.0,0.10499255053124368
240.0,40.0,10.0,0.05636874012799338
240.0,40.0,20.0,0.0
240.0,40.0,30.0,0.0503323258741573
240.0,40.0,40.0,0.03596057736931585
240.0,40.0,50.0,0.013858082691873655
240.0,40.0,60.0,0.028988878944180205
240.0,40.0,70.0,0.034982255918980985
240.0,40.0,80.0,0.11774121958832018
240.0,40.0,90.0,0.09837834420403703
240.0,40.0,100.0,0.19789600151413095
240.0,40.0,110.0,0.1612534638836567
240.0,40.0,120.0,0.24350636316019578
240.0,40.0,130.0,0.23908141685815815
240.0,40.0,140.0,0.3037553873445219
240.0,40.0,150.0,0.26623552296119285
240.0,40.0,160.0,0.22601509130074476
240.0,40.0,170.0,0.14765793305354105
240.0,40.0,180.0,0.19783939276838816
240.0,40.0,190.0,0.09518136955930775
240.0,40.0,200.0,0.07534118323667814
240.0,40.0,210.0,0.08900329917361474
240.0,40.0,220.0,0.04360099020438082
240.0,40.0,230.0,0.08207129774346617
240.0,40.0,240.0,0.0
240.0,40.0,250.0,0.0
240.0,40.0,260.0,0.022590043069610977
240.0,40.0,270.0,0.0
240.0,40.0,280.0,0.023343707405314523
240.0,40.0,290.0,0.0
240.0,50.0,0.0,0.0
240.0,50.0,10.0,0.009775966500972814
240.0,50.0,20.0,0.0
240.0,50.0,30.0,0.0
240.0,50.0,40.0,0.055432865061944524
240.0,50.0,50.0,0.02232055018488808
240.0,50.0,60.0,0.03950865924908328
240.0,50.0,70.0,0.08921422974693988
240.0,50.0,80.0,0.026783141295843645
240.0,50.0,90.0,0.16204144794344427
240.0,50.0,100.0,0.1995039330097533
240.0,50.0,110.0,0.15768543807262864
240.0,50.0,120.0,0.27846420538643596
240.0,50.0,130.0,0.30428354402889324
240.0,50.0,140.0,0.31794903542501995
240.0,50.0,150.0,0.2782732241477847
240.0,50.0,160.0,0.17508811487953774
240.0,50.0,170.0,0.2564965872014247
240.0,50.0,180.0,0.1914950548155439
240.0,50.0,190.0,0.20916663995138857
240.0,50.0,200.0,0.08286577660618043
240.0,50.0,210.0,0.073809289810478
240.0,50.0,220.0,0.07133751087829118
240.0,50.0,230.0,0.0717564752191919
240.0,50.0,240.0,0.0
240.0,50.0,250.0,0.0
240.0,50.0,260.0,0.0
240.0,50.0,270.0,0.0481477422913958
240.0,50.0,280.0,0.0510257316422787
240.0,50.0,290.0,0.0
240.0,60.0,0.0,0.001711912233766311
240.0,60.0,10.0,0.0
240.0,60.0,20.0,0.07511476105247726
240.0,60.0,30.0,0.05692524020349358
240.0,60.0,40.0,0.05212902577999477
240.0,60.0,50.0,0.07097080536298767
240.0,60.0,60.0,0.12078695167184794
240.0,60.0,70.0,0.014650297361028485
240.0,60.0,80.0,0.11834287027628076
240.0,60.0,90.0,0.13770559059751278
240.0,60.0,100.0,0.1440538850423307
240.0,60.0,110.0,0.15219097252928104
240.0,60.0,120.0,0.22138860548809686
240.0,60.0,130.0,0.3190208008447206
240.0,60.0,140.0,0.3165301310196881
240.0,60.0,150.0,0.3261831899512461
240.0,60.0,160.0,0.32326752572978085
240.0,60.0,170.0,0.187577747868429
240.0,60.0,180.0,0.23005401172339782
240.0,60.0,190.0,0.22653326996553355
240.0,60.0,200.0,0.16086873350251824
240.0,60.0,210.0,0.11671752516956736
240.0,60.0,220.0,0.003628213181741495
240.0,60.0,230.0,0.05781668664669527
240.0,60.0,240.0,0.008333838090935845
240.0,60.0,250.0,0.0
240.0,60.0,260.0,0.04609352950282725
240.0,60.0,270.0,0.0
240.0,60.0,280.0,0.01695952155370099
240.0,60.0,290.0,0.07360637724879802
240.0,70.0,0.0,0.0
240.0,70.0,10.0,0.06606518449950179
240.0,70.0,20.0,0.0
240.0,70.0,30.0,0.006993341696753295
240.0,70.0,40.0,0.0
240.0,70.0,50.0,0.03027898930784396
240.0,70.0,60.0,0.13270570423240055
240.0,70.0,70.0,0.08331449674311685
240.0,70.0,80.0,0.1339835821634583
240.0,70.0,90.0,0.1399597048997814
240.0,70.0,100.0,0.2925456906302341
240.0,70.0,110.0,0.27449774688556683
240.0,70.0,120.0,0.26586625746789033
240.0,70.0,130.0,0.19075757904995058
240.0,70.0,140.0,0.3360132831562546
240.0,70.0,150.0,0.4070413282448016
240.0,70.0,160.0,0.38677055537404126
240.0,70.0,170.0,0.30635630684249887
240.0,70.0,180.0,0.24707927275127242
240.0,70.0,190.0,0.20556552333089936
240.0,70.0,200.0,0.11791299357960834
240.0,70.0,210.0,0.09265299705420749
240.0,70.0,220.0,0.0
240.0,70.0,230.0,0.017765956574101696
240.0,70.0,240.0,0.014331914874329582
240.0,70.0,250.0,0.06449780581257801
240.0,70.0,260.0,0.0
240.0,70.0,270.0,0.0
240.0,70.0,280.0,0.0009407342478420957
240.0,70.0,290.0,0.02231374775306555
240.0,80.0,0.0,0.01968540396943805
240.0,80.0,10.0,0.07454017105918685
240.0,80.0,20.0,0.07570218082340169
240.0,80.0,30.0,0.0
240.0,80.0,40.0,0.02400036856970495
240.0,80.0,50.0,0.15514002011604006
240.0,80.0,60.0,0.037013508688438904
240.0,80.0,70.0,0.09147247771428485
240.0,80.0,80.0,0.13235474556250493
240.0,80.0,90.0,0.22418995316260176
240.0,80.0,100.0,0.13493169952764877
240.0,80.0,110.0,0.160194377307778
240.0,80.0,120.0,0.4176936895154918
240.0,80.0,130.0,0.48365259209125266
240.0,80.0,140.0,0.4615812562239183
240.0,80.0,150.0,0.537885612834668
240.0,80.0,160.0,0.30994848565809074
240.0,80.0,170.0,0.3927206738358348
240.0,80.0,180.0,0.13319562336385168
240.0,80.0,190.0,0.06214558259031819
240.0,80.0,200.0,0.11138059706186434
240.0,80.0,210.0,0.061879425220223216
240.0,80.0,220.0,0.0580375757216048
240.0,80.0,230.0,0.05144427799267949
240.0,80.0,240.0,0.013578837252196028
240.0,80.0,250.0,0.004298710603815793
240.0,80.0,260.0,0.043842009977107195
240.0,80.0,270.0,0.047684085647921336
240.0,80.0,280.0,0.013338570291562353
240.0,80.0,290.0,0.0
240.0,90.0,0.0,0.0
240.0,90.0,10.0,0.053287393312737276
240.0,90.0,20.0,0.0
240.0,90.0,30.0,0.0
240.0,90.0,40.0,0.030329330143363246
240.0,90.0,50.0,0.0
240.0,90.0,60.0,0.0
240.0,90.0,70.0,0.06182085173788242
240.0,90.0,80.0,0.07377497943421246
240.0,90.0,90.0,0.13843989649792826
240.0,90.0,100.0,0.22615354580522737
240.0,90.0,110.0,0.29326159275286584
240.0,90.0,120.0,0.3311233120793394
240.0,90.0,130.0,0.37661259360210053
240.0,90.0,140.0,0.4646634436780985
240.0,90.0,150.0,0.47683897139903775
240.0,90.0,160.0,0.4823764342754181
240.0,90.0,170.0,0.48103384883925765
240.0,90.0,180.0,0.24806108161891094
240.0,90.0,190.0,0.2827574205279874
240.0,90.0,200.0,0.08029409837410498
240.0,90.0,210.0,0.1621550293409615
240.0,90.0,220.0,0.0971024887650002
240.0,90.0,230.0,0.04636805827576008
240.0,90.0,240.0,0.03627578368539913
240.0,90.0,250.0,0.029345184809731445
240.0,90.0,260.0,0.0
240.0,90.0,270.0,0.057990768319489204
240.0,90.0,280.0,0.006203002272058503
240.0,90.0,290.0,0.0
240.0,100.0,0.0,0.038793078869650104
240.0,100.0,10.0,0.0
240.0,100.0,20.0,0.0
240.0,100.0,30.0,0.0
240.0,100.0,40.0,0.002630120829566207
240.0,100.0,50.0,0.12691285480681053
240.0,100.0,60.0,0.10957461135125393
240.0,100.0,70.0,0.08543124391086196
240.0,100.0,80.0,0.1565774238702476
240.0,100.0,90.0,0.15679380702745524
240.0,100.0,100.0,0.2702102478680091
240.0,100.0,110.0,0.3298386519201494
240.0,100.0,120.0,0.40928423759387866
240.0,100.0,130.0,0.48274290039482537
240.0,100.0,140.0,0.48763140501211166
240.0,100.0,150.0,0.4424349156715338
240.0,100.0,160.0,0.5149853482023911
240.0,100.0,170.0,0.405569259824703
240.0,100.0,180.0,0.23959066675923457
240.0,100.0,190.0,0.2081639096161999
240.0,100.0,200.0,0.21373281230950106
240.0,100.0,210.0,0.17416997446552374
240.0,100.0,220.0,0.12345519483562636
240.0,100.0,230.0,0.0
240.0,100.0,240.0,0.002290538797018838
240.0,100.0,250.0,0.02454070743081988
240.0,100.0,260.0,0.01048018810614753
240.0,100.0,270.0,0.0
240.0,100.0,280.0,0.033390099353646084
240.0,100.0,290.0,0.025895974576268
240.0,110.0,0.0,0.00853844677725299
240.0,110.0,10.0,0.04633211801533046
240.0,110.0,20.0,0.0
240.0,110.0,30.0,0.0
240.0,110.0,40.0,0.04106550777940539
240.0,110.0,50.0,0.056777261660823856
240.0,110.0,60.0,0.03882664983234066
240.0,110.0,70.0,0.08894287835721348
240.0,110.0,80.0,0.1051431447357054
240.0,110.0,90.0,0.20411537103957722
240.0,110.0,100.0,0.30116152082900327
240.0,110.0,110.0,0.2810068448192472
240.0,110.0,120.0,0.4621924965421171
240.0,110.0,130.0,0.40522825561887765
240.0,110.0,140.0,0.551859053063929
240.0,110.0,150.0,0.4527247135568289
240.0,110.0,160.0,0.48955705506775
240.0,110.0,170.0,0.4724327028609144
240.0,110.0,180.0,0.31323262364115306
240.0,110.0,190.0,0.2273334912417641
240.0,110.0,200.0,0.24591178284180015
240.0,110.0,210.0,0.22961859889238664
240.0,110.0,220.0,0.1481414774912165
240.0,110.0,230.0,0.022818525402826854
240.0,110.0,240.0,0.061790976587435174
240.0,110.0,250.0,0.008369257038711154
240.0,110.0,260.0,0.0
240.0,110.0,270.0,0.0
240.0,110.0,280.0,0.0
240.0,110.0,290.0,0.0
240.0,120.0,0.0,0.0
240.0,120.0,10.0,0.07659010883614718
240.0,120.0,20.0,0.09773933235931295
240.0,120.0,30.0,0.0
240.0,120.0,40.0,0.09132093760731867
240.0,120.0,50.0,0.0
240.0,120.0,60.0,0.04220637586262356
240.0,120.0,70.0,0.1853595180294963
240.0,120.0,80.0,0.10350338178244253
240.0,120.0,90.0,0.16266851397572743
240.0,120.0,100.0,0.24199025938934057
240.0,120.0,110.0,0.4072731705805685
240.0,120.0,120.0,0.4284088110146081
240.0,120.0,130.0,0.4478220824041606
240.0,120.0,140.0,0.462576259843416
240.0,120.0,150.0,0.5891869997269434
240.0,120.0,160.0,0.5885284657653195
240.0,120.0,170.0,0.446066698112031
240.0,120.0,180.0,0.43815904333723116
240.0,120.0,190.0,0.29886173805800864
240.0,120.0,200.0,0.1687868785190814
240.0,120.0,210.0,0.25427956581049205
240.0,120.0,220.0,0.0769120572058156
240.0,120.0,230.0,0.019010972263411405
240.0,120.0,240.0,0.016226087775803796
240.0,120.0,250.0,0.0
240.0,120.0,260.0,0.02229715352451604
240.0,120.0,270.0,0.0
240.0,120.0,280.0,0.0
240.0,120.0,290.0,0.0
240.0,130.0,0.0,0.0
240.0,130.0,10.0,0.0
240.0,130.0,20.0,0.0
240.0,130.0,30.0,0.02285267845241247
240.0,130.0,40.0,0.09566589688160022
240.0,130.0,50.0,0.10265392750091498
240.0,130.0,60.0,0.03534289587050439
240.0,130.0,70.0,0.04407613536668952
240.0,130.0,80.0,0.19402374528829655
240.0,130.0,90.0,0.24871807485865763
240.0,130.0,100.0,0.3517215075615612
240.0,130.0,110.0,0.427553424745472
240.0,130.0,120.0,0.4328085332768038
240.0,130.0,130.0,0.5042230043660247
240.0,130.0,140.0,0.5930668600471396
240.0,130.0,150.0,0.5056960574118772
240.0,130.0,160.0,0.513008884462091
240.0,130.0,170.0,0.3868563498176233
240.0,130.0,180.0,0.3870123689768172
240.0,130.0,190.0,0.3334323382484281
240.0,130.0,200.0,0.24227988840170572
240.0,130.0,210.0,0.17680703373139617
240.0,130.0,220.0,0.04604140144601268
240.0,130.0,230.0,0.056566368308073454
240.0,130.0,240.0,0.007070378358157596
240.0,130.0,250.0,0.04358211784338679
240.0,130.0,260.0,0.031541963743458475
240.0,130.0,270.0,0.0
240.0,130.0,280.0,0.0
240.0,130.0,290.0,0.0
240.0,140.0,0.0,0.054643561074723346
240.0,140.0,10.0,0.0
240.0,140.0,20.0,0.0
240.0,140.0,30.0,0.09412668930175097
240.0,140.0,40.0,0.0
240.0,140.0,50.0,0.0
240.0,140.0,60.0,0.1688778604191753
240.0,140.0,70.0,0.07915013104069374
240.0,140.0,80.0,0.12029458090920966
240.0,140.0,90.0,0.26355854005622614
240.0,140.0,100.0,0.32854688000281057
240.0,140.0,110.0,0.39768749943604076
240.0,140.0,120.0,0.4860594104233229
240.0,140.0,130.0,0.5058433395297971
240.0,140.0,140.0,0.6472597050160188
240.0,140.0,150.0,0.5454852495877995
240.0,140.0,160.0,0.49858795109159004
240.0,140.0,170.0,0.5078175225957033
240.0,140.0,180.0,0.39895356086006106
240.0,140.0,190.0,0.40238811314875894
240.0,140.0,200.0,0.2191838539283724
240.0,140.0,210.0,0.10475866883252587
240.0,140.0,220.0,0.01938029568262306
240.0,140.0,230.0,0.0012977537673080491
240.0,140.0,240.0,0.0
240.0,140.0,250.0,0.0
240.0,140.0,260.0,0.022557493825601876
240.0,140.0,270.0,0.0
240.0,140.0,280.0,0.02554355634254541
240.0,140.0,290.0,0.0
240.0,150.0,0.0,0.025190595894518164
240.0,150.0,10.0,0.0
240.0,150.0,20.0,0.0
240.0,150.0,30.0,0.0
240.0,150.0,40.0,0.0
240.0,150.0,50.0,0.06795659730869252
240.0,150.0,60.0,0.10311219762785945
240.0,150.0,70.0,0.007132972715726271
240.0,150.0,80.0,0.15230970688409207
240.0,150.0,90.0,0.13683201394790245
240.0,150.0,100.0,0.2598614231980023
240.0,150.0,110.0,0.3456174839471916
240.0,150.0,120.0,0.49836282000399523
240.0,150.0,130.0,0.5429697519444481
240.0,150.0,140.0,0.5735363795777512
240.0,150.0,150.0,0.6538956652316903
240.0,150.0,160.0,0.5293969425460405
240.0,150.0,170.0,0.462790147387728
240.0,150.0,180.0,0.4637894356894675
240.0,150.0,190.0,0.29465997512605996
240.0,150.0,200.0,0.22686940030826758
240.0,150.0,210.0,0.10287967046749476
240.0,150.0,220.0,0.1132575245935106
240.0,150.0,230.0,0.01919312423084084
240.0,150.0,240.0,0.08011601185695183
240.0,150.0,250.0,0.013215637600607458
240.0,150.0,260.0,0.0
240.0,150.0,270.0,0.0
240.0,150.0,280.0,0.031225829819071845
240.0,150.0,290.0,0.0
240.0,160.0,0.0,0.05415319829840277
240.0,160.0,10.0,0.0
240.0,160.0,20.0,0.01860788686181708
240.0,160.0,30.0,0.0
240.0,160.0,40.0,0.03826707579483016
240.0,160.0,50.0,0.041322984601187315
240.0,160.0,60.0,0.046892307296146504
240.0,160.0,70.0,0.0
240.0,160.0,80.0,0.10631837383553545
240.0,160.0,90.0,0.2154355811082241
240.0,160.0,100.0,0.3464740654504028
240.0,160.0,110.0,0.4084544908206235
240.0,160.0,120.0,0.5779001702637967
240.0,160.0,130.0,0.46627384264302196
240.0,160.0,140.0,0.5672197218822932
240.0,160.0,150.0,0.5708590340437356
240.0,160.0,160.0,0.5214942976373693
240.0,160.0,170.0,0.3828348005874086
240.0,160.0,180.0,0.45962745544010286
240.0,160.0,190.0,0.3054914044128565
240.0,160.0,200.0,0.20363511009363391
240.0,160.0,210.0,0.1871746868645768
240.0,160.0,220.0,0.09122557618235944
240.0,160.0,230.0,0.15857120633195476
240.0,160.0,240.0,0.09741638777066158
240.0,160.0,250.0,0.0312732255715983
240.0,160.0,260.0,0.08277466454384949
240.0,160.0,270.0,0.0808216249652812
240.0,160.0,280.0,0.0
240.0,160.0,290.0,0.017914991349493717
240.0,170.0,0.0,0.0
240.0,170.0,10.0,0.06184943999468362
240.0,170.0,20.0,0.03060572330452651
240.0,170.0,30.0,0.027179242783277754
240.0,170.0,40.0,0.0
240.0,170.0,50.0,0.025924115391239753
240.0,170.0,60.0,0.05498103427947647
240.0,170.0,70.0,0.11046220490245541
240.0,170.0,80.0,0.15716370142349254
240.0,170.0,90.0,0.1275774284572592
240.0,170.0,100.0,0.23786415586643145
240.0,170.0,110.0,0.39157380038277195
240.0,170.0,120.0,0.3178013268038289
240.0,170.0,130.0,0.40926760303823834
240.0,170.0,140.0,0.5007407343775885
240.0,170.0,150.0,0.45010519999633175
240.0,170.0,160.0,0.5267396213581717
240.0,170.0,170.0,0.4046986701328661
240.0,170.0,180.0,0.45030660663388794
240.0,170.0,190.0,0.19436285171202577
240.0,170.0,200.0,0.18560926428305297
240.0,170.0,210.0,0.1573356805583703
240.0,170.0,220.0,0.021223358015145535
240.0,170.0,230.0,0.03838187838568402
240.0,170.0,240.0,0.0
240.0,170.0,250.0,0.0
240.0,170.0,260.0,0.0034019848694239194
240.0,170.0,270.0,0.00528036694041977
240.0,170.0,280.0,0.0
240.0,170.0,290.0,0.0
240.0,180.0,0.0,0.0
240.0,180.0,10.0,0.06548688948925248
240.0,180.0,20.0,0.0
240.0,180.0,30.0,0.007297202089561713
240.0,180.0,40.0,0.0
240.0,180.0,50.0,0.06562222024342829
240.0,180.0,60.0,0.04379554852899192
240.0,180.0,70.0,0.13136924713294637
240.0,180.0,80.0,0.11242561837991412
240.0,180.0,90.0,0.2521857944941929
240.0,180.0,100.0,0.21884865107188486
240.0,180.0,110.0,0.2951866134632976
240.0,180.0,120.0,0.4151492918888269
240.0,180.0,130.0,0.4523235086366486
240.0,180.0,140.0,0.48557417113372175
240.0,180.0,150.0,0.4910110061322146
240.0,180.0,160.0,0.4766887454972014
240.0,180.0,170.0,0.447881962228701
240.0,180.0,180.0,0.38578137702658793
240.0,180.0,190.0,0.19691619365111296
240.0,180.0,200.0,0.17114968928148594
240.0,180.0,210.0,0.19802542147146163
240.0,180.0,220.0,0.09942395953466326
240.0,180.0,230.0,0.019222988820143484
240.0,180.0,240.0,0.0
240.0,180.0,250.0,0.0
240.0,180.0,260.0,0.03189136625302458
240.0,180.0,270.0,0.0
240.0,180.0,280.0,0.024635813376406187
240.0,180.0,290.0,0.029332862271204473
240.0,190.0,0.0,0.0
240.0,190.0,10.0,0.0
240.0,190.0,20.0,0.09501939997745808
240.0,190.0,30.0,0.07441519962683531
240.0,190.0,40.0,0.0
240.0,190.0,50.0,0.09190286284975664
240.0,190.0,60.0,0.011820027868953274
240.0,190.0,70.0,0.07253660396584741
240.0,190.0,80.0,0.046393502842366
240.0,190.0,90.0,0.24519027219482292
240.0,190.0,100.0,0.2005690693978933
240.0,190.0,110.0,0.3798152012572722
240.0,190.0,120.0,0.39679601183806784
240.0,190.0,130.0,0.4954152000287034
240.0,190.0,140.0,0.48745873044329846
240.0,190.0,150.0,0.5071524762476802
240.0,190.0,160.0,0.4505744390166061
240.0,190.0,170.0,0.3731749588568942
240.0,190.0,180.0,0.39838552964682805
240.0,190.0,190.0,0.20361054435273393
240.0,190.0,200.0,0.2548251644381018
240.0,190.0,210.0,0.1393178948828825
240.0,190.0,220.0,0.1284055487348461
240.0,190.0,230.0,0.08055131873853418
240.0,190.0,240.0,0.002645384546660367
240.0,190.0,250.0,0.06923081909430068
240.0,190.0,260.0,0.05813609387713918
240.0,190.0,270.0,0.0034415857334708275
240.0,190.0,280.0,0.0
240.0,190.0,290.0,0.0
240.0,200.0,0.0,0.006335818148442029
240.0,200.0,10.0,0.10888967612880938
240.0,200.0,20.0,0.018541620859956077
240.0,200.0,30.0,0.0
240.0,200.0,40.0,0.03910260779236087
240.0,200.0,50.0,0.027117846311801926
240.0,200.0,60.0,0.0509874472029647
240.0,200.0,70.0,0.05778164040670802
240.0,200.0,80.0,0.11140813937690039
240.0,200.0,90.0,0.26643754187257496
240.0,200.0,100.0,0.17777684720285822
240.0,200.0,110.0,0.359187750725969
240.0,200.0,120.0,0.28404492838883966
240.0,200.0,130.0,0.42432270568406566
240.0,200.0,140.0,0.3509271872606301
240.0,200.0,150.0,0.44905446209609545
240.0,200.0,160.0,0.44188438992912904
240.0,200.0,170.0,0.3584160261788398
240.0,200.0,180.0,0.38008776039087444
240.0,200.0,190.0,0.27924433214286176
240.0,200.0,200.0,0.2173055569336383
240.0,200.0,210.0,0.12079641174838042
240.0,200.0,220.0,0.046049311758033985
240.0,200.0,230.0,0.08785966295255783
240.0,200.0,240.0,0.0939357255338019
240.0,200.0,250.0,0.0
240.0,200.0,260.0,0.0
240.0,200.0,270.0,0.040076488959198756
240.0,200.0,280.0,0.0
240.0,200.0,290.0,0.0
240.0,210.0,0.0,0.0
240.0,210.0,10.0,0.0
240.0,210.0,20.0,0.02721982009552293
240.0,210.0,30.0,0.0
240.0,210.0,40.0,0.020291971111026895
240.0,210.0,50.0,0.051217166851096056
240.0,210.0,60.0,0.05273625384174509
240.0,210.0,70.0,0.15991360449033248
240.0,210.0,80.0,0.021394501764454774
240.0,210.0,90.0,0.14025088722239526
240.0,210.0,100.0,0.26186337853551583
240.0,210.0,110.0,0.18674897515308897
240.0,210.0,120.0,0.37074450832783995
240.0,210.0,130.0,0.4299362613876989
240.0,210.0,140.0,0.47416609296588613
240.0,210.0,150.0,0.44399956076597846
240.0,210.0,160.0,0.40501998713311904
240.0,210.0,170.0,0.3078931528083996
240.0,210.0,180.0,0.23445468840943362
240.0,210.0,190.0,0.20823162589160954
240.0,210.0,200.0,0.14407367377881072
240.0,210.0,210.0,0.06223732086409412
240.0,210.0,220.0,0.023683640993444666
240.0,210.0,230.0,0.035488050119344694
240.0,210.0,240.0,0.0
240.0,210.0,250.0,0.04306147700713011
240.0,210.0,260.0,0.01752815049667502
240.0,210.0,270.0,0.08152410627668692
240.0,210.0,280.0,0.05563491492845067
240.0,210.0,290.0,0.050520225498473584
240.0,220.0,0.0,0.0
240.0,220.0,10.0,0.10382811323534329
240.0,220.0,20.0,0.0
240.0,220.0,30.0,0.022652317173066542
240.0,220.0,40.0,0.027439737489440973
240.0,220.0,50.0,0.04175703706022368
240.0,220.0,60.0,0.0
240.0,220.0,70.0,0.08658244622320915
240.0,220.0,80.0,0.09573179267761947
240.0,220.0,90.0,0.029648906488312476
240.0,220.0,100.0,0.21861430384816657
240.0,220.0,110.0,0.28602302740165697
240.0,220.0,120.0,0.2970736268485927
240.0,220.0,130.0,0.3027676381252228
240.0,220.0,140.0,0.4100121905318173
240.0,220.0,150.0,0.36353329932702744
240.0,220.0,160.0,0.351337801795122
240.0,220.0,170.0,0.32443633395398747
240.0,220.0,180.0,0.18169960286783293
240.0,220.0,190.0,0.1790318639309355
240.0,220.0,200.0,0.16025884677780702
240.0,220.0,210.0,0.08855861881268037
240.0,220.0,220.0,0.0356427827336203
240.0,220.0,230.0,0.0
240.0,220.0,240.0,0.08538294512435693
240.0,220.0,250.0,0.026635563977656714
240.0,220.0,260.0,0.03897654648066863
240.0,220.0,270.0,0.0
240.0,220.0,280.0,0.024300422797962212
240.0,220.0,290.0,0.05500926691948074
240.0,230.0,0.0,0.0
240.0,230.0,10.0,0.0170055886943219
240.0,230.0,20.0,0.05986042559843516
240.0,230.0,30.0,0.0
240.0,230.0,40.0,0.0005247173012863354
240.0,230.0,50.0,0.06902065488919622
240.0,230.0,60.0,0.08491909405598085
240.0,230.0,70.0,0.07297885852571134
240.0,230.0,80.0,0.02972018794597788
240.0,230.0,90.0,0.12228812544347456
240.0,230.0,100.0,0.0681091273510229
240.0,230.0,110.0,0.20071769985887272
240.0,230.0,120.0,0.28509853411958486
240.0,230.0,130.0,0.28990451794955396
240.0,230.0,140.0,0.24241716166625388
240.0,230.0,150.0,0.3681710845043267
240.0,230.0,160.0,0.31620104622842893
240.0,230.0,170.0,0.2972162536106101
240.0,230.0,180.0,0.0977728010201737
240.0,230.0,190.0,0.1873533473132266
240.0,230.0,200.0,0.07580471220278945
240.0,230.0,210.0,0.1630506416504191
240.0,230.0,220.0,0.05991097481286303
240.0,230.0,230.0,0.024247906654740532
240.0,230.0,240.0,0.0
240.0,230.0,250.0,0.05316629134867869
240.0,230.0,260.0,0.0
240.0,230.0,270.0,0.0
240.0,230.0,280.0,0.06601737661778334
240.0,230.0,290.0,0.0
240.0,240.0,0.0,0.0
240.0,240.0,10.0,0.02184107661103484
240.0,240.0,20.0,0.01967590545383926
240.0,240.0,30.0,0.0
240.0,240.0,40.0,0.0422448954429403
240.0,240.0,50.0,0.0574584578155034
240.0,240.0,60.0,0.1181240484567142
240.0,240.0,70.0,0.20364927918575254
240.0,240.0,80.0,0.11217677067821911
240.0,240.0,90.0,0.09059864489039411
240.0,240.0,100.0,0.20075729209508364
240.0,240.0,110.0,0.21383876274885727
240.0,240.0,120.0,0.32252971755064475
240.0,240.0,130.0,0.20876692149196857
240.0,240.0,140.0,0.21992940273981484
240.0,240.0,150.0,0.2793892016733541
240.0,240.0,160.0,0.34932160715618915
240.0,240.0,170.0,0.24828733380129675
240.0,240.0,180.0,0.15344547373439876
240.0,240.0,190.0,0.09264741136616994
240.0,240.0,200.0,0.07137599475916119
240.0,240.0,210.0,0.12879588895286498
240.0,240.0,220.0,0.04328046258917392
240.0,240.0,230.0,0.0096096914980995
240.0,240.0,240.0,0.0400111788634944
240.0,240.0,250.0,0.0
240.0,240.0,260.0,0.04505492179704335
240.0,240.0,270.0,0.0
240.0,240.0,280.0,0.0
240.0,240.0,290.0,0.019860052627890954
240.0,250.0,0.0,0.037870814402412994
240.0,250.0,10.0,0.0
240.0,250.0,20.0,0.040519576752783684
240.0,250.0,30.0,0.03762782747071045
240.0,250.0,40.0,0.030506865710964504
240.0,250.0,50.0,0.0
240.0,250.0,60.0,0.0
240.0,250.0,70.0,0.06450243522268947
240.0,250.0,80.0,0.10756530522250386
240.0,250.0,90.0,0.05780299495374739
240.0,250.0,100.0,0.1954589870431035
240.0,250.0,110.0,0.2029752436703283
240.0,250.0,120.0,0.13867398142696669
240.0,250.0,130.0,0.2240247108618289
240.0,250.0,140.0,0.2602818078539381
240.0,250.0,150.0,0.22383195383633117
240.0,250.0,160.0,0.15510090338277244
240.0,250.0,170.0,0.1622244361952164
240.0,250.0,180.0,0.1323755974897714
240.0,250.0,190.0,0.1944031579320542
240.0,250.0,200.0,0.04242976349570343
240.0,250.0,210.0,0.0
240.0,250.0,220.0,0.01363514926052508
240.0,250.0,230.0,0.01717489962503842
240.0,250.0,240.0,0.05284311696783564
240.0,250.0,250.0,0.01804596218861733
240.0,250.0,260.0,0.0
240.0,250.0,270.0,0.03316405593555277
240.0,250.0,280.0,0.04512966130433777
240.0,250.0,290.0,0.0
240.0,260.0,0.0,0.0
240.0,260.0,10.0,0.0
240.0,260.0,20.0,0.08428076247155042
240.0,260.0,30.0,0.000501356326913473
240.0,260.0,40.0,0.0
240.0,260.0,50.0,0.019651887984050414
240.0,260.0,60.0,0.0
240.0,260.0,70.0,0.05942547768305539
240.0,260.0,80.0,0.07384361031742047
240.0,260.0,90.0,0.0
240.0,260.0,100.0,0.12474659982897074
240.0,260.0,110.0,0.15118819144634196
240.0,260.0,120.0,0.21115021143085577
240.0,260.0,130.0,0.2037945689101918
240.0,260.0,140.0,0.14475507681211597
240.0,260.0,150.0,0.15234711521422217
240.0,260.0,160.0,0.20989367856909136
240.0,260.0,170.0,0.18234004872601423
240.0,260.0,180.0,0.09299218678895954
240.0,260.0,190.0,0.05804582506784362
240.0,260.0,200.0,0.049976748685922494
240.0,260.0,210.0,0.0
240.0,260.0,220.0,0.021271375121349263
240.0,260.0,230.0,0.002422762408499538
240.0,260.0,240.0,0.055073150089941056
240.0,260.0,250.0,0.017813840086631245
240.0,260.0,260.0,0.0
240.0,260.0,270.0,0.02330419228566017
240.0,260.0,280.0,0.0
240.0,260.0,290.0,0.0
240.0,270.0,0.0,0.05653679768404715
240.0,270.0,10.0,0.0
240.0,270.0,20.0,0.0
240.0,270.0,30.0,0.026189620870820347
240.0,270.0,40.0,0.03626386081264796
240.0,270.0,50.0,0.0
240.0,270.0,60.0,0.0
240.0,270.0,70.0,0.0
240.0,270.0,80.0,0.0
240.0,270.0,90.0,0.06947434133635351
240.0,270.0,100.0,0.09624657457614064
240.0,270.0,110.0,0.11385200703485973
240.0,270.0,120.0,0.11187116678572707
240.0,270.0,130.0,0.1955677004530445
240.0,270.0,140.0,0.17022956007860324
240.0,270.0,150.0,0.1707355119857337
240.0,270.0,160.0,0.15897388083596775
240.0,270.0,170.0,0.1330717123162319
240.0,270.0,180.0,0.15450026481207374
240.0,270.0,190.0,0.146542024236573
240.0,270.0,200.0,0.07727226060849633
240.0,270.0,210.0,0.0
240.0,270.0,220.0,0.03929511229339662
240.0,270.0,230.0,0.0
240.0,270.0,240.0,0.13483555763813027
240.0,270.0,250.0,0.018616550560355608
240.0,270.0,260.0,0.06708035264568353
240.0,270.0,270.0,0.0
240.0,270.0,280.0,0.0
240.0,270.0,290.0,0.029469192824892635
240.0,280.0,0.0,0.004151844892997258
240.0,280.0,10.0,0.02329604490929497
240.0,280.0,20.0,0.0
240.0,280.0,30.0,0.0
240.0,280.0,40.0,0.011865486781197396
240.0,280.0,50.0,0.0
240.0,280.0,60.0,0.01343943887283602
240.0,280.0,70.0,0.035015732465309965
240.0,280.0,80.0,0.011174952209990107
240.0,280.0,90.0,0.08513768249854586
240.0,280.0,100.0,0.21448100101777431
240.0,280.0,110.0,0.08434687440757581
240.0,280.0,120.0,0.05391917397531312
240.0,280.0,130.0,0.11043030638135276
240.0,280.0,140.0,0.13862411140223066
240.0,280.0,150.0,0.19514875272283866
240.0,280.0,160.0,0.20246572388677242
240.0,280.0,170.0,0.17179083159053055
240.0,280.0,180.0,0.05236981197742229
240.0,280.0,190.0,0.028805676179067097
240.0,280.0,200.0,0.05406160584101925
240.0,280.0,210.0,0.07616890668587581
240.0,280.0,220.0,0.0954423807637923
240.0,280.0,230.0,0.0
240.0,280.0,240.0,0.02725236605060799
240.0,280.0,250.0,0.0
240.0,280.0,260.0,0.0
240.0,280.0,270.0,0.0
240.0,280.0,280.0,0.006477242282761004
240.0,280.0,290.0,0.010075581336654753
240.0,290.0,0.0,0.050373343166841535
240.0,290.0,10.0,0.0
240.0,290.0,20.0,0.08124805077243717
240.0,290.0,30.0,0.02799550403578686
240.0,290.0,40.0,0.0
240.0,290.0,50.0,0.017154871485322104
240.0,290.0,60.0,0.05321207313336743
240.0,290.0,70.0,0.0
240.0,290.0,80.0,0.015102271258571847
240.0,290.0,90.0,0.04011735671408743
240.0,290.0,100.0,0.11810195300438121
240.0,290.0,110.0,0.04836322812515277
240.0,290.0,120.0,0.10679056402762893
240.0,290.0,130.0,0.10438877277530209
240.0,290.0,140.0,0.13057233003020302
240.0,290.0,150.0,0.09379096417117082
240.0,290.0,160.0,0.01467394347540528
240.0,290.0,170.0,0.1321803000745484
240.0,290.0,180.0,0.0847555562516772
240.0,290.0,190.0,0.06663318101489166
240.0,290.0,200.0,0.02851244898817719
240.0,290.0,210.0,0.033856815892990375
240.0,290.0,220.0,0.0
240.0,290.0,230.0,0.035567963227626384
240.0,290.0,240.0,0.012704287682705252
240.0,290.0,250.0,0.0
240.0,290.0,260.0,0.0
240.0,290.0,270.0,0.0
240.0,290.0,280.0,0.05994408501088755
240.0,290.0,290.0,0.0
250.0,0.0,0.0,0.09006460750215965
250.0,0.0,10.0,0.0
250.0,0.0,20.0,0.0658973948808872
250.0,0.0,30.0,0.11017805785547077
250.0,0.0,40.0,0.0
250.0,0.0,50.0,0.100751289998571
250.0,0.0,60.0,0.0
250.0,0.0,70.0,0.0
250.0,0.0,80.0,0.0
250.0,0.0,90.0,0.03404165177409556
250.0,0.0,100.0,0.09986390986525634
250.0,0.0,110.0,0.04657866010993661
250.0,0.0,120.0,0.07026207220474953
250.0,0.0,130.0,0.043497658660291066
250.0,0.0,140.0,0.18656067107977142
250.0,0.0,150.0,0.052167669856215015
250.0,0.0,160.0,0.08103817442099209
250.0,0.0,170.0,0.14655350364809694
250.0,0.0,180.0,0.08715377246856935
250.0,0.0,190.0,0.023896467788161742
250.0,0.0,200.0,0.0
250.0,0.0,210.0,0.050513237531698965
250.0,0.0,220.0,0.012999886503150053
250.0,0.0,230.0,0.0
250.0,0.0,240.0,0.022253750170246576
250.0,0.0,250.0,0.0431937103848279
250.0,0.0,260.0,0.04546411177597566
250.0,0.0,270.0,0.0324491340797526
250.0,0.0,280.0,0.0
250.0,0.0,290.0,0.02927793896683346
250.0,10.0,0.0,0.04692720452902903
250.0,10.0,10.0,0.0
250.0,10.0,20.0,0.024783152182059634
250.0,10.0,30.0,0.02983960883269763
250.0,10.0,40.0,0.0
250.0,10.0,50.0,0.12431293009316222
250.0,10.0,60.0,0.11344544382768072
250.0,10.0,70.0,0.01828422955258521
250.0,10.0,80.0,0.03303334252465335
250.0,10.0,90.0,0.08436213726767562
250.0,10.0,100.0,0.16628934523461797
250.0,10.0,110.0,0.0
250.0,10.0,120.0,0.06435050655697586
250.0,10.0,130.0,0.038371286202939725
250.0,10.0,140.0,0.07037307083875105
250.0,10.0,150.0,0.04358114655916827
250.0,10.0,160.0,0.06303332691196017
250.0,10.0,170.0,0.09105470651121997
250.0,10.0,180.0,0.0199752803370047
250.0,10.0,190.0,0.06645627097486817
250.0,10.0,200.0,0.02058763507050962
250.0,10.0,210.0,0.0
250.0,10.0,220.0,0.011773714969380074
250.0,10.0,230.0,0.10402988075985374
250.0,10.0,240.0,0.11742767564350094
250.0,10.0,250.0,0.02917405933661189
250.0,10.0,260.0,0.0
250.0,10.0,270.0,0.0
250.0,10.0,280.0,0.0
250.0,10.0,290.0,0.0
250.0,20.0,0.0,0.01642148469227272
250.0,20.0,10.0,0.0
250.0,20.0,20.0,0.0
250.0,20.0,30.0,0.0
250.0,20.0,40.0,0.015609391724183118
250.0,20.0,50.0,0.011004966336638854
250.0,20.0,60.0,0.08109069796654053
250.0,20.0,70.0,0.044086665216266474
250.0,20.0,80.0,0.03913002582748385
250.0,20.0,90.0,0.014954184687420935
250.0,20.0,100.0,0.046605926433649476
250.0,20.0,110.0,0.15850312906439384
250.0,20.0,120.0,0.06659711635441379
250.0,20.0,130.0,0.09838149938123517
250.0,20.0,140.0,0.1396748681787304
250.0,20.0,150.0,0.12690350440884635
250.0,20.0,160.0,0.19803091865439698
250.0,20.0,170.0,0.13974568420388958
250.0,20.0,180.0,0.023804173195642472
250.0,20.0,190.0,0.0
250.0,20.0,200.0,0.07465391050054992
250.0,20.0,210.0,0.0
250.0,20.0,220.0,0.04018709919433182
250.0,20.0,230.0,0.01024402781417864
250.0,20.0,240.0,0.02225999527306763
250.0,20.0,250.0,0.0026784443017602204
250.0,20.0,260.0,0.02671182306553059
250.0,20.0,270.0,0.06352018899516726
250.0,20.0,280.0,0.025341373333479442
250.0,20.0,290.0,0.0
250.0,30.0,0.0,0.11824644513269651
250.0,30.0,10.0,0.0
250.0,30.0,20.0,0.02178043284153982
250.0,30.0,30.0,0.0
250.0,30.0,40.0,0.07736974554747474
250.0,30.0,50.0,0.0
250.0,30.0,60.0,0.039553056315145024
250.0,30.0,70.0,0.043178527907156594
250.0,30.0,80.0,0.020256240302006283
250.0,30.0,90.0,0.08125842243404292
250.0,30.0,100.0,0.16155674782983237
250.0,30.0,110.0,0.13156613223347652
250.0,30.0,120.0,0.11584265927987658
250.0,30.0,130.0,0.19707282658968012
250.0,30.0,140.0,0.16066161536563855
250.0,30.0,150.0,0.10519561718769199
250.0,30.0,160.0,0.14681718965751384
250.0,30.0,170.0,0.1897964682556213
250.0,30.0,180.0,0.0769533830905578
250.0,30.0,190.0,0.0
250.0,30.0,200.0,0.05732764514574666
250.0,30.0,210.0,0.04827994509879592
250.0,30.0,220.0,0.0
250.0,30.0,230.0,0.08703231751155324
250.0,30.0,240.0,0.045420555294958725
250.0,30.0,250.0,0.0
250.0,30.0,260.0,0.009423904004558089
250.0,30.0,270.0,0.017999339092447154
250.0,30.0,280.0,0.022084488756794717
250.0,30.0,290.0,0.0
250.0,40.0,0.0,0.02114428330653974
250.0,40.0,10.0,0.055074665779356484
250.0,40.0,20.0,0.07598979653414685
250.0,40.0,30.0,0.0
250.0,40.0,40.0,0.0
250.0,40.0,50.0,0.02238523616821573
250.0,40.0,60.0,0.09247076098899304
250.0,40.0,70.0,0.0
250.0,40.0,80.0,0.16565400071040434
250.0,40.0,90.0,0.022226351144347137
250.0,40.0,100.0,0.08054099221945962
250.0,40.0,110.0,0.16189785737408618
250.0,40.0,120.0,0.05974927000792511
250.0,40.0,130.0,0.15377449939008703
250.0,40.0,140.0,0.1852232754059464
250.0,40.0,150.0,0.20908579981945158
250.0,40.0,160.0,0.16879407827122184
250.0,40.0,170.0,0.06249170870945754
250.0,40.0,180.0,0.13145829162512873
250.0,40.0,190.0,0.05327250189499168
250.0,40.0,200.0,0.031916831756577654
250.0,40.0,210.0,0.0
250.0,40.0,220.0,0.07196107719565434
250.0,40.0,230.0,0.023630027682931296
250.0,40.0,240.0,0.039199348563876864
250.0,40.0,250.0,0.14594654535112944
250.0,40.0,260.0,0.018754164775975697
250.0,40.0,270.0,0.0
250.0,40.0,280.0,0.0226027411778713
250.0,40.0,290.0,0.025106198600016404
250.0,50.0,0.0,0.038941055963948125
250.0,50.0,10.0,0.0
250.0,50.0,20.0,0.07338925254391702
250.0,50.0,30.0,0.0
250.0,50.0,40.0,0.0
250.0,50.0,50.0,0.09791085017625867
250.0,50.0,60.0,0.02540115730414963
250.0,50.0,70.0,0.054625704289676266
250.0,50.0,80.0,0.15307083532001103
250.0,50.0,90.0,0.0029284947118577986
250.0,50.0,100.0,0.1611595734239085
250.0,50.0,110.0,0.09036695579051457
250.0,50.0,120.0,0.10266937219461116
250.0,50.0,130.0,0.1621919912566864
250.0,50.0,140.0,0.2539232668053119
250.0,50.0,150.0,0.2262104917675974
250.0,50.0,160.0,0.22620457867579657
250.0,50.0,170.0,0.18823708743096032
250.0,50.0,180.0,0.22026761944509746
250.0,50.0,190.0,0.21374534585213667
250.0,50.0,200.0,0.012215793506252029
250.0,50.0,210.0,0.0
250.0,50.0,220.0,0.0640610992995524
250.0,50.0,230.0,0.03345362357891872
250.0,50.0,240.0,0.07127183724995875
250.0,50.0,250.0,0.0
250.0,50.0,260.0,0.0
250.0,50.0,270.0,0.03162426977218486
250.0,50.0,280.0,0.0
250.0,50.0,290.0,0.10035397480141947
250.0,60.0,0.0,0.04616261011139477
250.0,60.0,10.0,0.0
250.0,60.0,20.0,0.0
250.0,60.0,30.0,0.0
250.0,60.0,40.0,0.0
250.0,60.0,50.0,0.0
250.0,60.0,60.0,0.026875575276117353
250.0,60.0,70.0,0.010834970153870228
250.0,60.0,80.0,0.1573033964317367
250.0,60.0,90.0,0.13357425168121584
250.0,60.0,100.0,0.10614801145918472
250.0,60.0,110.0,0.17167149783026456
250.0,60.0,120.0,0.13728187314949708
250.0,60.0,130.0,0.2269507920581572
250.0,60.0,140.0,0.27203250597332296
250.0,60.0,150.0,0.22271969412019077
250.0,60.0,160.0,0.23315133061786808
250.0,60.0,170.0,0.1894837623931238
250.0,60.0,180.0,0.17807563234101229
250.0,60.0,190.0,0.11309946363072415
250.0,60.0,200.0,0.13876546305545948
250.0,60.0,210.0,0.056601691524146486
250.0,60.0,220.0,0.002611368562345534
250.0,60.0,230.0,0.04749686064499524
250.0,60.0,240.0,0.0
250.0,60.0,250.0,0.0
250.0,60.0,260.0,0.0
250.0,60.0,270.0,0.0
250.0,60.0,280.0,0.06369111995220898
250.0,60.0,290.0,0.04027537250125251
250.0,70.0,0.0,0.010655321218255815
250.0,70.0,10.0,0.0
250.0,70.0,20.0,0.0
250.0,70.0,30.0,0.0
250.0,70.0,40.0,0.01748342608925075
250.0,70.0,50.0,0.0
250.0,70.0,60.0,0.0014713228209595856
250.0,70.0,70.0,0.13707080835865684
250.0,70.0,80.0,0.014996591563929636
250.0,70.0,90.0,0.05074900988922649
250.0,70.0,100.0,0.1458672224337141
250.0,70.0,110.0,0.18699377248562007
250.0,70.0,120.0,0.25542227020665287
250.0,70.0,130.0,0.2785833432179353
250.0,70.0,140.0,0.2584619024384924
250.0,70.0,150.0,0.25967321105423335
250.0,70.0,160.0,0.2846940934783028
250.0,70.0,170.0,0.23188156770753374
250.0,70.0,180.0,0.13263228040336594
250.0,70.0,190.0,0.16045051020229684
250.0,70.0,200.0,0.1569245086288642
250.0,70.0,210.0,0.10908262236241956
250.0,70.0,220.0,0.0
250.0,70.0,230.0,0.0
250.0,70.0,240.0,0.0
250.0,70.0,250.0,0.0
250.0,70.0,260.0,0.0
250.0,70.0,270.0,0.0
250.0,70.0,280.0,0.0
250.0,70.0,290.0,0.04620613088418676
250.0,80.0,0.0,0.04820724811762152
250.0,80.0,10.0,0.06513070277925445
250.0,80.0,20.0,0.0047499036766360265
250.0,80.0,30.0,0.0524522197126223
250.0,80.0,40.0,0.1209255335139062
250.0,80.0,50.0,0.0
250.0,80.0,60.0,0.0
250.0,80.0,70.0,0.026400525871306035
250.0,80.0,80.0,0.1476442164484016
250.0,80.0,90.0,0.1934607193686912
250.0,80.0,100.0,0.1424913451472823
250.0,80.0,110.0,0.1836291348273107
250.0,80.0,120.0,0.2348171326921899
250.0,80.0,130.0,0.2886108269073245
250.0,80.0,140.0,0.30095138024723156
250.0,80.0,150.0,0.2639293507671818
250.0,80.0,160.0,0.2785279216529901
250.0,80.0,170.0,0.28100394156530506
250.0,80.0,180.0,0.2611822373151575
250.0,80.0,190.0,0.17280751865883134
250.0,80.0,200.0,0.03902064513264393
250.0,80.0,210.0,0.08287158936270647
250.0,80.0,220.0,0.0
250.0,80.0,230.0,0.06000305400013643
250.0,80.0,240.0,0.021763119051064393
250.0,80.0,250.0,0.031290538577234156
250.0,80.0,260.0,0.0013240349740378885
250.0,80.0,270.0,0.025454830331939963
250.0,80.0,280.0,0.0029356296378119503
250.0,80.0,290.0,0.0
250.0,90.0,0.0,0.0
250.0,90.0,10.0,0.02722337393487627
250.0,90.0,20.0,0.04944047321556359
250.0,90.0,30.0,0.0
250.0,90.0,40.0,0.03259004474885931
250.0,90.0,50.0,0.09659470224756862
250.0,90.0,60.0,0.0379650251430914
250.0,90.0,70.0,0.034039564922270914
250.0,90.0,80.0,0.03826173395273581
250.0,90.0,90.0,0.14329396887827583
250.0,90.0,100.0,0.16627446140635724
250.0,90.0,110.0,0.23410427598518427
250.0,90.0,120.0,0.25474267612344037
250.0,90.0,130.0,0.28448378231275556
250.0,90.0,140.0,0.36741614702366326
250.0,90.0,150.0,0.3280344462600403
250.0,90.0,160.0,0.38590749342230096
250.0,90.0,170.0,0.2751550187002307
250.0,90.0,180.0,0.2132517140659715
250.0,90.0,190.0,0.19589826443294633
250.0,90.0,200.0,0.1647729192595294
250.0,90.0,210.0,0.09555715802786159
250.0,90.0,220.0,0.0
250.0,90.0,230.0,0.0
250.0,90.0,240.0,0.0
250.0,90.0,250.0,0.006896790789819254
250.0,90.0,260.0,0.0
250.0,90.0,270.0,0.07830928415959432
250.0,90.0,280.0,0.0
250.0,90.0,290.0,0.0
250.0,100.0,0.0,0.0
250.0,100.0,10.0,0.0
250.0,100.0,20.0,0.07000268622383567
250.0,100.0,30.0,0.0
250.0,100.0,40.0,0.05662766692397268
250.0,100.0,50.0,0.08948844942384768
250.0,100.0,60.0,0.16193019586917887
250.0,100.0,70.0,0.1460379635713778
250.0,100.0,80.0,0.11160043860103573
250.0,100.0,90.0,0.2123373753207074
250.0,100.0,100.0,0.1773623588099697
250.0,100.0,110.0,0.2707023151323462
250.0,100.0,120.0,0.3842059247236498
250.0,100.0,130.0,0.319062990846381
250.0,100.0,140.0,0.4094296357000804
250.0,100.0,150.0,0.33933085835070775
250.0,100.0,160.0,0.37435083902973826
250.0,100.0,170.0,0.3351571669347583
250.0,100.0,180.0,0.23990895851342703
250.0,100.0,190.0,0.15874028908150223
250.0,100.0,200.0,0.18064816434579056
250.0,100.0,210.0,0.11798518275945594
250.0,100.0,220.0,0.0
250.0,100.0,230.0,0.13753386725189026
250.0,100.0,240.0,0.008944797086552717
250.0,100.0,250.0,0.0031244338389253834
250.0,100.0,260.0,0.0
250.0,100.0,270.0,0.021538679811494186
250.0,100.0,280.0,0.027686515166262807
250.0,100.0,290.0,0.0
250.0,110.0,0.0,0.07262032532919982
250.0,110.0,10.0,0.0
250.0,110.0,20.0,0.0
250.0,110.0,30.0,0.0
250.0,110.0,40.0,0.0
250.0,110.0,50.0,0.0019159056189627585
250.0,110.0,60.0,0.0
250.0,110.0,70.0,0.05425910080938425
250.0,110.0,80.0,0.14643053187337607
250.0,110.0,90.0,0.15127030874695035
250.0,110.0,100.0,0.14738695079826852
250.0,110.0,110.0,0.29785231426049175
250.0,110.0,120.0,0.3751485862812535
250.0,110.0,130.0,0.410087460020911
250.0,110.0,140.0,0.4528582263616415
250.0,110.0,150.0,0.4324136573312526
250.0,110.0,160.0,0.2901561039811325
250.0,110.0,170.0,0.3321406526202411
250.0,110.0,180.0,0.3666110778778588
250.0,110.0,190.0,0.17988167591819273
250.0,110.0,200.0,0.23771414088095918
250.0,110.0,210.0,0.07337211546715278
250.0,110.0,220.0,0.03631288136055719
250.0,110.0,230.0,0.0
250.0,110.0,240.0,0.026506586336695726
250.0,110.0,250.0,0.10703083392474083
250.0,110.0,260.0,0.0
250.0,110.0,270.0,0.0
250.0,110.0,280.0,0.017224664108494908
250.0,110.0,290.0,0.0
250.0,120.0,0.0,0.0
250.0,120.0,10.0,0.05133092469581498
250.0,120.0,20.0,0.025959218590344408
250.0,120.0,30.0,0.0
250.0,120.0,40.0,0.02535650681899599
250.0,120.0,50.0,0.03502215003343044
250.0,120.0,60.0,0.09055208984211341
250.0,120.0,70.0,0.10588715070813837
250.0,120.0,80.0,0.12090550272350976
250.0,120.0,90.0,0.1926966850013735
250.0,120.0,100.0,0.12828819230696048
250.0,120.0,110.0,0.3253158498001651
250.0,120.0,120.0,0.3828833856001546
250.0,120.0,130.0,0.43793959027479
250.0,120.0,140.0,0.4060473351112309
250.0,120.0,150.0,0.4625394623581826
250.0,120.0,160.0,0.3803163492021042
250.0,120.0,170.0,0.3685635840918563
250.0,120.0,180.0,0.30366169836690426
250.0,120.0,190.0,0.1388599517694737
250.0,120.0,200.0,0.18547212391622286
250.0,120.0,210.0,0.036618180445632156
250.0,120.0,220.0,0.18336131474958117
250.0,120.0,230.0,0.043306360180828424
250.0,120.0,240.0,0.0
250.0,120.0,250.0,0.09219647992882801
250.0,120.0,260.0,0.002319858484434903
250.0,120.0,270.0,0.005861138060057863
250.0,120.0,280.0,0.0018623752313776895
250.0,120.0,290.0,0.06606287631723985
250.0,130.0,0.0,0.03615198643561382
250.0,130.0,10.0,0.0
250.0,130.0,20.0,0.016351364490362973
250.0,130.0,30.0,0.0
250.0,130.0,40.0,0.016221340979145793
250.0,130.0,50.0,0.0769532225098018
250.0,130.0,60.0,0.005725210360866831
250.0,130.0,70.0,0.08568448689538027
250.0,130.0,80.0,0.16828746495752472
250.0,130.0,90.0,0.1542739281812406
250.0,130.0,100.0,0.18342992688574394
250.0,130.0,110.0,0.28969918816185886
250.0,130.0,120.0,0.4238265392380961
250.0,130.0,130.0,0.4058193854615479
250.0,130.0,140.0,0.5095836628584579
250.0,130.0,150.0,0.2915948727190737
250.0,130.0,160.0,0.3520353642685726
250.0,130.0,170.0,0.3555310580649284
250.0,130.0,180.0,0.31981552340046143
250.0,130.0,190.0,0.1844302644520085
250.0,130.0,200.0,0.20037819494996134
250.0,130.0,210.0,0.14936242597193472
250.0,130.0,220.0,0.016287750184358275
250.0,130.0,230.0,0.05223602422704624
250.0,130.0,240.0,0.0
250.0,130.0,250.0,0.046224476838137324
250.0,130.0,260.0,0.034165646916609185
250.0,130.0,270.0,0.0
250.0,130.0,280.0,0.003014264647330144
250.0,130.0,290.0,0.032055143143141604
250.0,140.0,0.0,0.0
250.0,140.0,10.0,0.0
250.0,140.0,20.0,0.0
250.0,140.0,30.0,0.0
250.0,140.0,40.0,0.0
250.0,140.0,50.0,0.020680843194293214
250.0,140.0,60.0,0.006711199107876632
250.0,140.0,70.0,0.09956985538513077
250.0,140.0,80.0,0.1448725398986249
250.0,140.0,90.0,0.17978508481499275
250.0,140.0,100.0,0.2760429365166357
250.0,140.0,110.0,0.3903250574700401
250.0,140.0,120.0,0.4094147831109378
250.0,140.0,130.0,0.4269887523185748
250.0,140.0,140.0,0.4754967222779154
250.0,140.0,150.0,0.45420246146733334
250.0,140.0,160.0,0.4647310388963679
250.0,140.0,170.0,0.37353109481008084
250.0,140.0,180.0,0.28698181828692465
250.0,140.0,190.0,0.10223681343117927
250.0,140.0,200.0,0.2103266645451407
250.0,140.0,210.0,0.1210133433449461
250.0,140.0,220.0,0.10943009848187646
250.0,140.0,230.0,0.10246704712353039
250.0,140.0,240.0,0.11352346717184812
250.0,140.0,250.0,0.0
250.0,140.0,260.0,0.10756693099961627
250.0,140.0,270.0,0.0
250.0,140.0,280.0,0.0
250.0,140.0,290.0,0.06211391358020365
250.0,150.0,0.0,0.0
250.0,150.0,10.0,0.0
250.0,150.0,20.0,0.0
250.0,150.0,30.0,0.0
250.0,150.0,40.0,0.0
250.0,150.0,50.0,0.05460596861428277
250.0,150.0,60.0,0.03972727708670425
250.0,150.0,70.0,0.031592543939153936
250.0,150.0,80.0,0.09060570305171178
250.0,150.0,90.0,0.09425945999352538
250.0,150.0,100.0,0.22124572733170575
250.0,150.0,110.0,0.24976400971520027
250.0,150.0,120.0,0.4195979174180252
250.0,150.0,130.0,0.4457758711743939
250.0,150.0,140.0,0.43316955970797966
250.0,150.0,150.0,0.4937990095662394
250.0,150.0,160.0,0.33699198975084493
250.0,150.0,170.0,0.3218139813598366
250.0,150.0,180.0,0.2140940630958508
250.0,150.0,190.0,0.19775880788574482
250.0,150.0,200.0,0.14768789390913173
250.0,150.0,210.0,0.11589032054387823
250.0,150.0,220.0,0.07497757799629493
250.0,150.0,230.0,0.14002211158798955
250.0,150.0,240.0,0.08953710493392139
250.0,150.0,250.0,0.0
250.0,150.0,260.0,0.0
250.0,150.0,270.0,0.013222261849011705
250.0,150.0,280.0,0.09948639691613041
250.0,150.0,290.0,0.0
250.0,160.0,0.0,0.08438306290734021
250.0,160.0,10.0,0.0031769413247091315
250.0,160.0,20.0,0.0
250.0,160.0,30.0,0.0
250.0,160.0,40.0,0.0893751908983964
250.0,160.0,50.0,0.028927179231054652
250.0,160.0,60.0,0.010129692073023971
250.0,160.0,70.0,0.09448075728319241
250.0,160.0,80.0,0.1624889369562295
250.0,160.0,90.0,0.18468904564866637
250.0,160.0,100.0,0.2619507208822845
250.0,160.0,110.0,0.2933586491976037
250.0,160.0,120.0,0.3689698075057751
250.0,160.0,130.0,0.27410578862850266
250.0,160.0,140.0,0.5196096210161271
250.0,160.0,150.0,0.44869358077079086
250.0,160.0,160.0,0.396317474447286
250.0,160.0,170.0,0.3166814794799985
250.0,160.0,180.0,0.2942398430521438
250.0,160.0,190.0,0.2654508041076864
250.0,160.0,200.0,0.13890438845199907
250.0,160.0,210.0,0.12102494039449214
250.0,160.0,220.0,0.0415413276996802
250.0,160.0,230.0,0.004422171885664634
250.0,160.0,240.0,0.03527082955514201
250.0,160.0,250.0,0.023995197328290745
250.0,160.0,260.0,0.013384370045881614
250.0,160.0,270.0,0.07359425329267971
250.0,160.0,280.0,0.0
250.0,160.0,290.0,0.08039590881143711
250.0,170.0,0.0,0.0
250.0,170.0,10.0,0.0767955062747587
250.0,170.0,20.0,0.1096148299124519
250.0,170.0,30.0,0.08183085172912015
250.0,170.0,40.0,0.0
250.0,170.0,50.0,0.0
250.0,170.0,60.0,0.06680238590256492
250.0,170.0,70.0,0.12760303299357248
250.0,170.0,80.0,0.15959896853942704
250.0,170.0,90.0,0.19961366227443605
250.0,170.0,100.0,0.2687150185306858
250.0,170.0,110.0,0.3293168406823147
250.0,170.0,120.0,0.37540507342688273
250.0,170.0,130.0,0.4086717662440786
250.0,170.0,140.0,0.44490074804045654
250.0,170.0,150.0,0.3842935102233969
250.0,170.0,160.0,0.3266577843464861
250.0,170.0,170.0,0.21840732437589505
250.0,170.0,180.0,0.2688101083041023
250.0,170.0,190.0,0.2774584200932576
250.0,170.0,200.0,0.17947717954260473
250.0,170.0,210.0,0.10770125681012047
250.0,170.0,220.0,0.13931327423539164
250.0,170.0,230.0,0.06143597076181266
250.0,170.0,240.0,0.09274800177045762
250.0,170.0,250.0,0.0
250.0,170.0,260.0,0.017291489184509942
250.0,170.0,270.0,0.0
250.0,170.0,280.0,0.0
250.0,170.0,290.0,0.018292941081344816
250.0,180.0,0.0,0.0
250.0,180.0,10.0,0.01773000123528531
250.0,180.0,20.0,0.023623042883590493
250.0,180.0,30.0,0.0
250.0,180.0,40.0,0.0
250.0,180.0,50.0,0.0
250.0,180.0,60.0,0.10551102712954465
250.0,180.0,70.0,0.013160933922296121
250.0,180.0,80.0,0.15156624813128772
250.0,180.0,90.0,0.12879552868921096
250.0,180.0,100.0,0.1796894504115594
250.0,180.0,110.0,0.24321942533779992
250.0,180.0,120.0,0.2869969689764495
250.0,180.0,130.0,0.3536726462864595
250.0,180.0,140.0,0.36950786539535296
250.0,180.0,150.0,0.42074315414210345
250.0,180.0,160.0,0.519823854015347
250.0,180.0,170.0,0.308545661418974
250.0,180.0,180.0,0.3154406019301891
250.0,180.0,190.0,0.2485526923480053
250.0,180.0,200.0,0.11100910541651271
250.0,180.0,210.0,0.06915575512989919
250.0,180.0,220.0,0.09879614174699115
250.0,180.0,230.0,0.05843801201359673
250.0,180.0,240.0,0.03723388328682952
250.0,180.0,250.0,0.024732206256087422
250.0,180.0,260.0,0.0
250.0,180.0,270.0,0.06706735778334925
250.0,180.0,280.0,0.012646319418710507
250.0,180.0,290.0,0.0
250.0,190.0,0.0,0.0
250.0,190.0,10.0,0.0
250.0,190.0,20.0,0.0
250.0,190.0,30.0,0.009108818342413526
250.0,190.0,40.0,0.0
250.0,190.0,50.0,0.018653214431397728
250.0,190.0,60.0,0.11064447541593096
250.0,190.0,70.0,0.03435947284262256
250.0,190.0,80.0,0.17199139458422913
250.0,190.0,90.0,0.15883315528959027
250.0,190.0,100.0,0.22618407042198718
250.0,190.0,110.0,0.26323327861644463
250.0,190.0,120.0,0.33713104164058405
250.0,190.0,130.0,0.25590122576789825
250.0,190.0,140.0,0.3337881417365866
250.0,190.0,150.0,0.32791623586827406
250.0,190.0,160.0,0.431494446514205
250.0,190.0,170.0,0.2904438314396887
250.0,190.0,180.0,0.22488965799233684
250.0,190.0,190.0,0.18462225156384868
250.0,190.0,200.0,0.18581202347602316
250.0,190.0,210.0,0.09067228154450463
250.0,190.0,220.0,0.13740143311261255
250.0,190.0,230.0,0.06995985981743733
250.0,190.0,240.0,0.054067045255059676
250.0,190.0,250.0,0.0
250.0,190.0,260.0,0.0
250.0,190.0,270.0,0.007072841948976361
250.0,190.0,280.0,0.0
250.0,190.0,290.0,0.07049605438288067
250.0,200.0,0.0,0.09842528498752291
250.0,200.0,10.0,0.0
250.0,200.0,20.0,0.05329482776414539
250.0,200.0,30.0,0.05894770389916042
250.0,200.0,40.0,0.053107043314186954
250.0,200.0,50.0,0.018554384391828712
250.0,200.0,60.0,0.0
250.0,200.0,70.0,0.12754731774675793
250.0,200.0,80.0,0.1495756921470346
250.0,200.0,90.0,0.08163415176849115
250.0,200.0,100.0,0.1971350985327699
250.0,200.0,110.0,0.19994042696052694
250.0,200.0,120.0,0.32135897960309245
250.0,200.0,130.0,0.38522582137304523
250.0,200.0,140.0,0.3673936499335102
250.0,200.0,150.0,0.4025895080010517
250.0,200.0,160.0,0.26993289630448675
250.0,200.0,170.0,0.3825891080922771
250.0,200.0,180.0,0.22887982839915372
250.0,200.0,190.0,0.19176689621871607
250.0,200.0,200.0,0.10239942025461463
250.0,200.0,210.0,0.04713300480593725
250.0,200.0,220.0,0.002371211156985187
250.0,200.0,230.0,0.0
250.0,200.0,240.0,0.04295782815758249
250.0,200.0,250.0,0.041615614410826236
250.0,200.0,260.0,0.03725630214267761
250.0,200.0,270.0,0.06576189791144031
250.0,200.0,280.0,0.0
250.0,200.0,290.0,0.002105327222372792
250.0,210.0,0.0,0.0
250.0,210.0,10.0,0.08926546385864695
250.0,210.0,20.0,0.026662632128302766
250.0,210.0,30.0,0.0934182799554686
250.0,210.0,40.0,0.08004445176718192
250.0,210.0,50.0,0.02704454028162976
250.0,210.0,60.0,0.10092585676225457
250.0,210.0,70.0,0.0
250.0,210.0,80.0,0.08124720176100599
250.0,210.0,90.0,0.017824375989548225
250.0,210.0,100.0,0.11446062097037576
250.0,210.0,110.0,0.23926839269457686
250.0,210.0,120.0,0.2638951150997766
250.0,210.0,130.0,0.2683951566671471
250.0,210.0,140.0,0.4081505380866668
250.0,210.0,150.0,0.3649059324933067
250.0,210.0,160.0,0.1577882135960527
250.0,210.0,170.0,0.2355704121658011
250.0,210.0,180.0,0.21259802894764912
250.0,210.0,190.0,0.20130895253596076
250.0,210.0,200.0,0.13568442104640527
250.0,210.0,210.0,0.06285206444545036
250.0,210.0,220.0,0.03636467927853057
250.0,210.0,230.0,0.05399882588063081
250.0,210.0,240.0,0.09936954648192498
250.0,210.0,250.0,0.011856571667485535
250.0,210.0,260.0,0.0
250.0,210.0,270.0,0.0
250.0,210.0,280.0,0.0
250.0,210.0,290.0,0.04030863264588872
250.0,220.0,0.0,0.022556837798194094
250.0,220.0,10.0,0.008185268458725893
250.0,220.0,20.0,0.0
250.0,220.0,30.0,0.07493164683695222
250.0,220.0,40.0,0.0
250.0,220.0,50.0,0.0
250.0,220.0,60.0,0.11207239198466382
250.0,220.0,70.0,0.09576945473511225
250.0,220.0,80.0,0.038931457466547734
250.0,220.0,90.0,0.14389897613969654
250.0,220.0,100.0,0.10486572025082387
250.0,220.0,110.0,0.06739763615056468
250.0,220.0,120.0,0.23116112408533285
250.0,220.0,130.0,0.21304216183516836
250.0,220.0,140.0,0.3213539975773717
250.0,220.0,150.0,0.17401620617192812
250.0,220.0,160.0,0.23916709522223026
250.0,220.0,170.0,0.27405937327811697
250.0,220.0,180.0,0.14803288485762925
250.0,220.0,190.0,0.26287705265275896
250.0,220.0,200.0,0.16140596264926765
250.0,220.0,210.0,0.073335433963713
250.0,220.0,220.0,0.031673973692174964
250.0,220.0,230.0,0.042665479701306436
250.0,220.0,240.0,0.05758746490685937
250.0,220.0,250.0,0.0
250.0,220.0,260.0,0.02687162524753242
250.0,220.0,270.0,0.030518663354884727
250.0,220.0,280.0,0.04963938139696839
250.0,220.0,290.0,0.007794210190298751
250.0,230.0,0.0,0.030646279631546067
250.0,230.0,10.0,0.0
250.0,230.0,20.0,0.06841934844787637
250.0,230.0,30.0,0.0
250.0,230.0,40.0,0.0
250.0,230.0,50.0,0.019576710276341384
250.0,230.0,60.0,0.023905129614900905
250.0,230.0,70.0,0.05917415757325643
250.0,230.0,80.0,0.10488012038851836
250.0,230.0,90.0,0.10694454498309859
250.0,230.0,100.0,0.1798556109372798
250.0,230.0,110.0,0.12667288217403783
250.0,230.0,120.0,0.25925069233050946
250.0,230.0,130.0,0.19661917955817873
250.0,230.0,140.0,0.22686460089072102
250.0,230.0,150.0,0.12060773900858394
250.0,230.0,160.0,0.2734838910970807
250.0,230.0,170.0,0.22568225951178927
250.0,230.0,180.0,0.1717591406658143
250.0,230.0,190.0,0.08800957612584995
250.0,230.0,200.0,0.0017280508574846754
250.0,230.0,210.0,0.014271131165879192
250.0,230.0,220.0,0.012077338952933805
250.0,230.0,230.0,0.07586372140065287
250.0,230.0,240.0,0.01408022933149255
250.0,230.0,250.0,0.0
250.0,230.0,260.0,0.03185013871873336
250.0,230.0,270.0,0.0
250.0,230.0,280.0,0.04029372781904177
250.0,230.0,290.0,0.05495278160035784
250.0,240.0,0.0,0.07056945174612335
250.0,240.0,10.0,0.04011530377958718
250.0,240.0,20.0,0.0
250.0,240.0,30.0,0.0
250.0,240.0,40.0,0.0
250.0,240.0,50.0,0.0
250.0,240.0,60.0,0.0
250.0,240.0,70.0,0.01792364651371117
250.0,240.0,80.0,0.042057866662741056
250.0,240.0,90.0,0.09137684071253332
250.0,240.0,100.0,0.15980668292461248
250.0,240.0,110.0,0.1684584502477226
250.0,240.0,120.0,0.14144251825789522
250.0,240.0,130.0,0.19733408911508957
250.0,240.0,140.0,0.2776082444384617
250.0,240.0,150.0,0.192711919338874
250.0,240.0,160.0,0.184142992653758
250.0,240.0,170.0,0.1831887414963611
250.0,240.0,180.0,0.09956629715675132
250.0,240.0,190.0,0.1305682137925033
250.0,240.0,200.0,0.13378669183097464
250.0,240.0,210.0,0.053360555767942824
250.0,240.0,220.0,0.06110253188154267
250.0,240.0,230.0,0.0
250.0,240.0,240.0,0.0
250.0,240.0,250.0,0.0
250.0,240.0,260.0,0.0
250.0,240.0,270.0,0.022156894901723154
250.0,240.0,280.0,0.0
250.0,240.0,290.0,0.0
250.0,250.0,0.0,0.06098334188736504
250.0,250.0,10.0,0.0
250.0,250.0,20.0,0.04433588567947141
250.0,250.0,30.0,0.0
250.0,250.0,40.0,0.03328995121248759
250.0,250.0,50.0,0.0
250.0,250.0,60.0,0.10621941620269174
250.0,250.0,70.0,0.06682930461818815
250.0,250.0,80.0,0.08795057148450244
250.0,250.0,90.0,0.002248880889917912
250.0,250.0,100.0,0.18237316797149106
250.0,250.0,110.0,0.1398948479295387
250.0,250.0,120.0,0.11391111013622189
250.0,250.0,130.0,0.15327660442046853
250.0,250.0,140.0,0.13985681043042725
250.0,250.0,150.0,0.13643731879447407
250.0,250.0,160.0,0.12185074776442265
250.0,250.0,170.0,0.14253664483773446
250.0,250.0,180.0,0.10883867979279185
250.0,250.0,190.0,0.17120058436251484
250.0,250.0,200.0,0.09761835745348574
250.0,250.0,210.0,0.028215916403141257
250.0,250.0,220.0,0.0
250.0,250.0,230.0,0.0
250.0,250.0,240.0,0.07845525901843238
250.0,250.0,250.0,0.0
250.0,250.0,260.0,0.050964074856249784
250.0,250.0,270.0,0.0
250.0,250.0,280.0,0.052831054732750585
250.0,250.0,290.0,0.05124075268521058
250.0,260.0,0.0,0.05271444086128444
250.0,260.0,10.0,0.03154601731146376
250.0,260.0,20.0,0.053499633216542664
250.0,260.0,30.0,0.04967510542189645
250.0,260.0,40.0,0.0512926630294321
250.0,260.0,50.0,0.071414774394825
250.0,260.0,60.0,0.0
250.0,260.0,70.0,0.17344291425963923
250.0,260.0,80.0,0.0
250.0,260.0,90.0,0.059825674397863626
250.0,260.0,100.0,0.05300969795225159
250.0,260.0,110.0,0.17559141295319458
250.0,260.0,120.0,0.12889607599840855
250.0,260.0,130.0,0.048610221343835566
250.0,260.0,140.0,0.22029665983899957
250.0,260.0,150.0,0.1799389537295599
250.0,260.0,160.0,0.12007774868239077
250.0,260.0,170.0,0.050006673801883034
250.0,260.0,180.0,0.041743187771747736
250.0,260.0,190.0,0.10410928886531837
250.0,260.0,200.0,0.10235989903695268
250.0,260.0,210.0,0.05484216068604333
250.0,260.0,220.0,0.05125343753248038
250.0,260.0,230.0,0.0
250.0,260.0,240.0,0.007950591809659239
250.0,260.0,250.0,0.0
250.0,260.0,260.0,0.0
250.0,260.0,270.0,0.11078072053205486
250.0,260.0,280.0,0.10100201165548865
250.0,260.0,290.0,0.02563761800817959
250.0,270.0,0.0,0.0
250.0,270.0,10.0,0.0
250.0,270.0,20.0,0.010661724575495076
250.0,270.0,30.0,0.0
250.0,270.0,40.0,0.042629608788066695
250.0,270.0,50.0,0.05120913093203291
250.0,270.0,60.0,0.02021953029051949
250.0,270.0,70.0,0.0
250.0,270.0,80.0,0.10687819732887321
250.0,270.0,90.0,0.09981925671131353
250.0,270.0,100.0,0.15038479893868978
250.0,270.0,110.0,0.12134872136072467
250.0,270.0,120.0,0.0754723116983135
250.0,270.0,130.0,0.1755665342178397
250.0,270.0,140.0,0.16461383940809188
250.0,270.0,150.0,0.002821411529494333
250.0,270.0,160.0,0.14249400278736582
250.0,270.0,170.0,0.14748747439376667
250.0,270.0,180.0,0.1475427696470391
250.0,270.0,190.0,0.0
250.0,270.0,200.0,0.1508223311529911
250.0,270.0,210.0,0.013033507359715972
250.0,270.0,220.0,0.0
250.0,270.0,230.0,0.0
250.0,270.0,240.0,0.07346199673895588
250.0,270.0,250.0,0.0
250.0,270.0,260.0,0.014373791611988061
250.0,270.0,270.0,0.0
250.0,270.0,280.0,0.008490384117724804
250.0,270.0,290.0,0.013598703535425164
250.0,280.0,0.0,0.025555157477947066
250.0,280.0,10.0,0.036107593772687394
250.0,280.0,20.0,0.0
250.0,280.0,30.0,0.0
250.0,280.0,40.0,0.0
250.0,280.0,50.0,0.048025927586564966
250.0,280.0,60.0,0.02011269647709342
250.0,280.0,70.0,0.04660614007851127
250.0,280.0,80.0,0.0
250.0,280.0,90.0,0.09260923135490454
250.0,280.0,100.0,0.07258700071586652
250.0,280.0,110.0,0.03863535481642175
250.0,280.0,120.0,0.03670927147085463
250.0,280.0,130.0,0.15307233573016987
250.0,280.0,140.0,0.12981775481602836
250.0,280.0,150.0,0.11379070596088867
250.0,280.0,160.0,0.0
250.0,280.0,170.0,0.08629324457701595
250.0,280.0,180.0,0.11106682022852964
250.0,280.0,190.0,0.035995617024859206
250.0,280.0,200.0,0.1311372359711116
250.0,280.0,210.0,0.028843237930302225
250.0,280.0,220.0,0.0
250.0,280.0,230.0,0.0
250.0,280.0,240.0,0.0
250.0,280.0,250.0,0.0680411484458081
250.0,280.0,260.0,0.07363046570981516
250.0,280.0,270.0,0.054524236219611256
250.0,280.0,280.0,0.0
250.0,280.0,290.0,0.004178636662104358
250.0,290.0,0.0,0.022232403224162752
250.0,290.0,10.0,0.018609244731196094
250.0,290.0,20.0,0.017074930963117487
250.0,290.0,30.0,0.09744670747291538
250.0,290.0,40.0,0.0
250.0,290.0,50.0,0.0366874839020717
250.0,290.0,60.0,0.023399730317543367
250.0,290.0,70.0,0.0
250.0,290.0,80.0,0.030350546232551193
250.0,290.0,90.0,0.0
250.0,290.0,100.0,0.0058121093392774145
250.0,290.0,110.0,0.11175781076486946
250.0,290.0,120.0,0.0
250.0,290.0,130.0,0.06270885836949695
250.0,290.0,140.0,0.1656970865599769
250.0,290.0,150.0,0.06332808316735772
250.0,290.0,160.0,0.043771770809086376
250.0,290.0,170.0,0.006087752731389132
250.0,290.0,180.0,0.0
250.0,290.0,190.0,0.02887783366304727
250.0,290.0,200.0,0.08170902036433997
250.0,290.0,210.0,0.0
250.0,290.0,220.0,0.18410117988943023
250.0,290.0,230.0,0.0
250.0,290.0,240.0,0.03815748246731429
250.0,290.0,250.0,0.0
250.0,290.0,260.0,0.0
250.0,290.0,270.0,0.06576716263060628
250.0,290.0,280.0,0.09067267373614438
250.0,290.0,290.0,0.03166717745433455
260.0,0.0,0.0,0.04822673884975164
260.0,0.0,10.0,0.0
260.0,0.0,20.0,0.0
260.0,0.0,30.0,0.022796324063895625
260.0,0.0,40.0,0.0
260.0,0.0,50.0,0.10134776663280179
260.0,0.0,60.0,0.0906278107834242
260.0,0.0,70.0,0.0
260.0,0.0,80.0,0.06188472435471365
260.0,0.0,90.0,0.0
260.0,0.0,100.0,0.010773581656603758
260.0,0.0,110.0,0.046922839555852844
260.0,0.0,120.0,0.059227203999270464
260.0,0.0,130.0,0.11582287804429015
260.0,0.0,140.0,0.1349540072881859
260.0,0.0,150.0,0.0
260.0,0.0,160.0,0.07223370007255525
260.0,0.0,170.0,0.0
260.0,0.0,180.0,0.05503951788675904
260.0,0.0,190.0,0.03217761095925508
260.0,0.0,200.0,0.0036702198386003478
260.0,0.0,210.0,0.08166379490951316
260.0,0.0,220.0,0.0
260.0,0.0,230.0,0.017657912139448173
260.0,0.0,240.0,0.0
260.0,0.0,250.0,0.026956895939743934
260.0,0.0,260.0,0.009353144619424573
260.0,0.0,270.0,0.0
260.0,0.0,280.0,0.048779116074868525
260.0,0.0,290.0,0.0
260.0,10.0,0.0,0.01767426587184011
260.0,10.0,10.0,0.0
260.0,10.0,20.0,0.0
260.0,10.0,30.0,0.0
260.0,10.0,40.0,0.01632582236979146
260.0,10.0,50.0,0.02930649360969108
260.0,10.0,60.0,0.09327157954911516
260.0,10.0,70.0,0.0
260.0,10.0,80.0,0.0
260.0,10.0,90.0,0.06416765743626823
260.0,10.0,100.0,0.12914373778372157
260.0,10.0,110.0,0.12746419212612314
260.0,10.0,120.0,0.04449494831491299
260.0,10.0,130.0,0.023319862022366356
260.0,10.0,140.0,0.11719982841494292
260.0,10.0,150.0,0.06691627817753669
260.0,10.0,160.0,0.062084144519173254
260.0,10.0,170.0,0.033789661699427084
260.0,10.0,180.0,0.06213731014047985
260.0,10.0,190.0,0.06165034251302026
260.0,10.0,200.0,0.03376071123414563
260.0,10.0,210.0,0.03496101878994272
260.0,10.0,220.0,0.03490320040961659
260.0,10.0,230.0,0.0
260.0,10.0,240.0,0.0
260.0,10.0,250.0,0.02076508988750362
260.0,10.0,260.0,0.0
260.0,10.0,270.0,0.02629052219816305
260.0,10.0,280.0,0.0
260.0,10.0,290.0,0.019822865523895544
260.0,20.0,0.0,0.0414286070554172
260.0,20.0,10.0,0.0
260.0,20.0,20.0,0.040656997431361405
260.0,20.0,30.0,0.01280827850875123
260.0,20.0,40.0,0.01441222478996718
260.0,20.0,50.0,0.0
260.0,20.0,60.0,0.0
260.0,20.0,70.0,0.0
260.0,20.0,80.0,0.08514371425061741
260.0,20.0,90.0,0.04786579073455283
260.0,20.0,100.0,0.09482865314677483
260.0,20.0,110.0,0.12837821243031555
260.0,20.0,120.0,0.10890255041490048
260.0,20.0,130.0,0.05396884141423804
260.0,20.0,140.0,0.18701540836258085
260.0,20.0,150.0,0.13669309798823834
260.0,20.0,160.0,0.12065784874168808
260.0,20.0,170.0,0.06146617842831177
260.0,20.0,180.0,0.07729876662847565
260.0,20.0,190.0,0.0
260.0,20.0,200.0,0.07226004388337187
260.0,20.0,210.0,0.15655910220406943
260.0,20.0,220.0,0.07724917055419152
260.0,20.0,230.0,0.003185844203479729
260.0,20.0,240.0,0.0
260.0,20.0,250.0,0.12377599852589265
260.0,20.0,260.0,0.0
260.0,20.0,270.0,0.0
260.0,20.0,280.0,0.0
260.0,20.0,290.0,0.0
260.0,30.0,0.0,0.04622704129134399
260.0,30.0,10.0,0.0
260.0,30.0,20.0,0.023969947439974226
260.0,30.0,30.0,0.05415811743325445
260.0,30.0,40.0,0.007795212671053093
260.0,30.0,50.0,0.02162933860630572
260.0,30.0,60.0,0.09122942341104634
260.0,30.0,70.0,0.0
260.0,30.0,80.0,0.08147380957660164
260.0,30.0,90.0,0.0077648772726562065
260.0,30.0,100.0,0.06957694667239847
260.0,30.0,110.0,0.11583473291876514
260.0,30.0,120.0,0.12471537197361472
260.0,30.0,130.0,0.012338615759672253
260.0,30.0,140.0,0.1056409775686082
260.0,30.0,150.0,0.14560930422096716
260.0,30.0,160.0,0.052961697401685694
260.0,30.0,170.0,0.08558752721239271
260.0,30.0,180.0,0.20106398676305515
260.0,30.0,190.0,0.06901537614461423
260.0,30.0,200.0,0.048763879459669396
260.0,30.0,210.0,0.03333734181061019
260.0,30.0,220.0,0.030621555352025317
260.0,30.0,230.0,0.0218256640280951
260.0,30.0,240.0,0.018152976061253687
260.0,30.0,250.0,0.08016995534850925
260.0,30.0,260.0,0.04526986475492283
260.0,30.0,270.0,0.04290325677581161
260.0,30.0,280.0,0.008578354879576765
260.0,30.0,290.0,0.0
260.0,40.0,0.0,0.0
260.0,40.0,10.0,0.03719551602630978
260.0,40.0,20.0,0.009513914956957834
260.0,40.0,30.0,0.0
260.0,40.0,40.0,0.001391078475988967
260.0,40.0,50.0,0.09504264315948022
260.0,40.0,60.0,0.10210372708161433
260.0,40.0,70.0,0.0
260.0,40.0,80.0,0.013604134501122404
260.0,40.0,90.0,0.05712035628558473
260.0,40.0,100.0,0.05417841584777036
260.0,40.0,110.0,0.12608309765732958
260.0,40.0,120.0,0.16538443349240117
260.0,40.0,130.0,0.0631351434968582
260.0,40.0,140.0,0.2482570801576648
260.0,40.0,150.0,0.07712166271073269
260.0,40.0,160.0,0.13167929601410408
260.0,40.0,170.0,0.14846922544950622
260.0,40.0,180.0,0.05305941949368692
260.0,40.0,190.0,0.07843441744010861
260.0,40.0,200.0,0.10892665489176401
260.0,40.0,210.0,0.018080957016520856
260.0,40.0,220.0,0.0
260.0,40.0,230.0,0.014740824716637773
260.0,40.0,240.0,0.015470246396011154
260.0,40.0,250.0,0.01815810657886627
260.0,40.0,260.0,0.0
260.0,40.0,270.0,0.03738224994938639
260.0,40.0,280.0,0.024789085707474262
260.0,40.0,290.0,0.058045171489927
260.0,50.0,0.0,0.03534723544958282
260.0,50.0,10.0,0.0
260.0,50.0,20.0,0.0
260.0,50.0,30.0,0.10338474176999592
260.0,50.0,40.0,0.0
260.0,50.0,50.0,0.0
260.0,50.0,60.0,0.12232136125667348
260.0,50.0,70.0,0.07461928747729216
260.0,50.0,80.0,0.0
260.0,50.0,90.0,0.049584034759747736
260.0,50.0,100.0,0.04693802914382618
260.0,50.0,110.0,0.16563620745618576
260.0,50.0,120.0,0.17518537781857632
260.0,50.0,130.0,0.14020257387439772
260.0,50.0,140.0,0.13891821445080937
260.0,50.0,150.0,0.17696629402528755
260.0,50.0,160.0,0.04354425267989734
260.0,50.0,170.0,0.08835659237591575
260.0,50.0,180.0,0.08675222563413465
260.0,50.0,190.0,0.16207224159183975
260.0,50.0,200.0,0.023893794592815397
260.0,50.0,210.0,0.07970897181382483
260.0,50.0,220.0,0.08866907281354115
260.0,50.0,230.0,0.0
260.0,50.0,240.0,0.0541275334471336
260.0,50.0,250.0,0.05898080411783389
260.0,50.0,260.0,0.0
260.0,50.0,270.0,0.0
260.0,50.0,280.0,0.03989227968906249
260.0,50.0,290.0,0.06351690896551349
260.0,60.0,0.0,0.05714672962592537
260.0,60.0,10.0,0.10198896888653432
260.0,60.0,20.0,0.02606152821870108
260.0,60.0,30.0,0.0
260.0,60.0,40.0,0.013985438063204585
260.0,60.0,50.0,0.07337288496420685
260.0,60.0,60.0,0.08172974618448291
260.0,60.0,70.0,0.0
260.0,60.0,80.0,0.03724289202632336
260.0,60.0,90.0,0.14847822513893683
260.0,60.0,100.0,0.12747298994388942
260.0,60.0,110.0,0.15291323679690383
260.0,60.0,120.0,0.13919284914504426
260.0,60.0,130.0,0.16596189125162802
260.0,60.0,140.0,0.15598228030695566
260.0,60.0,150.0,0.20275932091999627
260.0,60.0,160.0,0.23064868982039452
260.0,60.0,170.0,0.19062930145574478
260.0,60.0,180.0,0.1789685991604094
260.0,60.0,190.0,0.07318715660679136
260.0,60.0,200.0,0.024396665316333124
260.0,60.0,210.0,0.01851578985943072
260.0,60.0,220.0,0.0
260.0,60.0,230.0,0.0615481045097495
260.0,60.0,240.0,0.0
260.0,60.0,250.0,0.03867213347971635
260.0,60.0,260.0,0.08357940129019188
260.0,60.0,270.0,0.06188067965979682
260.0,60.0,280.0,0.0
260.0,60.0,290.0,0.14716487816898463
260.0,70.0,0.0,0.11416719691141138
260.0,70.0,10.0,0.0
260.0,70.0,20.0,0.02660864907206847
260.0,70.0,30.0,0.0
260.0,70.0,40.0,0.01158032685189472
260.0,70.0,50.0,0.08623527577489966
260.0,70.0,60.0,0.0
260.0,70.0,70.0,0.013660322826302806
260.0,70.0,80.0,0.019821547103723067
260.0,70.0,90.0,0.03912402207110516
260.0,70.0,100.0,0.2014619112446272
260.0,70.0,110.0,0.04882191924848463
260.0,70.0,120.0,0.11514356131713543
260.0,70.0,130.0,0.15908714027617482
260.0,70.0,140.0,0.21463216965737536
260.0,70.0,150.0,0.2042862422607186
260.0,70.0,160.0,0.2498237547458699
260.0,70.0,170.0,0.2572837193282475
260.0,70.0,180.0,0.14431186632662094
260.0,70.0,190.0,0.12494671642374376
260.0,70.0,200.0,0.060614161904488234
260.0,70.0,210.0,0.03195760692065557
260.0,70.0,220.0,0.04941416899422784
260.0,70.0,230.0,0.0
260.0,70.0,240.0,0.12280432629254272
260.0,70.0,250.0,0.043906197446779746
260.0,70.0,260.0,0.0
260.0,70.0,270.0,0.004926421728773962
260.0,70.0,280.0,0.0
260.0,70.0,290.0,0.0
260.0,80.0,0.0,0.015137076516586788
260.0,80.0,10.0,0.0
260.0,80.0,20.0,0.0
260.0,80.0,30.0,0.0
260.0,80.0,40.0,0.01283336194942853
260.0,80.0,50.0,0.02317035523025005
260.0,80.0,60.0,0.03836701850185284
260.0,80.0,70.0,0.04484873169936496
260.0,80.0,80.0,0.02674249280114723
260.0,80.0,90.0,0.0015570397089756938
260.0,80.0,100.0,0.16168199688521373
260.0,80.0,110.0,0.1356672114436304
260.0,80.0,120.0,0.13763760363838168
260.0,80.0,130.0,0.20746773847540867
260.0,80.0,140.0,0.21944141657333102
260.0,80.0,150.0,0.3364312785942817
260.0,80.0,160.0,0.20706182511696847
260.0,80.0,170.0,0.11644001213373228
260.0,80.0,180.0,0.16994328106398296
260.0,80.0,190.0,0.1549021719198257
260.0,80.0,200.0,0.07182112029633385
260.0,80.0,210.0,0.10486424876107459
260.0,80.0,220.0,0.0022489239170313327
260.0,80.0,230.0,0.042406471049278485
260.0,80.0,240.0,0.0011545504458590553
260.0,80.0,250.0,0.019402647840111767
260.0,80.0,260.0,0.0
260.0,80.0,270.0,0.012113116279898164
260.0,80.0,280.0,0.0
260.0,80.0,290.0,0.0
260.0,90.0,0.0,0.0
260.0,90.0,10.0,0.0
260.0,90.0,20.0,0.0069823883723164
260.0,90.0,30.0,0.0025387387344924075
260.0,90.0,40.0,0.08117744330442889
260.0,90.0,50.0,0.024205527182169843
260.0,90.0,60.0,0.012183810060655744
260.0,90.0,70.0,0.008022912396167835
260.0,90.0,80.0,0.0
260.0,90.0,90.0,0.06889912510403211
260.0,90.0,100.0,0.04980587780707084
260.0,90.0,110.0,0.2674833513097967
260.0,90.0,120.0,0.34172209199616266
260.0,90.0,130.0,0.2610938609769849
260.0,90.0,140.0,0.2003690897148367
260.0,90.0,150.0,0.284534229166849
260.0,90.0,160.0,0.1881035956274972
260.0,90.0,170.0,0.17411561826322877
260.0,90.0,180.0,0.15257951628775346
260.0,90.0,190.0,0.11650971367530512
260.0,90.0,200.0,0.06459042788508927
260.0,90.0,210.0,0.11792237625637825
260.0,90.0,220.0,0.0027490168251462915
260.0,90.0,230.0,9.301055271594e-05
260.0,90.0,240.0,0.0
260.0,90.0,250.0,0.0
260.0,90.0,260.0,0.041447411287505294
260.0,90.0,270.0,0.0
260.0,90.0,280.0,0.0
260.0,90.0,290.0,0.022195492652318436
260.0,100.0,0.0,0.0
260.0,100.0,10.0,0.0
260.0,100.0,20.0,0.05985995500003894
260.0,100.0,30.0,0.07016227360023543
260.0,100.0,40.0,0.01964473567523657
260.0,100.0,50.0,0.0
260.0,100.0,60.0,0.07427044162513718
260.0,100.0,70.0,0.0074247594726555705
260.0,100.0,80.0,0.13650106081521085
260.0,100.0,90.0,0.08287814304398501
260.0,100.0,100.0,0.07325363897744526
260.0,100.0,110.0,0.22969164960793395
260.0,100.0,120.0,0.1410775321920194
260.0,100.0,130.0,0.2602786357907867
260.0,100.0,140.0,0.2592995804788743
260.0,100.0,150.0,0.23081546029786662
260.0,100.0,160.0,0.21145243222188725
260.0,100.0,170.0,0.17730980799584434
260.0,100.0,180.0,0.16527693915528333
260.0,100.0,190.0,0.1521410796566206
260.0,100.0,200.0,0.137233003305727
260.0,100.0,210.0,0.08686610693335618
260.0,100.0,220.0,0.05029320049665958
260.0,100.0,230.0,0.09271734816027256
260.0,100.0,240.0,0.07726170968960974
260.0,100.0,250.0,0.023640790148597726
260.0,100.0,260.0,0.016449990463917773
260.0,100.0,270.0,0.0
260.0,100.0,280.0,0.031622560153526776
260.0,100.0,290.0,0.0
260.0,110.0,0.0,0.033469737747177354
260.0,110.0,10.0,0.0
260.0,110.0,20.0,0.0
260.0,110.0,30.0,0.07622352016221669
260.0,110.0,40.0,0.03580451519209723
260.0,110.0,50.0,0.01972284898803645
260.0,110.0,60.0,0.08818043737765764
260.0,110.0,70.0,0.030948763698667735
260.0,110.0,80.0,0.07824212656430048
260.0,110.0,90.0,0.046522149740580984
260.0,110.0,100.0,0.09459207621760515
260.0,110.0,110.0,0.26403529866256636
260.0,110.0,120.0,0.15816850826968942
260.0,110.0,130.0,0.2894713166799634
260.0,110.0,140.0,0.3188268287078326
260.0,110.0,150.0,0.3281660697298563
260.0,110.0,160.0,0.29172060745273093
260.0,110.0,170.0,0.14907916122300807
260.0,110.0,180.0,0.18637342698407205
260.0,110.0,190.0,0.2513275436785914
260.0,110.0,200.0,0.13672417203860066
260.0,110.0,210.0,0.1020413346590812
260.0,110.0,220.0,0.0
260.0,110.0,230.0,0.15557742374564973
260.0,110.0,240.0,0.002939091544835678
260.0,110.0,250.0,0.0641875739900835
260.0,110.0,260.0,0.01370900444948961
260.0,110.0,270.0,0.0
260.0,110.0,280.0,0.031641196372952804
260.0,110.0,290.0,0.0
260.0,120.0,0.0,0.05211450934550538
260.0,120.0,10.0,0.09277582964194933
260.0,120.0,20.0,0.05641455341408588
260.0,120.0,30.0,0.03407585811474367
260.0,120.0,40.0,0.01646692645070221
260.0,120.0,50.0,0.029268289222122663
260.0,120.0,60.0,0.023746702620754394
260.0,120.0,70.0,0.0
260.0,120.0,80.0,0.10592506827554249
260.0,120.0,90.0,0.09707537201969473
260.0,120.0,100.0,0.2084460846049187
260.0,120.0,110.0,0.2557771513980978
260.0,120.0,120.0,0.2589965959688679
260.0,120.0,130.0,0.3298346119966628
260.0,120.0,140.0,0.2587127787456115
260.0,120.0,150.0,0.19274133855486208
260.0,120.0,160.0,0.31120875307235635
260.0,120.0,170.0,0.23413523861120067
260.0,120.0,180.0,0.2437864249194886
260.0,120.0,190.0,0.13534905946041717
260.0,120.0,200.0,0.1785184379719011
260.0,120.0,210.0,0.08619094744065356
260.0,120.0,220.0,0.047793959716424333
260.0,120.0,230.0,0.0
260.0,120.0,240.0,0.0389916875508686
260.0,120.0,250.0,0.02615648809782912
260.0,120.0,260.0,0.08410491943195082
260.0,120.0,270.0,0.0
260.0,120.0,280.0,0.0004493972596350364
260.0,120.0,290.0,0.007185889563390166
260.0,130.0,0.0,0.040393702779233494
260.0,130.0,10.0,0.0
260.0,130.0,20.0,0.0
260.0,130.0,30.0,0.026605032170400195
260.0,130.0,40.0,0.01563999315935314
260.0,130.0,50.0,0.12768928885269182
260.0,130.0,60.0,0.0
260.0,130.0,70.0,0.003230595181075907
260.0,130.0,80.0,0.08303626876987476
260.0,130.0,90.0,0.09586809618974107
260.0,130.0,100.0,0.20888684446334777
260.0,130.0,110.0,0.17150152149369477
260.0,130.0,120.0,0.21229237993523614
260.0,130.0,130.0,0.23424157641891394
260.0,130.0,140.0,0.35203804917408454
260.0,130.0,150.0,0.294226844197629
260.0,130.0,160.0,0.30883849980029593
260.0,130.0,170.0,0.2818569675072578
260.0,130.0,180.0,0.245628722675691
260.0,130.0,190.0,0.170536992596781
260.0,130.0,200.0,0.12271804431563649
260.0,130.0,210.0,0.1340103290163192
260.0,130.0,220.0,0.12267951609527089
260.0,130.0,230.0,0.0
260.0,130.0,240.0,0.05356527436039411
260.0,130.0,250.0,0.1342157024321656
260.0,130.0,260.0,0.0
260.0,130.0,270.0,0.07164519660156873
260.0,130.0,280.0,0.0007611601346534857
260.0,130.0,290.0,0.09959995526417703
260.0,140.0,0.0,0.0
260.0,140.0,10.0,0.0
260.0,140.0,20.0,0.12718826348921744
260.0,140.0,30.0,0.0449936978951532
260.0,140.0,40.0,0.0
260.0,140.0,50.0,0.0
260.0,140.0,60.0,0.03971357006133121
260.0,140.0,70.0,0.09046979537405854
260.0,140.0,80.0,0.11279138279591065
260.0,140.0,90.0,0.11408005181989832
260.0,140.0,100.0,0.10462361696965863
260.0,140.0,110.0,0.2924442108192984
260.0,140.0,120.0,0.3211236219865001
260.0,140.0,130.0,0.336531067353222
260.0,140.0,140.0,0.23758147313868044
260.0,140.0,150.0,0.30180511327856197
260.0,140.0,160.0,0.27480396427702997
260.0,140.0,170.0,0.21839979902842582
260.0,140.0,180.0,0.20919927794605486
260.0,140.0,190.0,0.17607821088899134
260.0,140.0,200.0,0.2057141288896039
260.0,140.0,210.0,0.02422376847386471
260.0,140.0,220.0,0.0
260.0,140.0,230.0,0.02425477941647159
260.0,140.0,240.0,0.0
260.0,140.0,250.0,0.0
260.0,140.0,260.0,0.042928510701660566
260.0,140.0,270.0,0.018993193516965726
260.0,140.0,280.0,0.0
260.0,140.0,290.0,0.04966775067966494
260.0,150.0,0.0,0.07372936203800395
260.0,150.0,10.0,0.039308766093817574
260.0,150.0,20.0,0.0
260.0,150.0,30.0,0.0
260.0,150.0,40.0,0.041925864428768306
260.0,150.0,50.0,0.022728855032949514
260.0,150.0,60.0,0.0
260.0,150.0,70.0,0.08727609109987763
260.0,150.0,80.0,0.1595240297298121
260.0,150.0,90.0,0.08166407716399271
260.0,150.0,100.0,0.18246823779428442
260.0,150.0,110.0,0.2582904428783457
260.0,150.0,120.0,0.23600219300763844
260.0,150.0,130.0,0.319050726349021
260.0,150.0,140.0,0.37975629773793834
260.0,150.0,150.0,0.2606115532635615
260.0,150.0,160.0,0.2532760495464167
260.0,150.0,170.0,0.1985960328497643
260.0,150.0,180.0,0.1770186100218595
260.0,150.0,190.0,0.16957845827699283
260.0,150.0,200.0,0.1366811765854196
260.0,150.0,210.0,0.020606891992631327
260.0,150.0,220.0,0.0
260.0,150.0,230.0,0.0
260.0,150.0,240.0,0.0
260.0,150.0,250.0,0.003935856197733484
260.0,150.0,260.0,0.01864750878401863
260.0,150.0,270.0,0.0
260.0,150.0,280.0,0.0232980521925304
260.0,150.0,290.0,0.0
260.0,160.0,0.0,0.04580362504434491
260.0,160.0,10.0,0.0
260.0,160.0,20.0,0.0
260.0,160.0,30.0,0.029010353792853022
260.0,160.0,40.0,0.0
260.0,160.0,50.0,0.10460367225293332
260.0,160.0,60.0,0.07283957847866046
260.0,160.0,70.0,0.054388233476171145
260.0,160.0,80.0,0.15317067755387714
260.0,160.0,90.0,0.05468711831898297
260.0,160.0,100.0,0.0873033188551337
260.0,160.0,110.0,0.21977950569261956
260.0,160.0,120.0,0.32023800641343525
260.0,160.0,130.0,0.3958861841806801
260.0,160.0,140.0,0.2802389354094314
260.0,160.0,150.0,0.2906293163713697
260.0,160.0,160.0,0.2795759806551793
260.0,160.0,170.0,0.20072022132046322
260.0,160.0,180.0,0.13479968245763851
260.0,160.0,190.0,0.18483873168613396
260.0,160.0,200.0,0.17834486302505753
260.0,160.0,210.0,0.062395921418379297
260.0,160.0,220.0,0.06899320761418729
260.0,160.0,230.0,0.10195273356853285
260.0,160.0,240.0,0.08051546809221047
260.0,160.0,250.0,0.00994198737446677
260.0,160.0,260.0,0.0
260.0,160.0,270.0,0.03950021441191474
260.0,160.0,280.0,0.0
260.0,160.0,290.0,0.031578173854006054
260.0,170.0,0.0,0.0
260.0,170.0,10.0,0.0
260.0,170.0,20.0,0.07567386754049883
260.0,170.0,30.0,0.0
260.0,170.0,40.0,0.06550909853322821
260.0,170.0,50.0,0.05357838028811496
260.0,170.0,60.0,0.000750796107406939
260.0,170.0,70.0,0.0709375202131311
260.0,170.0,80.0,0.13820145247033472
260.0,170.0,90.0,0.19447771895478885
260.0,170.0,100.0,0.15302785064801955
260.0,170.0,110.0,0.24112014317081
260.0,170.0,120.0,0.2944192663291374
260.0,170.0,130.0,0.2743048809420016
260.0,170.0,140.0,0.2947352432427412
260.0,170.0,150.0,0.2695173962170451
260.0,170.0,160.0,0.23863965498953052
260.0,170.0,170.0,0.2681726517262471
260.0,170.0,180.0,0.2816999124529303
260.0,170.0,190.0,0.13699218642491917
260.0,170.0,200.0,0.13384227160717457
260.0,170.0,210.0,0.1464818348796199
260.0,170.0,220.0,0.09101997442070636
260.0,170.0,230.0,0.1500099053830217
260.0,170.0,240.0,0.0
260.0,170.0,250.0,0.04430965470347552
260.0,170.0,260.0,0.04685290223053606
260.0,170.0,270.0,0.0
260.0,170.0,280.0,0.0
260.0,170.0,290.0,0.030409999774618748
260.0,180.0,0.0,0.0
260.0,180.0,10.0,0.0
260.0,180.0,20.0,0.042999722342554024
260.0,180.0,30.0,0.0
260.0,180.0,40.0,0.03179648787483376
260.0,180.0,50.0,0.0
260.0,180.0,60.0,0.0
260.0,180.0,70.0,0.04600432105267341
260.0,180.0,80.0,0.0
260.0,180.0,90.0,0.07129946368673194
260.0,180.0,100.0,0.17062262191434235
260.0,180.0,110.0,0.15524137920868772
260.0,180.0,120.0,0.2401751136321233
260.0,180.0,130.0,0.21587508070820272
260.0,180.0,140.0,0.3630927832228532
260.0,180.0,150.0,0.3065301158099746
260.0,180.0,160.0,0.24794115569228653
260.0,180.0,170.0,0.24465812912343793
260.0,180.0,180.0,0.19088355379746944
260.0,180.0,190.0,0.154909282895234
260.0,180.0,200.0,0.10883593541163478
260.0,180.0,210.0,0.03466035299765061
260.0,180.0,220.0,0.057779113085154314
260.0,180.0,230.0,0.03887073132263102
260.0,180.0,240.0,0.0
260.0,180.0,250.0,0.0
260.0,180.0,260.0,0.007382617718956809
260.0,180.0,270.0,0.03011819818554822
260.0,180.0,280.0,0.05988587842167062
260.0,180.0,290.0,0.06545076901378592
260.0,190.0,0.0,0.0
260.0,190.0,10.0,0.0
260.0,190.0,20.0,0.01983756672851416
260.0,190.0,30.0,0.0
260.0,190.0,40.0,0.0364133933627517
260.0,190.0,50.0,0.0
260.0,190.0,60.0,0.0
260.0,190.0,70.0,0.03011461490169176
260.0,190.0,80.0,0.09189054031241176
260.0,190.0,90.0,0.07546005414616266
260.0,190.0,100.0,0.15147148135701954
260.0,190.0,110.0,0.1916628650189418
260.0,190.0,120.0,0.2547524320302959
260.0,190.0,130.0,0.18700126178323873
260.0,190.0,140.0,0.3456517516586684
260.0,190.0,150.0,0.2432322515729737
260.0,190.0,160.0,0.199632931094761
260.0,190.0,170.0,0.19593019748536025
260.0,190.0,180.0,0.1293454248181823
260.0,190.0,190.0,0.11394304778473457
260.0,190.0,200.0,0.1394049424134265
260.0,190.0,210.0,0.11805693836093666
260.0,190.0,220.0,0.07478545745457783
260.0,190.0,230.0,0.0
260.0,190.0,240.0,0.0
260.0,190.0,250.0,0.0
260.0,190.0,260.0,0.0
260.0,190.0,270.0,0.0
260.0,190.0,280.0,0.0
260.0,190.0,290.0,0.0
260.0,200.0,0.0,0.0038367902294364656
260.0,200.0,10.0,0.06812120673205538
260.0,200.0,20.0,0.0
260.0,200.0,30.0,0.014526332094839825
260.0,200.0,40.0,0.04618566842876302
260.0,200.0,50.0,0.11730811615434282
260.0,200.0,60.0,0.03190182847692571
260.0,200.0,70.0,0.0
260.0,200.0,80.0,0.0
260.0,200.0,90.0,0.15932227501764087
260.0,200.0,100.0,0.21620529812559547
260.0,200.0,110.0,0.06164221816792467
260.0,200.0,120.0,0.22200595902952913
260.0,200.0,130.0,0.25567919584185683
260.0,200.0,140.0,0.13732998090785947
260.0,200.0,150.0,0.3055232172414366
260.0,200.0,160.0,0.2146789706824741
260.0,200.0,170.0,0.18064543936994856
260.0,200.0,180.0,0.1579101657737111
260.0,200.0,190.0,0.1984541473663976
260.0,200.0,200.0,0.04316985389211975
260.0,200.0,210.0,0.0730704078957985
260.0,200.0,220.0,0.0
260.0,200.0,230.0,0.025128220017896802
260.0,200.0,240.0,0.05398186805554221
260.0,200.0,250.0,0.05358082594359832
260.0,200.0,260.0,0.008421484785473613
260.0,200.0,270.0,0.03861482415099525
260.0,200.0,280.0,0.0
260.0,200.0,290.0,0.0
260.0,210.0,0.0,0.03852392032795844
260.0,210.0,10.0,0.0
260.0,210.0,20.0,0.06419075201342943
260.0,210.0,30.0,0.01091741327713305
260.0,210.0,40.0,0.07747111306030637
260.0,210.0,50.0,0.05156711996377284
260.0,210.0,60.0,0.007130076838365872
260.0,210.0,70.0,0.051808588297609835
260.0,210.0,80.0,0.07677992588334068
260.0,210.0,90.0,0.13065050848845233
260.0,210.0,100.0,0.05787060255304485
260.0,210.0,110.0,0.2468644640011384
260.0,210.0,120.0,0.25389899122149473
260.0,210.0,130.0,0.21790590080847266
260.0,210.0,140.0,0.21493593897803526
260.0,210.0,150.0,0.1690441351174273
260.0,210.0,160.0,0.18588005477184175
260.0,210.0,170.0,0.28372010160706185
260.0,210.0,180.0,0.1823898912062727
260.0,210.0,190.0,0.1600424330896102
260.0,210.0,200.0,0.03524416362411952
260.0,210.0,210.0,0.07794054328586614
260.0,210.0,220.0,0.05604001836741864
260.0,210.0,230.0,0.0
260.0,210.0,240.0,0.02191543004140297
260.0,210.0,250.0,0.027185136283322333
260.0,210.0,260.0,0.05818936248119957
260.0,210.0,270.0,0.013676839056417861
260.0,210.0,280.0,0.06991018464924392
260.0,210.0,290.0,0.10140340717871145
260.0,220.0,0.0,0.06402140906213238
260.0,220.0,10.0,0.039902348136074954
260.0,220.0,20.0,0.0
260.0,220.0,30.0,0.0
260.0,220.0,40.0,0.0
260.0,220.0,50.0,0.03065209950203448
260.0,220.0,60.0,0.08952348643386278
260.0,220.0,70.0,0.0998606777459809
260.0,220.0,80.0,0.029768536815736747
260.0,220.0,90.0,0.1608562444436058
260.0,220.0,100.0,0.012245502868531183
260.0,220.0,110.0,0.1869994316004097
260.0,220.0,120.0,0.13831845435772835
260.0,220.0,130.0,0.2597036182391865
260.0,220.0,140.0,0.19484984608330316
260.0,220.0,150.0,0.2055933541912691
260.0,220.0,160.0,0.12880407703223756
260.0,220.0,170.0,0.192273726895146
260.0,220.0,180.0,0.16273635446561302
260.0,220.0,190.0,0.1356415216847144
260.0,220.0,200.0,0.1091745700691722
260.0,220.0,210.0,0.11434311414112133
260.0,220.0,220.0,0.05801277732600741
260.0,220.0,230.0,0.07148071476425516
260.0,220.0,240.0,0.12245821819651026
260.0,220.0,250.0,0.046450768085938815
260.0,220.0,260.0,0.013540540681249564
260.0,220.0,270.0,0.017020295682880056
260.0,220.0,280.0,0.05278486525474156
260.0,220.0,290.0,0.0
260.0,230.0,0.0,0.0
260.0,230.0,10.0,0.0
260.0,230.0,20.0,0.023045963144166723
260.0,230.0,30.0,0.024358095462063
260.0,230.0,40.0,0.0
260.0,230.0,50.0,0.03052978319598442
260.0,230.0,60.0,0.03987239771814509
260.0,230.0,70.0,0.07745793700976114
260.0,230.0,80.0,0.05063456063591685
260.0,230.0,90.0,0.04379387450395923
260.0,230.0,100.0,0.03612071240945764
260.0,230.0,110.0,0.10527662897347734
260.0,230.0,120.0,0.17053726221184956
260.0,230.0,130.0,0.1316678657659572
260.0,230.0,140.0,0.12851589744731268
260.0,230.0,150.0,0.1939652768017222
260.0,230.0,160.0,0.2649221353821041
260.0,230.0,170.0,0.17202963833523255
260.0,230.0,180.0,0.1646837651596883
260.0,230.0,190.0,0.2106606313661079
260.0,230.0,200.0,0.10767049685805918
260.0,230.0,210.0,0.0
260.0,230.0,220.0,0.003046519432204981
260.0,230.0,230.0,0.06477160094439867
260.0,230.0,240.0,0.02499788003152734
260.0,230.0,250.0,0.0055801143858310405
260.0,230.0,260.0,0.0
260.0,230.0,270.0,0.0
260.0,230.0,280.0,0.0442089112486735
260.0,230.0,290.0,0.0
260.0,240.0,0.0,0.0
260.0,240.0,10.0,0.0
260.0,240.0,20.0,0.0
260.0,240.0,30.0,0.022985362481562716
260.0,240.0,40.0,0.0
260.0,240.0,50.0,0.09029828862913415
260.0,240.0,60.0,0.0
260.0,240.0,70.0,0.08734505984025527
260.0,240.0,80.0,0.0008146095122164437
260.0,240.0,90.0,0.10059076744570167
260.0,240.0,100.0,0.042074572226747466
260.0,240.0,110.0,0.04755900024047083
260.0,240.0,120.0,0.05049225511851506
260.0,240.0,130.0,0.12133311415350402
260.0,240.0,140.0,0.17230122096947983
260.0,240.0,150.0,0.13355147067300133
260.0,240.0,160.0,0.08928920479913294
260.0,240.0,170.0,0.21613406130858107
260.0,240.0,180.0,0.15881864203505963
260.0,240.0,190.0,0.0
260.0,240.0,200.0,0.04910805714633953
260.0,240.0,210.0,0.03717114485295642
260.0,240.0,220.0,0.05771776331407856
260.0,240.0,230.0,0.0
260.0,240.0,240.0,0.014608543349793704
260.0,240.0,250.0,0.06170703218223676
260.0,240.0,260.0,0.027291079377669388
260.0,240.0,270.0,0.0
260.0,240.0,280.0,0.0
260.0,240.0,290.0,0.02419556452801932
260.0,250.0,0.0,0.0
260.0,250.0,10.0,0.0
260.0,250.0,20.0,0.0
260.0,250.0,30.0,0.0
260.0,250.0,40.0,0.0549934898008937
260.0,250.0,50.0,0.0
260.0,250.0,60.0,0.0
260.0,250.0,70.0,0.0
260.0,250.0,80.0,0.04635836251026777
260.0,250.0,90.0,0.08157526972844263
260.0,250.0,100.0,0.013590773166345785
260.0,250.0,110.0,0.12873902906127385
260.0,250.0,120.0,0.007703168862499443
260.0,250.0,130.0,0.1705095511822825
260.0,250.0,140.0,0.22231136065746684
260.0,250.0,150.0,0.13967033693615982
260.0,250.0,160.0,0.1310010325556411
260.0,250.0,170.0,0.10472885743800567
260.0,250.0,180.0,0.12538087737191803
260.0,250.0,190.0,0.029372156316338667
260.0,250.0,200.0,0.028548562802369653
260.0,250.0,210.0,0.0074631107988218405
260.0,250.0,220.0,0.0
260.0,250.0,230.0,0.0
260.0,250.0,240.0,0.0
260.0,250.0,250.0,0.10670572250658988
260.0,250.0,260.0,0.0
260.0,250.0,270.0,0.06548127263078941
260.0,250.0,280.0,0.0
260.0,250.0,290.0,0.0
260.0,260.0,0.0,0.0
260.0,260.0,10.0,0.0
260.0,260.0,20.0,0.0
260.0,260.0,30.0,0.0015448055691344434
260.0,260.0,40.0,0.01759963589278532
260.0,260.0,50.0,1.3303769561844037e-05
260.0,260.0,60.0,0.07284403475664356
260.0,260.0,70.0,0.07659054124705156
260.0,260.0,80.0,0.07528865799356302
260.0,260.0,90.0,0.06556566337114395
260.0,260.0,100.0,0.02220283944555823
260.0,260.0,110.0,0.08064165875086346
260.0,260.0,120.0,0.09769177876308849
260.0,260.0,130.0,0.05735464147544371
260.0,260.0,140.0,0.19594561711387057
260.0,260.0,150.0,0.16573154337462287
260.0,260.0,160.0,0.11123359948164978
260.0,260.0,170.0,0.10324051437722957
260.0,260.0,180.0,0.06761320088333163
260.0,260.0,190.0,0.050965512934312715
260.0,260.0,200.0,0.0
260.0,260.0,210.0,0.0
260.0,260.0,220.0,0.022090975202481572
260.0,260.0,230.0,0.037510066989561844
260.0,260.0,240.0,0.0
260.0,260.0,250.0,0.0
260.0,260.0,260.0,0.007179156488999112
260.0,260.0,270.0,0.05499271131585734
260.0,260.0,280.0,0.0
260.0,260.0,290.0,0.0
260.0,270.0,0.0,0.03967933393931453
260.0,270.0,10.0,0.0629860311442371
260.0,270.0,20.0,0.008382718514200064
260.0,270.0,30.0,0.0
260.0,270.0,40.0,0.0
260.0,270.0,50.0,0.07016197603292461
260.0,270.0,60.0,0.055646389921441296
260.0,270.0,70.0,0.13412917334348481
260.0,270.0,80.0,0.07027209543540883
260.0,270.0,90.0,0.0
260.0,270.0,100.0,0.12481289978977644
260.0,270.0,110.0,0.041948167560911284
260.0,270.0,120.0,0.03514897844542068
260.0,270.0,130.0,0.10226312623984503
260.0,270.0,140.0,0.04756903619750925
260.0,270.0,150.0,0.1712394769249308
260.0,270.0,160.0,0.02830702229840705
260.0,270.0,170.0,0.11058750647831364
260.0,270.0,180.0,0.009573956838528075
260.0,270.0,190.0,0.05749085056747891
260.0,270.0,200.0,0.0
260.0,270.0,210.0,0.06386044948678848
260.0,270.0,220.0,0.03883190961497128
260.0,270.0,230.0,0.0
260.0,270.0,240.0,0.01637075768977977
260.0,270.0,250.0,0.0
260.0,270.0,260.0,0.02259608125041437
260.0,270.0,270.0,0.0
260.0,270.0,280.0,0.043097137866008585
260.0,270.0,290.0,0.0
260.0,280.0,0.0,0.05000121827562852
260.0,280.0,10.0,0.0013228988874313117
260.0,280.0,20.0,0.0
260.0,280.0,30.0,0.08765244928108178
260.0,280.0,40.0,0.022029172301589982
260.0,280.0,50.0,0.0
260.0,280.0,60.0,0.06398453515174557
260.0,280.0,70.0,0.0
260.0,280.0,80.0,0.03359005284468603
260.0,280.0,90.0,0.0
260.0,280.0,100.0,0.025917680661422193
260.0,280.0,110.0,0.10632343884156017
260.0,280.0,120.0,0.11801502661350272
260.0,280.0,130.0,0.06653026529787391
260.0,280.0,140.0,0.08457316264974726
260.0,280.0,150.0,0.09626111844328211
260.0,280.0,160.0,0.0638791559263848
260.0,280.0,170.0,0.15575224606165358
260.0,280.0,180.0,0.07582225840561069
260.0,280.0,190.0,0.01656544257489822
260.0,280.0,200.0,0.0697778679579334
260.0,280.0,210.0,0.008080856075780282
260.0,280.0,220.0,0.13271959779515996
260.0,280.0,230.0,0.018413246414267878
260.0,280.0,240.0,0.05651134874432349
260.0,280.0,250.0,0.062497606299040484
260.0,280.0,260.0,0.0
260.0,280.0,270.0,0.040955384655382794
260.0,280.0,280.0,0.0
260.0,280.0,290.0,0.0
260.0,290.0,0.0,0.0
260.0,290.0,10.0,0.01637183526879668
260.0,290.0,20.0,0.0
260.0,290.0,30.0,0.0
260.0,290.0,40.0,0.034292342411708705
260.0,290.0,50.0,0.0009685380025970568
260.0,290.0,60.0,0.04077655000827375
260.0,290.0,70.0,0.037831816689211796
260.0,290.0,80.0,0.03236630756544098
260.0,290.0,90.0,0.04771614238122618
260.0,290.0,100.0,0.0
260.0,290.0,110.0,0.09180488803550386
260.0,290.0,120.0,0.003780646438168396
260.0,290.0,130.0,0.07654575755973585
260.0,290.0,140.0,0.0
260.0,290.0,150.0,0.14853739467801158
260.0,290.0,160.0,0.030020922452079248
260.0,290.0,170.0,0.06945777299128778
260.0,290.0,180.0,0.05079036543333618
260.0,290.0,190.0,0.12911537780296486
260.0,290.0,200.0,0.05015875665105899
260.0,290.0,210.0,0.03908663611978617
260.0,290.0,220.0,0.007246018779262084
260.0,290.0,230.0,0.0020021699579300806
260.0,290.0,240.0,0.03945967935603312
260.0,290.0,250.0,0.11829257776422175
260.0,290.0,260.0,0.0
260.0,290.0,270.0,0.0
260.0,290.0,280.0,0.033857379154812454
260.0,290.0,290.0,0.008581168852577562
270.0,0.0,0.0,0.0
270.0,0.0,10.0,0.0
270.0,0.0,20.0,0.08845066897887201
270.0,0.0,30.0,0.028177549856693532
270.0,0.0,40.0,0.028673435000545953
270.0,0.0,50.0,0.008171379912812967
270.0,0.0,60.0,0.0017200825024088233
270.0,0.0,70.0,0.07154334556718471
270.0,0.0,80.0,0.002135507936061591
270.0,0.0,90.0,0.0
270.0,0.0,100.0,0.02711768689598024
270.0,0.0,110.0,0.06526527749340334
270.0,0.0,120.0,0.12870127628883637
270.0,0.0,130.0,0.048524714825095114
270.0,0.0,140.0,0.10891726660250112
270.0,0.0,150.0,0.0
270.0,0.0,160.0,0.04016997772485189
270.0,0.0,170.0,0.0
270.0,0.0,180.0,0.04970575019278636
270.0,0.0,190.0,0.05010788954338619
270.0,0.0,200.0,0.05919304644326887
270.0,0.0,210.0,0.0
270.0,0.0,220.0,0.028455477370528164
270.0,0.0,230.0,0.004691134664732091
270.0,0.0,240.0,0.0
270.0,0.0,250.0,0.0
270.0,0.0,260.0,0.023250290382013598
270.0,0.0,270.0,0.0
270.0,0.0,280.0,0.0
270.0,0.0,290.0,0.0
270.0,10.0,0.0,0.02211003085213479
270.0,10.0,10.0,0.024641592645163347
270.0,10.0,20.0,0.0
270.0,10.0,30.0,0.0
270.0,10.0,40.0,0.027825913046022215
270.0,10.0,50.0,0.0
270.0,10.0,60.0,0.08481909391049612
270.0,10.0,70.0,0.0
270.0,10.0,80.0,0.020681167963904443
270.0,10.0,90.0,0.03890920161783669
270.0,10.0,100.0,0.0
270.0,10.0,110.0,0.04046026589683818
270.0,10.0,120.0,0.05337996322195428
270.0,10.0,130.0,0.12182106018009248
270.0,10.0,140.0,0.09282090269507406
270.0,10.0,150.0,0.09828801476128601
270.0,10.0,160.0,0.04823581806185594
270.0,10.0,170.0,0.04576980897677221
270.0,10.0,180.0,0.15904684351430384
270.0,10.0,190.0,0.017973532939122624
270.0,10.0,200.0,0.015501787876461053
270.0,10.0,210.0,0.0333023896258712
270.0,10.0,220.0,0.028934877583519425
270.0,10.0,230.0,0.009339163837078338
270.0,10.0,240.0,0.0
270.0,10.0,250.0,0.0
270.0,10.0,260.0,0.0
270.0,10.0,270.0,0.08472173280501429
270.0,10.0,280.0,0.006074562558024209
270.0,10.0,290.0,0.019101627371358742
270.0,20.0,0.0,0.08741708777481437
270.0,20.0,10.0,0.005909009124338214
270.0,20.0,20.0,0.0
270.0,20.0,30.0,0.02869613083328337
270.0,20.0,40.0,0.0
270.0,20.0,50.0,0.0
270.0,20.0,60.0,0.04806889050757364
270.0,20.0,70.0,0.0
270.0,20.0,80.0,0.004972066124908435
270.0,20.0,90.0,0.11706354469685912
270.0,20.0,100.0,0.010546936772785214
270.0,20.0,110.0,0.08470203029133894
270.0,20.0,120.0,0.08373112688455213
270.0,20.0,130.0,0.0
270.0,20.0,140.0,0.02839040086230201
270.0,20.0,150.0,0.06248754486289473
270.0,20.0,160.0,0.09578029098856158
270.0,20.0,170.0,0.08345863620740557
270.0,20.0,180.0,0.033228249333614686
270.0,20.0,190.0,0.03110720065025728
270.0,20.0,200.0,0.01593825717600862
270.0,20.0,210.0,0.011089490769877041
270.0,20.0,220.0,0.0
270.0,20.0,230.0,0.0
270.0,20.0,240.0,0.049504350360685116
270.0,20.0,250.0,0.05407336628527823
270.0,20.0,260.0,0.00834523291025754
270.0,20.0,270.0,0.05257948462173961
270.0,20.0,280.0,0.03303089933669269
270.0,20.0,290.0,0.05748236340433688
270.0,30.0,0.0,0.0
270.0,30.0,10.0,0.004000575259312704
270.0,30.0,20.0,0.025014340888177663
270.0,30.0,30.0,0.010310312943336786
270.0,30.0,40.0,0.0
270.0,30.0,50.0,0.0
270.0,30.0,60.0,0.0
270.0,30.0,70.0,0.0
270.0,30.0,80.0,0.06868438234095192
270.0,30.0,90.0,0.046917495923036207
270.0,30.0,100.0,0.08154440213044417
270.0,30.0,110.0,0.045927085188045114
270.0,30.0,120.0,0.12196555935702356
270.0,30.0,130.0,0.12204438180395262
270.0,30.0,140.0,0.10273575653491598
270.0,30.0,150.0,0.09906848688477189
270.0,30.0,160.0,0.08585545438120372
270.0,30.0,170.0,0.060370233885239294
270.0,30.0,180.0,0.0
270.0,30.0,190.0,0.011619773646069205
270.0,30.0,200.0,0.0044879611269732535
270.0,30.0,210.0,0.11294758748298733
270.0,30.0,220.0,0.0839996737710885
270.0,30.0,230.0,0.006348579789929559
270.0,30.0,240.0,0.0
270.0,30.0,250.0,0.09960744796568895
270.0,30.0,260.0,0.04315222780448551
270.0,30.0,270.0,0.0
270.0,30.0,280.0,0.011811416496869707
270.0,30.0,290.0,0.04833161598735574
270.0,40.0,0.0,0.04887788660322682
270.0,40.0,10.0,0.06969031887442953
270.0,40.0,20.0,0.0
270.0,40.0,30.0,0.0
270.0,40.0,40.0,0.0
270.0,40.0,50.0,0.0
270.0,40.0,60.0,0.0
270.0,40.0,70.0,0.0
270.0,40.0,80.0,0.06579228581987014
270.0,40.0,90.0,0.06598050431707327
270.0,40.0,100.0,0.10617174798448596
270.0,40.0,110.0,0.128249826893478
270.0,40.0,120.0,0.017598465462680048
270.0,40.0,130.0,0.20286536786507584
270.0,40.0,140.0,0.16746971349426515
270.0,40.0,150.0,0.13373214308506845
270.0,40.0,160.0,0.2779025209699512
270.0,40.0,170.0,0.07973574372740798
270.0,40.0,180.0,0.09891608831082205
270.0,40.0,190.0,0.09343102267065115
270.0,40.0,200.0,0.0
270.0,40.0,210.0,0.0
270.0,40.0,220.0,0.0158998625542794
270.0,40.0,230.0,0.00557280099178952
270.0,40.0,240.0,0.0
270.0,40.0,250.0,0.0
270.0,40.0,260.0,0.11615150238306865
270.0,40.0,270.0,0.10718647660543569
270.0,40.0,280.0,0.0
270.0,40.0,290.0,0.0
270.0,50.0,0.0,0.0
270.0,50.0,10.0,0.035400091126359355
270.0,50.0,20.0,0.0025909028695931618
270.0,50.0,30.0,0.04932649463047497
270.0,50.0,40.0,0.0
270.0,50.0,50.0,0.09485749226560686
270.0,50.0,60.0,0.0
270.0,50.0,70.0,0.04631175204533075
270.0,50.0,80.0,0.01763390523944646
270.0,50.0,90.0,0.06651615348171007
270.0,50.0,100.0,0.0637225192265285
270.0,50.0,110.0,0.03908260383007298
270.0,50.0,120.0,0.037807181750724665
270.0,50.0,130.0,0.062751136903892
270.0,50.0,140.0,0.11398220812445095
270.0,50.0,150.0,0.04915687553822362
270.0,50.0,160.0,0.13434195075201744
270.0,50.0,170.0,0.04755699960826654
270.0,50.0,180.0,0.0932501544011114
270.0,50.0,190.0,0.018230775518612012
270.0,50.0,200.0,0.11408944337764382
270.0,50.0,210.0,0.03952151612934116
270.0,50.0,220.0,0.009579754751027375
270.0,50.0,230.0,0.06448967468160186
270.0,50.0,240.0,0.044258304634954775
270.0,50.0,250.0,0.02078759637325638
270.0,50.0,260.0,0.0036832067060768425
270.0,50.0,270.0,0.0
270.0,50.0,280.0,0.06821427378857799
270.0,50.0,290.0,0.0421922798149975
270.0,60.0,0.0,0.02197258493136247
270.0,60.0,10.0,0.0
270.0,60.0,20.0,0.018178185890644922
270.0,60.0,30.0,0.0
270.0,60.0,40.0,0.0
270.0,60.0,50.0,0.0
270.0,60.0,60.0,0.0
270.0,60.0,70.0,0.0
270.0,60.0,80.0,0.004324350506296235
270.0,60.0,90.0,0.007921100514540681
270.0,60.0,100.0,0.06740104826839258
270.0,60.0,110.0,0.06910887189047657
270.0,60.0,120.0,0.1538238834611458
270.0,60.0,130.0,0.14328407346280275
270.0,60.0,140.0,0.16370415092891347
270.0,60.0,150.0,0.13699127503900302
270.0,60.0,160.0,0.11488781861725673
270.0,60.0,170.0,0.11630466283774563
270.0,60.0,180.0,0.1138244537879901
270.0,60.0,190.0,0.00876196420747083
270.0,60.0,200.0,0.04452723526008172
270.0,60.0,210.0,0.06168570663848861
270.0,60.0,220.0,0.06991299035574561
270.0,60.0,230.0,0.06078251604882473
270.0,60.0,240.0,0.05206522087193772
270.0,60.0,250.0,0.014091869282688033
270.0,60.0,260.0,0.03390533275470158
270.0,60.0,270.0,0.06637200885192082
270.0,60.0,280.0,0.0
270.0,60.0,290.0,0.0011154028849441355
270.0,70.0,0.0,0.0
270.0,70.0,10.0,0.0
270.0,70.0,20.0,0.0
270.0,70.0,30.0,0.0
270.0,70.0,40.0,0.013047887885854337
270.0,70.0,50.0,0.06333844578168167
270.0,70.0,60.0,0.10190268139295806
270.0,70.0,70.0,0.0
270.0,70.0,80.0,0.04639942153287421
270.0,70.0,90.0,0.023092515291372753
270.0,70.0,100.0,0.07968861592966146
270.0,70.0,110.0,0.12318171582464552
270.0,70.0,120.0,0.0954872473472031
270.0,70.0,130.0,0.13358526173443422
270.0,70.0,140.0,0.1620685551683333
270.0,70.0,150.0,0.1096717269273583
270.0,70.0,160.0,0.19072204677477284
270.0,70.0,170.0,0.11383327373199507
270.0,70.0,180.0,0.06414323607208133
270.0,70.0,190.0,0.062070955297663113
270.0,70.0,200.0,0.10717221744577873
270.0,70.0,210.0,0.0919334309445673
270.0,70.0,220.0,0.0633192715406814
270.0,70.0,230.0,0.0
270.0,70.0,240.0,0.009214510461427286
270.0,70.0,250.0,0.0
270.0,70.0,260.0,0.0
270.0,70.0,270.0,0.0
270.0,70.0,280.0,0.0
270.0,70.0,290.0,0.024075320782804166
270.0,80.0,0.0,0.0
270.0,80.0,10.0,0.0
270.0,80.0,20.0,0.005397139154485452
270.0,80.0,30.0,0.0
270.0,80.0,40.0,0.0
270.0,80.0,50.0,0.07116731504493055
270.0,80.0,60.0,0.020845327818610076
270.0,80.0,70.0,0.0
270.0,80.0,80.0,0.0574858501594203
270.0,80.0,90.0,0.11716884047058149
270.0,80.0,100.0,0.09379470735009013
270.0,80.0,110.0,0.07403070852141991
270.0,80.0,120.0,0.11784761042151344
270.0,80.0,130.0,0.131695402731665
270.0,80.0,140.0,0.142979322385556
270.0,80.0,150.0,0.13321932337350173
270.0,80.0,160.0,0.2066118559107979
270.0,80.0,170.0,0.11298569515390913
270.0,80.0,180.0,0.07857563076422475
270.0,80.0,190.0,0.14763156034884234
270.0,80.0,200.0,0.11003172984226911
270.0,80.0,210.0,0.016823887307436614
270.0,80.0,220.0,0.0035942903311226466
270.0,80.0,230.0,0.04476938825873131
270.0,80.0,240.0,0.06288527895137766
270.0,80.0,250.0,0.0
270.0,80.0,260.0,0.0
270.0,80.0,270.0,0.05792536971151788
270.0,80.0,280.0,0.0
270.0,80.0,290.0,0.0
270.0,90.0,0.0,0.0
270.0,90.0,10.0,0.09165759591824926
270.0,90.0,20.0,0.0
270.0,90.0,30.0,0.0
270.0,90.0,40.0,0.0406235566005249
270.0,90.0,50.0,0.04678706923544633
270.0,90.0,60.0,0.06788726499480242
270.0,90.0,70.0,0.07115227739456471
270.0,90.0,80.0,0.0
270.0,90.0,90.0,0.022118382169332013
270.0,90.0,100.0,0.11747134221038513
270.0,90.0,110.0,0.16471849298905028
270.0,90.0,120.0,0.2046935985735598
270.0,90.0,130.0,0.20295640709853727
270.0,90.0,140.0,0.2056811967739713
270.0,90.0,150.0,0.2319611741040667
270.0,90.0,160.0,0.22429684929648913
270.0,90.0,170.0,0.24260036014023295
270.0,90.0,180.0,0.22240010254711334
270.0,90.0,190.0,0.0429633826279035
270.0,90.0,200.0,0.08065387397411534
270.0,90.0,210.0,0.0
270.0,90.0,220.0,0.0
270.0,90.0,230.0,0.023942447931528662
270.0,90.0,240.0,0.0
270.0,90.0,250.0,0.0
270.0,90.0,260.0,0.0
270.0,90.0,270.0,0.03506374404256427
270.0,90.0,280.0,0.0
270.0,90.0,290.0,0.0
270.0,100.0,0.0,0.0890087904535844
270.0,100.0,10.0,0.0
270.0,100.0,20.0,0.0
270.0,100.0,30.0,0.01066039986618987
270.0,100.0,40.0,0.0
270.0,100.0,50.0,0.0
270.0,100.0,60.0,0.07240286664672352
270.0,100.0,70.0,0.08895754180007144
270.0,100.0,80.0,0.05004512499883006
270.0,100.0,90.0,0.1286601472250339
270.0,100.0,100.0,0.03027656247021321
270.0,100.0,110.0,0.2136748529466566
270.0,100.0,120.0,0.16811507249110458
270.0,100.0,130.0,0.20861864063896096
270.0,100.0,140.0,0.22305298230565734
270.0,100.0,150.0,0.22382451709635195
270.0,100.0,160.0,0.04010504494999184
270.0,100.0,170.0,0.11431093944602362
270.0,100.0,180.0,0.13895386702688214
270.0,100.0,190.0,0.03523351428159997
270.0,100.0,200.0,0.08457025420256434
270.0,100.0,210.0,0.08985799080995358
270.0,100.0,220.0,0.023746258305360025
270.0,100.0,230.0,0.009007619990382446
270.0,100.0,240.0,0.0
270.0,100.0,250.0,0.0
270.0,100.0,260.0,0.0
270.0,100.0,270.0,0.0
270.0,100.0,280.0,0.0
270.0,100.0,290.0,0.05135684085960395
270.0,110.0,0.0,0.013023345081993024
270.0,110.0,10.0,0.0025844159886496496
270.0,110.0,20.0,0.0
270.0,110.0,30.0,0.0
270.0,110.0,40.0,0.0
270.0,110.0,50.0,0.01809032796785346
270.0,110.0,60.0,0.05549264319263192
270.0,110.0,70.0,0.0
270.0,110.0,80.0,0.11555462417575399
270.0,110.0,90.0,0.10980401533527681
270.0,110.0,100.0,0.10564526737670403
270.0,110.0,110.0,0.13304606279512912
270.0,110.0,120.0,0.08082902477230912
270.0,110.0,130.0,0.11294109557414517
270.0,110.0,140.0,0.2944285309755049
270.0,110.0,150.0,0.16245950716035532
270.0,110.0,160.0,0.16954295428192045
270.0,110.0,170.0,0.2126569975484039
270.0,110.0,180.0,0.21135469418783115
270.0,110.0,190.0,0.06328238289864259
270.0,110.0,200.0,0.11662456592140984
270.0,110.0,210.0,0.007558126643039488
270.0,110.0,220.0,0.0
270.0,110.0,230.0,0.0
270.0,110.0,240.0,0.06912758552498457
270.0,110.0,250.0,0.04465986056856205
270.0,110.0,260.0,0.031212364434059323
270.0,110.0,270.0,0.021314937069514032
270.0,110.0,280.0,0.0
270.0,110.0,290.0,0.0
270.0,120.0,0.0,0.016103538393078667
270.0,120.0,10.0,0.0
270.0,120.0,20.0,0.0
270.0,120.0,30.0,0.11657090756178536
270.0,120.0,40.0,0.0
270.0,120.0,50.0,0.012598343417701142
270.0,120.0,60.0,0.010539065684197345
270.0,120.0,70.0,0.005888240356986929
270.0,120.0,80.0,0.03006236307985703
270.0,120.0,90.0,0.08159289603217078
270.0,120.0,100.0,0.11823665923009279
270.0,120.0,110.0,0.15800071388135006
270.0,120.0,120.0,0.13902539872872435
270.0,120.0,130.0,0.23486894605679487
270.0,120.0,140.0,0.17978560548116912
270.0,120.0,150.0,0.1617632861595432
270.0,120.0,160.0,0.21570118398646254
270.0,120.0,170.0,0.10266716127988265
270.0,120.0,180.0,0.18025667731381811
270.0,120.0,190.0,0.13829859279033518
270.0,120.0,200.0,0.08334192420696775
270.0,120.0,210.0,0.03405311506680145
270.0,120.0,220.0,0.06668824260207107
270.0,120.0,230.0,0.0
270.0,120.0,240.0,0.053758285047430646
270.0,120.0,250.0,0.0331148984541022
270.0,120.0,260.0,0.0
270.0,120.0,270.0,0.0
270.0,120.0,280.0,0.029698836208661053
270.0,120.0,290.0,0.0
270.0,130.0,0.0,0.06330995526057774
270.0,130.0,10.0,0.08881851123709049
270.0,130.0,20.0,0.0
270.0,130.0,30.0,0.0
270.0,130.0,40.0,0.0739318563830902
270.0,130.0,50.0,0.029991050968843157
270.0,130.0,60.0,0.02892028109319079
270.0,130.0,70.0,0.015461292177368337
270.0,130.0,80.0,0.09159632249864937
270.0,130.0,90.0,0.0067178650113662725
270.0,130.0,100.0,0.16097153206729273
270.0,130.0,110.0,0.14378106989902678
270.0,130.0,120.0,0.25606613114580346
270.0,130.0,130.0,0.1439260310157352
270.0,130.0,140.0,0.16013546398291437
270.0,130.0,150.0,0.2280432266352982
270.0,130.0,160.0,0.1874987571960414
270.0,130.0,170.0,0.08767450727535596
270.0,130.0,180.0,0.06752173940323791
270.0,130.0,190.0,0.2262593734915173
270.0,130.0,200.0,0.02544603292735992
270.0,130.0,210.0,0.0809178765174517
270.0,130.0,220.0,0.03411400960178562
270.0,130.0,230.0,0.060068921276106864
270.0,130.0,240.0,0.0
270.0,130.0,250.0,0.04846690657912307
270.0,130.0,260.0,0.0
270.0,130.0,270.0,0.0
270.0,130.0,280.0,0.04375727185272188
270.0,130.0,290.0,0.0
270.0,140.0,0.0,0.0
270.0,140.0,10.0,0.026410767268957788
270.0,140.0,20.0,0.1097394210358651
270.0,140.0,30.0,0.06899179637544883
270.0,140.0,40.0,0.0
270.0,140.0,50.0,0.022795437556064516
270.0,140.0,60.0,0.0030686361947739015
270.0,140.0,70.0,0.08837356863234574
270.0,140.0,80.0,0.12007883655551001
270.0,140.0,90.0,0.07756284733432306
270.0,140.0,100.0,0.11191353827887027
270.0,140.0,110.0,0.2582482811124728
270.0,140.0,120.0,0.322469775485116
270.0,140.0,130.0,0.24183854231351062
270.0,140.0,140.0,0.2946678475932042
270.0,140.0,150.0,0.33318777767562197
270.0,140.0,160.0,0.15134962353382864
270.0,140.0,170.0,0.22751649893926756
270.0,140.0,180.0,0.14122600139199087
270.0,140.0,190.0,0.05343062736156694
270.0,140.0,200.0,0.04086006396618632
270.0,140.0,210.0,0.03735956747150769
270.0,140.0,220.0,0.0
270.0,140.0,230.0,0.07485181519665349
270.0,140.0,240.0,0.03682322820372841
270.0,140.0,250.0,0.0
270.0,140.0,260.0,0.0
270.0,140.0,270.0,0.0
270.0,140.0,280.0,0.0584525457720481
270.0,140.0,290.0,0.0
270.0,150.0,0.0,0.0
270.0,150.0,10.0,0.0
270.0,150.0,20.0,0.06479399508911043
270.0,150.0,30.0,1.7792111480662356e-05
270.0,150.0,40.0,0.1127030616522886
270.0,150.0,50.0,0.0
270.0,150.0,60.0,0.0
270.0,150.0,70.0,0.0
270.0,150.0,80.0,0.08645426010786221
270.0,150.0,90.0,0.06705434274027963
270.0,150.0,100.0,0.10473781473112623
270.0,150.0,110.0,0.15523110547584043
270.0,150.0,120.0,0.18855327824927073
270.0,150.0,130.0,0.1828499192669769
270.0,150.0,140.0,0.23564193999453772
270.0,150.0,150.0,0.302353350266656
270.0,150.0,160.0,0.2205705847535728
270.0,150.0,170.0,0.2441350846471094
270.0,150.0,180.0,0.2564017121530326
270.0,150.0,190.0,0.11355598542129022
270.0,150.0,200.0,0.02904467874976535
270.0,150.0,210.0,0.04579017073381046
270.0,150.0,220.0,0.07377764351073346
270.0,150.0,230.0,0.0
270.0,150.0,240.0,0.0
270.0,150.0,250.0,0.06653088829196853
270.0,150.0,260.0,0.025838453677477953
270.0,150.0,270.0,0.0
270.0,150.0,280.0,0.0026012067586989288
270.0,150.0,290.0,0.0
270.0,160.0,0.0,0.0
270.0,160.0,10.0,0.0
270.0,160.0,20.0,0.0
270.0,160.0,30.0,0.0
270.0,160.0,40.0,0.07840817062988246
270.0,160.0,50.0,0.03967487556708557
270.0,160.0,60.0,0.04401401870544329
270.0,160.0,70.0,0.0
270.0,160.0,80.0,0.024218508289902747
270.0,160.0,90.0,0.03626939661226566
270.0,160.0,100.0,0.11494975738492083
270.0,160.0,110.0,0.16109743888235165
270.0,160.0,120.0,0.14599684118218575
270.0,160.0,130.0,0.3098263442821856
270.0,160.0,140.0,0.1640703982589165
270.0,160.0,150.0,0.25298383849427314
270.0,160.0,160.0,0.1867219226611426
270.0,160.0,170.0,0.22528742719800526
270.0,160.0,180.0,0.11441190270109874
270.0,160.0,190.0,0.2021335900296607
270.0,160.0,200.0,0.03892710002337103
270.0,160.0,210.0,0.0
270.0,160.0,220.0,0.06476641159728905
270.0,160.0,230.0,0.04194515018067274
270.0,160.0,240.0,0.10801402831899017
270.0,160.0,250.0,0.0
270.0,160.0,260.0,0.049644381021822344
270.0,160.0,270.0,0.0
270.0,160.0,280.0,0.03933665694029213
270.0,160.0,290.0,0.0068905277651049816
270.0,170.0,0.0,0.07581227295369185
270.0,170.0,10.0,0.08602587184332647
270.0,170.0,20.0,0.0
270.0,170.0,30.0,0.02736781334623505
270.0,170.0,40.0,0.0197119183395122
270.0,170.0,50.0,0.013829555100611695
270.0,170.0,60.0,0.020264769777085252
270.0,170.0,70.0,0.0
270.0,170.0,80.0,0.010855686813079406
270.0,170.0,90.0,0.058200227537292766
270.0,170.0,100.0,0.14799157787898562
270.0,170.0,110.0,0.1191300576063486
270.0,170.0,120.0,0.19281197723468385
270.0,170.0,130.0,0.16779885504906608
270.0,170.0,140.0,0.220891913951825
270.0,170.0,150.0,0.24040743119684974
270.0,170.0,160.0,0.23108448068998244
270.0,170.0,170.0,0.2301635418343552
270.0,170.0,180.0,0.2093669263140822
270.0,170.0,190.0,0.09662679857170062
270.0,170.0,200.0,0.000991037615698978
270.0,170.0,210.0,0.0
270.0,170.0,220.0,0.056820320462454235
270.0,170.0,230.0,0.0474430760615194
270.0,170.0,240.0,0.10577354214043334
270.0,170.0,250.0,0.0542817681830608
270.0,170.0,260.0,0.003160258530478369
270.0,170.0,270.0,0.0
270.0,170.0,280.0,0.0
270.0,170.0,290.0,0.0
270.0,180.0,0.0,0.013952800221155703
270.0,180.0,10.0,0.00563490909352791
270.0,180.0,20.0,0.0458712046695099
270.0,180.0,30.0,0.0
270.0,180.0,40.0,0.011819701410113253
270.0,180.0,50.0,0.0069225677481563165
270.0,180.0,60.0,0.02085616733254122
270.0,180.0,70.0,0.05416035157545142
270.0,180.0,80.0,0.04760825936733883
270.0,180.0,90.0,0.09054146944169944
270.0,180.0,100.0,0.15430498674028953
270.0,180.0,110.0,0.2514593065534106
270.0,180.0,120.0,0.17307446967188025
270.0,180.0,130.0,0.2502257150135513
270.0,180.0,140.0,0.263784854899386
270.0,180.0,150.0,0.14598979723529995
270.0,180.0,160.0,0.24043828572321274
270.0,180.0,170.0,0.0800991607953897
270.0,180.0,180.0,0.15525292858606726
270.0,180.0,190.0,0.08750408741524661
270.0,180.0,200.0,0.14969688800812264
270.0,180.0,210.0,0.04943915074528611
270.0,180.0,220.0,0.05508320300217228
270.0,180.0,230.0,0.0
270.0,180.0,240.0,0.06577470102600377
270.0,180.0,250.0,0.0
270.0,180.0,260.0,0.04255513842275753
270.0,180.0,270.0,0.0
270.0,180.0,280.0,0.009881855948814567
270.0,180.0,290.0,0.0
270.0,190.0,0.0,0.0
270.0,190.0,10.0,0.004686002247298542
270.0,190.0,20.0,0.0
270.0,190.0,30.0,0.0
270.0,190.0,40.0,0.06023997128661309
270.0,190.0,50.0,0.0
270.0,190.0,60.0,0.0024914021123486098
270.0,190.0,70.0,0.0
270.0,190.0,80.0,0.024507721127454918
270.0,190.0,90.0,0.13926465006794198
270.0,190.0,100.0,0.05302865260289628
270.0,190.0,110.0,0.18881087686503906
270.0,190.0,120.0,0.18894905085376498
270.0,190.0,130.0,0.1447887240474037
270.0,190.0,140.0,0.08515040709790399
270.0,190.0,150.0,0.20424255103560496
270.0,190.0,160.0,0.14744884599253325
270.0,190.0,170.0,0.2405515314186809
270.0,190.0,180.0,0.13988622006990117
270.0,190.0,190.0,0.02360421988941297
270.0,190.0,200.0,0.07357025780916987
270.0,190.0,210.0,0.0889153593684851
270.0,190.0,220.0,0.029194237313436844
270.0,190.0,230.0,0.07858337167567507
270.0,190.0,240.0,0.011415183610345098
270.0,190.0,250.0,0.0
270.0,190.0,260.0,0.0
270.0,190.0,270.0,0.0
270.0,190.0,280.0,0.04720144118086828
270.0,190.0,290.0,0.03827320653544945
270.0,200.0,0.0,0.0
270.0,200.0,10.0,0.024486790822695996
270.0,200.0,20.0,0.0
270.0,200.0,30.0,0.059463387946814765
270.0,200.0,40.0,0.006581211320230298
270.0,200.0,50.0,0.0
270.0,200.0,60.0,0.0
270.0,200.0,70.0,0.14566975846320354
270.0,200.0,80.0,0.16867699049821444
270.0,200.0,90.0,0.02052389052346249
270.0,200.0,100.0,0.07542152226744755
270.0,200.0,110.0,0.08400984974178355
270.0,200.0,120.0,0.2308479365362863
270.0,200.0,130.0,0.12333131855749324
270.0,200.0,140.0,0.2321798209609112
270.0,200.0,150.0,0.2564525679032864
270.0,200.0,160.0,0.17570987147727973
270.0,200.0,170.0,0.17618546583573122
270.0,200.0,180.0,0.05292743476904635
270.0,200.0,190.0,0.052407952938844496
270.0,200.0,200.0,0.043346708538074805
270.0,200.0,210.0,0.010294575556919802
270.0,200.0,220.0,0.034466734431962145
270.0,200.0,230.0,0.0
270.0,200.0,240.0,0.0
270.0,200.0,250.0,0.0
270.0,200.0,260.0,0.044619720203387836
270.0,200.0,270.0,0.0
270.0,200.0,280.0,0.0
270.0,200.0,290.0,0.058245193826867964
270.0,210.0,0.0,0.0
270.0,210.0,10.0,0.0
270.0,210.0,20.0,0.030498636569518765
270.0,210.0,30.0,0.09530318890634826
270.0,210.0,40.0,0.02573818578655997
270.0,210.0,50.0,0.009543215091184644
270.0,210.0,60.0,0.0
270.0,210.0,70.0,0.0417130263708406
270.0,210.0,80.0,0.013965823245277263
270.0,210.0,90.0,0.06351660900879619
270.0,210.0,100.0,0.056095554439246194
270.0,210.0,110.0,0.1790182725691224
270.0,210.0,120.0,0.21483492965147138
270.0,210.0,130.0,0.2591862798404733
270.0,210.0,140.0,0.1201941515956709
270.0,210.0,150.0,0.10333977681649076
270.0,210.0,160.0,0.0875575612917176
270.0,210.0,170.0,0.17801038218231371
270.0,210.0,180.0,0.11544867434392293
270.0,210.0,190.0,0.10046657392816415
270.0,210.0,200.0,0.07914387297802822
270.0,210.0,210.0,0.05448520499369407
270.0,210.0,220.0,0.0
270.0,210.0,230.0,0.05744865810204624
270.0,210.0,240.0,0.0
270.0,210.0,250.0,0.1390526138332088
270.0,210.0,260.0,0.0019895988080054737
270.0,210.0,270.0,0.019355340313362227
270.0,210.0,280.0,0.07583247931042753
270.0,210.0,290.0,0.0
270.0,220.0,0.0,0.0
270.0,220.0,10.0,0.022551349610860208
270.0,220.0,20.0,0.030700272663939272
270.0,220.0,30.0,0.06388229238136046
270.0,220.0,40.0,0.0
270.0,220.0,50.0,0.0
270.0,220.0,60.0,0.0
270.0,220.0,70.0,0.0
270.0,220.0,80.0,0.0
270.0,220.0,90.0,0.12470976652478746
270.0,220.0,100.0,0.1079488205337956
270.0,220.0,110.0,0.1296640589736701
270.0,220.0,120.0,0.17070824315286853
270.0,220.0,130.0,0.19526573566321276
270.0,220.0,140.0,0.1357893925542537
270.0,220.0,150.0,0.028080987020819348
270.0,220.0,160.0,0.21799101959768868
270.0,220.0,170.0,0.1755575294264606
270.0,220.0,180.0,0.0994112480458783
270.0,220.0,190.0,0.0062261371380377545
270.0,220.0,200.0,0.036575807761644256
270.0,220.0,210.0,0.061454290137146386
270.0,220.0,220.0,0.0
270.0,220.0,230.0,0.012599469372963551
270.0,220.0,240.0,0.08216077566193106
270.0,220.0,250.0,0.013807160341240715
270.0,220.0,260.0,0.07500757579889983
270.0,220.0,270.0,0.085713349536323
270.0,220.0,280.0,0.0
270.0,220.0,290.0,0.04892203683641782
270.0,230.0,0.0,0.005569616815949692
270.0,230.0,10.0,0.0
270.0,230.0,20.0,0.002751942878276379
270.0,230.0,30.0,0.0
270.0,230.0,40.0,0.0
270.0,230.0,50.0,0.0
270.0,230.0,60.0,0.030440132962394603
270.0,230.0,70.0,0.0
270.0,230.0,80.0,0.04175501455512532
270.0,230.0,90.0,0.13201521718643047
270.0,230.0,100.0,0.0
270.0,230.0,110.0,0.15145680937545386
270.0,230.0,120.0,0.10832200869420232
270.0,230.0,130.0,0.1516569077545834
270.0,230.0,140.0,0.09410119950851792
270.0,230.0,150.0,0.22840660974999605
270.0,230.0,160.0,0.05475900596899956
270.0,230.0,170.0,0.0941351284647665
270.0,230.0,180.0,0.017685757651131354
270.0,230.0,190.0,0.10644712136734402
270.0,230.0,200.0,0.054912865967210706
270.0,230.0,210.0,0.04890360156265222
270.0,230.0,220.0,0.06486198254354114
270.0,230.0,230.0,0.0
270.0,230.0,240.0,0.0
270.0,230.0,250.0,0.025078255832453326
270.0,230.0,260.0,0.010182274850250125
270.0,230.0,270.0,0.05500123396261352
270.0,230.0,280.0,0.08149844694329067
270.0,230.0,290.0,0.0
270.0,240.0,0.0,0.011974199681173825
270.0,240.0,10.0,0.0052952568666461385
270.0,240.0,20.0,0.07311586801949868
270.0,240.0,30.0,0.013370375678265978
270.0,240.0,40.0,0.0
270.0,240.0,50.0,0.0
270.0,240.0,60.0,0.0
270.0,240.0,70.0,0.002271218640282416
270.0,240.0,80.0,0.0452841983166086
270.0,240.0,90.0,0.0846487825882696
270.0,240.0,100.0,0.15097037852861392
270.0,240.0,110.0,0.14966601783814276
270.0,240.0,120.0,0.0
270.0,240.0,130.0,0.002239888733960624
270.0,240.0,140.0,0.07835502876603342
270.0,240.0,150.0,0.11706977272848793
270.0,240.0,160.0,0.10942127224306271
270.0,240.0,170.0,0.18818611519202716
270.0,240.0,180.0,0.09844679916287626
270.0,240.0,190.0,0.05029937329845608
270.0,240.0,200.0,0.12787412441854795
270.0,240.0,210.0,0.0
270.0,240.0,220.0,0.039590792458720665
270.0,240.0,230.0,0.0
270.0,240.0,240.0,0.05485513189653049
270.0,240.0,250.0,0.0
270.0,240.0,260.0,0.05718469497690681
270.0,240.0,270.0,0.01093992719373578
270.0,240.0,280.0,0.0129957219899632
270.0,240.0,290.0,0.0
270.0,250.0,0.0,0.0
270.0,250.0,10.0,0.0317707646804665
270.0,250.0,20.0,0.11254854760753047
270.0,250.0,30.0,0.02958425400352116
270.0,250.0,40.0,0.0
270.0,250.0,50.0,0.0
270.0,250.0,60.0,0.0
270.0,250.0,70.0,0.0
270.0,250.0,80.0,0.11246308097869695
270.0,250.0,90.0,0.07460036669196
270.0,250.0,100.0,0.08678546010661542
270.0,250.0,110.0,0.0803751147680542
270.0,250.0,120.0,0.08064942608852843
270.0,250.0,130.0,0.11111001166511017
270.0,250.0,140.0,0.09733264027408878
270.0,250.0,150.0,0.12111753998260553
270.0,250.0,160.0,0.024771695055966977
270.0,250.0,170.0,0.039952544201394095
270.0,250.0,180.0,0.0
270.0,250.0,190.0,0.01913279566243404
270.0,250.0,200.0,0.018197519816344317
270.0,250.0,210.0,0.05386278909266877
270.0,250.0,220.0,0.0778134491688672
270.0,250.0,230.0,0.09843013657307996
270.0,250.0,240.0,0.03835733410441733
270.0,250.0,250.0,0.0
270.0,250.0,260.0,0.0
270.0,250.0,270.0,0.03369600369608322
270.0,250.0,280.0,0.02039919444666542
270.0,250.0,290.0,0.00335336495449002
270.0,260.0,0.0,0.0
270.0,260.0,10.0,0.0
270.0,260.0,20.0,0.02974248492791834
270.0,260.0,30.0,0.0
270.0,260.0,40.0,0.0
270.0,260.0,50.0,0.07871001262871798
270.0,260.0,60.0,0.0
270.0,260.0,70.0,0.0
270.0,260.0,80.0,0.06441912044407656
270.0,260.0,90.0,0.0
270.0,260.0,100.0,0.11144334102083644
270.0,260.0,110.0,0.06984892331645941
270.0,260.0,120.0,0.035614955610063295
270.0,260.0,130.0,0.13384135636701278
270.0,260.0,140.0,0.053045900819172764
270.0,260.0,150.0,0.09655135140113677
270.0,260.0,160.0,0.08443432009918415
270.0,260.0,170.0,0.10511475739799746
270.0,260.0,180.0,0.058193331804345445
270.0,260.0,190.0,0.02511291315468695
270.0,260.0,200.0,0.0354594949398169
270.0,260.0,210.0,0.0
270.0,260.0,220.0,0.0933132607227619
270.0,260.0,230.0,0.0941087016272474
270.0,260.0,240.0,0.0
270.0,260.0,250.0,0.0
270.0,260.0,260.0,0.05563357759099943
270.0,260.0,270.0,0.0
270.0,260.0,280.0,0.0
270.0,260.0,290.0,0.0
270.0,270.0,0.0,0.0
270.0,270.0,10.0,0.023581863403940834
270.0,270.0,20.0,0.07251377874641952
270.0,270.0,30.0,0.04872667581131507
270.0,270.0,40.0,0.037266872042935315
270.0,270.0,50.0,0.015245543042898137
270.0,270.0,60.0,0.0
270.0,270.0,70.0,0.08026051185781974
270.0,270.0,80.0,0.05077626662449134
270.0,270.0,90.0,0.09258967178700837
270.0,270.0,100.0,0.05967058270159166
270.0,270.0,110.0,0.03349790513761334
270.0,270.0,120.0,0.0
270.0,270.0,130.0,0.08085745133284167
270.0,270.0,140.0,0.0
270.0,270.0,150.0,0.054012129487903515
270.0,270.0,160.0,0.03842338161556913
270.0,270.0,170.0,0.0939646452601508
270.0,270.0,180.0,0.07476638373384421
270.0,270.0,190.0,0.027114942508945732
270.0,270.0,200.0,0.005036069600899796
270.0,270.0,210.0,0.0958990276277323
270.0,270.0,220.0,0.03561898674413512
270.0,270.0,230.0,0.11939743961863229
270.0,270.0,240.0,0.0
270.0,270.0,250.0,0.05166368237865995
270.0,270.0,260.0,0.0
270.0,270.0,270.0,0.0
270.0,270.0,280.0,0.033058062918040795
270.0,270.0,290.0,0.08081541221784136
270.0,280.0,0.0,0.0
270.0,280.0,10.0,0.004001100409578043
270.0,280.0,20.0,0.0
270.0,280.0,30.0,0.0
270.0,280.0,40.0,0.05601019763305548
270.0,280.0,50.0,0.0
270.0,280.0,60.0,0.0
270.0,280.0,70.0,0.0004266701657321577
270.0,280.0,80.0,0.01700875159904395
270.0,280.0,90.0,0.05418704669756748
270.0,280.0,100.0,0.0
270.0,280.0,110.0,0.0
270.0,280.0,120.0,0.10739480338487638
270.0,280.0,130.0,0.07635105406674325
270.0,280.0,140.0,0.009134664619365941
270.0,280.0,150.0,0.06730683350994232
270.0,280.0,160.0,0.15630992266185695
270.0,280.0,170.0,0.03256176948449949
270.0,280.0,180.0,0.13052455325892964
270.0,280.0,190.0,0.0
270.0,280.0,200.0,0.03470961880195901
270.0,280.0,210.0,0.0
270.0,280.0,220.0,0.0
270.0,280.0,230.0,0.0
270.0,280.0,240.0,0.019994034815976378
270.0,280.0,250.0,0.11715938895625735
270.0,280.0,260.0,0.0
270.0,280.0,270.0,0.02534800111356971
270.0,280.0,280.0,0.01296350098679214
270.0,280.0,290.0,0.026472897450664362
270.0,290.0,0.0,0.0021404603924815896
270.0,290.0,10.0,0.024756179935496052
270.0,290.0,20.0,0.0
270.0,290.0,30.0,0.0
270.0,290.0,40.0,0.020109920151912836
270.0,290.0,50.0,0.0302869896796676
270.0,290.0,60.0,0.09710526184567601
270.0,290.0,70.0,0.0
270.0,290.0,80.0,0.10505027183838869
270.0,290.0,90.0,0.02072252210527816
270.0,290.0,100.0,0.015090287891287
270.0,290.0,110.0,0.06948517520109312
270.0,290.0,120.0,0.11590589648808691
270.0,290.0,130.0,0.04348389608740549
270.0,290.0,140.0,0.053813961083693684
270.0,290.0,150.0,0.0
270.0,290.0,160.0,0.11543846375362037
270.0,290.0,170.0,0.18529682419267668
270.0,290.0,180.0,0.04003289331576135
270.0,290.0,190.0,0.0
270.0,290.0,200.0,0.0
270.0,290.0,210.0,0.00286044824807029
270.0,290.0,220.0,0.0
270.0,290.0,230.0,0.0
270.0,290.0,240.0,0.03479454813457891
270.0,290.0,250.0,0.058776185772936265
270.0,290.0,260.0,0.12062744202015092
270.0,290.0,270.0,0.010429538168187055
270.0,290.0,280.0,0.019962987507987046
270.0,290.0,290.0,0.042128779500999684
280.0,0.0,0.0,0.03557201246967141
280.0,0.0,10.0,0.0
280.0,0.0,20.0,0.009961122064181952
280.0,0.0,30.0,0.12780839575400443
280.0,0.0,40.0,0.0
280.0,0.0,50.0,0.023727835217746553
280.0,0.0,60.0,0.06648913476948198
280.0,0.0,70.0,0.1212436776244224
280.0,0.0,80.0,0.0
280.0,0.0,90.0,0.0
280.0,0.0,100.0,0.08925199505587532
280.0,0.0,110.0,0.011505473061666537
280.0,0.0,120.0,0.0
280.0,0.0,130.0,0.09084305383438876
280.0,0.0,140.0,0.04724291259539454
280.0,0.0,150.0,0.0
280.0,0.0,160.0,0.10350070306182474
280.0,0.0,170.0,0.06098530387294221
280.0,0.0,180.0,0.1278014047791479
280.0,0.0,190.0,0.0
280.0,0.0,200.0,0.005296739847586628
280.0,0.0,210.0,0.09699151632373167
280.0,0.0,220.0,0.10698819296392807
280.0,0.0,230.0,0.01911231818849171
280.0,0.0,240.0,0.0
280.0,0.0,250.0,0.06823938989624871
280.0,0.0,260.0,0.0260415364732734
280.0,0.0,270.0,0.014467330624240594
280.0,0.0,280.0,0.02721044383756089
280.0,0.0,290.0,0.010134167195161541
280.0,10.0,0.0,0.0
280.0,10.0,10.0,0.03245108150356978
280.0,10.0,20.0,0.0
280.0,10.0,30.0,0.01735908315441645
280.0,10.0,40.0,0.09047241822025073
280.0,10.0,50.0,0.07892937496543247
280.0,10.0,60.0,0.04969173342169102
280.0,10.0,70.0,0.0
280.0,10.0,80.0,0.04334601065356236
280.0,10.0,90.0,0.0
280.0,10.0,100.0,0.0
280.0,10.0,110.0,0.0
280.0,10.0,120.0,0.0
280.0,10.0,130.0,0.09381437506392004
280.0,10.0,140.0,0.049701566632249186
280.0,10.0,150.0,0.06630772651064189
280.0,10.0,160.0,0.03976700985731453
280.0,10.0,170.0,0.04737929932613992
280.0,10.0,180.0,0.007295568686869959
280.0,10.0,190.0,0.0419782521676634
280.0,10.0,200.0,0.0
280.0,10.0,210.0,0.0
280.0,10.0,220.0,0.018065359513227096
280.0,10.0,230.0,0.0
280.0,10.0,240.0,0.01635060185163083
280.0,10.0,250.0,0.013083561530561096
280.0,10.0,260.0,0.03110340500257797
280.0,10.0,270.0,0.0
280.0,10.0,280.0,0.09777525742648771
280.0,10.0,290.0,0.06419454526022658
280.0,20.0,0.0,0.012765688395311146
280.0,20.0,10.0,0.0
280.0,20.0,20.0,0.0213426197687553
280.0,20.0,30.0,0.019629083246324314
280.0,20.0,40.0,0.0
280.0,20.0,50.0,0.001077108994402705
280.0,20.0,60.0,0.05785613173948769
280.0,20.0,70.0,0.0
280.0,20.0,80.0,0.047029044551412394
280.0,20.0,90.0,0.0
280.0,20.0,100.0,0.05355785200805436
280.0,20.0,110.0,0.09253698947619515
280.0,20.0,120.0,0.01796554232320168
280.0,20.0,130.0,0.07332778105134993
280.0,20.0,140.0,0.09509246099714785
280.0,20.0,150.0,0.07788354405513512
280.0,20.0,160.0,0.030634548623177195
280.0,20.0,170.0,0.023264980618106994
280.0,20.0,180.0,0.034688317761043086
280.0,20.0,190.0,0.038333657290924916
280.0,20.0,200.0,0.03659106645525169
280.0,20.0,210.0,0.0
280.0,20.0,220.0,0.0
280.0,20.0,230.0,0.10900994550726965
280.0,20.0,240.0,0.025090619962349563
280.0,20.0,250.0,0.0
280.0,20.0,260.0,0.025526217515515114
280.0,20.0,270.0,0.030171072474746496
280.0,20.0,280.0,0.04502477474417878
280.0,20.0,290.0,0.11121747583456863
280.0,30.0,0.0,0.0
280.0,30.0,10.0,0.04846157251500766
280.0,30.0,20.0,0.017060113985859725
280.0,30.0,30.0,0.11647057627514615
280.0,30.0,40.0,0.06490999247743678
280.0,30.0,50.0,0.0
280.0,30.0,60.0,0.0
280.0,30.0,70.0,0.0
280.0,30.0,80.0,0.08579416781208746
280.0,30.0,90.0,0.04690386542650725
280.0,30.0,100.0,0.06240580665744798
280.0,30.0,110.0,0.03221984382427689
280.0,30.0,120.0,0.002525706078291834
280.0,30.0,130.0,0.05315483034056793
280.0,30.0,140.0,0.0
280.0,30.0,150.0,0.06210351618253776
280.0,30.0,160.0,0.16653617651822153
280.0,30.0,170.0,0.0
280.0,30.0,180.0,0.0
280.0,30.0,190.0,0.03551889198984765
280.0,30.0,200.0,0.0
280.0,30.0,210.0,0.0
280.0,30.0,220.0,0.0
280.0,30.0,230.0,0.0
280.0,30.0,240.0,0.04222695515938982
280.0,30.0,250.0,0.01999699736475013
280.0,30.0,260.0,0.0
280.0,30.0,270.0,0.0
280.0,30.0,280.0,0.11448040296997883
280.0,30.0,290.0,0.0
280.0,40.0,0.0,0.0
280.0,40.0,10.0,0.0
280.0,40.0,20.0,0.0
280.0,40.0,30.0,0.0
280.0,40.0,40.0,0.0149541757118188
280.0,40.0,50.0,0.02436605852876506
280.0,40.0,60.0,0.0
280.0,40.0,70.0,0.0
280.0,40.0,80.0,0.03594165404910907
280.0,40.0,90.0,0.0
280.0,40.0,100.0,0.01182053018265665
280.0,40.0,110.0,0.1035574211427496
280.0,40.0,120.0,0.0
280.0,40.0,130.0,0.11796735184968489
280.0,40.0,140.0,0.09769437918641496
280.0,40.0,150.0,0.0
280.0,40.0,160.0,0.025944763971162736
280.0,40.0,170.0,0.02763558606792221
280.0,40.0,180.0,0.05064285830207986
280.0,40.0,190.0,0.14243459792078156
280.0,40.0,200.0,0.0
280.0,40.0,210.0,0.0
280.0,40.0,220.0,0.0
280.0,40.0,230.0,0.0
280.0,40.0,240.0,0.02688650710886826
280.0,40.0,250.0,0.07309207826121218
280.0,40.0,260.0,0.04808181783625142
280.0,40.0,270.0,0.0
280.0,40.0,280.0,0.0
280.0,40.0,290.0,0.01626592047378136
280.0,50.0,0.0,0.049879338015238764
280.0,50.0,10.0,0.0
280.0,50.0,20.0,0.0
280.0,50.0,30.0,0.012454368509462528
280.0,50.0,40.0,0.0
280.0,50.0,50.0,0.0
280.0,50.0,60.0,0.014619648501147067
280.0,50.0,70.0,0.029056745118031732
280.0,50.0,80.0,0.0
280.0,50.0,90.0,0.005792540398611722
280.0,50.0,100.0,0.05703579775364399
280.0,50.0,110.0,0.03673917812287375
280.0,50.0,120.0,0.07270257119995502
280.0,50.0,130.0,0.13263892290517815
280.0,50.0,140.0,0.017597077849138998
280.0,50.0,150.0,0.07161205257243891
280.0,50.0,160.0,0.036934309340829814
280.0,50.0,170.0,0.11993552815895255
280.0,50.0,180.0,0.017338922231590656
280.0,50.0,190.0,0.07475786373986777
280.0,50.0,200.0,0.06495029201614337
280.0,50.0,210.0,0.05248869526166236
280.0,50.0,220.0,0.0
280.0,50.0,230.0,0.02995152267408934
280.0,50.0,240.0,0.029893781180178994
280.0,50.0,250.0,0.12457287192496601
280.0,50.0,260.0,0.0
280.0,50.0,270.0,0.0
280.0,50.0,280.0,0.053685975383950424
280.0,50.0,290.0,0.0
280.0,60.0,0.0,0.02737708062177631
280.0,60.0,10.0,0.0
280.0,60.0,20.0,0.0
280.0,60.0,30.0,0.0
280.0,60.0,40.0,0.0
280.0,60.0,50.0,0.0
280.0,60.0,60.0,0.0319855637658379
280.0,60.0,70.0,0.0
280.0,60.0,80.0,0.04311189212523112
280.0,60.0,90.0,0.012170975297783874
280.0,60.0,100.0,0.04603225047504231
280.0,60.0,110.0,0.0
280.0,60.0,120.0,0.07630935408799737
280.0,60.0,130.0,0.049917989365035755
280.0,60.0,140.0,0.08217938956056067
280.0,60.0,150.0,0.1624329698121837
280.0,60.0,160.0,0.11562380339351921
280.0,60.0,170.0,0.08381279348042849
280.0,60.0,180.0,0.15125824539304802
280.0,60.0,190.0,0.13628048750111957
280.0,60.0,200.0,0.0
280.0,60.0,210.0,0.010120162932115996
280.0,60.0,220.0,0.07035745118796004
280.0,60.0,230.0,0.0
280.0,60.0,240.0,0.05798505550337818
280.0,60.0,250.0,0.0
280.0,60.0,260.0,0.0
280.0,60.0,270.0,0.0
280.0,60.0,280.0,0.005919106397128146
280.0,60.0,290.0,0.0
280.0,70.0,0.0,0.016081909544223134
280.0,70.0,10.0,0.0
280.0,70.0,20.0,0.0
280.0,70.0,30.0,0.0
280.0,70.0,40.0,0.00017173720796636541
280.0,70.0,50.0,0.014846674785405384
280.0,70.0,60.0,0.091003235889301
280.0,70.0,70.0,0.0
280.0,70.0,80.0,0.03770038032192148
280.0,70.0,90.0,0.0
280.0,70.0,100.0,0.01154135713632845
280.0,70.0,110.0,0.08789445429491917
280.0,70.0,120.0,0.12331488791449746
280.0,70.0,130.0,0.14830411971356347
280.0,70.0,140.0,0.11867393272659302
280.0,70.0,150.0,0.15936732151937016
280.0,70.0,160.0,0.11460222303677098
280.0,70.0,170.0,0.16141109082336358
280.0,70.0,180.0,0.0
280.0,70.0,190.0,0.054556952608219904
280.0,70.0,200.0,0.02329353073111707
280.0,70.0,210.0,0.0009546048750489269
280.0,70.0,220.0,0.11358695603613664
280.0,70.0,230.0,0.0
280.0,70.0,240.0,0.00025018293266272727
280.0,70.0,250.0,0.0
280.0,70.0,260.0,0.0
280.0,70.0,270.0,0.0
280.0,70.0,280.0,0.03815864197069828
280.0,70.0,290.0,0.06561235521446108
280.0,80.0,0.0,0.03144712102858571
280.0,80.0,10.0,0.0
280.0,80.0,20.0,0.06500840511548965
280.0,80.0,30.0,0.0
280.0,80.0,40.0,0.0
280.0,80.0,50.0,0.06381237291645257
280.0,80.0,60.0,0.07304553212237215
280.0,80.0,70.0,0.05765609188218114
280.0,80.0,80.0,0.0
280.0,80.0,90.0,0.14719665655788294
280.0,80.0,100.0,0.06835023969980218
280.0,80.0,110.0,0.06541880781784976
280.0,80.0,120.0,0.06510068731076853
280.0,80.0,130.0,0.13624462979814486
280.0,80.0,140.0,0.05591990809626972
280.0,80.0,150.0,0.0678832832004792
280.0,80.0,160.0,0.07023444210121459
280.0,80.0,170.0,0.07639272775305626
280.0,80.0,180.0,0.09108988659134548
280.0,80.0,190.0,0.0851907846947041
280.0,80.0,200.0,0.0
280.0,80.0,210.0,0.07513470053066586
280.0,80.0,220.0,0.011713808585353643
280.0,80.0,230.0,0.0
280.0,80.0,240.0,0.0
280.0,80.0,250.0,0.0
280.0,80.0,260.0,0.025928272936699175
280.0,80.0,270.0,0.0
280.0,80.0,280.0,0.0
280.0,80.0,290.0,0.016235513785669918
280.0,90.0,0.0,0.03722244852981619
280.0,90.0,10.0,0.0
280.0,90.0,20.0,0.0
280.0,90.0,30.0,0.018979903799901502
280.0,90.0,40.0,0.0
280.0,90.0,50.0,0.031597844066300285
280.0,90.0,60.0,0.0
280.0,90.0,70.0,0.09300528751299292
280.0,90.0,80.0,0.0644217592043503
280.0,90.0,90.0,0.0
280.0,90.0,100.0,0.10094526688750444
280.0,90.0,110.0,0.03675846134717956
280.0,90.0,120.0,0.14596189666418094
280.0,90.0,130.0,0.06335207388697307
280.0,90.0,140.0,0.15594204421430272
280.0,90.0,150.0,0.1895902744409556
280.0,90.0,160.0,0.06391096706935194
280.0,90.0,170.0,0.10449705643218382
280.0,90.0,180.0,0.15380748994726062
280.0,90.0,190.0,0.09724821923202916
280.0,90.0,200.0,0.007184111194288877
280.0,90.0,210.0,0.0
280.0,90.0,220.0,0.0
280.0,90.0,230.0,0.016134981693852038
280.0,90.0,240.0,0.0013732667288028537
280.0,90.0,250.0,0.014111145100632678
280.0,90.0,260.0,0.0
280.0,90.0,270.0,0.04079755885209873
280.0,90.0,280.0,0.044831812942385085
280.0,90.0,290.0,0.0
280.0,100.0,0.0,0.0
280.0,100.0,10.0,0.0
280.0,100.0,20.0,0.0
280.0,100.0,30.0,0.0010931093217495173
280.0,100.0,40.0,0.05432282012433916
280.0,100.0,50.0,0.0
280.0,100.0,60.0,0.02626516819482058
280.0,100.0,70.0,0.0053603394081543874
280.0,100.0,80.0,0.07341486172424327
280.0,100.0,90.0,0.11613612234334647
280.0,100.0,100.0,0.08512924336317199
280.0,100.0,110.0,0.06550060746580107
280.0,100.0,120.0,0.10875577631364441
280.0,100.0,130.0,0.03973403929587459
280.0,100.0,140.0,0.14958491458836093
280.0,100.0,150.0,0.10768839194922109
280.0,100.0,160.0,0.11552130680543427
280.0,100.0,170.0,0.17828270474549945
280.0,100.0,180.0,0.027825986242080214
280.0,100.0,190.0,0.12156916528486827
280.0,100.0,200.0,0.05833275263207193
280.0,100.0,210.0,0.0
280.0,100.0,220.0,0.07336472524094353
280.0,100.0,230.0,0.0
280.0,100.0,240.0,0.011138148215429916
280.0,100.0,250.0,0.0
280.0,100.0,260.0,0.0
280.0,100.0,270.0,0.0
280.0,100.0,280.0,0.021005744204383458
280.0,100.0,290.0,0.01780987932770278
280.0,110.0,0.0,0.010822771028155454
280.0,110.0,10.0,0.0
280.0,110.0,20.0,0.008042529874144343
280.0,110.0,30.0,0.0
280.0,110.0,40.0,0.010447044380916926
280.0,110.0,50.0,0.0
280.0,110.0,60.0,0.014703201372026383
280.0,110.0,70.0,0.05528671401058321
280.0,110.0,80.0,0.08506393308119517
280.0,110.0,90.0,0.04724684962068587
280.0,110.0,100.0,0.10258484046566387
280.0,110.0,110.0,0.17838269915168714
280.0,110.0,120.0,0.0963363170502611
280.0,110.0,130.0,0.10820024642348083
280.0,110.0,140.0,0.12575306397164587
280.0,110.0,150.0,0.15339338462715316
280.0,110.0,160.0,0.08650894751932431
280.0,110.0,170.0,0.08428465559508069
280.0,110.0,180.0,0.06209520278355535
280.0,110.0,190.0,0.027958622643237903
280.0,110.0,200.0,0.001638360457998235
280.0,110.0,210.0,0.03340319445070433
280.0,110.0,220.0,0.021098909854738265
280.0,110.0,230.0,0.02824822096881549
280.0,110.0,240.0,0.051610908069095456
280.0,110.0,250.0,0.049215860173321725
280.0,110.0,260.0,0.11424595422775147
280.0,110.0,270.0,0.05144879055481239
280.0,110.0,280.0,0.0
280.0,110.0,290.0,0.055905455410819774
280.0,120.0,0.0,0.06860276994367245
280.0,120.0,10.0,0.026510740526732808
280.0,120.0,20.0,0.02064238293496696
280.0,120.0,30.0,0.0
280.0,120.0,40.0,0.0
280.0,120.0,50.0,0.017064445398975007
280.0,120.0,60.0,0.0
280.0,120.0,70.0,0.0
280.0,120.0,80.0,0.15297237156483423
280.0,120.0,90.0,0.0
280.0,120.0,100.0,0.11008858795737925
280.0,120.0,110.0,0.15940435572548906
280.0,120.0,120.0,0.17249286494662136
280.0,120.0,130.0,0.20885132026970502
280.0,120.0,140.0,0.14675294125652233
280.0,120.0,150.0,0.14072599320437504
280.0,120.0,160.0,0.16897105667356974
280.0,120.0,170.0,0.20299922813442867
280.0,120.0,180.0,0.21919044029221502
280.0,120.0,190.0,0.04556788147577614
280.0,120.0,200.0,0.05992096588136859
280.0,120.0,210.0,0.03235493034838541
280.0,120.0,220.0,0.040551320654686106
280.0,120.0,230.0,0.0
280.0,120.0,240.0,0.01428281796959706
280.0,120.0,250.0,0.06451494965492312
280.0,120.0,260.0,0.0
280.0,120.0,270.0,0.0
280.0,120.0,280.0,0.02369507450213497
280.0,120.0,290.0,0.0
280.0,130.0,0.0,0.0
280.0,130.0,10.0,0.0
280.0,130.0,20.0,0.0
280.0,130.0,30.0,0.02708385742821895
280.0,130.0,40.0,0.007470476553388818
280.0,130.0,50.0,0.0
280.0,130.0,60.0,0.002210023475375588
280.0,130.0,70.0,0.04600786010879607
280.0,130.0,80.0,0.027116089602558846
280.0,130.0,90.0,0.0
280.0,130.0,100.0,0.0
280.0,130.0,110.0,0.10110743615184953
280.0,130.0,120.0,0.1711183098625254
280.0,130.0,130.0,0.14112451828846756
280.0,130.0,140.0,0.1266970478679682
280.0,130.0,150.0,0.20452386693993485
280.0,130.0,160.0,0.23204250068639387
280.0,130.0,170.0,0.08820612338506058
280.0,130.0,180.0,0.10358139252502457
280.0,130.0,190.0,0.17385193312822672
280.0,130.0,200.0,0.0
280.0,130.0,210.0,0.05677345633492969
280.0,130.0,220.0,0.14170260073773547
280.0,130.0,230.0,0.0
280.0,130.0,240.0,0.05287496609561603
280.0,130.0,250.0,0.018518930726963298
280.0,130.0,260.0,0.0
280.0,130.0,270.0,0.025944554215857916
280.0,130.0,280.0,0.01071468921342423
280.0,130.0,290.0,0.0
280.0,140.0,0.0,0.0023494537042434618
280.0,140.0,10.0,0.04921753436057025
280.0,140.0,20.0,0.07850180770472441
280.0,140.0,30.0,0.07447137588226972
280.0,140.0,40.0,0.109149877464275
280.0,140.0,50.0,0.027190621097944564
280.0,140.0,60.0,0.0
280.0,140.0,70.0,0.010072556040516791
280.0,140.0,80.0,0.0
280.0,140.0,90.0,0.04096672635672472
280.0,140.0,100.0,0.15879742861987747
280.0,140.0,110.0,0.0717341407100083
280.0,140.0,120.0,0.16801358032057961
280.0,140.0,130.0,0.19811359014655439
280.0,140.0,140.0,0.175057244649907
280.0,140.0,150.0,0.07825027772132434
280.0,140.0,160.0,0.06075228967173758
280.0,140.0,170.0,0.15765655975713938
280.0,140.0,180.0,0.19494162367955725
280.0,140.0,190.0,0.06916448554062268
280.0,140.0,200.0,0.10998974793923404
280.0,140.0,210.0,0.0
280.0,140.0,220.0,0.0
280.0,140.0,230.0,0.040748784920975
280.0,140.0,240.0,0.0637511610869033
280.0,140.0,250.0,0.023153698789037107
280.0,140.0,260.0,0.0213751288294169
280.0,140.0,270.0,0.0
280.0,140.0,280.0,0.02331670991943109
280.0,140.0,290.0,0.0
280.0,150.0,0.0,0.0
280.0,150.0,10.0,0.0489254553122982
280.0,150.0,20.0,0.0
280.0,150.0,30.0,0.0
280.0,150.0,40.0,0.0
280.0,150.0,50.0,0.0
280.0,150.0,60.0,0.04399207085169697
280.0,150.0,70.0,0.14807272214324074
280.0,150.0,80.0,0.02583228832008556
280.0,150.0,90.0,0.0
280.0,150.0,100.0,0.0689294058756114
280.0,150.0,110.0,0.034125431172709
280.0,150.0,120.0,0.15844857510469063
280.0,150.0,130.0,0.14300248747356892
280.0,150.0,140.0,0.07373891418792355
280.0,150.0,150.0,0.18172148605590913
280.0,150.0,160.0,0.10730518412337636
280.0,150.0,170.0,0.13479752479359317
280.0,150.0,180.0,0.11008010214207338
280.0,150.0,190.0,0.03450941640497017
280.0,150.0,200.0,0.017546270044293537
280.0,150.0,210.0,0.0
280.0,150.0,220.0,0.0
280.0,150.0,230.0,0.002656946865826657
280.0,150.0,240.0,0.09992099932641921
280.0,150.0,250.0,0.04365725213537807
280.0,150.0,260.0,0.00996208690382491
280.0,150.0,270.0,0.0
280.0,150.0,280.0,0.0
280.0,150.0,290.0,0.003133921531128416
280.0,160.0,0.0,0.013180976247219027
280.0,160.0,10.0,0.0
280.0,160.0,20.0,0.0
280.0,160.0,30.0,0.039641467660252915
280.0,160.0,40.0,0.01081922824493988
280.0,160.0,50.0,0.0
280.0,160.0,60.0,0.0
280.0,160.0,70.0,0.02759339904298694
280.0,160.0,80.0,0.07549643418775179
280.0,160.0,90.0,0.10689758963378018
280.0,160.0,100.0,0.04214882724777455
280.0,160.0,110.0,0.13648628859681708
280.0,160.0,120.0,0.033757440002934236
280.0,160.0,130.0,0.14189128111355703
280.0,160.0,140.0,0.1674439809157673
280.0,160.0,150.0,0.14937457207939675
280.0,160.0,160.0,0.20970870342312237
280.0,160.0,170.0,0.12549274144471279
280.0,160.0,180.0,0.12644836568964984
280.0,160.0,190.0,0.15339698021149362
280.0,160.0,200.0,0.04592963763490175
280.0,160.0,210.0,0.07236393075405542
280.0,160.0,220.0,0.035131461951931786
280.0,160.0,230.0,0.09005526984669154
280.0,160.0,240.0,0.02420790921218809
280.0,160.0,250.0,0.0
280.0,160.0,260.0,0.023785342299988313
280.0,160.0,270.0,0.0
280.0,160.0,280.0,0.010328001341841812
280.0,160.0,290.0,0.04692844612710821
280.0,170.0,0.0,0.03976837909532932
280.0,170.0,10.0,0.0
280.0,170.0,20.0,0.0
280.0,170.0,30.0,0.0
280.0,170.0,40.0,0.013668072978906418
280.0,170.0,50.0,0.0
280.0,170.0,60.0,0.0
280.0,170.0,70.0,0.0
280.0,170.0,80.0,0.0
280.0,170.0,90.0,0.09826312434851184
280.0,170.0,100.0,0.06622549607625156
280.0,170.0,110.0,0.06908950549396872
280.0,170.0,120.0,0.09466430090802201
280.0,170.0,130.0,0.1743098897637226
280.0,170.0,140.0,0.13088000887760298
280.0,170.0,150.0,0.1416779124562403
280.0,170.0,160.0,0.13922098591720244
280.0,170.0,170.0,0.18311056727319253
280.0,170.0,180.0,0.10148598070775995
280.0,170.0,190.0,0.04557885331062894
280.0,170.0,200.0,0.041177862019494325
280.0,170.0,210.0,0.012219070462351551
280.0,170.0,220.0,0.007842571242824274
280.0,170.0,230.0,0.0006257697674739889
280.0,170.0,240.0,0.0
280.0,170.0,250.0,0.0
280.0,170.0,260.0,0.05611827859094444
280.0,170.0,270.0,0.038233545572372706
280.0,170.0,280.0,0.0
280.0,170.0,290.0,0.00655328902881083
280.0,180.0,0.0,0.02149744909185025
280.0,180.0,10.0,0.0
280.0,180.0,20.0,0.0
280.0,180.0,30.0,0.01774309579804358
280.0,180.0,40.0,0.03266052401413864
280.0,180.0,50.0,0.0
280.0,180.0,60.0,0.0
280.0,180.0,70.0,0.06846080759385587
280.0,180.0,80.0,0.0
280.0,180.0,90.0,0.06256172754999131
280.0,180.0,100.0,0.038109770142934325
280.0,180.0,110.0,0.055595802754109164
280.0,180.0,120.0,0.0724570518563303
280.0,180.0,130.0,0.0676866416080036
280.0,180.0,140.0,0.15186599521984814
280.0,180.0,150.0,0.21342024657485714
280.0,180.0,160.0,0.06714737572889891
280.0,180.0,170.0,0.15513544919196584
280.0,180.0,180.0,0.0
280.0,180.0,190.0,0.16282537057866792
280.0,180.0,200.0,0.033574334892127286
280.0,180.0,210.0,0.0
280.0,180.0,220.0,0.0
280.0,180.0,230.0,0.088646263353729
280.0,180.0,240.0,0.07602700505687093
280.0,180.0,250.0,0.0
280.0,180.0,260.0,0.0
280.0,180.0,270.0,0.0
280.0,180.0,280.0,0.0635615518908722
280.0,180.0,290.0,0.05701006166041751
280.0,190.0,0.0,0.0
280.0,190.0,10.0,0.0
280.0,190.0,20.0,0.012381519485452547
280.0,190.0,30.0,0.0
280.0,190.0,40.0,0.0
280.0,190.0,50.0,0.07634806546497594
280.0,190.0,60.0,0.10398584977334899
280.0,190.0,70.0,0.0061626518303867645
280.0,190.0,80.0,0.016604014097979253
280.0,190.0,90.0,0.014282851091650103
280.0,190.0,100.0,0.01632014161447958
280.0,190.0,110.0,0.16519413487459872
280.0,190.0,120.0,0.12921344779320093
280.0,190.0,130.0,0.24412879686643923
280.0,190.0,140.0,0.07617361127872405
280.0,190.0,150.0,0.1476909362633379
280.0,190.0,160.0,0.18915153350905983
280.0,190.0,170.0,0.14512158426890664
280.0,190.0,180.0,0.13298056808087116
280.0,190.0,190.0,0.04267062034974296
280.0,190.0,200.0,0.05830446263077954
280.0,190.0,210.0,0.005690247402386453
280.0,190.0,220.0,0.0
280.0,190.0,230.0,0.034321637475417555
280.0,190.0,240.0,0.0
280.0,190.0,250.0,0.06334256003401008
280.0,190.0,260.0,0.021076963971461506
280.0,190.0,270.0,0.0
280.0,190.0,280.0,0.0
280.0,190.0,290.0,0.0771834636202809
280.0,200.0,0.0,0.08625083586451206
280.0,200.0,10.0,0.0
280.0,200.0,20.0,0.0
280.0,200.0,30.0,0.047319014238155495
280.0,200.0,40.0,0.0
280.0,200.0,50.0,0.0
280.0,200.0,60.0,0.0
280.0,200.0,70.0,0.08453590434733127
280.0,200.0,80.0,0.008977048952416758
280.0,200.0,90.0,0.1069179966133005
280.0,200.0,100.0,0.017067563216867435
280.0,200.0,110.0,0.1586259761928832
280.0,200.0,120.0,0.05378442000136509
280.0,200.0,130.0,0.09061207718535205
280.0,200.0,140.0,0.04143689456353959
280.0,200.0,150.0,0.1495865196947867
280.0,200.0,160.0,0.17513183973170227
280.0,200.0,170.0,0.1388859220970835
280.0,200.0,180.0,0.027593926673488117
280.0,200.0,190.0,0.0034636619526524914
280.0,200.0,200.0,0.03894141817566225
280.0,200.0,210.0,0.02876087536324777
280.0,200.0,220.0,0.0
280.0,200.0,230.0,0.04108406793126691
280.0,200.0,240.0,0.05108692489851052
280.0,200.0,250.0,0.0
280.0,200.0,260.0,0.06491947991569859
280.0,200.0,270.0,0.0
280.0,200.0,280.0,0.0
280.0,200.0,290.0,0.0
280.0,210.0,0.0,0.0
280.0,210.0,10.0,0.015073975902499715
280.0,210.0,20.0,0.0
280.0,210.0,30.0,0.0
280.0,210.0,40.0,0.09855235589372756
280.0,210.0,50.0,0.02977211244027475
280.0,210.0,60.0,0.0
280.0,210.0,70.0,0.0
280.0,210.0,80.0,0.01766636550048045
280.0,210.0,90.0,0.05557998602663154
280.0,210.0,100.0,0.05851468745115059
280.0,210.0,110.0,0.027351416047175225
280.0,210.0,120.0,0.13532349113653094
280.0,210.0,130.0,0.06119576356433812
280.0,210.0,140.0,0.12449323700247734
280.0,210.0,150.0,0.17568161304995641
280.0,210.0,160.0,0.15820261877822644
280.0,210.0,170.0,0.09382188317714976
280.0,210.0,180.0,0.0
280.0,210.0,190.0,0.07138278154148459
280.0,210.0,200.0,0.1355824356567695
280.0,210.0,210.0,0.027390315258199804
280.0,210.0,220.0,0.030274444161295454
280.0,210.0,230.0,0.023768501039540788
280.0,210.0,240.0,0.024002609611683726
280.0,210.0,250.0,0.038319880262151815
280.0,210.0,260.0,0.04858532157745181
280.0,210.0,270.0,0.0
280.0,210.0,280.0,0.0
280.0,210.0,290.0,0.0
280.0,220.0,0.0,0.0
280.0,220.0,10.0,0.0
280.0,220.0,20.0,0.0
280.0,220.0,30.0,0.0025692039236702422
280.0,220.0,40.0,0.0
280.0,220.0,50.0,0.0
280.0,220.0,60.0,0.0
280.0,220.0,70.0,0.10203351859243145
280.0,220.0,80.0,0.06450553999936406
280.0,220.0,90.0,0.0029562313041496466
280.0,220.0,100.0,0.10061372982261509
280.0,220.0,110.0,0.0
280.0,220.0,120.0,0.08943750611431303
280.0,220.0,130.0,0.050155162699875494
280.0,220.0,140.0,0.11975485061328325
280.0,220.0,150.0,0.08495276423025386
280.0,220.0,160.0,0.04248644560421596
280.0,220.0,170.0,0.05381856742831914
280.0,220.0,180.0,0.09601371189049761
280.0,220.0,190.0,0.12823761419259352
280.0,220.0,200.0,0.0
280.0,220.0,210.0,0.12009940841786612
280.0,220.0,220.0,0.0
280.0,220.0,230.0,0.0
280.0,220.0,240.0,0.0413656783971403
280.0,220.0,250.0,0.0
280.0,220.0,260.0,0.027449341783742802
280.0,220.0,270.0,0.0
280.0,220.0,280.0,0.0853713741104155
280.0,220.0,290.0,0.0
280.0,230.0,0.0,0.0
280.0,230.0,10.0,0.0
280.0,230.0,20.0,0.03469171758049119
280.0,230.0,30.0,0.026608555050051483
280.0,230.0,40.0,0.0
280.0,230.0,50.0,0.0
280.0,230.0,60.0,0.03179884491198082
280.0,230.0,70.0,0.006894356516876582
280.0,230.0,80.0,0.0
280.0,230.0,90.0,0.003537520237084986
280.0,230.0,100.0,0.07025934790861851
280.0,230.0,110.0,0.14411381346569802
280.0,230.0,120.0,0.026573633586584808
280.0,230.0,130.0,0.08638258788330229
280.0,230.0,140.0,0.07514363356305642
280.0,230.0,150.0,0.09810084328327591
280.0,230.0,160.0,0.1496032188101019
280.0,230.0,170.0,0.06120203941668124
280.0,230.0,180.0,0.0
280.0,230.0,190.0,0.021251923535285645
280.0,230.0,200.0,0.10110951403206747
280.0,230.0,210.0,0.0
280.0,230.0,220.0,0.08459443329309348
280.0,230.0,230.0,0.015666508968328913
280.0,230.0,240.0,0.003738083472054493
280.0,230.0,250.0,0.031205581950790498
280.0,230.0,260.0,0.0042300956167238
280.0,230.0,270.0,0.013467289273277757
280.0,230.0,280.0,0.0
280.0,230.0,290.0,0.0
280.0,240.0,0.0,0.07081269046031297
280.0,240.0,10.0,0.00916791221651674
280.0,240.0,20.0,0.050473148339281765
280.0,240.0,30.0,0.0793513509650728
280.0,240.0,40.0,0.009844657471715926
280.0,240.0,50.0,0.009763162424487694
280.0,240.0,60.0,0.03588595311717353
280.0,240.0,70.0,0.02911042883567551
280.0,240.0,80.0,0.0
280.0,240.0,90.0,0.0
280.0,240.0,100.0,0.06750511582097815
280.0,240.0,110.0,0.05224261487116775
280.0,240.0,120.0,0.02927940675907733
280.0,240.0,130.0,0.04844617509992754
280.0,240.0,140.0,0.017503626215734168
280.0,240.0,150.0,0.0
280.0,240.0,160.0,0.00565371616501141
280.0,240.0,170.0,0.0
280.0,240.0,180.0,0.06972630460729246
280.0,240.0,190.0,0.011107966712024384
280.0,240.0,200.0,0.09408692834508013
280.0,240.0,210.0,0.07973783397763448
280.0,240.0,220.0,0.0
280.0,240.0,230.0,0.11880448336548179
280.0,240.0,240.0,0.0
280.0,240.0,250.0,0.0
280.0,240.0,260.0,0.0
280.0,240.0,270.0,0.0
280.0,240.0,280.0,0.03814220162669854
280.0,240.0,290.0,0.030287598767388138
280.0,250.0,0.0,0.0
280.0,250.0,10.0,0.0
280.0,250.0,20.0,0.04229713513977649
280.0,250.0,30.0,0.05344713727265572
280.0,250.0,40.0,0.022261354786995965
280.0,250.0,50.0,0.023003358420536062
280.0,250.0,60.0,0.0
280.0,250.0,70.0,0.06669985462161104
280.0,250.0,80.0,0.0
280.0,250.0,90.0,0.11453965111410994
280.0,250.0,100.0,0.11777315515733355
280.0,250.0,110.0,0.0
280.0,250.0,120.0,0.07015644386633425
280.0,250.0,130.0,0.1085645327463638
280.0,250.0,140.0,0.0839826818319068
280.0,250.0,150.0,0.047944626297529956
280.0,250.0,160.0,0.046830061008885315
280.0,250.0,170.0,0.027041369798488774
280.0,250.0,180.0,0.021482851125192708
280.0,250.0,190.0,0.037519458475430506
280.0,250.0,200.0,0.03793346861231865
280.0,250.0,210.0,0.0
280.0,250.0,220.0,0.03401278556866935
280.0,250.0,230.0,0.0
280.0,250.0,240.0,0.028334792805676662
280.0,250.0,250.0,0.005414318175541407
280.0,250.0,260.0,0.07216796076670559
280.0,250.0,270.0,0.01771934699615301
280.0,250.0,280.0,0.007367811505279976
280.0,250.0,290.0,0.0
280.0,260.0,0.0,0.0
280.0,260.0,10.0,0.0
280.0,260.0,20.0,0.0
280.0,260.0,30.0,0.0
280.0,260.0,40.0,0.0
280.0,260.0,50.0,0.08320039825829365
280.0,260.0,60.0,0.0
280.0,260.0,70.0,0.0
280.0,260.0,80.0,0.0
280.0,260.0,90.0,0.08831703037419711
280.0,260.0,100.0,0.03044484475353475
280.0,260.0,110.0,0.09457324693099031
280.0,260.0,120.0,0.14667109543686488
280.0,260.0,130.0,0.047886518050329986
280.0,260.0,140.0,0.0
280.0,260.0,150.0,0.15804939256633824
280.0,260.0,160.0,0.12800349538437195
280.0,260.0,170.0,0.04691988397247995
280.0,260.0,180.0,0.02269304990455493
280.0,260.0,190.0,0.0
280.0,260.0,200.0,0.07454086107441799
280.0,260.0,210.0,0.07268150391719624
280.0,260.0,220.0,0.053812498028544195
280.0,260.0,230.0,0.050487611740128314
280.0,260.0,240.0,0.0
280.0,260.0,250.0,0.0
280.0,260.0,260.0,0.0
280.0,260.0,270.0,0.011478370573184926
280.0,260.0,280.0,0.0
280.0,260.0,290.0,0.0
280.0,270.0,0.0,0.0
280.0,270.0,10.0,0.018361236072488265
280.0,270.0,20.0,0.09400033951474475
280.0,270.0,30.0,0.0007499225627338539
280.0,270.0,40.0,0.002824265489234208
280.0,270.0,50.0,0.0
280.0,270.0,60.0,0.0
280.0,270.0,70.0,0.0445385117290584
280.0,270.0,80.0,0.0
280.0,270.0,90.0,0.0
280.0,270.0,100.0,0.0020181083421522937
280.0,270.0,110.0,0.05364083965542155
280.0,270.0,120.0,0.00962130620887999
280.0,270.0,130.0,0.010037371221788195
280.0,270.0,140.0,0.06637048285286326
280.0,270.0,150.0,0.0
280.0,270.0,160.0,0.056047777866620525
280.0,270.0,170.0,0.004676567332799239
280.0,270.0,180.0,0.04040724181358304
280.0,270.0,190.0,0.0
280.0,270.0,200.0,0.0
280.0,270.0,210.0,0.06392491164959539
280.0,270.0,220.0,0.0
280.0,270.0,230.0,0.031821733919901306
280.0,270.0,240.0,0.03183893857272082
280.0,270.0,250.0,0.0
280.0,270.0,260.0,0.04853060838686564
280.0,270.0,270.0,0.02508268123465313
280.0,270.0,280.0,0.020448472807806376
280.0,270.0,290.0,0.003868758062650391
280.0,280.0,0.0,0.0
280.0,280.0,10.0,0.018750118353613104
280.0,280.0,20.0,0.0
280.0,280.0,30.0,0.03433604983335686
280.0,280.0,40.0,0.024180442466037753
280.0,280.0,50.0,0.0
280.0,280.0,60.0,0.06192779713602018
280.0,280.0,70.0,0.0
280.0,280.0,80.0,0.0235150495445367
280.0,280.0,90.0,0.011435496725630101
280.0,280.0,100.0,0.02482012773939902
280.0,280.0,110.0,0.039973009781386654
280.0,280.0,120.0,0.01891199190208131
280.0,280.0,130.0,0.0
280.0,280.0,140.0,0.0
280.0,280.0,150.0,0.14925021898108481
280.0,280.0,160.0,0.0
280.0,280.0,170.0,0.001110943267938147
280.0,280.0,180.0,0.06649761423563641
280.0,280.0,190.0,0.0
280.0,280.0,200.0,0.0
280.0,280.0,210.0,0.07005939072001204
280.0,280.0,220.0,0.03630771929934953
280.0,280.0,230.0,0.031241930021555255
280.0,280.0,240.0,0.0
280.0,280.0,250.0,0.10589998839322816
280.0,280.0,260.0,0.14210377117163656
280.0,280.0,270.0,0.01313186672637941
280.0,280.0,280.0,0.0
280.0,280.0,290.0,0.014344076963654435
280.0,290.0,0.0,0.03972046795138324
280.0,290.0,10.0,0.0
280.0,290.0,20.0,0.0
280.0,290.0,30.0,0.06922663012460943
280.0,290.0,40.0,0.0043355116431534335
280.0,290.0,50.0,0.01480722849657666
280.0,290.0,60.0,0.0
280.0,290.0,70.0,0.0
280.0,290.0,80.0,0.020765074424911406
280.0,290.0,90.0,0.0
280.0,290.0,100.0,0.1265604733635819
280.0,290.0,110.0,0.035739324292201446
280.0,290.0,120.0,0.0024187102967528004
280.0,290.0,130.0,0.08757508576288466
280.0,290.0,140.0,0.0
280.0,290.0,150.0,0.0441703398106504
280.0,290.0,160.0,0.10709867136430178
280.0,290.0,170.0,0.1124882344701885
280.0,290.0,180.0,0.0
280.0,290.0,190.0,0.012634188364120167
280.0,290.0,200.0,0.0
280.0,290.0,210.0,0.0
280.0,290.0,220.0,0.0
280.0,290.0,230.0,0.06760575494942828
280.0,290.0,240.0,0.0
280.0,290.0,250.0,0.12827216351749424
280.0,290.0,260.0,0.0025817295925046795
280.0,290.0,270.0,0.0
280.0,290.0,280.0,0.0
280.0,290.0,290.0,0.0012061002480608
290.0,0.0,0.0,0.036861872076203096
290.0,0.0,10.0,0.0
290.0,0.0,20.0,0.02828846761226343
290.0,0.0,30.0,0.0
290.0,0.0,40.0,0.027857732857258993
290.0,0.0,50.0,0.017279338499047926
290.0,0.0,60.0,0.0
290.0,0.0,70.0,0.0
290.0,0.0,80.0,0.0
290.0,0.0,90.0,0.028802148585122388
290.0,0.0,100.0,0.06262672708341507
290.0,0.0,110.0,0.0
290.0,0.0,120.0,0.07556310588970257
290.0,0.0,130.0,0.05632110008778891
290.0,0.0,140.0,0.0006959108934138057
290.0,0.0,150.0,0.10563531134191916
290.0,0.0,160.0,0.040271260169067846
290.0,0.0,170.0,0.013724609627234237
290.0,0.0,180.0,0.0
290.0,0.0,190.0,0.0
290.0,0.0,200.0,0.0
290.0,0.0,210.0,0.020027790609925017
290.0,0.0,220.0,0.0
290.0,0.0,230.0,0.00970790202046598
290.0,0.0,240.0,0.0
290.0,0.0,250.0,0.025002610696059368
290.0,0.0,260.0,0.0
290.0,0.0,270.0,0.029979197768049894
290.0,0.0,280.0,0.019046005675805104
290.0,0.0,290.0,0.030190846208425513
290.0,10.0,0.0,0.0
290.0,10.0,10.0,0.0
290.0,10.0,20.0,0.058402744530124895
290.0,10.0,30.0,0.0
290.0,10.0,40.0,0.0
290.0,10.0,50.0,0.0
290.0,10.0,60.0,0.06888847963816132
290.0,10.0,70.0,0.0
290.0,10.0,80.0,0.03395197048149198
290.0,10.0,90.0,0.1291154281231744
290.0,10.0,100.0,0.045594079633459975
290.0,10.0,110.0,0.0
290.0,10.0,120.0,0.0
290.0,10.0,130.0,0.0
290.0,10.0,140.0,0.11577198205882575
290.0,10.0,150.0,0.030222529674240446
290.0,10.0,160.0,0.006878318784290436
290.0,10.0,170.0,0.027078036141151937
290.0,10.0,180.0,0.060304633562352786
290.0,10.0,190.0,0.02338768859371748
290.0,10.0,200.0,0.027647451654705182
290.0,10.0,210.0,0.029925584489631913
290.0,10.0,220.0,0.0
290.0,10.0,230.0,0.03677614665292584
290.0,10.0,240.0,0.05165606720422875
290.0,10.0,250.0,0.0
290.0,10.0,260.0,0.0
290.0,10.0,270.0,0.022148327073904087
290.0,10.0,280.0,0.0
290.0,10.0,290.0,0.08775171887801084
290.0,20.0,0.0,0.0
290.0,20.0,10.0,0.004193986865851803
290.0,20.0,20.0,0.0
290.0,20.0,30.0,0.0
290.0,20.0,40.0,0.001021215878153599
290.0,20.0,50.0,0.04950833460298336
290.0,20.0,60.0,0.09188013873422946
290.0,20.0,70.0,0.012415317551030688
290.0,20.0,80.0,0.022919596697388075
290.0,20.0,90.0,0.11418711170533288
290.0,20.0,100.0,0.0
290.0,20.0,110.0,0.0
290.0,20.0,120.0,0.06536671026697109
290.0,20.0,130.0,0.04833342829767282
290.0,20.0,140.0,0.08602891144261217
290.0,20.0,150.0,0.0040384611364205035
290.0,20.0,160.0,0.018964975300898503
290.0,20.0,170.0,0.0676110650488275
290.0,20.0,180.0,0.0
290.0,20.0,190.0,0.18200487568694002
290.0,20.0,200.0,0.0
290.0,20.0,210.0,0.0405786000484172
290.0,20.0,220.0,0.014742507718165123
290.0,20.0,230.0,0.0
290.0,20.0,240.0,0.0
290.0,20.0,250.0,0.058408821550660836
290.0,20.0,260.0,0.01402695569929801
290.0,20.0,270.0,0.0
290.0,20.0,280.0,0.0
290.0,20.0,290.0,0.0170692076774213
290.0,30.0,0.0,0.05175346904910363
290.0,30.0,10.0,0.03204712171666555
290.0,30.0,20.0,0.07909693917856311
290.0,30.0,30.0,0.0
290.0,30.0,40.0,0.0
290.0,30.0,50.0,0.08676728165825667
290.0,30.0,60.0,0.0
290.0,30.0,70.0,0.005370607657859867
290.0,30.0,80.0,0.04624876290345445
290.0,30.0,90.0,0.0625224701468232
290.0,30.0,100.0,0.1280455273216514
290.0,30.0,110.0,0.0
290.0,30.0,120.0,0.010305420002779623
290.0,30.0,130.0,0.02556146325302294
290.0,30.0,140.0,0.06535317979210906
290.0,30.0,150.0,0.013219237067986004
290.0,30.0,160.0,0.0
290.0,30.0,170.0,0.00430889773893741
290.0,30.0,180.0,0.0651396440721398
290.0,30.0,190.0,0.005698925502066923
290.0,30.0,200.0,0.0
290.0,30.0,210.0,0.05614854804854978
290.0,30.0,220.0,0.12108354716165284
290.0,30.0,230.0,0.0
290.0,30.0,240.0,0.0
290.0,30.0,250.0,0.0
290.0,30.0,260.0,0.0
290.0,30.0,270.0,0.0
290.0,30.0,280.0,0.13758320983118813
290.0,30.0,290.0,0.0
290.0,40.0,0.0,0.07376382170295598
290.0,40.0,10.0,0.009184634936486734
290.0,40.0,20.0,0.012038579909694898
290.0,40.0,30.0,0.0
290.0,40.0,40.0,0.0
290.0,40.0,50.0,0.023617461793327504
290.0,40.0,60.0,0.0
290.0,40.0,70.0,0.0
290.0,40.0,80.0,0.06819666143830332
290.0,40.0,90.0,0.010613457899668565
290.0,40.0,100.0,0.0
290.0,40.0,110.0,0.005676703502734349
290.0,40.0,120.0,0.0
290.0,40.0,130.0,0.08161164724741661
290.0,40.0,140.0,0.13432015158560257
290.0,40.0,150.0,0.07161175524757941
290.0,40.0,160.0,0.11435113162042683
290.0,40.0,170.0,0.04065920152491238
290.0,40.0,180.0,0.03323929663017811
290.0,40.0,190.0,0.010638174127835884
290.0,40.0,200.0,0.05377561967606478
290.0,40.0,210.0,0.0
290.0,40.0,220.0,0.012185717260255427
290.0,40.0,230.0,0.023046330622000608
290.0,40.0,240.0,0.10992551105765418
290.0,40.0,250.0,0.030662626796402005
290.0,40.0,260.0,0.013253453655352035
290.0,40.0,270.0,0.07296676678306512
290.0,40.0,280.0,0.07709997611373262
290.0,40.0,290.0,0.004875152106374049
290.0,50.0,0.0,0.049519617386503366
290.0,50.0,10.0,0.0
290.0,50.0,20.0,0.09373844789830055
290.0,50.0,30.0,0.0
290.0,50.0,40.0,0.0
290.0,50.0,50.0,0.032234983209107594
290.0,50.0,60.0,0.0864751104471651
290.0,50.0,70.0,0.0
290.0,50.0,80.0,0.06262944744672871
290.0,50.0,90.0,0.0
290.0,50.0,100.0,0.038455125676256224
290.0,50.0,110.0,0.0008848484471879747
290.0,50.0,120.0,0.12902369866275148
290.0,50.0,130.0,0.036233588272178395
290.0,50.0,140.0,0.08736436418831967
290.0,50.0,150.0,0.0
290.0,50.0,160.0,0.03558316615328916
290.0,50.0,170.0,0.0
290.0,50.0,180.0,0.11082691648605306
290.0,50.0,190.0,0.0
290.0,50.0,200.0,0.0
290.0,50.0,210.0,0.03723653728483749
290.0,50.0,220.0,0.04638653666706781
290.0,50.0,230.0,0.0
290.0,50.0,240.0,0.0
290.0,50.0,250.0,0.07911269281178904
290.0,50.0,260.0,0.0
290.0,50.0,270.0,0.013452421654342357
290.0,50.0,280.0,0.0
290.0,50.0,290.0,0.09714388130350024
290.0,60.0,0.0,0.04002070651351947
290.0,60.0,10.0,0.06202443392208758
290.0,60.0,20.0,0.010786830619314137
290.0,60.0,30.0,0.032496087729372854
290.0,60.0,40.0,0.0
290.0,60.0,50.0,0.0
290.0,60.0,60.0,0.0026175320822023934
290.0,60.0,70.0,0.09351779011485516
290.0,60.0,80.0,0.0
290.0,60.0,90.0,0.1612438792969863
290.0,60.0,100.0,0.0
290.0,60.0,110.0,0.05752495656639689
290.0,60.0,120.0,0.05742760969030823
290.0,60.0,130.0,0.09649719986385163
290.0,60.0,140.0,0.03681436820146306
290.0,60.0,150.0,0.11256173987921395
290.0,60.0,160.0,0.11623730417976114
290.0,60.0,170.0,0.12457672477905965
290.0,60.0,180.0,0.025408903989552412
290.0,60.0,190.0,0.03313950103158082
290.0,60.0,200.0,0.0
290.0,60.0,210.0,0.0
290.0,60.0,220.0,0.0
290.0,60.0,230.0,0.0
290.0,60.0,240.0,0.0
290.0,60.0,250.0,0.0
290.0,60.0,260.0,0.004514374857404762
290.0,60.0,270.0,0.0
290.0,60.0,280.0,0.02966444185434117
290.0,60.0,290.0,0.04729884367232319
290.0,70.0,0.0,0.0
290.0,70.0,10.0,0.0
290.0,70.0,20.0,0.017649788616188117
290.0,70.0,30.0,0.08440379498305403
290.0,70.0,40.0,0.018139478078044276
290.0,70.0,50.0,0.07576997153075075
290.0,70.0,60.0,0.08332445938878928
290.0,70.0,70.0,0.0
290.0,70.0,80.0,0.050259211265512735
290.0,70.0,90.0,0.07155043320313671
290.0,70.0,100.0,0.0
290.0,70.0,110.0,0.0024152936920609006
290.0,70.0,120.0,0.07321963373992116
290.0,70.0,130.0,0.06566866521963934
290.0,70.0,140.0,0.02659589979111046
290.0,70.0,150.0,0.06571887448325413
290.0,70.0,160.0,0.06267186705440889
290.0,70.0,170.0,0.02314980559218513
290.0,70.0,180.0,0.006454246128375224
290.0,70.0,190.0,0.03248145263953652
290.0,70.0,200.0,0.0012888161172239267
290.0,70.0,210.0,0.0
290.0,70.0,220.0,0.0
290.0,70.0,230.0,0.00197495060350921
290.0,70.0,240.0,0.0
290.0,70.0,250.0,0.014246127971174239
290.0,70.0,260.0,0.060429304694278554
290.0,70.0,270.0,0.0
290.0,70.0,280.0,0.002706866510674515
290.0,70.0,290.0,0.012367071527035063
290.0,80.0,0.0,0.030404950305035598
290.0,80.0,10.0,0.0
290.0,80.0,20.0,0.004119694551135063
290.0,80.0,30.0,0.0
290.0,80.0,40.0,0.02255628613353384
290.0,80.0,50.0,0.0
290.0,80.0,60.0,0.03866510049921245
290.0,80.0,70.0,0.07011744728298362
290.0,80.0,80.0,0.10026918864987844
290.0,80.0,90.0,0.09500486395567871
290.0,80.0,100.0,0.05050145915196484
290.0,80.0,110.0,0.1521065575605448
290.0,80.0,120.0,0.0
290.0,80.0,130.0,0.05572616293092704
290.0,80.0,140.0,0.06169244330641138
290.0,80.0,150.0,0.1335973287152436
290.0,80.0,160.0,0.015796388903252898
290.0,80.0,170.0,0.05431867705766505
290.0,80.0,180.0,0.012979994423263544
290.0,80.0,190.0,0.10761024599266114
290.0,80.0,200.0,0.0
290.0,80.0,210.0,0.0
290.0,80.0,220.0,0.0046374541605563434
290.0,80.0,230.0,0.09991307358078037
290.0,80.0,240.0,0.02887826573617487
290.0,80.0,250.0,0.04034056264009798
290.0,80.0,260.0,0.0
290.0,80.0,270.0,0.029769327831641153
290.0,80.0,280.0,0.09289904555062216
290.0,80.0,290.0,0.02095509296498039
290.0,90.0,0.0,0.023982328028867732
290.0,90.0,10.0,0.0
290.0,90.0,20.0,0.0
290.0,90.0,30.0,0.0
290.0,90.0,40.0,0.0
290.0,90.0,50.0,0.02749380077155804
290.0,90.0,60.0,0.0
290.0,90.0,70.0,0.06340981227576932
290.0,90.0,80.0,0.060522739574260916
290.0,90.0,90.0,0.0185322315907528
290.0,90.0,100.0,0.10893968808012894
290.0,90.0,110.0,0.025685985762656106
290.0,90.0,120.0,0.17564232137230434
290.0,90.0,130.0,0.116760789745112
290.0,90.0,140.0,0.09698603010184949
290.0,90.0,150.0,0.08893612156765027
290.0,90.0,160.0,0.12070246433644138
290.0,90.0,170.0,0.10635646067143523
290.0,90.0,180.0,0.0
290.0,90.0,190.0,0.047926026733964226
290.0,90.0,200.0,0.0
290.0,90.0,210.0,0.029436649217502206
290.0,90.0,220.0,0.03771244629637355
290.0,90.0,230.0,0.02509165068658681
290.0,90.0,240.0,0.03357959328484689
290.0,90.0,250.0,0.0
290.0,90.0,260.0,0.0
290.0,90.0,270.0,0.0
290.0,90.0,280.0,0.08735853524325145
290.0,90.0,290.0,0.07247644671714128
290.0,100.0,0.0,0.0
290.0,100.0,10.0,0.0
290.0,100.0,20.0,0.07619879068459894
290.0,100.0,30.0,0.023835192692683017
290.0,100.0,40.0,0.0
290.0,100.0,50.0,0.0
290.0,100.0,60.0,0.01259303297463994
290.0,100.0,70.0,0.0
290.0,100.0,80.0,0.1377604285862811
290.0,100.0,90.0,0.0263581029841916
290.0,100.0,100.0,0.04878895838616176
290.0,100.0,110.0,0.0727412737102361
290.0,100.0,120.0,0.0
290.0,100.0,130.0,0.13560411153614788
290.0,100.0,140.0,0.11436769883989875
290.0,100.0,150.0,0.1334757035921279
290.0,100.0,160.0,0.14074341534461193
290.0,100.0,170.0,0.11710063022661532
290.0,100.0,180.0,0.06320354496966468
290.0,100.0,190.0,0.05550144473669358
290.0,100.0,200.0,0.05369436713421866
290.0,100.0,210.0,0.0
290.0,100.0,220.0,0.015487950320355342
290.0,100.0,230.0,0.0
290.0,100.0,240.0,0.13454508020344189
290.0,100.0,250.0,0.0
290.0,100.0,260.0,0.020150552765231932
290.0,100.0,270.0,0.0
290.0,100.0,280.0,0.0
290.0,100.0,290.0,0.01799296718253835
290.0,110.0,0.0,0.02348768393653715
290.0,110.0,10.0,0.0
290.0,110.0,20.0,0.0
290.0,110.0,30.0,0.04053424317922448
290.0,110.0,40.0,0.0
290.0,110.0,50.0,0.0
290.0,110.0,60.0,0.0
290.0,110.0,70.0,0.04338946922045682
290.0,110.0,80.0,0.1727079085914363
290.0,110.0,90.0,0.13549236808391033
290.0,110.0,100.0,0.00835931623721118
290.0,110.0,110.0,0.061087546550118665
290.0,110.0,120.0,0.0
290.0,110.0,130.0,0.030366690657819558
290.0,110.0,140.0,0.13793086577431973
290.0,110.0,150.0,0.0
290.0,110.0,160.0,0.07885646235245786
290.0,110.0,170.0,0.04230085321146451
290.0,110.0,180.0,0.0
290.0,110.0,190.0,0.11119401719425837
290.0,110.0,200.0,0.004696802984255732
290.0,110.0,210.0,0.0932052006739045
290.0,110.0,220.0,0.04660369723467617
290.0,110.0,230.0,0.0702161391293082
290.0,110.0,240.0,0.0
290.0,110.0,250.0,0.03962280994582861
290.0,110.0,260.0,0.0687838171326801
290.0,110.0,270.0,0.0
290.0,110.0,280.0,0.01638925883359028
290.0,110.0,290.0,0.0041286451807514175
290.0,120.0,0.0,0.0
290.0,120.0,10.0,0.0034165761071228385
290.0,120.0,20.0,0.0
290.0,120.0,30.0,0.04055736285296485
290.0,120.0,40.0,0.0
290.0,120.0,50.0,0.0
290.0,120.0,60.0,0.03297124141012999
290.0,120.0,70.0,0.0
290.0,120.0,80.0,0.0
290.0,120.0,90.0,0.13872194914240216
290.0,120.0,100.0,0.07228601362947663
290.0,120.0,110.0,0.005481072508823404
290.0,120.0,120.0,0.09581427869514257
290.0,120.0,130.0,0.019601735648991106
290.0,120.0,140.0,0.1750509863449936
290.0,120.0,150.0,0.16713431692753639
290.0,120.0,160.0,0.06150405030959356
290.0,120.0,170.0,0.12638657840119633
290.0,120.0,180.0,0.10285310204159387
290.0,120.0,190.0,0.0
290.0,120.0,200.0,0.030868271657202243
290.0,120.0,210.0,0.0
290.0,120.0,220.0,0.0
290.0,120.0,230.0,0.014581815266702778
290.0,120.0,240.0,0.0
290.0,120.0,250.0,0.011033582084732742
290.0,120.0,260.0,0.0
290.0,120.0,270.0,0.07589356511596561
290.0,120.0,280.0,0.03444900791033507
290.0,120.0,290.0,0.0
290.0,130.0,0.0,0.07404357857105767
290.0,130.0,10.0,0.004507620689757453
290.0,130.0,20.0,0.02226974854268727
290.0,130.0,30.0,0.007057468466158557
290.0,130.0,40.0,0.0015134790106339448
290.0,130.0,50.0,0.007903675594669526
290.0,130.0,60.0,0.0
290.0,130.0,70.0,0.06906927773458585
290.0,130.0,80.0,0.0
290.0,130.0,90.0,0.023336219670205622
290.0,130.0,100.0,0.06643146812968061
290.0,130.0,110.0,0.07427886483741902
290.0,130.0,120.0,0.10854221771284975
290.0,130.0,130.0,0.1541254893676215
290.0,130.0,140.0,0.09209788690777031
290.0,130.0,150.0,0.193335101011136
290.0,130.0,160.0,0.10239481087876648
290.0,130.0,170.0,0.023159688189406835
290.0,130.0,180.0,0.07592990078134852
290.0,130.0,190.0,0.04278555037510252
290.0,130.0,200.0,0.03971597626629401
290.0,130.0,210.0,0.0741224767494717
290.0,130.0,220.0,0.025766083000622768
290.0,130.0,230.0,0.0
290.0,130.0,240.0,0.08509731867556979
290.0,130.0,250.0,0.0
290.0,130.0,260.0,0.0
290.0,130.0,270.0,0.0
290.0,130.0,280.0,0.0
290.0,130.0,290.0,0.0027723747303351073
290.0,140.0,0.0,0.06325883252237305
290.0,140.0,10.0,0.0
290.0,140.0,20.0,0.0
290.0,140.0,30.0,0.0012253782934185953
290.0,140.0,40.0,0.0
290.0,140.0,50.0,0.0
290.0,140.0,60.0,0.0
290.0,140.0,70.0,0.04296480314695879
290.0,140.0,80.0,0.12038539338414085
290.0,140.0,90.0,0.033964643383201466
290.0,140.0,100.0,0.04417087394784913
290.0,140.0,110.0,0.09569326149303979
290.0,140.0,120.0,0.1123458715842833
290.0,140.0,130.0,0.017812236331213857
290.0,140.0,140.0,0.06725973831516471
290.0,140.0,150.0,0.20587077939735215
290.0,140.0,160.0,0.13902788793099263
290.0,140.0,170.0,0.003861957248141576
290.0,140.0,180.0,0.09734772013006211
290.0,140.0,190.0,0.01111304332411183
290.0,140.0,200.0,0.049589994102917256
290.0,140.0,210.0,0.04333503662664117
290.0,140.0,220.0,0.0
290.0,140.0,230.0,0.051452656816035613
290.0,140.0,240.0,0.030289003953601082
290.0,140.0,250.0,0.0
290.0,140.0,260.0,0.03549073133742483
290.0,140.0,270.0,0.04394125044321596
290.0,140.0,280.0,0.00998371413255384
290.0,140.0,290.0,0.0
290.0,150.0,0.0,0.05639255302933382
290.0,150.0,10.0,0.0
290.0,150.0,20.0,0.03227967738271074
290.0,150.0,30.0,0.04695529749325158
290.0,150.0,40.0,0.0
290.0,150.0,50.0,0.0
290.0,150.0,60.0,0.0
290.0,150.0,70.0,0.03675129608078426
290.0,150.0,80.0,0.020570786900270262
290.0,150.0,90.0,0.021960293032253032
290.0,150.0,100.0,0.07445056190317877
290.0,150.0,110.0,0.14299449488234606
290.0,150.0,120.0,0.08947320164714824
290.0,150.0,130.0,0.09770021032077872
290.0,150.0,140.0,0.15089072551627816
290.0,150.0,150.0,0.0881589233724298
290.0,150.0,160.0,0.1481726112667567
290.0,150.0,170.0,0.11439568187080934
290.0,150.0,180.0,0.0
290.0,150.0,190.0,0.0795421630749428
290.0,150.0,200.0,0.11972839056318475
290.0,150.0,210.0,0.0
290.0,150.0,220.0,0.05031803984384923
290.0,150.0,230.0,0.0
290.0,150.0,240.0,0.0
290.0,150.0,250.0,0.03888598438333424
290.0,150.0,260.0,0.005422155885441985
290.0,150.0,270.0,0.0
290.0,150.0,280.0,0.0
290.0,150.0,290.0,0.023845976323621433
290.0,160.0,0.0,2.9140218702254585e-06
290.0,160.0,10.0,0.02685907974145272
290.0,160.0,20.0,0.022334550632404474
290.0,160.0,30.0,0.0
290.0,160.0,40.0,0.029884854626351758
290.0,160.0,50.0,0.11536215610749327
290.0,160.0,60.0,0.0
290.0,160.0,70.0,0.024785878416125597
290.0,160.0,80.0,0.03960353275519354
290.0,160.0,90.0,0.01902973341590092
290.0,160.0,100.0,0.0869156382273909
290.0,160.0,110.0,0.07251161504884049
290.0,160.0,120.0,0.09405800775210996
290.0,160.0,130.0,0.16286318603481686
290.0,160.0,140.0,0.005881908843183167
290.0,160.0,150.0,0.17357811378647559
290.0,160.0,160.0,0.09552760320574767
290.0,160.0,170.0,0.11925767114686082
290.0,160.0,180.0,0.1172377513903319
290.0,160.0,190.0,0.08752252816517941
290.0,160.0,200.0,0.13083343217592341
290.0,160.0,210.0,0.0
290.0,160.0,220.0,0.04373824884960055
290.0,160.0,230.0,0.01302260040536413
290.0,160.0,240.0,0.10813683716942442
290.0,160.0,250.0,0.0
290.0,160.0,260.0,0.02331288572948491
290.0,160.0,270.0,0.0
290.0,160.0,280.0,0.0
290.0,160.0,290.0,0.0
290.0,170.0,0.0,0.0
290.0,170.0,10.0,0.0
290.0,170.0,20.0,0.025415678142826286
290.0,170.0,30.0,0.07547836198844882
290.0,170.0,40.0,0.0
290.0,170.0,50.0,0.0
290.0,170.0,60.0,5.144427860005914e-05
290.0,170.0,70.0,0.02178990902751449
290.0,170.0,80.0,0.14396987655358112
290.0,170.0,90.0,0.14368339807025957
290.0,170.0,100.0,0.0
290.0,170.0,110.0,0.06335218499526607
290.0,170.0,120.0,0.023169957999426928
290.0,170.0,130.0,0.11836627025253806
290.0,170.0,140.0,0.005366500909945018
290.0,170.0,150.0,0.14685565131755257
290.0,170.0,160.0,0.12844809559861042
290.0,170.0,170.0,0.07210966791158499
290.0,170.0,180.0,0.026254533652860103
290.0,170.0,190.0,0.0011904265523565785
290.0,170.0,200.0,0.034384881343596865
290.0,170.0,210.0,0.0
290.0,170.0,220.0,0.038092758562425166
290.0,170.0,230.0,0.0
290.0,170.0,240.0,0.04097502851831976
290.0,170.0,250.0,0.03330242176423655
290.0,170.0,260.0,0.0
290.0,170.0,270.0,0.0
290.0,170.0,280.0,0.024747877258878725
290.0,170.0,290.0,0.04031020255058273
290.0,180.0,0.0,0.022481127172987246
290.0,180.0,10.0,0.0
290.0,180.0,20.0,0.0
290.0,180.0,30.0,0.0
290.0,180.0,40.0,0.12206792476829269
290.0,180.0,50.0,0.049004930870284895
290.0,180.0,60.0,0.0
290.0,180.0,70.0,0.013745920391680915
290.0,180.0,80.0,0.09266476642401182
290.0,180.0,90.0,0.0
290.0,180.0,100.0,0.07862034609210321
290.0,180.0,110.0,0.0
290.0,180.0,120.0,0.040977750811869836
290.0,180.0,130.0,0.06839613071693026
290.0,180.0,140.0,0.14438341980863129
290.0,180.0,150.0,0.06681167916151926
290.0,180.0,160.0,0.045223127448574166
290.0,180.0,170.0,0.0330693309090912
290.0,180.0,180.0,0.16823362448470366
290.0,180.0,190.0,0.10211628936814575
290.0,180.0,200.0,0.0
290.0,180.0,210.0,0.0
290.0,180.0,220.0,0.0866585767335836
290.0,180.0,230.0,0.10908687167286513
290.0,180.0,240.0,0.030136749091689497
290.0,180.0,250.0,0.0
290.0,180.0,260.0,0.0
290.0,180.0,270.0,0.010436728659241556
290.0,180.0,280.0,0.0
290.0,180.0,290.0,0.0
290.0,190.0,0.0,0.054257917764217053
290.0,190.0,10.0,0.0
290.0,190.0,20.0,0.0
290.0,190.0,30.0,0.041946266546096886
290.0,190.0,40.0,0.018999316174913867
290.0,190.0,50.0,0.0
290.0,190.0,60.0,0.0
290.0,190.0,70.0,0.05969819210124013
290.0,190.0,80.0,0.0453211842522606
290.0,190.0,90.0,0.014994417962708013
290.0,190.0,100.0,0.1475234914478546
290.0,190.0,110.0,0.07279431337653985
290.0,190.0,120.0,0.1121437409542177
290.0,190.0,130.0,0.04526988371385338
290.0,190.0,140.0,0.017568035423548692
290.0,190.0,150.0,0.12510686116078157
290.0,190.0,160.0,0.03716526873384978
290.0,190.0,170.0,0.0
290.0,190.0,180.0,0.006738156143360985
290.0,190.0,190.0,0.0
290.0,190.0,200.0,0.022073887973411095
290.0,190.0,210.0,0.06061775518888843
290.0,190.0,220.0,0.002002162338834032
290.0,190.0,230.0,0.012425213791511104
290.0,190.0,240.0,0.0
290.0,190.0,250.0,0.08838225375598263
290.0,190.0,260.0,0.0
290.0,190.0,270.0,0.08967057963128533
290.0,190.0,280.0,0.011453393319045291
290.0,190.0,290.0,0.037660764123208776
290.0,200.0,0.0,0.0
290.0,200.0,10.0,0.012788574134633194
290.0,200.0,20.0,0.012386722667365162
290.0,200.0,30.0,0.0
290.0,200.0,40.0,0.0
290.0,200.0,50.0,0.0
290.0,200.0,60.0,0.0
290.0,200.0,70.0,0.009625729208298827
290.0,200.0,80.0,0.0
290.0,200.0,90.0,0.0259557975213123
290.0,200.0,100.0,0.0657219914299119
290.0,200.0,110.0,0.08636323224973833
290.0,200.0,120.0,0.09426808860738971
290.0,200.0,130.0,0.06541148348591294
290.0,200.0,140.0,0.0309621065694876
290.0,200.0,150.0,0.04973939844045955
290.0,200.0,160.0,0.1023711112770877
290.0,200.0,170.0,0.1558780869885112
290.0,200.0,180.0,0.02614520169059662
290.0,200.0,190.0,0.09691938186993745
290.0,200.0,200.0,0.0005219474406409144
290.0,200.0,210.0,0.05311789902716721
290.0,200.0,220.0,0.15026461775824107
290.0,200.0,230.0,0.0
290.0,200.0,240.0,0.0
290.0,200.0,250.0,0.0
290.0,200.0,260.0,0.03624815350078656
290.0,200.0,270.0,0.0
290.0,200.0,280.0,0.019456436502191064
290.0,200.0,290.0,0.0
290.0,210.0,0.0,0.012350977344167824
290.0,210.0,10.0,0.029208363647660458
290.0,210.0,20.0,0.0
290.0,210.0,30.0,0.1665637962488935
290.0,210.0,40.0,0.006977970998671909
290.0,210.0,50.0,0.006502569875216234
290.0,210.0,60.0,0.0
290.0,210.0,70.0,0.0
290.0,210.0,80.0,0.018343451635578073
290.0,210.0,90.0,0.0
290.0,210.0,100.0,0.010154717241859807
290.0,210.0,110.0,0.07602714005912473
290.0,210.0,120.0,0.02425914521195411
290.0,210.0,130.0,0.17964225329718753
290.0,210.0,140.0,0.03422079030728981
290.0,210.0,150.0,0.04784004065676295
290.0,210.0,160.0,0.03149243933511066
290.0,210.0,170.0,0.20741544084356833
290.0,210.0,180.0,0.0
290.0,210.0,190.0,0.037941986786406624
290.0,210.0,200.0,0.019550836807070225
290.0,210.0,210.0,0.0
290.0,210.0,220.0,0.0
290.0,210.0,230.0,0.0050749982903351525
290.0,210.0,240.0,0.0
290.0,210.0,250.0,0.04896278198705326
290.0,210.0,260.0,0.03649413491895562
290.0,210.0,270.0,0.0470623812993846
290.0,210.0,280.0,0.0
290.0,210.0,290.0,0.044456202283655634
290.0,220.0,0.0,0.0
290.0,220.0,10.0,0.02010947691785049
290.0,220.0,20.0,0.01377531131232688
290.0,220.0,30.0,0.0
290.0,220.0,40.0,0.0370107988068035
290.0,220.0,50.0,0.0
290.0,220.0,60.0,0.0
290.0,220.0,70.0,0.09008526815733495
290.0,220.0,80.0,0.0
290.0,220.0,90.0,0.011512931382911368
290.0,220.0,100.0,0.05385784192245942
290.0,220.0,110.0,0.058115553599144186
290.0,220.0,120.0,0.08962175405932059
290.0,220.0,130.0,0.08336748886244973
290.0,220.0,140.0,0.14890947025263668
290.0,220.0,150.0,0.08669103787410212
290.0,220.0,160.0,0.08579829624726337
290.0,220.0,170.0,0.08633660360292833
290.0,220.0,180.0,0.14801028994139678
290.0,220.0,190.0,0.016201817132572804
290.0,220.0,200.0,0.0
290.0,220.0,210.0,0.0
290.0,220.0,220.0,0.00809981422135293
290.0,220.0,230.0,0.0
290.0,220.0,240.0,0.0
290.0,220.0,250.0,0.05264744768102916
290.0,220.0,260.0,0.0
290.0,220.0,270.0,0.0
290.0,220.0,280.0,0.0
290.0,220.0,290.0,0.01187046843255563
290.0,230.0,0.0,0.0
290.0,230.0,10.0,0.0
290.0,230.0,20.0,0.0
290.0,230.0,30.0,0.07819984203512856
290.0,230.0,40.0,0.0
290.0,230.0,50.0,0.0
290.0,230.0,60.0,0.0
290.0,230.0,70.0,0.08456959557267275
290.0,230.0,80.0,0.0
290.0,230.0,90.0,0.0
290.0,230.0,100.0,0.04977982779345957
290.0,230.0,110.0,0.0
290.0,230.0,120.0,0.11151767341874663
290.0,230.0,130.0,0.05679576297697794
290.0,230.0,140.0,0.13335629503761895
290.0,230.0,150.0,0.07456985848678968
290.0,230.0,160.0,0.12140190403660214
290.0,230.0,170.0,0.028736483511786835
290.0,230.0,180.0,0.07514992912669333
290.0,230.0,190.0,0.0
290.0,230.0,200.0,0.018490545661480527
290.0,230.0,210.0,0.0
290.0,230.0,220.0,0.06616747316822887
290.0,230.0,230.0,0.034604982181452706
290.0,230.0,240.0,0.0035363644100130424
290.0,230.0,250.0,0.0
290.0,230.0,260.0,0.0
290.0,230.0,270.0,0.0
290.0,230.0,280.0,0.02091089855123499
290.0,230.0,290.0,0.05722752270640914
290.0,240.0,0.0,0.0
290.0,240.0,10.0,0.0
290.0,240.0,20.0,0.0
290.0,240.0,30.0,0.024486895227384106
290.0,240.0,40.0,0.035381228826330616
290.0,240.0,50.0,0.017434211727983807
290.0,240.0,60.0,0.06406450661697403
290.0,240.0,70.0,0.0
290.0,240.0,80.0,0.0019319540301691428
290.0,240.0,90.0,0.060036643664860584
290.0,240.0,100.0,0.0
290.0,240.0,110.0,0.03864382993477541
290.0,240.0,120.0,0.064545338360857
290.0,240.0,130.0,0.07008321012587115
290.0,240.0,140.0,0.1456535236240355
290.0,240.0,150.0,0.09157520421662844
290.0,240.0,160.0,0.0
290.0,240.0,170.0,0.0687542287723593
290.0,240.0,180.0,0.08299301847881023
290.0,240.0,190.0,0.0
290.0,240.0,200.0,0.0074242564953520065
290.0,240.0,210.0,0.0
290.0,240.0,220.0,0.0
290.0,240.0,230.0,0.012924730868787183
290.0,240.0,240.0,0.008987176429171954
290.0,240.0,250.0,0.0030353263539941015
290.0,240.0,260.0,0.0
290.0,240.0,270.0,0.0
290.0,240.0,280.0,0.04456554563756737
290.0,240.0,290.0,0.0
290.0,250.0,0.0,0.0
290.0,250.0,10.0,0.0
290.0,250.0,20.0,0.0
290.0,250.0,30.0,0.06306779513946491
290.0,250.0,40.0,0.02352891062203789
290.0,250.0,50.0,0.052662211267107066
290.0,250.0,60.0,0.036036461637522714
290.0,250.0,70.0,0.014462915138025882
290.0,250.0,80.0,0.05139196361314151
290.0,250.0,90.0,0.0014215483069969538
290.0,250.0,100.0,0.039341525965489774
290.0,250.0,110.0,0.0
290.0,250.0,120.0,0.0
290.0,250.0,130.0,0.009769359072619853
290.0,250.0,140.0,0.05017093524062914
290.0,250.0,150.0,0.06732292685549654
290.0,250.0,160.0,0.15169619361754705
290.0,250.0,170.0,0.06403532700868854
290.0,250.0,180.0,0.030267671988997085
290.0,250.0,190.0,0.0005597020534010635
290.0,250.0,200.0,0.10728739929845985
290.0,250.0,210.0,0.008919320920093343
290.0,250.0,220.0,0.07034524546452846
290.0,250.0,230.0,0.012254435666306778
290.0,250.0,240.0,0.0
290.0,250.0,250.0,0.0
290.0,250.0,260.0,0.0400711649154315
290.0,250.0,270.0,0.004103853651359655
290.0,250.0,280.0,0.0
290.0,250.0,290.0,0.0
290.0,260.0,0.0,0.028348795602924998
290.0,260.0,10.0,0.0
290.0,260.0,20.0,0.03612016893530028
290.0,260.0,30.0,0.1027030366138139
290.0,260.0,40.0,0.04077603853618925
290.0,260.0,50.0,0.0
290.0,260.0,60.0,0.058514967959582984
290.0,260.0,70.0,0.11616402627681502
290.0,260.0,80.0,0.03643479607069116
290.0,260.0,90.0,0.0
290.0,260.0,100.0,0.0
290.0,260.0,110.0,0.05373843095103246
290.0,260.0,120.0,0.0
290.0,260.0,130.0,0.01196808839394915
290.0,260.0,140.0,0.15676022080267302
290.0,260.0,150.0,0.027489365961240082
290.0,260.0,160.0,0.0
290.0,260.0,170.0,0.08690525421421988
290.0,260.0,180.0,0.0
290.0,260.0,190.0,0.0
290.0,260.0,200.0,0.0288219718563128
290.0,260.0,210.0,0.031042141903692852
290.0,260.0,220.0,0.0
290.0,260.0,230.0,0.0
290.0,260.0,240.0,0.0
290.0,260.0,250.0,0.0
290.0,260.0,260.0,0.11180718708857859
290.0,260.0,270.0,0.0
290.0,260.0,280.0,0.019356885515119226
290.0,260.0,290.0,0.0
290.0,270.0,0.0,0.0335623963108127
290.0,270.0,10.0,0.0
290.0,270.0,20.0,0.038793206163056794
290.0,270.0,30.0,0.050658068445347
290.0,270.0,40.0,0.0
290.0,270.0,50.0,0.0
290.0,270.0,60.0,0.1182763192460322
290.0,270.0,70.0,0.0
290.0,270.0,80.0,0.019980576242353117
290.0,270.0,90.0,0.010007511216026478
290.0,270.0,100.0,0.02423097546399163
290.0,270.0,110.0,0.1598490645514275
290.0,270.0,120.0,0.04033229677357569
290.0,270.0,130.0,0.0
290.0,270.0,140.0,0.016296048319906366
290.0,270.0,150.0,0.0
290.0,270.0,160.0,0.0
290.0,270.0,170.0,0.0439481048339654
290.0,270.0,180.0,0.047752523741147954
290.0,270.0,190.0,0.021625353263521687
290.0,270.0,200.0,0.020709247949110714
290.0,270.0,210.0,0.0
290.0,270.0,220.0,0.0
290.0,270.0,230.0,0.0
290.0,270.0,240.0,0.0014208699025025264
290.0,270.0,250.0,0.06647826290437014
290.0,270.0,260.0,0.0
290.0,270.0,270.0,0.0
290.0,270.0,280.0,0.09139561192440021
290.0,270.0,290.0,0.030097040164165065
290.0,280.0,0.0,0.0634816169518609
290.0,280.0,10.0,0.05917080557411127
290.0,280.0,20.0,0.032173054073951046
290.0,280.0,30.0,0.003410904868977208
290.0,280.0,40.0,0.0
290.0,280.0,50.0,0.0
290.0,280.0,60.0,0.03548796061239345
290.0,280.0,70.0,0.01986383570182052
290.0,280.0,80.0,0.09477043905033045
290.0,280.0,90.0,0.0
290.0,280.0,100.0,0.0
290.0,280.0,110.0,0.00960630452641519
290.0,280.0,120.0,0.05347357935075543
290.0,280.0,130.0,0.0
290.0,280.0,140.0,0.0
290.0,280.0,150.0,0.0
290.0,280.0,160.0,0.05504579155206421
290.0,280.0,170.0,0.09278194756407974
290.0,280.0,180.0,0.01463009801787847
290.0,280.0,190.0,0.0
290.0,280.0,200.0,0.05323862139751998
290.0,280.0,210.0,0.0
290.0,280.0,220.0,0.0
290.0,280.0,230.0,0.0
290.0,280.0,240.0,0.0
290.0,280.0,250.0,0.01615304662523675
290.0,280.0,260.0,0.02448466642186143
290.0,280.0,270.0,0.0
290.0,280.0,280.0,0.0
290.0,280.0,290.0,0.0
290.0,290.0,0.0,0.0
290.0,290.0,10.0,0.012583969109198088
290.0,290.0,20.0,0.0
290.0,290.0,30.0,0.0
290.0,290.0,40.0,0.0
290.0,290.0,50.0,0.030021275726259115
290.0,290.0,60.0,0.0
290.0,290.0,70.0,0.0
290.0,290.0,80.0,0.0
290.0,290.0,90.0,0.0
290.0,290.0,100.0,0.03531703362966618
290.0,290.0,110.0,0.0
290.0,290.0,120.0,0.0
290.0,290.0,130.0,0.0
290.0,290.0,140.0,0.0105651242599686
290.0,290.0,150.0,0.01225573167033663
290.0,290.0,160.0,0.0
290.0,290.0,170.0,0.09940170856012673
290.0,290.0,180.0,0.0
290.0,290.0,190.0,0.045150277433596585
290.0,290.0,200.0,0.0
290.0,290.0,210.0,0.060385630599269075
290.0,290.0,220.0,0.04767786700839175
290.0,290.0,230.0,0.0
290.0,290.0,240.0,0.0727456956202114
290.0,290.0,250.0,0.07275619187567564
290.0,290.0,260.0,0.021781339051953823
290.0,290.0,270.0,0.0
290.0,290.0,280.0,0.028767515636810022
290.0,290.0,290.0,0.03995825018469389
